# This 3D model is generated by KIRI Engine App
mtllib 3DModel_LowPoly.mtl

# 2413 vertex positions
v -6.50205326 -12.1052313 6.12875414
v -6.25972509 -12.1066875 6.21005487
v -6.45502806 -12.0832367 6.11348581
v -6.33790588 -12.0257378 6.12845087
v -7.38724518 -12.0818968 5.64166117
v -7.11606407 -12.0847263 5.68188477
v -7.21242619 -12.0784149 5.48681879
v -7.02975702 -11.9571781 5.64298582
v -7.07183313 -12.0505857 5.78766394
v -7.05422497 -12.0472155 5.56943417
v -6.98660707 -11.9945688 5.89732599
v -7.0061512 -11.8428373 5.74496889
v -6.93158007 -11.9355965 5.89433908
v -7.03836012 -11.8557148 5.73973179
v -7.00369787 -11.8455381 5.57820988
v -6.92030716 -11.7375193 5.85135889
v -6.98944092 -11.6994333 5.74044418
v -6.99227285 -11.8879929 5.46720791
v -6.75273895 -11.8165035 5.95603704
v -6.88138819 -11.6520386 5.88325882
v -6.69542408 -12.0250216 6.01336718
v -6.57720804 -11.9484825 6.032969
v -0.200521007 -12.2361031 5.31581879
v -0.405407995 -12.2284594 5.18541288
v -0.251973987 -12.2382469 5.40310383
v -1.56603193 -12.2907057 8.26557446
v -1.48009706 -12.2947836 8.33031082
v -1.45722699 -12.2923918 8.27643108
v 0.130788997 -12.2177095 4.28923321
v 0.177019998 -12.2238617 4.42638683
v 0.205901995 -12.2207737 4.35834694
v -0.137944996 -12.2337055 5.1683979
v -0.328088999 -12.2257099 5.05174112
v 0.0396419987 -12.2152987 4.38832521
v -0.973213017 -12.2527275 6.66109991
v -0.768630028 -12.254159 6.65419912
v -0.878681004 -12.2519321 6.4448061
v -0.988645971 -12.2542143 6.87294579
v -0.861495972 -12.2568417 6.87297916
v -0.87698102 -12.2555799 6.77641487
v -7.90531826 -12.0829401 6.22337008
v -7.86135292 -12.0834312 6.16565704
v -7.9892931 -12.080369 6.18772507
v -7.86788893 -12.0705614 5.71893883
v -7.71444702 -12.0774965 5.69853306
v -7.76700115 -12.0700378 5.48126078
v -7.60029221 -12.0775452 5.59966612
v -7.74177313 -12.0692377 5.42182922
v -7.75683117 -12.0696135 5.45730305
v -7.93073416 -12.0723972 5.866992
v -7.86972904 -12.0742912 5.899436
v -7.8996439 -12.0706196 5.7937479
v -7.9555912 -12.0745668 5.92555285
v -0.925386012 -12.2573252 7.02349281
v -0.980524004 -12.2566223 7.04531384
v 0.134745002 -12.2251434 4.52598
v -0.035402 -12.2190208 4.55936289
v -0.247468993 -12.238533 5.42642212
v -0.239096001 -12.2386131 5.40669584
v -7.79028988 -12.0886593 6.27219677
v -7.72317886 -12.0821877 6.05099106
v -7.54004288 -12.0933599 6.12624884
v -7.6838479 -12.0934811 6.317379
v -0.67156601 -12.2490911 6.42552996
v -0.688892007 -12.2457151 6.31069803
v -0.839039028 -12.2462807 6.33705091
v -7.46454191 -12.098177 6.41046906
v -7.30215502 -12.0993872 6.371521
v -7.41235685 -12.0990543 6.43262005
v -7.26863575 -12.1020069 6.49362612
v -7.34106302 -12.1011705 6.462883
v -7.09213877 -12.1071997 6.53815699
v -7.11145496 -12.104434 6.3499589
v -7.07696486 -12.1076736 6.57498503
v -7.11041498 -12.1070538 6.5607872
v -6.78253412 -12.1182652 6.69996309
v -6.75950623 -12.1172867 6.60469294
v -6.84231091 -12.1148109 6.67459011
v -7.58870125 -12.0859451 5.920228
v -7.47364187 -12.087182 5.81507015
v -7.35627604 -12.0899038 5.92571592
v -7.37266588 -12.0940971 6.07244015
v -7.19341087 -12.099659 6.16261816
v -7.20973778 -12.0941963 5.94107819
v -7.28397703 -12.0883722 5.78161812
v -7.48900795 -12.0775833 5.50065613
v -7.01761103 -12.1037769 6.15968704
v -7.00819588 -12.0946159 5.95850801
v -7.08530283 -12.0799818 5.84203291
v -6.92155981 -12.1093168 6.44067621
v -6.84296227 -12.1080275 6.23429203
v -6.86599588 -12.0995159 6.07161188
v -6.73163223 -12.0911484 6.049263
v -6.67537498 -12.108407 6.22443819
v -6.77404118 -12.1144829 6.4011941
v -6.56309891 -12.1156673 6.42995214
v -6.41889715 -12.1159105 6.3261342
v -1.38872397 -12.2848053 8.0145216
v -1.30237007 -12.2827682 7.91161299
v -1.34517503 -12.2812376 7.86184502
v -6.95528221 -12.1099443 6.62663698
v -6.83761597 -12.0650301 5.99142504
v -6.78191614 -11.9231749 5.96159697
v -7.58563519 -12.0721464 5.34772491
v -6.53411484 -12.1244364 6.80541182
v -6.51083374 -12.1249199 6.76519394
v -6.58299208 -12.1237154 6.78466511
v -6.44769716 -12.1289759 6.84209299
v -6.37531996 -12.1162395 6.46855593
v -6.27448702 -12.0832119 6.4070611
v -6.18047714 -12.1147738 6.3074441
v -6.60449791 -12.1179609 6.60292101
v -6.37268686 -12.1243849 6.63055515
v -6.35250807 -12.1320105 6.88249779
v -6.2648778 -12.1338282 6.9196949
v -6.23795223 -12.1322031 6.8462429
v -6.25039291 -12.1171122 6.57384205
v -6.300282 -12.029088 6.50133181
v -1.70323801 -12.2584229 8.85599613
v -1.75963902 -12.2559271 8.79757977
v -1.77882195 -12.2528133 8.82391262
v -0.744332016 -12.23944 5.99714184
v -0.488965988 -12.2421885 5.99535179
v -0.658701003 -12.2324953 5.79388714
v -1.38729 -12.2710285 7.66621494
v -1.18883002 -12.2723331 7.6441288
v -1.28982806 -12.2654819 7.49620819
v -0.447515994 -12.2345867 5.64811182
v -0.410420001 -12.2408876 5.81030893
v -0.355385005 -12.2379608 5.68065596
v -1.40108895 -12.2866325 8.1441803
v -1.59570599 -12.2753735 8.01583004
v -1.37081194 -12.2866993 8.07285118
v -1.35041904 -12.2853117 8.02480793
v -0.608945012 -12.2447863 6.17592287
v -0.517228007 -12.2444592 6.06193304
v -0.618506014 -12.2468109 6.30052996
v -1.25437498 -12.2805443 7.79854298
v -1.22224998 -12.2750292 7.7228632
v -0.326186001 -12.2376642 5.61186695
v -0.469466001 -12.2310638 5.44508314
v 0.370492011 -12.2071228 3.51860595
v 0.539020002 -12.2129803 3.57357001
v 0.558797002 -12.2140675 3.52697802
v 0.0191270001 -12.2283087 4.75013304
v 0.0309769996 -12.2292624 4.77044392
v 0.0370370001 -12.2286968 4.75616693
v 0.409850001 -12.2157459 3.87787604
v 0.418779999 -12.2077808 3.66967797
v 0.279186994 -12.2123775 3.89786386
v -0.422903001 -12.2421761 5.83971596
v -0.563692987 -12.2367878 5.68059921
v 0.340921015 -12.2157803 4.04026079
v 0.186085001 -12.213562 4.13362217
v 0.243733004 -12.2181358 4.26922178
v 0.278212011 -12.2160215 4.187994
v -7.01946497 -11.6245966 5.70828199
v -6.99559593 -11.5521259 5.5486331
v -6.95901299 -11.6582289 5.43772507
v -6.96271515 -11.4804173 5.79835701
v -6.9992919 -11.4704733 5.72026205
v -1.05150604 -12.2682695 7.26537895
v -1.03505397 -12.2681627 7.28185701
v -1.02315605 -12.2683134 7.2538271
v -1.59225798 -12.2952099 8.47215557
v -1.51257992 -12.2976818 8.4068346
v -6.17289782 -11.990634 1.77996898
v -6.24482584 -11.9951038 1.89524102
v -6.23178911 -11.9975557 1.99168491
v -5.70096397 -11.9891548 1.21782899
v -5.92900896 -11.9804697 1.15122497
v -5.88105392 -11.9860163 1.37704599
v -6.99499989 -12.0280247 3.73363686
v -7.09174395 -12.0322866 3.89045501
v -7.03030777 -12.0352173 3.95122004
v -8.02334309 -12.0795259 6.08516598
v -8.05503178 -12.0787849 6.15982008
v -6.34779119 -12.0090237 2.51714396
v -6.3452158 -11.9983101 2.13174701
v -6.44742298 -12.004591 2.37253094
v -6.01750898 -11.9796629 1.35971797
v -5.944242 -11.9862108 1.56716001
v -5.99959612 -11.9797926 1.31751597
v -7.37225914 -12.0575485 4.86336517
v -7.43160105 -12.0501614 4.69110775
v -7.44930315 -12.0518484 4.73281097
v -6.49610901 -12.0066128 2.48722696
v -6.47657681 -12.0099897 2.62656808
v -7.43379688 -12.0637026 5.09582615
v -7.56215 -12.0587416 4.9986639
v -7.52827311 -12.0672092 5.161551
v -5.70027494 -11.9789381 0.751523972
v -5.76372623 -11.978405 0.761843026
v -5.7738328 -11.9787903 0.785651028
v -5.82172298 -11.9820318 0.969259024
v -5.81299114 -11.9802361 0.877901971
v -5.83889103 -11.9808636 0.938917994
v -5.58653116 -11.9834404 0.900013983
v -6.29093695 -11.9955187 2.00387311
v -6.26096821 -11.9970875 2.07538295
v -6.72161818 -12.0335007 3.70622587
v -6.96121311 -12.0265818 3.58294296
v -6.86352682 -12.0371141 3.89026999
v -6.31030798 -11.9966784 2.04950595
v -7.64871597 -12.0658312 5.2026
v -6.99498701 -12.026618 3.66251087
v -7.13729382 -12.0443516 4.35526276
v -7.21495104 -12.038168 4.18071318
v -7.22794485 -12.0387526 4.21132708
v -6.67611027 -12.0227203 3.252352
v -6.73801804 -12.0163622 3.0571301
v -6.81732082 -12.0207062 3.24395609
v -6.57305098 -12.0157242 3.00601912
v -6.64742374 -12.0121641 2.84370399
v -6.71066809 -12.014534 2.99269605
v -7.36093092 -12.0470867 4.58764791
v -7.36978579 -12.0456905 4.54548311
v -7.37807608 -12.046175 4.56501198
v -7.25429583 -12.0452766 4.48301888
v -7.24728012 -12.0395412 4.25687599
v -7.31330204 -12.0423727 4.41241407
v -6.59711599 -12.0097313 2.72518396
v -6.58870792 -12.0111504 2.76846004
v -6.16580486 -11.9883118 1.70907998
v -7.02933502 -12.0633307 4.97464275
v -6.91245174 -12.0540304 4.76667213
v -7.12898684 -12.0516796 4.65899897
v -7.01863623 -12.0531349 4.53760386
v -6.84427404 -12.0543242 4.61417484
v -6.81100178 -12.036417 4.72389793
v -6.80405998 -11.9981537 4.7699852
v -6.7236352 -12.0017996 4.54231501
v -6.74263477 -12.0512781 4.42505884
v -6.67883587 -12.0417585 4.36475182
v -6.77911806 -11.7616787 4.80682802
v -6.83695698 -11.9292145 4.92730904
v -6.82288599 -11.7110615 4.93318081
v -6.77937412 -11.9073963 4.75711393
v -6.6632762 -11.8092222 4.45525789
v -6.73610592 -11.8138952 4.66216993
v -7.48737001 -12.0545874 4.82249117
v -7.39434004 -12.0473852 4.60332775
v -7.16872406 -12.0576086 4.84931993
v -6.93857574 -12.0479441 4.35257578
v -7.11167908 -12.0332222 3.93741798
v -7.19202089 -12.0370855 4.1266942
v -7.00816679 -12.0414009 4.15668201
v -6.80168486 -12.0461607 4.1472578
v -7.02811718 -12.0278406 3.74056005
v -7.01965809 -12.0274258 3.72063208
v -6.61302376 -12.0403271 4.04090023
v -6.50209379 -12.0323772 3.68473101
v -6.93685484 -12.0251865 3.5255599
v -6.8036561 -12.0237036 3.3943851
v -6.89852095 -12.0233269 3.435251
v -6.85177708 -12.0217733 3.32513094
v -6.59125996 -12.02742 3.49237394
v -6.49115086 -12.0160685 3.77519798
v -6.40201902 -12.008811 3.48961496
v -6.42892313 -11.8902493 3.6841979
v -6.48913717 -12.0220776 3.22167993
v -6.40121794 -12.0246077 3.34965205
v -6.28385592 -11.9864521 3.14537501
v -6.28680706 -12.015605 3.04261208
v -6.63853312 -12.0420132 4.23518085
v -6.63654613 -11.9161758 4.40062714
v -6.60172415 -11.9387503 4.27171993
v -6.57473612 -12.0219631 4.02199697
v -6.4989109 -11.9102259 3.96865106
v -6.48512888 -11.91994 3.85621595
v -6.61384916 -12.0103617 2.76460505
v -6.54832697 -12.007741 2.61024714
v -6.52493095 -12.0075026 2.55512905
v -6.41720819 -12.0181551 3.02849197
v -6.37236786 -12.0132618 2.83738089
v -6.23839283 -12.0143375 2.726861
v -3.9943471 -12.2070227 7.65404606
v -3.83976889 -12.2045832 7.66555309
v -3.98180294 -12.2019272 7.52966022
v -4.30502605 -12.1317196 7.75160408
v -4.27265406 -12.1347952 7.76534414
v -4.2677989 -12.1332636 7.73528099
v -4.45460796 -12.1629581 7.68810892
v -4.43099499 -12.1266661 7.69813204
v -4.39420986 -12.1283903 7.55798483
v -4.25112295 -12.1346922 7.7744832
v -3.87334108 -12.1605091 7.93484306
v -3.86390209 -12.1589727 7.91303301
v -3.89491606 -12.1582012 7.92568398
v -4.13752508 -12.1501837 7.66958618
v -4.32652521 -12.1307077 7.59286308
v -3.94510198 -12.1608458 7.70623398
v -4.07652283 -12.1480932 7.84859705
v -4.06861591 -12.1484709 7.85195303
v -4.34571886 -12.1854973 7.48597097
v -4.27584887 -12.1842976 7.56547117
v -4.14624405 -12.1929235 7.40534401
v -4.02511311 -12.1505213 7.87041903
v -3.78277898 -12.1645632 7.71622896
v -3.71858597 -12.1612053 7.78665686
v -3.58635807 -12.1724024 8.0566597
v -3.54729414 -12.1763725 8.07324123
v -3.53263187 -12.1763105 8.06210995
v -3.59572601 -12.1662998 7.89537001
v -3.66808295 -12.1655645 8.02196884
v -3.50246191 -12.1582918 7.80850124
v -3.65993595 -12.1921387 7.72925901
v -3.53432989 -12.1758556 8.07874393
v -3.49957705 -12.1747913 8.09349537
v -3.249578 -12.1818485 8.19961357
v -3.22862196 -12.1826687 8.15448761
v -3.27291107 -12.1808939 8.18970966
v -3.3740871 -12.1747313 7.96507502
v -3.3359549 -12.1727438 8.16294956
v -3.25816703 -12.1680813 7.9947381
v -3.41584301 -12.1715307 8.12903786
v -3.43056703 -12.1724548 8.12278843
v -3.23144197 -12.1840935 8.20731163
v -3.16568494 -12.187191 8.23522472
v -3.03382802 -12.2003336 8.29119396
v -3.12876606 -12.1863003 8.15964127
v -2.93758893 -12.1967497 8.33204556
v -2.89884496 -12.195672 8.26260471
v -2.98787212 -12.2020845 8.31070137
v -3.003093 -12.2032022 8.30424118
v -2.90443611 -12.2019253 8.34611797
v -2.81563592 -12.2231731 8.383811
v -2.77034497 -12.2197266 8.40303612
v -2.74808502 -12.2271509 8.27461529
v -2.64453292 -12.2290964 8.45643997
v -4.03142977 -12.1897831 7.21315384
v -4.36298418 -12.1880007 7.29927397
v -3.8938961 -12.1977758 7.38119602
v -3.77626896 -12.197154 7.23836899
v -3.6712079 -12.2130365 7.50380182
v -3.504143 -12.2122335 7.26912689
v -3.78277397 -12.1944399 7.03710604
v -3.49102807 -12.1969013 7.74863386
v -3.47993398 -12.2099476 7.66635513
v -3.31297207 -12.1943369 7.84461403
v -3.2386899 -12.22999 7.83034897
v -3.3233211 -12.2218571 7.47305298
v -3.11338091 -12.1863737 7.97471094
v -2.99503899 -12.2352333 8.00300217
v -2.92757607 -12.1979752 8.11973286
v -5.32221222 -12.1588326 7.3198328
v -5.32107306 -12.1588106 7.317945
v -5.3236742 -12.1587286 7.31921196
v -5.30636215 -12.1596212 7.32656097
v -4.94464111 -12.1734562 7.2413168
v -5.05458403 -12.172658 7.43343496
v -5.17030621 -12.1650391 7.12119007
v -4.88516188 -12.1812258 7.50535011
v -4.62691021 -12.1824656 7.61497211
v -4.58755779 -12.1797266 7.47867298
v -4.79979324 -12.1821108 7.54158688
v -4.46153021 -12.1807404 7.68517208
v -4.43599606 -12.1784048 7.6143012
v -4.58079004 -12.1817608 7.63454914
v -4.67209482 -12.1811972 7.249403
v -4.84597492 -12.1826982 7.5219841
v -4.18175411 -12.1869926 7.00346279
v -4.93151379 -11.3786497 5.5748868
v -4.57365704 -11.4116373 5.82135296
v -4.83717394 -11.4253511 5.36184597
v -4.44540882 -11.3854485 5.51912498
v -5.09393787 -11.4675436 5.66053581
v -5.25014591 -11.3994837 5.76315498
v -4.88267899 -11.32201 5.92823124
v -4.76217508 -11.2258959 5.74749088
v -5.23624086 -12.0431137 6.48226213
v -4.55389595 -12.0823202 6.67647982
v -5.36407375 -11.46381 6.37663698
v -4.73214293 -11.343152 6.53470516
v -4.39141083 -12.1531782 6.66924477
v -4.46290302 -11.304039 6.45353603
v -4.56968975 -11.292778 6.10790396
v -6.08009386 -10.6484003 3.65605998
v -5.94074202 -10.2035685 3.77792192
v -6.03930092 -10.0543518 3.68725491
v -5.54026794 -10.303297 3.94081211
v -5.56596184 -10.0933571 3.92113209
v -5.94067574 -10.7957602 3.25214696
v -6.12463093 -11.1589794 3.62537193
v -6.08859396 -11.5170841 4.06505919
v -5.88700819 -11.5113049 3.87082195
v -5.94235086 -11.3864374 3.79513597
v -6.40450382 -11.3725719 3.79400802
v -6.29131603 -11.2184706 3.67306304
v -6.10518885 -11.4244385 3.47972012
v -5.73678493 -11.4687557 3.8209281
v -5.803895 -11.1897469 3.78239489
v -6.00787592 -11.1649351 3.73099208
v -6.33706379 -11.1860266 4.04470301
v -5.84512091 -10.6807175 3.79719901
v -5.6367588 -11.4898653 4.01723003
v -5.42359686 -11.4484425 3.90689492
v -5.48633289 -11.469511 4.10995293
v -5.41127491 -11.0878611 3.91916513
v -5.66382599 -10.9900236 3.84802604
v -5.49051809 -10.6768026 3.93266892
v -4.96599388 -11.4222107 4.65814018
v -5.20511198 -11.5099773 4.69352722
v -4.98253298 -11.4422064 4.78966284
v -0.0666209981 -12.1871061 3.1934731
v -0.0331499986 -12.1872416 3.15707588
v -0.0670299977 -12.1855402 3.14269495
v -0.0958729982 -12.1846867 3.13045192
v -5.0981369 -12.0031548 1.180215
v -4.80085516 -12.0079803 1.13330698
v -4.98573303 -12.0022688 1.05483103
v -1.88331902 -12.12181 2.42519903
v -1.86972308 -12.1211395 2.37749791
v -1.89258695 -12.1198997 2.36779308
v -1.92504406 -12.1181002 2.35401607
v -7.54873896 -12.0576344 4.96707106
v -7.556849 -12.0580854 4.98617411
v -3.49288893 -12.0602541 1.89470291
v -3.59206486 -12.0505943 1.64640701
v -3.72552204 -12.0490761 1.76877499
v -5.16449308 -11.9960232 0.978950977
v -5.33228111 -11.9926987 0.971011996
v -4.19642496 -12.0309572 1.48219299
v -4.14637184 -12.0298376 1.41111803
v -4.49474716 -12.0181637 1.26324105
v -2.17969489 -12.1146193 2.54987407
v -1.98111296 -12.1158915 2.33021593
v -2.12797499 -12.1090937 2.26787591
v -4.07292414 -12.0321589 1.44229507
v -3.01854491 -12.081439 2.11729097
v -2.94421196 -12.07829 1.92140293
v -3.23649693 -12.0718145 2.00547099
v -3.79829693 -12.0416212 1.55886698
v -3.99184108 -12.0396099 1.64379096
v -1.177845 -12.1577559 3.01264811
v -1.28200698 -12.1443977 2.62696886
v -1.18130696 -12.1616001 3.16794991
v -0.332801998 -12.1785498 3.05095911
v -0.310530007 -12.1785307 3.03933597
v -0.336259007 -12.1776485 3.02841592
v -1.800138 -12.1231947 2.40703487
v -5.29008722 -11.9921446 0.925638974
v -5.34014606 -11.9902802 0.904390991
v -2.58884001 -12.0940552 2.14640307
v -2.56775713 -12.0922308 2.08120012
v -2.57994103 -12.0920935 2.07602811
v -5.48759508 -11.9842014 0.841802001
v -2.47840095 -12.0924387 2.11912799
v 0.249173999 -12.1974993 3.38367891
v 0.371558011 -12.1997423 3.32886505
v 0.241023004 -12.1948872 3.27345705
v 0.170829996 -12.1933346 3.24366093
v -2.83176708 -12.0858231 2.16272306
v -2.61702704 -12.0908689 2.06028605
v -2.80836701 -12.0820007 1.97906709
v -2.464288 -12.0937405 2.17529202
v -2.4139719 -12.0967922 2.14647698
v -2.39828801 -12.0980091 2.17589402
v -2.37073612 -12.0984306 2.16482902
v -2.25466108 -12.1029615 2.21410108
v 0.574676991 -12.2131739 3.4895649
v 0.601466 -12.2108412 3.42645597
v 0.524015009 -12.2076674 3.39357996
v -1.00166404 -12.152832 2.78850293
v -0.975669026 -12.1522779 2.75700092
v -1.03194702 -12.1511145 2.73311305
v -5.58131599 -11.9814205 0.802019
v -4.62098694 -12.0208006 1.39998698
v -4.52600908 -12.0171623 1.24997103
v -5.75032806 -11.9777908 0.730278015
v -1.26381493 -12.1453466 2.634691
v -1.279531 -12.1445084 2.62802005
v -1.08579302 -12.1593456 2.9069171
v -1.17923105 -12.1470327 2.67059398
v -1.54187202 -12.1362734 2.63337088
v -4.57809782 -12.0175734 1.33552098
v -4.63045025 -12.0118933 1.205639
v -4.52589083 -12.0170431 1.25002098
v -0.548848987 -12.1693087 2.94100499
v -0.350555986 -12.1773548 3.02234697
v -0.54874903 -12.1692495 2.93821692
v -2.90226698 -12.0797691 1.93920803
v -2.9210701 -12.0792551 1.93122697
v -1.62448907 -12.1296244 2.48159313
v -0.922981977 -12.1554794 2.77936506
v -1.33344197 -12.1421928 2.60513496
v -3.33456898 -12.0612812 1.75570703
v -3.22391701 -12.066246 1.80267501
v -0.551050007 -12.1692104 2.93724203
v -1.84714103 -12.1733427 4.47888184
v -1.63470399 -12.1776857 4.40806293
v -1.79974699 -12.1674776 4.30744696
v -1.629408 -12.1712303 4.17777586
v -1.69037008 -12.1798229 4.591712
v -1.49655497 -12.1828098 4.50145626
v -1.42203498 -12.1798496 4.31996679
v -1.37715197 -12.190814 4.65504885
v -1.26016402 -12.1908665 4.507689
v -1.36355603 -12.1979733 4.88094282
v -1.16430497 -12.1992178 4.71742916
v -1.03467202 -12.1962833 4.53692818
v -1.51594198 -12.1727171 4.060853
v -1.34424698 -12.1785746 4.15694094
v -1.46347904 -12.1685934 3.89914608
v -1.25193501 -12.1730776 3.90177798
v -1.16455102 -12.1796112 4.02329779
v -1.06740201 -12.1893606 4.24493313
v -0.887179017 -12.1943274 4.40601921
v -0.823563993 -12.1940851 4.28087902
v -1.32728195 -12.1687918 3.73076701
v -0.941257 -12.1801691 3.84183693
v -1.17089498 -12.1701479 3.63308001
v -0.896602988 -12.1879787 4.04196215
v -0.724822998 -12.190877 4.04530001
v -0.890075982 -12.1796532 3.65201187
v -1.01845503 -12.171402 3.47263598
v -1.13265002 -12.1646652 3.38557005
v -0.797631979 -12.1765461 3.45764208
v -0.755474985 -12.186101 3.7752099
v -0.558637023 -12.1868277 3.86205912
v -0.710520983 -12.1821289 3.58024597
v -0.575323999 -12.1864538 3.67637587
v -1.09034002 -12.2060204 4.89086199
v -0.78609997 -12.2097282 4.82560015
v -0.822803974 -12.2112246 4.98082113
v -0.816222012 -12.2037868 4.64332819
v -0.598096013 -12.2185793 4.99480915
v -0.716871977 -12.2188683 5.14433098
v -0.625702024 -12.20959 4.75955391
v -0.48832801 -12.2102385 4.75342417
v -0.639925003 -12.2003412 4.42635393
v -0.444261998 -12.2077665 4.52764082
v -0.476033986 -12.1984644 4.38228893
v -0.214964002 -12.218152 4.73058081
v -0.404920012 -12.2215967 4.94099522
v -0.317903996 -12.221487 4.83759499
v -0.501365006 -12.2292585 5.29226589
v -0.129651994 -12.2333784 5.14885998
v -0.136294007 -12.233614 5.16450977
v -0.11902 -12.2273455 4.90646601
v -0.0597929992 -12.2307625 4.98428202
v 0.011496 -12.2294502 4.81633806
v -0.612206995 -12.1963596 4.22424698
v -0.271398991 -12.2089481 4.39980602
v -0.342139989 -12.1996393 4.18248892
v -0.511758983 -12.1933422 4.01655388
v -0.123558998 -12.2094221 4.31830406
v -0.393523991 -12.1978188 3.87700796
v -0.315068007 -12.1935749 3.97433496
v -0.319712013 -12.1888962 3.77947187
v -0.0874439999 -12.2066765 4.1537261
v -0.101088002 -12.198904 3.86776114
v 0.0626690015 -12.2087908 3.96172404
v -0.211502999 -12.2164106 4.57234287
v 0.0747729987 -12.2247372 4.66726589
v -0.793071985 -12.173315 3.3305831
v -0.477046013 -12.1851177 3.54459715
v -0.57020098 -12.1808453 3.34958005
v -0.825963974 -12.165226 3.11573696
v -0.620347977 -12.1699743 3.17541099
v -0.719178021 -12.1647205 3.01079297
v -0.382833987 -12.177556 3.23853803
v -0.368133008 -12.184453 3.407763
v -0.259274989 -12.1867266 3.27917695
v -0.280018002 -12.1849651 3.642416
v -0.172433004 -12.1949072 3.64750195
v -0.122465 -12.1888933 3.39965391
v 0.0170729998 -12.201664 3.74292397
v -0.0802220032 -12.1923466 3.61143589
v 0.0682820007 -12.1985521 3.48113894
v 0.186569005 -12.2045536 3.64994597
v 0.254195988 -12.2121 3.77419996
v 0.369190007 -12.2154913 3.97366405
v 0.464560002 -12.2123804 3.74898601
v -1.96061301 -12.2063513 5.94737005
v -1.64948392 -12.2177696 5.88423204
v -1.75284803 -12.2016811 5.67067003
v -1.54162502 -12.2131338 5.61040592
v -1.73497891 -12.0868664 5.64679718
v -1.78485703 -12.0695648 5.75938082
v -1.32987297 -12.2241974 5.79579306
v -1.59386802 -12.2264376 6.15422392
v -1.43938196 -12.2278252 6.0748868
v -1.20747495 -12.235714 6.19526291
v -1.25296998 -12.2308006 5.98187208
v -1.79574895 -12.2014551 5.46033192
v -1.74794602 -12.2030792 5.36180687
v -1.34704399 -12.2145405 5.48003101
v -1.60018897 -12.2034245 5.3023262
v -1.12431204 -12.2257948 5.66825199
v -0.938648999 -12.2395964 6.08982897
v -0.995732009 -12.2334776 5.90415001
v -1.05952597 -12.242198 6.31231499
v -0.795603991 -12.2467279 6.18550301
v -1.04701602 -12.2449341 6.4976511
v -0.761105001 -12.2531824 6.63647175
v -0.847041011 -12.2371635 5.90289593
v -0.872169971 -12.2318859 5.70657921
v -1.32506096 -12.2103128 5.2459259
v -1.47851896 -12.2013645 5.11048603
v -1.27943802 -12.2040396 5.05841494
v -1.095397 -12.2117825 5.18852377
v -1.12139404 -12.2182808 5.41500378
v -0.929876983 -12.2176685 5.15129614
v -0.848770976 -12.2276859 5.54373503
v -0.769973993 -12.2205954 5.31958103
v -0.629809976 -12.2295303 5.50795078
v -0.294970989 -12.2375469 5.53832912
v -1.78824997 -12.2981157 8.68748093
v -1.78495502 -12.2930117 8.51687813
v -1.93721795 -12.2869511 8.53534031
v -1.66679192 -12.2966766 8.77013588
v -1.60224998 -12.3009567 8.61808395
v -1.84192204 -12.2847261 8.33475399
v -1.58482695 -12.3001719 8.57703781
v -1.56447291 -12.2984266 8.52908802
v -1.71977401 -12.278841 8.25808811
v -1.540429 -12.2980471 8.47244453
v -1.92569399 -12.26896 8.76156902
v -1.92661798 -12.2691526 8.76057529
v -1.69788599 -12.2595491 8.84338951
v -1.67715192 -12.2822733 8.79454327
v -1.74596906 -12.267909 8.15436268
v -1.73630202 -12.2590084 7.94906092
v -1.61104894 -12.2665377 7.79302979
v -1.42811799 -12.2819729 7.74147224
v -1.28663504 -12.2832956 7.87454224
v -2.328475 -12.240263 7.18152714
v -2.1423409 -12.2386971 6.99784994
v -2.43400693 -12.2314711 6.95214415
v -2.17857289 -12.2285461 6.63077784
v -2.40430903 -12.2261858 6.75008774
v -2.00560403 -12.2464581 7.26433706
v -2.00549412 -12.2285719 6.99581623
v -2.04686689 -12.2340508 6.81362295
v -1.98292994 -12.2355852 7.25282001
v -1.98198903 -12.1540375 7.10104322
v -1.86975801 -12.2416782 7.07098103
v -1.90946794 -12.1683292 6.93645
v -1.90558505 -12.155715 7.09540081
v -2.03221989 -12.2148571 6.62779999
v -2.02246189 -12.2194357 6.79631996
v -2.01009989 -12.1496525 6.76981783
v -2.01403093 -12.2180052 6.5614481
v -2.03713989 -12.1698875 6.48583078
v -2.00924802 -12.1039362 6.47476387
v -1.97292399 -12.141964 6.96033096
v -1.90252805 -12.2340269 6.72585011
v -1.88191009 -12.231596 6.88993502
v -1.84412801 -12.239089 6.8770299
v -1.91378093 -12.1534014 6.76186419
v -1.787938 -12.2372379 6.61375093
v -1.90700603 -12.2200069 6.6455121
v -1.94528508 -12.2246847 6.52658796
v -1.92792201 -12.1348848 6.66602182
v -1.932078 -12.1541986 6.49931383
v -1.62563801 -12.2432079 6.79115582
v -1.96964002 -12.1640053 7.28537416
v -1.89830208 -12.1668491 7.3094511
v -1.99165893 -12.1229019 6.69260502
v -1.85648799 -12.2471886 7.35994816
v -1.66397595 -12.2630033 7.40417004
v -1.84309101 -12.2522039 7.26687479
v -1.80177593 -12.2619114 7.49255991
v -1.611727 -12.2588406 7.27251005
v -1.63499808 -12.2517729 7.09089613
v -1.68816102 -12.2627907 7.64169502
v -1.49608994 -12.2641811 7.41963577
v -1.41826403 -12.25842 7.21567297
v -1.35706198 -12.2647991 7.3620019
v -1.49614906 -12.252017 6.97667694
v -1.34400296 -12.2630463 7.09681702
v -1.21703196 -12.264842 7.327178
v -1.18195999 -12.2588291 7.13189983
v -1.36283898 -12.2520847 6.86241007
v -1.14272904 -12.2551718 6.96148491
v -1.91345406 -12.1664715 7.52652502
v -2.02901912 -12.0821171 6.23497105
v -1.79749 -12.2281332 6.36889315
v -1.94548106 -12.2209711 6.4285841
v -1.59024203 -12.2411947 6.638731
v -1.52031708 -12.2352419 6.44470596
v -1.68005705 -12.2295294 6.30396891
v -1.422135 -12.2438469 6.61398602
v -1.40583503 -12.2357082 6.29130077
v -1.94126391 -12.1224737 6.41125202
v -1.21070504 -12.2511339 6.75797415
v -1.26575696 -12.2423172 6.48264217
v -1.14828205 -12.2726355 7.54860401
v -1.12881696 -12.2724485 7.50274611
v -1.06396198 -12.2702274 7.34995699
v -0.953602016 -12.2600842 7.08996487
v -0.802168012 -12.2550526 6.73321009
v -0.639241993 -12.2472334 6.34938002
v -0.655255973 -12.2479916 6.38710594
v -0.574872017 -12.2457886 6.19773388
v -0.556593001 -12.2453356 6.15467119
v -3.191643 -12.1832085 6.15011883
v -3.31481409 -12.1775417 6.04956579
v -3.37871695 -12.1840496 6.23396778
v -3.17748809 -12.1892328 6.33481598
v -3.00142002 -12.2089081 6.70504284
v -2.94399095 -12.2023125 6.52316284
v -3.03695703 -12.19452 6.40061808
v -2.99290299 -12.1890688 6.18387604
v -2.82833695 -12.1983442 6.34844685
v -3.00570989 -12.1829834 5.89860916
v -2.98905206 -12.1861534 6.00799084
v -3.20856905 -12.1736698 5.83882713
v -2.82494092 -12.1910191 6.13327503
v -2.75621891 -12.2138252 6.67753315
v -2.67772698 -12.2039309 6.3627038
v -2.58303308 -12.2122641 6.5460062
v -2.66945791 -12.2233219 6.88766479
v -2.57903385 -12.2315025 7.11263418
v -2.60551095 -12.1983795 6.17985821
v -2.41738296 -12.2124109 6.39265919
v -2.67813897 -12.1932154 5.99088001
v -2.72259188 -12.1877737 5.80279398
v -2.53639102 -12.1948767 5.85088587
v -2.54414201 -12.1855783 5.56578922
v -2.783216 -12.1793575 5.58400011
v -2.36211896 -12.1911821 5.65432692
v -2.56347704 -12.1789923 5.34820795
v -2.45009995 -12.2019024 6.12021208
v -2.38159704 -12.19979 5.92429781
v -2.2703321 -12.1933899 5.78035498
v -2.31858492 -12.1754665 5.54032516
v -2.27983499 -12.1790161 5.69489717
v -2.27905798 -12.096818 5.70621395
v -2.31101608 -12.0878839 5.660182
v -2.3274591 -12.0971041 5.58293819
v -2.16900301 -12.1802931 5.81374502
v -2.24935007 -12.0723038 5.79604912
v -2.23364711 -12.0739737 5.76849985
v -2.11344409 -12.0784092 5.89994621
v -2.16772008 -12.1189919 5.76733685
v -2.1090281 -12.1499748 5.69051313
v -2.07498598 -12.0728559 5.82093382
v -1.90766597 -12.1877337 5.85718822
v -1.84314299 -12.1981335 5.79997492
v -1.924299 -12.0694523 5.88352394
v -1.96366906 -12.1045828 5.96812296
v -1.99084401 -12.0503893 6.01633501
v -2.08793092 -12.0365391 5.88056898
v -1.95197701 -12.0429249 5.85780287
v -2.35331106 -12.1851768 5.41910982
v -2.27697992 -12.1826487 5.23701
v -2.47439289 -12.1711378 5.05936813
v -2.34015393 -12.1724043 4.95046997
v -2.15827894 -12.1811781 4.99338484
v -2.0256989 -12.1889782 5.14178419
v -2.23728991 -12.1791353 5.397614
v -2.24983788 -12.1313276 5.54957914
v -2.29122901 -12.0758476 5.4782238
v -2.30063391 -12.1072397 5.4509058
v -2.21572208 -12.0949345 5.40807915
v -2.1627481 -12.1398783 5.4439249
v -2.1294589 -12.1610756 5.58846807
v -2.22904205 -12.1096382 5.36880493
v -2.09667611 -12.0596371 5.31595707
v -2.03520894 -12.1567459 5.47595501
v -1.94409895 -12.1547842 5.60408783
v -1.91650999 -12.1365633 5.72093296
v -1.85037398 -12.1274366 5.68793488
v -1.76802206 -12.0625534 5.68181419
v -1.88278902 -12.1280594 5.43526316
v -1.830845 -12.1293068 5.56626892
v -1.728585 -12.1210995 5.57014894
v -2.0550499 -12.1888313 5.29942799
v -2.0743711 -12.1803122 5.32751703
v -2.05039096 -12.0874062 5.29892683
v -1.915483 -12.0978403 5.32406521
v -1.88851595 -12.1880817 5.37858295
v -1.99228191 -12.1198092 5.37561083
v -1.92065907 -12.0475426 5.33379316
v -2.0006249 -12.1821356 4.8954258
v -1.85947704 -12.1942348 5.23221397
v -1.83287692 -12.0497856 5.3713088
v -1.78290892 -12.0564938 5.47325516
v -1.74820805 -12.0774155 5.50988388
v -2.04575801 -12.1735468 4.66722679
v -1.81711102 -12.1805811 4.69057083
v -1.75945091 -12.1933956 5.08771706
v -1.69537497 -12.1906919 4.92763615
v -1.51965404 -12.1961203 4.9942522
v -1.57214904 -12.1902304 4.78414202
v -2.07870603 -12.2867603 8.46783447
v -2.05146694 -12.2748241 8.26494598
v -2.07848501 -12.2725801 8.07383919
v -1.90810299 -12.2731247 8.13637733
v -1.93743205 -12.2697001 7.9837122
v -1.85079694 -12.2388811 8.15081215
v -1.87534797 -12.2141495 8.04522133
v -2.8167181 -12.2316723 7.28461885
v -2.59933615 -12.2381592 7.34973621
v -2.51918507 -12.2443523 7.50775623
v -2.32539988 -12.2457628 7.3810401
v -2.45520997 -12.2520781 7.65721798
v -2.39729595 -12.2478333 7.53815174
v -2.32714891 -12.2630339 7.83857107
v -2.21489811 -12.2602358 7.68203115
v -2.1805439 -12.2507238 7.50524426
v -2.06154895 -12.2573795 7.52628613
v -2.18662405 -12.2484655 7.32154322
v -2.0877831 -12.2651701 7.86749601
v -1.94183302 -12.2480326 7.72771215
v -1.91122401 -12.2485113 7.91155481
v -1.83199 -12.2114105 8.0643301
v -1.94274306 -12.2513275 7.5892992
v -1.98309708 -12.2539167 7.48808813
v -1.94407105 -12.1728201 7.55390501
v -1.91527605 -12.1839867 7.76598406
v -1.85532904 -12.2100086 7.49028587
v -1.79502606 -12.2443609 7.67555809
v -1.83892703 -12.1905279 7.73922014
v -1.897228 -12.1939039 7.91805601
v -1.81163907 -12.2006788 7.90659523
v -3.127882 -12.0927258 2.99786496
v -3.13308406 -12.0577555 2.84092402
v -3.23019791 -11.9860058 3.17126608
v -3.1804831 -11.9021769 2.91235304
v -3.2431941 -11.7896023 3.1059711
v -3.33410311 -11.8688631 3.46969509
v -3.29916501 -11.7050524 3.29889011
v -3.40219808 -11.67278 3.59882808
v -3.60638189 -11.6011343 3.56189299
v -3.44100094 -11.6186237 3.41807508
v -3.54785109 -11.5855141 3.29616213
v -3.33365107 -11.6324749 3.1983211
v -3.43811893 -11.5730782 2.97093797
v -3.23414993 -11.6302395 2.929986
v -3.36688304 -11.5567055 2.69948506
v -3.13706589 -11.7448788 2.63776898
v -3.65911388 -11.9671307 2.30993199
v -3.40446711 -11.8379059 2.4219861
v -3.26760292 -12.0433826 2.44038796
v -3.699826 -11.8389282 2.31775188
v -3.57833099 -12.053215 2.29346895
v -3.25388503 -11.9222507 2.4889071
v -3.09571004 -12.0655594 2.64720297
v -3.03162289 -12.0879717 2.50623107
v -3.13146496 -12.0159512 2.56609106
v -3.13792801 -11.9387026 2.70452499
v -2.887779 -12.0949411 2.61622405
v -2.88833499 -12.1029501 2.91112089
v -3.14223409 -11.8460188 2.58782387
v -3.17854095 -11.7057381 2.52680206
v -3.38552594 -11.5718451 2.4435761
v -3.41601491 -11.5319948 2.74043608
v -3.49008393 -11.7014933 2.40641403
v -3.34018493 -11.5414009 2.51236391
v -3.17409992 -11.6416664 2.71122313
v -3.17554712 -11.6284599 2.58605099
v -2.48124504 -12.1075029 2.573524
v -2.30694795 -12.1170406 2.79489088
v -1.99621797 -12.1282187 2.80499601
v -1.72408795 -12.1369791 2.93685007
v -1.51732993 -12.1442413 2.90360808
v -3.01218009 -12.1139736 3.56636906
v -3.22843194 -12.0997658 3.42581201
v -3.25013804 -12.1087418 3.77431297
v -3.26789594 -12.0647326 3.39711595
v -3.03664207 -12.1052599 3.23760605
v -2.84754205 -12.1177664 3.471277
v -3.38914013 -12.0174942 3.72432494
v -2.91046405 -12.1236458 3.79732108
v -2.81024885 -12.1125441 3.23848391
v -2.48549294 -12.1358643 3.73152995
v -2.53630686 -12.1248999 3.36515188
v -2.51179409 -12.1201735 3.10433388
v -3.40584493 -11.8021784 3.69048691
v -2.651402 -12.1353455 3.94312406
v -2.39698792 -12.132432 3.53214502
v -2.68138099 -12.1043777 2.65767598
v -2.62211514 -12.1116018 2.923702
v -2.21887994 -12.1308928 3.17592907
v -2.11216307 -12.1394854 3.42820501
v -1.96633601 -12.1353245 3.08670402
v -3.61623597 -11.5653648 3.41019797
v -3.559798 -11.529006 3.2072711
v -3.62105799 -11.3803501 3.41624999
v -3.50286388 -11.4561148 3.0169301
v -3.45099401 -11.4487209 2.78539395
v -3.800951 -11.7052956 4.86396027
v -3.74416995 -11.6761637 4.67478085
v -3.81089497 -11.43645 4.80251026
v -3.674119 -11.6719494 4.4348979
v -3.69963312 -11.5932941 4.41756725
v -3.72751093 -11.428091 4.48052788
v -3.77660513 -11.3462629 4.61373091
v -3.77280807 -11.6181593 4.2126832
v -3.83648205 -11.5807562 4.25169086
v -3.63214302 -11.6612873 4.26695013
v -3.70559502 -11.617238 3.94710898
v -3.53417587 -11.6328106 3.825629
v -3.80393314 -11.6019173 4.06328106
v -3.71409798 -11.577693 3.73388386
v -3.76940298 -11.5237951 3.87208104
v -3.68674898 -11.494915 3.59758091
v -3.78778195 -12.1236525 5.09314585
v -3.71338701 -12.1172523 4.845644
v -3.770998 -12.0803509 4.90082979
v -3.80191302 -11.9723759 4.93422318
v -3.88434505 -12.0127811 5.20279217
v -3.55666113 -12.1379375 5.06103516
v -3.50655794 -12.130434 4.76029205
v -3.88174891 -11.7219391 5.108006
v -3.95936012 -11.8604298 5.38510799
v -3.73361802 -11.88908 4.71745491
v -3.53634501 -12.1467543 5.29482412
v -3.3300209 -12.1477318 5.10702801
v -3.56097412 -12.1215067 4.53895903
v -3.62711596 -12.0944004 4.51241112
v -3.65417004 -11.9394321 4.49205017
v -3.49206805 -12.1149826 4.33871698
v -3.48817587 -12.0969877 4.16422319
v -3.55282688 -11.9531498 4.19596004
v -3.48906708 -12.0515947 4.04228401
v -3.32209396 -12.130044 4.53828716
v -3.217448 -12.1236916 4.17737103
v -3.1607101 -12.1311283 4.4201479
v -3.59529305 -11.7648211 4.27284479
v -3.25234795 -12.1398849 4.80352116
v -3.05757093 -12.1385307 4.61242485
v -2.88542295 -12.1407452 4.45637989
v -2.84981489 -12.15026 4.7573328
v -3.3800621 -12.091939 3.81917596
v -3.33930111 -12.1164045 4.0614872
v -3.470047 -11.8881292 3.91191006
v -2.97715712 -12.1321449 4.24022102
v -2.95385313 -12.1281958 4.03874493
v -3.50738692 -11.6716318 3.94520092
v -2.74297714 -12.1396942 4.27709198
v -3.493747 -10.3656893 3.30963707
v -3.35664892 -10.5027456 2.81773305
v -3.44363809 -10.17694 3.10142803
v -3.29419613 -10.2987652 2.63320112
v -3.36876798 -10.146698 2.83944511
v -3.87133789 -10.1083851 3.54818201
v -3.56760406 -10.1074991 3.31835699
v -3.82546306 -10.0983629 3.20244098
v -3.57003498 -10.1499872 3.52833986
v -3.60784912 -10.2706299 3.71345806
v -3.56904793 -10.084239 2.92249894
v -3.337816 -10.0389099 2.84837008
v -3.84806705 -10.6763058 4.36294794
v -3.78092194 -10.2082386 4.24738121
v -3.86615396 -10.1960545 4.44371223
v -3.97864795 -11.1938286 4.40437889
v -4.69231081 -10.1705942 4.18739796
v -4.37408924 -10.3752565 4.31667185
v -4.51113892 -10.1669989 4.26299
v -4.70220518 -10.3932419 4.14665318
v -4.64430189 -10.3597069 3.91784811
v -4.6369648 -10.1842117 3.94039488
v -4.46337509 -10.1349087 3.97722006
v -4.22629786 -10.1251631 4.25123978
v -4.41665792 -10.3652601 3.84299994
v -4.35959625 -10.1886635 3.83916306
v -4.26524591 -10.1326265 3.83664989
v -4.07334805 -10.1608124 4.37598896
v -4.01020193 -10.3237152 4.42424488
v -3.86227608 -10.1144876 3.82730508
v -3.88949108 -10.1321964 4.36161518
v -3.69503307 -10.1548004 3.94022393
v -4.17634583 -10.3452206 3.66808605
v -4.05638218 -10.1237288 3.5593009
v -3.74390507 -10.466011 4.09246922
v -3.57242799 -10.544981 3.52032089
v -4.27802801 -11.4621105 4.99625301
v -4.2364521 -11.3303404 5.04058123
v -4.20741701 -11.5010023 4.82459402
v -4.14820814 -11.2573061 5.029356
v -4.12350512 -11.3117838 4.67910004
v -4.38912582 -11.4877338 4.50415993
v -4.31095314 -11.5233641 4.36743402
v -4.46447611 -11.3872461 4.264956
v -4.15810585 -11.3978691 4.35923195
v -4.26126814 -11.1789837 4.32212496
v -4.23511982 -11.531724 4.59683514
v -4.12332487 -11.4220266 4.44117498
v -4.64678812 -11.1454659 4.19014502
v -4.41074276 -10.9601736 4.28664494
v -4.00032902 -11.2452984 4.46617603
v -4.08775806 -10.7233944 4.39323902
v -4.67055893 -10.7275896 4.20552683
v -4.54731894 -10.6115952 4.26306295
v -4.230762 -10.5620079 3.791116
v -4.57607889 -10.5235996 3.95786905
v -4.13096189 -10.5929213 3.62709188
v -3.66414905 -10.6698284 3.76588011
v -4.45260286 -11.435318 4.8594799
v -4.40181494 -11.5143108 4.72329998
v -4.46487808 -11.373559 4.56389618
v -4.30203009 -11.5010414 4.75286198
v -4.37297487 -11.4216013 4.68106079
v -4.36886406 -10.9533634 3.07299495
v -4.16191578 -10.800168 2.97839499
v -4.3914361 -11.0713358 2.85708308
v -4.36336803 -11.0313473 2.62413406
v -4.20385599 -10.8159428 2.75249195
v -4.14123678 -11.1269331 2.20481801
v -3.95465302 -10.9996548 2.30132103
v -3.92778897 -11.163682 2.260396
v -4.247334 -10.9470472 2.1736691
v -4.37735891 -11.0057764 2.59574199
v -4.51753902 -10.8121939 2.58862305
v -4.31706285 -10.6486492 2.71547103
v -4.21424389 -10.5138855 2.8495121
v -4.32089901 -10.3174734 2.81234407
v -4.16130018 -10.7322216 2.23622394
v -3.94341302 -10.7346487 2.30736113
v -4.07538223 -10.4165621 2.21908998
v -3.85915899 -10.5248957 2.27539706
v -3.73776197 -10.363554 2.323704
v -5.06196213 -11.276495 2.52709603
v -4.95509291 -11.2375689 2.48539209
v -5.06466484 -11.1323528 2.56950307
v -4.99088287 -10.9609509 2.51195502
v -5.17498016 -10.9388237 2.63344193
v -4.89580822 -11.3190384 2.598768
v -4.76189804 -11.3162966 2.67194986
v -4.80063725 -11.3073149 2.45099497
v -4.6363759 -11.1380062 2.5294199
v -4.56305408 -11.185605 2.84023499
v -4.54318285 -11.1617727 2.63775897
v -4.86431694 -10.995924 2.47688699
v -4.7419672 -10.9890509 2.48409104
v -4.72923899 -10.7279797 2.54824901
v -4.40247679 -11.2575884 2.09357405
v -4.66595888 -11.3370466 2.09235001
v -4.59908676 -11.124733 2.05265403
v -4.34468317 -11.1029549 2.12117195
v -4.26357603 -11.2876835 2.15425611
v -4.50371408 -10.9857492 2.06805301
v -5.11430883 -10.6921778 2.62977886
v -4.88405514 -10.6706028 2.56640005
v -4.5568471 -10.50243 2.64226389
v -4.96415997 -10.4076557 2.66999793
v -4.7982111 -10.3444834 2.65186787
v -4.68518305 -10.2274942 2.69154787
v -4.59150982 -10.7818918 2.06324601
v -4.31495476 -10.7339926 2.15475106
v -4.46041393 -10.5993347 2.09209394
v -4.35000181 -10.3388529 2.12703395
v -4.22379589 -10.1563349 2.18502402
v -5.17631483 -10.0477715 2.78406501
v -5.03306389 -10.0233784 2.39867687
v -5.3365078 -10.0066605 2.42999005
v -4.92479801 -10.0189095 2.08559299
v -4.73663902 -10.0365839 2.37001204
v -4.68840694 -10.1247921 2.69035006
v -5.04720497 -10.1188545 2.778651
v -4.6067729 -10.0712976 2.64057899
v -4.91076612 -10.0547857 2.65654492
v -4.41669416 -10.0668135 2.57938194
v -4.32894516 -10.1344242 2.804456
v -4.41385603 -10.0513372 2.34926701
v -4.11338902 -10.0651188 2.45148706
v -4.59329605 -10.0961399 2.07874393
v -4.20127201 -10.0665283 2.25496006
v -3.91707897 -10.0887451 2.30634594
v -5.41784811 -10.3518057 3.21583104
v -5.32934809 -10.1190052 3.11458492
v -5.38208485 -10.2247639 3.3350811
v -5.26835394 -10.23277 2.94875693
v -5.28297186 -10.0651131 2.94058108
v -5.52637911 -10.0092211 2.72473001
v -5.4693532 -9.99329185 2.25783396
v -5.19709778 -10.3200893 2.85798907
v -4.97411299 -11.3091841 3.82181692
v -5.06152582 -11.2185802 3.734905
v -5.0923748 -11.3034811 3.75408101
v -5.3725071 -11.0613813 3.42332506
v -5.39167976 -10.9101267 3.28825498
v -5.47398996 -10.9833803 3.39033103
v -5.30560398 -10.8364029 3.2209959
v -5.19493818 -11.1623459 3.51049399
v -5.15284204 -11.0904713 3.35684609
v -5.19611788 -10.9343529 3.19979811
v -5.20446205 -11.3065071 3.50721908
v -5.10385704 -11.2415018 3.52055192
v -5.06693506 -11.2493992 3.39975405
v -4.91505814 -11.1544151 3.7945919
v -4.82322311 -11.1181431 3.72753501
v -4.91129303 -11.0998735 3.58331299
v -4.96504498 -11.2023773 3.3635931
v -5.01878786 -11.166111 3.19801188
v -4.88474798 -11.0876617 3.23697805
v -4.89497185 -10.9883518 3.70266294
v -4.94489813 -10.9150467 3.60275698
v -5.12140799 -10.9277754 2.75292993
v -5.16981983 -10.8962049 2.88246107
v -5.0898509 -11.0379114 2.67831206
v -4.92016792 -11.2565718 3.06563592
v -4.85855818 -11.2883711 2.86562705
v -4.96710205 -11.1827145 2.85363197
v -4.82583189 -11.2621336 3.04101396
v -5.00964689 -11.125576 3.0369091
v -5.20914078 -10.879405 3.03020501
v -4.66051912 -11.1567163 2.99552703
v -4.77270889 -11.0106468 3.15202188
v -4.87724495 -10.8918056 3.44803596
v -4.73195505 -10.9337549 3.22944903
v -4.58803415 -10.9821739 3.1125741
v -4.58728409 -10.9249058 3.31932211
v -5.44181395 -10.8196144 3.14846206
v -5.34630203 -10.7680473 3.09208798
v -4.91886282 -10.8254986 3.71344209
v -5.39458179 -10.8204317 2.99315214
v -5.44008684 -10.7222538 3.10719991
v -5.2714119 -10.7989388 3.06113005
v -5.23041296 -10.8212938 2.89877796
v -5.32151604 -10.7793427 2.83342886
v -5.33965683 -10.6138763 2.90839291
v -5.23367691 -10.6882467 2.72645712
v -5.14172602 -10.485528 2.72998595
v -5.36349297 -10.3999777 3.07758904
v -4.74221802 -10.8558817 3.54016685
v -4.59607601 -10.8948069 3.41447592
v -4.81774092 -11.1338015 3.83245993
v -4.82785892 -11.1903992 3.97162008
v -4.8189292 -10.9235706 3.892349
v -4.17341518 -12.0386829 1.79048705
v -3.95890093 -12.0447826 1.85007906
v -3.75393891 -12.0431433 1.57769608
v -3.4684279 -12.0561714 1.69888699
v -5.0889492 -12.0036583 1.76183605
v -5.26763582 -12.0110102 1.61225295
v -5.46018791 -11.9948425 1.67455399
v -5.18941402 -11.9596958 1.77592707
v -5.41467476 -11.9466162 1.72019506
v -5.01581907 -11.9325085 1.851349
v -5.41167212 -11.6942053 1.79316497
v -5.13533306 -12.0096846 1.463943
v -4.96742201 -12.0150127 1.55074906
v -6.08946419 -11.9831381 1.52923298
v -5.77516699 -11.996069 1.60168505
v -5.73264503 -11.9959774 1.40257597
v -5.68697691 -11.9853144 1.63780808
v -5.48200417 -12.0069103 1.635782
v -5.57081985 -11.9981394 1.41422796
v -5.52337408 -11.801816 1.736305
v -5.6925292 -11.835742 1.73777294
v -5.78496885 -11.8321047 1.80354702
v -5.71633387 -11.7170238 1.74441397
v -5.60588503 -11.6284313 1.72738302
v -5.4866972 -11.6068659 1.74996305
v -5.69541693 -11.5692825 1.78949308
v -5.63177395 -11.5147095 1.82903194
v -5.48471403 -11.4109058 1.81459999
v -5.89481497 -11.9801817 1.07066798
v -5.85809088 -11.9807644 0.984152019
v -5.63579607 -11.9869738 1.05561996
v -5.52509975 -11.9940424 1.31607103
v -5.27757883 -11.9999866 1.26086593
v -5.43187714 -11.9933681 1.12452602
v -5.3199501 -12.0035753 1.45144606
v -6.19713688 -12.1034775 6.40581799
v -6.05964279 -12.1040182 6.28231096
v -6.26389408 -11.9555645 6.13319302
v -6.44599915 -11.8669491 6.05536985
v -6.15450478 -12.0920935 6.21892309
v -6.12401581 -12.00846 6.192554
v -6.19134521 -11.9109764 6.15261507
v -6.32468319 -11.8091536 6.09562016
v -6.05034781 -12.0905628 6.32016516
v -6.02879715 -12.0818224 6.3054719
v -6.07430983 -12.037137 6.35251188
v -6.0572319 -12.0780077 6.24938202
v -7.29038 -12.0696936 5.21936321
v -7.22333717 -12.0634565 5.19327402
v -7.0575428 -12.0696211 5.39082384
v -6.99790001 -12.0487566 5.33757114
v -7.29091597 -12.059618 5.13048887
v -7.05733776 -12.0735302 5.18540096
v -7.13912678 -12.0681944 5.12994385
v -6.99610901 -12.0715656 5.19314384
v -6.96347809 -11.9666004 5.31442022
v -6.96596384 -11.7931461 5.37169981
v -6.93797684 -12.0198298 5.19870615
v -6.91581106 -11.9117346 5.18037987
v -6.9162302 -11.8847008 5.23859596
v -6.88031673 -11.774025 5.11478901
v -6.89632082 -11.6821489 5.1894722
v -6.58088207 -11.788188 6.01338387
v -6.44331598 -11.7151709 6.04675198
v -7.69648075 -12.0694265 5.3151269
v -7.6694622 -12.0676327 5.2514739
v -6.15210199 -12.1328363 6.96756601
v -6.15192699 -12.1264505 6.64321423
v -6.2922492 -12.0413332 6.44669199
v -6.15148306 -12.1078072 6.59566498
v -6.23132992 -11.9939976 6.52127314
v -6.21006107 -11.9963207 6.55748081
v -6.16090298 -11.9993038 6.59092617
v -6.1799202 -12.0349941 6.43237782
v -6.1735568 -11.9539585 6.49918079
v -6.01994085 -12.1264124 6.63747311
v -6.04543304 -12.1043129 6.62326908
v -6.00833988 -12.1296034 6.74657726
v -6.12881517 -11.9372759 6.43158817
v -6.08216906 -11.9514904 6.37544298
v -6.13502407 -12.132391 6.97481585
v -5.9525342 -12.1369085 7.05227804
v -6.06137085 -12.1277523 6.92598104
v -6.01525879 -12.1348848 6.90451193
v -6.9779458 -11.3531456 5.6338892
v -6.95978785 -11.4242582 5.5079608
v -6.9108901 -11.5158529 5.28009892
v -6.87172985 -11.554863 5.14020681
v -6.86321211 -11.4319992 5.15406799
v -6.93044615 -11.373888 5.42332983
v -6.895854 -11.4072685 5.25263882
v -6.87987614 -11.3515596 5.25860691
v -6.96583796 -11.3536901 5.77738714
v -6.97908115 -11.339138 5.71794796
v -6.9358139 -11.2982273 5.76431799
v -6.94234276 -11.2917404 5.72526407
v -6.94474506 -11.282218 5.60832214
v -6.92442226 -11.2596884 5.52911186
v -6.9180541 -11.2865276 5.43791914
v -6.90230703 -11.2694435 5.40316582
v -6.69181299 -11.6016674 5.95679379
v -6.85279894 -11.5205297 5.88999796
v -6.9193182 -11.4346037 5.851089
v -6.73489094 -11.4163055 5.92764282
v -6.84577179 -11.3840485 5.87729216
v -6.58683205 -11.6166201 5.99510717
v -6.51406479 -11.6419554 6.01607084
v -6.90592718 -11.3353729 5.82985401
v -7.31785393 -12.063962 5.04920578
v -6.90415907 -12.0555391 4.93062687
v -6.90035295 -12.0438538 5.00486088
v -6.90675116 -11.9896183 5.10358906
v -6.879601 -11.8536777 5.07133102
v -6.72503805 -11.5890141 4.67682981
v -6.66001797 -11.6417942 4.47793579
v -7.62211323 -12.0643358 5.13992786
v -6.79731512 -11.361372 4.96436119
v -6.79214907 -11.4821892 4.90167093
v -6.72754383 -11.4599218 4.74628305
v -6.84712315 -11.3458042 5.1271348
v -6.83284807 -11.3773956 5.06230593
v -6.6634059 -11.5752211 4.53367281
v -6.74939823 -11.3584471 4.80411482
v -6.69784117 -11.4726086 4.64373398
v -6.68678474 -11.3998985 4.60562515
v -6.66634083 -11.4553738 4.53211498
v -6.32863379 -11.8789606 3.36021709
v -6.29732513 -11.9330578 3.24447703
v -6.38172722 -11.8131657 3.56952095
v -6.29116201 -11.7745705 3.286062
v -6.32915401 -11.7624226 3.421803
v -6.33069515 -11.6981592 3.42332411
v -6.31281805 -11.7211742 3.35446
v -6.52727509 -11.7353935 4.12377787
v -6.58882523 -11.6675596 4.27564287
v -6.48330402 -11.672514 3.94168186
v -6.50446415 -11.5891876 4.01787376
v -6.45095491 -11.7234488 3.82800913
v -6.42014885 -11.6576748 3.72421312
v -6.4703269 -11.6403141 3.91298509
v -6.37526989 -11.6843309 3.58077097
v -6.2441802 -11.8932047 3.08717394
v -6.175735 -11.9677868 2.79478788
v -6.2123909 -11.9382162 2.95214605
v -6.13622808 -11.9986229 2.48320293
v -6.15339994 -11.9973202 2.66134
v -6.16749191 -11.862525 2.84160399
v -6.11210108 -11.9392691 2.60138702
v -6.13953209 -11.7729063 2.76487994
v -6.13463211 -11.8759413 2.70048404
v -6.112679 -11.8763857 2.61447597
v -6.25653219 -11.7804861 3.16098094
v -6.25531578 -11.6433401 3.17891002
v -6.204422 -11.8095617 2.97561693
v -6.22010612 -12.002799 2.23690295
v -6.16552687 -11.9984722 2.27170992
v -6.09760189 -11.9998245 2.35104203
v -6.13615513 -12.0013638 2.20830297
v -6.06986523 -11.9863043 2.35501599
v -6.07220078 -11.9610968 2.42277598
v -6.07070923 -11.9006453 2.48387694
v -6.04787493 -11.88311 2.44355297
v -6.18984604 -11.9997578 2.05915809
v -6.6419878 -11.4940586 4.47269821
v -6.61775589 -11.5269089 4.38718414
v -6.58843613 -11.5423183 4.30455399
v -6.54715109 -11.5824671 4.18178988
v -6.52540779 -11.5282288 4.12538719
v -2.56973314 -12.2294941 8.3619566
v -2.61910796 -12.2294235 8.4672327
v -2.48898101 -12.2299967 8.52246761
v -2.43603897 -12.2328644 8.42072296
v -2.59867096 -12.2299356 8.47590733
v -2.34749103 -12.2377605 8.58252716
v -2.33205509 -12.2388477 8.58907986
v -2.33817005 -12.2382698 8.57827663
v -2.18088794 -12.2482595 8.65307999
v -2.1810019 -12.2482567 8.65319729
v -2.18037391 -12.2481508 8.65346336
v -3.96284199 -12.184227 6.99686098
v -3.94494009 -12.1880646 6.77360582
v -3.68253803 -12.197752 6.95958424
v -3.04327893 -12.2343321 7.67195702
v -2.92523503 -12.238759 7.94315386
v -3.3282721 -12.2135477 7.09383106
v -3.15342307 -12.2215414 7.38715219
v -2.88033605 -12.2371416 7.48046494
v -2.88598704 -12.2316504 7.67848396
v -3.83088994 -12.1892929 6.76616716
v -3.67678905 -12.1904221 6.76737976
v -3.61239386 -12.1895208 6.65113688
v -3.31030893 -12.2024422 6.73958302
v -3.44020104 -12.1963062 6.71931696
v -3.24701595 -12.2080193 6.87463379
v -3.08762693 -12.2206211 7.12865305
v -3.19594598 -12.2144928 7.05892897
v -3.03397799 -12.223217 7.22034216
v -2.94500303 -12.2303429 7.3491292
v -2.82168102 -12.2405748 8.11585045
v -2.73657393 -12.2577324 8.19941044
v -2.50341606 -12.2681408 8.13868141
v -2.40120792 -12.2600622 7.97200775
v -2.41758013 -12.2660065 8.15066814
v -2.60897493 -12.2594633 8.28652382
v -2.71704292 -12.2414742 7.77224922
v -2.5918951 -12.2537184 7.8927722
v -2.57358789 -12.2592258 8.01766586
v -2.3553791 -12.2753239 8.35134983
v -2.45580006 -12.2624159 8.30172729
v -2.32098699 -12.2775841 8.43025684
v -2.39074707 -12.2654543 8.23214531
v -2.20022297 -12.2801752 8.55750942
v -4.95097589 -12.165658 6.91238308
v -5.0760932 -12.1604013 6.90076303
v -4.82984018 -12.1698503 6.94990826
v -5.43010712 -12.1513739 7.11647987
v -5.48904896 -12.1511536 7.24901485
v -5.41742086 -12.1443892 6.89998293
v -5.50789404 -12.1416788 6.96014881
v -5.31762218 -12.147563 6.94232702
v -5.19741678 -12.1573372 6.88298082
v -4.53867006 -12.1802454 7.09383678
v -5.92060089 -12.1333294 6.938025
v -5.94143486 -12.138196 7.05698919
v -5.93118286 -12.1380539 7.06134081
v -5.91677904 -12.1380682 7.06745481
v -5.82141304 -12.1348181 7.01757479
v -5.85889387 -12.1380463 6.9338851
v -5.72833395 -12.1434526 7.1474452
v -5.71558714 -12.1422577 7.09352398
v -5.88909817 -12.1393318 7.07920504
v -5.68658018 -12.1440229 7.16516781
v -5.6804018 -12.1335564 6.93143082
v -5.56717396 -12.1350231 6.94429398
v -5.10933495 -12.1538095 6.69442081
v -4.91892719 -12.1578016 6.78082085
v -4.69926119 -12.1665697 6.82623005
v -4.80705309 -12.1632528 6.75814724
v -4.35608578 -12.1756363 6.80026722
v -4.63137293 -12.1624641 6.72719288
v -4.5134058 -12.171052 6.83580112
v -4.1203661 -12.1837378 6.7772851
v -3.84970999 -12.1846237 6.61669588
v -3.57125306 -12.1822329 6.36471701
v -3.491014 -12.1925983 6.58466387
v -3.71578908 -12.1719666 6.21406317
v -3.40911794 -12.1909037 6.507689
v -6.02617502 -12.0328789 6.33842993
v -5.83882904 -11.9157772 6.51074982
v -5.99920416 -12.0710545 6.31399822
v -6.04559708 -11.9801979 6.34838295
v -5.96885681 -11.9411049 6.35804701
v -5.93160295 -12.1093025 6.31984425
v -5.86530304 -12.120965 6.47190475
v -5.99593687 -12.0726233 6.26912403
v -5.5023489 -12.0957737 6.42097187
v -5.99233818 -12.0371475 6.24365902
v -5.81036615 -11.9640923 6.28494883
v -6.02916718 -11.8729239 6.44385004
v -5.80254078 -12.1259041 6.62917614
v -5.52426291 -12.1355791 6.65976095
v -5.31688499 -12.1472015 6.69712019
v -5.77083302 -11.7721462 6.27974701
v -6.04431105 -11.8340044 6.18754482
v -4.0474782 -11.7687206 5.61035824
v -4.2922368 -11.6045084 6.24205685
v -4.2522378 -11.8568039 6.19450903
v -4.1713872 -11.4745235 5.88666582
v -4.25293398 -11.3026543 6.01899719
v -4.08704281 -11.4851799 5.65615177
v -4.08343697 -11.5813465 5.6795001
v -4.06440783 -11.6951799 5.64976788
v -4.34381104 -11.2785683 5.649189
v -4.28059101 -11.273735 5.88391399
v -4.11113405 -11.3683491 5.69327116
v -4.1281929 -11.2883463 5.64334297
v -4.10551691 -11.2764978 5.54191017
v -4.3228159 -11.3486547 5.37974215
v -4.42261219 -11.4113131 5.3743639
v -4.29705 -11.2832193 5.43003702
v -4.23880196 -11.2614594 5.50139713
v -4.16886806 -11.2632542 5.51009083
v -4.40985918 -11.3545742 5.23364878
v -4.53300714 -11.4941769 5.25771189
v -4.34269285 -11.3820248 5.30021477
v -4.26175117 -11.2949686 5.26943016
v -4.40384197 -11.347106 5.247962
v -4.28806114 -11.336154 5.22836494
v -4.30195522 -11.3258438 5.18087196
v -4.3124938 -11.3661041 5.29742098
v -4.23780012 -11.2626009 5.37150478
v -4.08670378 -11.3037605 5.57294416
v -4.08828592 -11.3978777 5.63700676
v -5.96193123 -11.9589691 6.63049698
v -6.05694485 -11.9666338 6.63481617
v -6.0823369 -11.9104805 6.591609
v -6.13465214 -11.9145088 6.52118301
v -6.05097389 -11.864706 6.517838
v -6.13569307 -11.9209032 6.45842981
v -5.75832796 -12.1274958 6.87607193
v -4.96888304 -12.1493702 6.63733912
v -4.74366474 -12.1459846 6.66024876
v -4.47376919 -12.1708117 6.76625919
v -4.18361807 -12.1709995 6.63836908
v -4.28800201 -12.1519842 6.48777914
v -4.02478123 -12.175066 6.51116896
v -4.11221409 -12.1256361 5.9763689
v -4.09941006 -12.1496019 6.02654791
v -3.79280496 -12.1669903 6.04025793
v -3.62071991 -12.1757183 6.2567811
v -5.23429108 -11.5353212 5.32266903
v -5.27569199 -11.5160866 5.333951
v -5.19763422 -11.5696659 5.41299915
v -5.23620319 -11.5400162 5.44717216
v -5.28561306 -11.5120735 5.36327314
v -5.18294716 -11.5491219 5.28559399
v -5.14700413 -11.5441818 5.2763238
v -5.19382191 -11.5137606 5.22204781
v -5.1429038 -11.5103006 5.17864895
v -5.03891277 -11.5086699 5.3201952
v -5.07595205 -11.5028791 5.20222902
v -5.06694221 -11.4579 5.15581179
v -5.12274122 -11.4501314 5.13255596
v -5.02158308 -11.439271 5.15174913
v -5.13628197 -11.4038038 5.09155083
v -5.08371496 -11.3807278 5.08743
v -4.97663116 -11.3703918 5.06811619
v -4.96371078 -11.3969631 5.0241642
v -5.05649996 -11.3872166 5.05527306
v -4.98228121 -11.3811274 5.13390684
v -4.97019482 -11.3836689 5.11055279
v -4.99358797 -11.3367615 4.9817729
v -4.94109917 -11.3077841 4.99177885
v -4.99975109 -11.3239174 4.97495317
v -4.99448204 -11.3221855 4.93936682
v -4.93635702 -11.3291416 4.90605497
v -4.76900911 -11.5020418 5.19556093
v -5.00578022 -11.4129782 5.00230217
v -4.97050714 -11.4347849 4.98346615
v -4.87508488 -11.4046316 5.02375698
v -4.68956518 -11.4010277 5.05497122
v -4.94971895 -11.3944798 4.98080111
v -4.99226809 -11.4286098 4.89643002
v -4.57556486 -11.4433146 5.11218786
v -4.48080921 -11.4205923 5.08849478
v -4.51118708 -11.4212971 5.04538393
v -4.45301104 -11.4368687 5.14586878
v -4.90044212 -11.3306532 4.86277914
v -4.83139992 -11.294589 4.92825222
v -4.79359102 -11.4274931 4.74946499
v -4.77866602 -11.3667755 4.81058598
v -4.73006821 -11.4137831 4.78150606
v -4.8413682 -11.4114304 4.79242086
v -4.87634706 -11.3640289 4.83392382
v -4.80337524 -11.3778591 4.82523298
v -4.67773724 -11.3656702 4.87481499
v -4.61871386 -11.4214497 4.85112286
v -4.69428682 -11.4516106 4.7394948
v -4.76025486 -11.4569073 4.64817905
v -4.7752552 -11.4527845 4.71795416
v -4.74315214 -11.4135475 4.65596104
v -4.69763374 -11.4194651 4.73060799
v -4.68509293 -11.3806639 4.72200298
v -4.64393902 -11.3948708 4.81508303
v -4.66491413 -11.3680563 4.72363091
v -4.69793701 -11.4031086 4.66404295
v -4.60274315 -11.4424839 4.83512497
v -4.6178441 -11.3773031 4.79904175
v -4.58053875 -11.440609 4.85287714
v -4.54753208 -11.3893862 4.87453604
v -4.5637579 -11.3693819 5.00072384
v -4.41897917 -11.4518127 5.10497713
v -4.39531994 -11.4054565 5.10461378
v -4.41975594 -11.4584827 5.12302303
v -4.40187597 -11.4146376 5.14373922
v -4.84034681 -11.3258362 4.87192583
v -4.73378515 -11.3570509 4.94842196
v -4.54716778 -11.3466663 4.97237492
v -4.47055387 -11.3622265 5.07392502
v -4.50807619 -11.3250084 5.06895685
v -4.51220798 -11.3074722 5.03473377
v -4.51553583 -11.3235922 4.9806118
v -4.5542202 -11.357975 4.90911913
v -4.49405479 -11.3130646 4.99418116
v -4.46678591 -11.3050423 5.0433588
v -6.13293886 -11.7456646 6.15718317
v -5.99110508 -11.6783848 6.19748688
v -5.76746416 -11.593111 6.2642622
v -5.9718318 -11.6027355 6.19548512
v -5.97288418 -11.4926395 6.19478083
v -5.89458179 -11.4360113 6.20956898
v -5.73084211 -11.4528065 5.87955618
v -5.61182499 -11.513135 5.89730406
v -5.69568825 -11.526473 5.85732508
v -5.75435305 -11.3411026 6.2284441
v -5.9723649 -11.3495522 6.18131685
v -5.97222996 -11.3052635 6.15354681
v -5.92611885 -11.2850609 6.11146307
v -5.69324398 -11.2997427 6.19609404
v -5.74624109 -11.360445 5.90180206
v -5.2212739 -11.489687 5.99818087
v -5.73206997 -11.3944368 5.89194202
v -5.77985287 -11.2939701 5.94406414
v -5.32098198 -11.2860918 6.26094103
v -4.95049477 -11.2760458 6.26225901
v -5.76879311 -11.3182192 5.91884804
v -4.82812786 -11.4292803 6.11865091
v -5.90450907 -11.2770205 6.03998089
v -5.72477388 -11.2833986 6.066535
v -5.80527401 -11.279705 5.97267818
v -5.61510181 -11.563406 5.84214592
v -5.70855522 -11.5551786 5.80758619
v -5.62331486 -11.560833 5.79029512
v -5.54453707 -11.5504131 5.80852413
v -5.58342791 -11.5368624 5.71272373
v -5.67836809 -11.5549746 5.75813818
v -5.50628614 -11.5184736 5.69853783
v -5.56839275 -11.5199747 5.66574478
v -5.54113674 -11.4742422 5.66950798
v -5.47600985 -11.4265242 5.69192314
v -5.55840397 -11.4853888 5.6238718
v -5.45974016 -11.3889713 5.66696787
v -5.32732821 -11.4598942 5.42434978
v -5.37041378 -11.4550219 5.440979
v -5.31891584 -11.4417877 5.49456978
v -5.36704016 -11.4140329 5.45357323
v -5.31052113 -11.389389 5.50677776
v -5.29447508 -11.4673748 5.47196293
v -5.40931082 -11.376852 5.5662818
v -5.47682285 -11.4252014 5.51347399
v -5.3254652 -11.3547497 5.53628111
v -5.42885303 -11.4050426 5.49312782
v -5.39606714 -11.4025383 5.46171093
v -3.9119339 -12.1075087 5.38698101
v -4.01284981 -12.0379133 5.61684084
v -4.028965 -11.9387341 5.61289883
v -4.07331085 -11.8849859 5.72046089
v -4.05487108 -11.8252449 5.65435886
v -3.94281101 -12.1603289 5.98333693
v -3.99703598 -12.1469717 5.75879908
v -3.95479703 -12.1526318 5.78641319
v -3.80536008 -12.1530571 5.72508526
v -3.86057305 -12.1594543 5.93001795
v -5.91783714 -10.0827541 3.289222
v -5.95064306 -10.4341488 3.32504702
v -5.66411209 -10.0467901 3.849509
v -5.65142679 -10.0344629 3.69008589
v -5.78073215 -10.0239048 3.518852
v -5.31848907 -10.406455 4.02009201
v -5.25575781 -10.27351 3.9888401
v -5.27944899 -10.114768 4.02217484
v -5.28644705 -10.0753555 3.97106099
v -6.03306007 -11.5031681 3.29092407
v -5.92603493 -11.5096197 2.83592606
v -6.24540186 -11.5497513 3.29882503
v -6.05683279 -11.5141382 2.81965804
v -6.05691624 -11.5402012 2.67647886
v -5.9649992 -11.5124331 2.60661602
v -5.86212111 -11.5074062 2.65904903
v -5.98093414 -11.5247612 2.52911186
v -5.85749817 -10.2686224 3.09086394
v -5.80401897 -10.0221167 3.08232093
v -5.87794685 -10.0163422 3.39807892
v -5.76947498 -10.0165176 3.23077607
v -5.59410715 -10.0370932 3.4864161
v -5.51798916 -10.0457602 3.56430602
v -5.81480885 -10.1824856 2.99194407
v -5.81500196 -10.1186867 2.98828411
v -5.81988716 -10.057601 3.03213692
v -5.6422348 -10.0284786 3.29282713
v -5.57676697 -10.0393381 3.36201
v -5.47480011 -10.0496788 3.79085898
v -5.44071817 -10.051259 3.59796906
v -5.3446579 -10.063282 3.76451111
v -5.46051407 -10.0522804 3.49130297
v -5.3996582 -10.0578823 3.68044806
v -5.24151993 -10.4051018 3.89978504
v -5.19552183 -10.1671 3.96272087
v -5.33178711 -10.0583439 3.90391302
v -5.22195196 -10.081912 3.95183086
v -5.20763493 -10.1330843 3.98358107
v -5.2068119 -10.0978317 3.95909691
v -6.31317186 -11.557991 3.45500994
v -5.93671227 -11.2363539 3.18724608
v -5.85035992 -11.3782158 2.92310286
v -5.86038876 -11.4672604 2.89676094
v -5.80514717 -11.3116703 2.78492999
v -5.82605696 -11.4111738 2.80992699
v -5.82398081 -11.2094307 2.84652805
v -5.8537631 -11.1113272 2.99509287
v -5.81652689 -11.1505966 2.8603301
v -5.81641102 -11.0862951 2.86445808
v -5.80768204 -11.0089369 2.864712
v -5.35442495 -11.3750095 3.58795691
v -5.35516119 -11.3290825 3.62533808
v -5.3414278 -11.3739176 3.634161
v -5.31575584 -11.3563471 3.67892599
v -5.35489988 -11.3218861 3.58966303
v -5.32732582 -11.2426853 3.64755893
v -5.25491381 -11.443512 3.81856608
v -5.31720781 -11.4618979 3.79163694
v -5.23586082 -11.4716997 3.74630594
v -5.24968481 -11.4777775 3.70305014
v -5.29389477 -11.4513645 3.73147607
v -5.33155298 -11.4061842 3.75501394
v -5.28410912 -11.3861275 3.84458709
v -5.28298712 -11.3704128 3.91893387
v -5.329813 -11.3665695 3.731879
v -5.335814 -11.2729063 3.77431798
v -5.22033501 -11.4181137 3.80295801
v -5.17463207 -11.4144278 3.78304911
v -5.21384621 -11.3382397 3.83645701
v -5.18537188 -11.3076982 3.88410997
v -5.19566393 -11.2990503 3.94315505
v -5.19660521 -11.3319216 3.99284005
v -5.13894176 -11.3529263 3.91695404
v -5.1561799 -11.3126574 3.89092398
v -5.29838514 -11.38622 3.68477702
v -5.33315992 -11.2298403 3.61749005
v -5.3436451 -11.1084261 3.86592603
v -5.292665 -11.1807804 3.71755004
v -5.30837679 -11.249917 3.691185
v -5.2924509 -11.0668297 3.77706409
v -5.31953907 -10.970212 3.8853159
v -5.26350021 -10.9273701 3.78347301
v -5.81704187 -11.4927702 2.66985393
v -5.82541704 -11.4521351 2.80365086
v -5.84642887 -10.7712288 2.99897909
v -5.80372 -10.6408148 2.92035294
v -5.83912086 -10.4726381 3.02539396
v -5.79825974 -10.4973097 2.92928791
v -5.77293205 -10.3342409 2.85268807
v -5.30640411 -10.7948103 3.92844009
v -5.23484612 -10.8472071 3.76187301
v -5.23935509 -10.7208157 3.83977199
v -5.32056904 -10.6333599 3.97764802
v -5.26075315 -10.6755257 3.89314008
v -5.23339415 -10.6434107 3.85964298
v -5.24821997 -10.6306629 3.87579799
v -5.24988794 -10.5439939 3.84468102
v -6.69446611 -11.3320389 4.65061998
v -6.70512486 -11.3065157 4.70886421
v -6.63515091 -11.2497034 4.54764795
v -6.69516611 -11.2481213 4.751194
v -6.70257998 -11.2291422 4.84964991
v -6.64942312 -11.2142458 4.78720284
v -6.56989384 -11.2195396 4.42645216
v -6.59217882 -11.2084866 4.77674913
v -6.32845688 -11.2024736 4.34214115
v -6.45934296 -11.2169437 4.76861286
v -6.41777325 -11.2226038 4.72357607
v -5.09788084 -11.3158712 4.00669193
v -5.09596395 -11.3346806 3.93582296
v -5.51278305 -11.3027401 4.59750986
v -5.47967815 -11.309166 4.61353016
v -5.39027214 -11.2812366 4.39583015
v -5.36905813 -11.2880859 4.51824093
v -5.45081091 -11.2766886 4.59518194
v -5.43838024 -11.2919912 4.62338495
v -5.15377283 -11.4955816 4.34525013
v -5.21634197 -11.4087772 4.42317295
v -5.2360158 -11.4545536 4.41770077
v -5.19876194 -11.3391838 4.44535017
v -5.25878906 -11.3676043 4.49867392
v -5.05919695 -11.3852186 4.28100014
v -5.10346079 -11.5054131 4.30925798
v -5.05320692 -11.5046196 4.27190495
v -5.02238178 -11.4611883 4.22311497
v -4.98633003 -11.5070705 4.25084591
v -5.05793285 -11.4983034 4.32374382
v -4.93464613 -11.4909782 4.28971815
v -4.94844198 -11.5127525 4.26218224
v -4.98733521 -11.4509621 4.14946413
v -4.98937988 -11.4840469 4.16763115
v -4.97663975 -11.4069195 4.16443396
v -4.97413015 -11.4909382 4.21749115
v -5.06614685 -11.3108273 4.27289677
v -4.97039413 -11.3451538 4.13659096
v -4.85970974 -11.4992552 4.37218809
v -4.91440392 -11.4303207 4.28378201
v -5.29633093 -11.345952 4.54496479
v -5.32551813 -11.3239212 4.57198
v -5.26804209 -11.2529192 4.32519722
v -5.22197819 -11.244215 4.14450121
v -5.09857321 -11.27668 4.16472912
v -5.04613209 -11.2984552 4.08903217
v -5.25558996 -11.3418217 3.99868703
v -5.0760951 -11.3013449 4.04754686
v -5.00335598 -11.3181677 4.13446999
v -6.35171795 -11.6010761 3.5181489
v -6.44571209 -11.5441236 3.82701898
v -6.0897212 -11.8151722 2.58800888
v -6.20412683 -11.578023 3.0565629
v -6.14429712 -11.6169453 2.833287
v -6.07912111 -11.6452923 2.62209296
v -6.02066517 -11.8745928 2.36341405
v -6.0412879 -11.7216969 2.47547388
v -6.03548479 -11.7999115 2.427176
v -6.03183413 -11.5606632 2.54746699
v -6.01511383 -11.6418447 2.45010805
v -6.57003593 -11.5013914 4.28425312
v -6.60835695 -11.3635693 4.37967014
v -6.50596189 -11.257185 4.1509738
v -6.61303616 -11.3068724 4.42394686
v -6.27612019 -11.4401684 4.45664406
v -6.32469988 -11.2287817 4.51165199
v -6.2993989 -11.3680325 4.51813316
v -6.14028311 -11.2370577 3.99181604
v -6.50051308 -11.3894758 4.05913496
v -6.19067812 -11.5066843 4.32411098
v -6.21619892 -11.4794216 4.41033316
v -6.19003391 -11.4938669 4.38932896
v -6.09710693 -11.5292788 4.36038399
v -6.13247681 -11.5286016 4.28815794
v -6.13470984 -11.4827652 4.11144495
v -6.01485491 -11.5443039 4.19147205
v -6.24352217 -11.4679213 4.42997885
v -6.37941408 -11.2465067 4.69688797
v -6.35089397 -11.285141 4.66237211
v -6.32271099 -11.303484 4.59253502
v -6.03690004 -11.5367899 4.32656193
v -5.90232706 -11.5451403 4.17645788
v -5.91918898 -11.554554 4.31578398
v -5.82457924 -11.5477848 4.29488802
v -5.81849909 -11.4183435 4.47094679
v -5.78046322 -11.3673096 4.38741684
v -5.8050189 -11.4235058 4.43667698
v -5.79092503 -11.5011511 4.40782309
v -5.74003506 -11.4336138 4.35832119
v -5.78092909 -11.5166759 4.38599682
v -5.77418184 -11.5139494 4.33950615
v -5.7322979 -11.4175482 4.32456493
v -5.7983079 -11.4032059 4.48873281
v -5.76044273 -11.3400402 4.46203899
v -5.69430304 -11.3061867 4.40032005
v -5.7222271 -11.3225756 4.53110218
v -5.75878286 -11.3851891 4.53563786
v -5.70710278 -11.3355856 4.57676601
v -5.68804979 -11.3227291 4.59065294
v -5.62444401 -11.3182611 4.55529213
v -5.65632391 -11.3136997 4.63516998
v -5.59605789 -11.3039961 4.63497019
v -5.54577112 -11.2914762 4.57614088
v -5.55262613 -11.2491722 4.42848015
v -5.69054508 -11.5075483 4.23208189
v -5.81630611 -11.5433578 4.24969721
v -5.82360792 -11.5204306 4.34181023
v -5.54982805 -11.3919401 4.15702724
v -6.25348711 -11.6329489 6.09794998
v -6.8151989 -11.2587976 5.78029203
v -6.91114902 -11.248847 5.68009377
v -6.85263491 -11.2349052 5.40571785
v -6.86124325 -11.3080406 5.21130085
v -6.58866882 -11.4102802 5.97581291
v -6.38221979 -11.4038591 6.04854298
v -6.52575493 -11.4038458 5.34952593
v -6.41922092 -11.3733501 5.64052391
v -6.2294569 -11.5309381 5.4057188
v -6.67488575 -11.301322 5.91968107
v -6.88363791 -11.3007936 5.81021881
v -6.61782408 -11.258729 5.58034086
v -6.36573315 -11.2708416 5.95943689
v -6.30903196 -11.3114719 6.05359983
v -6.62394714 -11.2190952 5.12433577
v -6.1317091 -11.2891903 5.81549215
v -6.08917284 -11.2648811 5.92227602
v -6.32634401 -11.501483 4.79829788
v -6.37777805 -11.471056 4.76984119
v -6.40540981 -11.3350382 4.82012415
v -6.35619593 -11.4007645 4.68280506
v -6.79693413 -11.2405252 5.10914898
v -6.77919292 -11.2814302 4.96381378
v -6.68011475 -11.2148829 5.00253201
v -6.42297697 -11.2711582 4.81894207
v -6.48090982 -11.2246132 4.84337997
v -5.7833519 -11.5629034 5.57276583
v -5.72727108 -11.5390806 4.9248662
v -5.23702621 -11.4368248 4.96635389
v -5.32520103 -11.4753513 5.3583169
v -5.31320477 -11.4412928 5.25691319
v -5.35925484 -11.4664373 5.35215378
v -5.16463518 -11.4835854 5.15784121
v -5.39321613 -11.4409857 5.17411613
v -5.44647598 -11.5263472 4.57935619
v -5.44613218 -11.3441954 4.66965818
v -5.56613493 -11.3394642 4.68134594
v -5.38893318 -11.3228474 4.62615776
v -5.25997305 -11.5009022 4.44957018
v -5.06019306 -11.3997326 4.99159098
v -5.10586214 -11.4081831 4.833004
v -5.07637978 -11.3469372 5.00210285
v -4.99880886 -11.4338541 4.95127487
v -4.96141481 -11.4496593 4.83227587
v -4.98948479 -11.3718262 4.91504002
v -5.65061808 -11.3467855 5.34745216
v -5.15900993 -11.5265379 4.55852318
v -5.07625818 -11.4826021 4.49507904
v -4.86697197 -11.4583063 4.78851891
v -4.84651899 -11.4488192 4.6757288
v -4.99943209 -11.4861879 4.50915003
v -4.88250303 -11.4854097 4.49844885
v -4.86602783 -11.4095354 4.5718112
v -4.78281498 -11.4278803 4.61392975
v -4.82410526 -11.4574213 4.56998396
v -4.7720108 -11.3884468 4.58275223
v -4.86889315 -11.4811983 4.43274689
v -4.8173399 -11.4803543 4.49254799
v -4.78188896 -11.4565516 4.44140625
v -4.78944016 -11.4737911 4.50627899
v -4.76502419 -11.4272089 4.50989914
v -4.78005505 -11.4036417 4.54467297
v -4.754601 -11.3798523 4.5701499
v -4.70280313 -11.3753347 4.61642885
v -6.14793921 -11.4436979 6.13290691
v -6.09782982 -11.4697056 6.14327478
v -5.82250786 -11.5124407 5.79465818
v -5.81641579 -11.3008213 5.91186714
v -5.60869789 -11.5465212 5.67352295
v -5.56176281 -11.4944181 5.53941298
v -5.44433689 -11.305727 5.40308905
v -6.14316702 -11.5327206 4.62913799
v -6.31932116 -11.4606342 4.59343386
v -6.10739708 -11.5355673 4.48304987
v -5.98002005 -11.5236492 4.57219696
v -5.8640151 -11.5086269 4.6852808
v -5.963696 -11.538126 4.38898897
v -5.8899498 -11.5302801 4.45530415
v -5.86275911 -11.4543381 4.48337603
v -5.6881361 -11.4424953 4.78685284
v -5.62839699 -11.3413973 4.73770285
v -2.24683499 -12.1529312 4.18902302
v -2.03837109 -12.1604595 4.28612614
v -2.09904289 -12.1586952 4.18389797
v -1.90415299 -12.1626415 4.08828688
v -2.01990008 -12.1590481 4.05838585
v -1.83167899 -12.161211 3.90852308
v -1.71043003 -12.1649227 3.97860003
v -1.73650908 -12.1556349 3.72260714
v -1.925861 -12.1587019 3.90357804
v -1.61118293 -12.1587744 3.65348697
v -1.49312806 -12.1627045 3.60536003
v -1.47520494 -12.1565199 3.47566295
v -1.44093597 -12.1582832 3.39469409
v -1.32517505 -12.1593361 3.30268502
v -1.37828302 -12.156106 3.3169589
v -1.22858799 -12.163703 3.29226398
v -1.30803502 -12.1563225 3.14471006
v -1.00316 -12.1627893 3.19370294
v -0.938292027 -12.158967 2.98019409
v -1.96549797 -12.2931461 8.70885086
v -1.93123102 -12.2682323 8.75921917
v -1.926893 -12.2689781 8.76105976
v -2.01652098 -12.2156506 6.43204784
v -2.04696894 -12.1431799 6.25020981
v -2.02747488 -12.2068892 6.30502701
v -2.00854301 -12.2070484 6.14062881
v -1.97899604 -12.2108555 6.28687286
v -1.97140694 -12.0914383 6.17509699
v -2.00105691 -12.1827602 6.13606691
v -1.86495304 -12.217351 6.11264515
v -1.97287607 -12.1350002 6.07709122
v -3.41547799 -12.1846619 6.36825705
v -3.60974193 -12.1724892 6.07143497
v -3.45197392 -12.1728611 5.99941015
v -3.30699205 -12.1684704 5.72448206
v -2.33394098 -12.2090321 6.30211401
v -3.20335102 -12.1646938 5.54189205
v -3.03456903 -12.1731358 5.67602015
v -3.12706399 -12.1620626 5.503088
v -2.93900895 -12.165596 5.36347294
v -3.135427 -12.1604462 5.34358215
v -2.75636697 -12.1635971 5.16589403
v -2.27280498 -12.2055979 6.06542206
v -2.10289693 -12.1988153 5.88832188
v -2.0188179 -12.1826096 5.99335718
v -2.06878901 -12.1122284 6.00980711
v -2.98608494 -12.1595936 5.14303112
v -2.86290312 -12.1605825 5.11349297
v -2.59626698 -12.1672697 5.08862019
v -2.72564292 -12.1596136 4.954216
v -2.61365414 -12.1592264 4.86306
v -2.55219698 -12.1597176 4.77649689
v -2.24827504 -12.1699181 4.76227474
v -2.42734408 -12.1569595 4.56006289
v -2.44453096 -12.1604967 4.65184593
v -2.33943892 -12.1549749 4.44195509
v -2.21206999 -12.1571798 4.36006498
v -2.74923801 -12.237978 7.48726177
v -2.78696108 -12.2261019 7.11419201
v -2.72251701 -12.2442207 7.65049314
v -2.20019388 -12.2774982 8.3103838
v -3.52933598 -12.1716785 5.95777225
v -3.46393895 -12.1653004 5.79339504
v -2.13357496 -12.148716 3.84834599
v -1.90819597 -12.1507158 3.61678886
v -1.81410193 -12.151165 3.4708941
v -1.824386 -12.1430016 3.25671601
v -3.10552502 -12.1484423 4.94492912
v -2.42395902 -12.1483669 4.27073002
v -4.22445202 -11.9888868 2.1328969
v -4.03019714 -11.9934006 2.17166805
v -4.16420984 -12.0280609 2.11060596
v -4.26201105 -12.03936 2.0523231
v -4.33095121 -12.0217075 2.04863405
v -4.17874289 -12.0434761 2.061239
v -4.05052614 -12.0404797 2.11564112
v -4.08836222 -12.047102 2.01869702
v -4.00007296 -12.0512743 2.09479094
v -4.17465496 -11.9466667 2.16566992
v -4.11506891 -11.8311911 2.19966793
v -3.91429591 -12.0232162 2.17079306
v -3.88259006 -12.0490932 2.13941407
v -3.88171196 -12.0528765 2.05478907
v -3.8157959 -12.0535946 2.1893599
v -3.75149894 -12.0570955 2.12951088
v -3.96570206 -11.8482933 2.2235961
v -3.84775496 -11.777935 2.26601696
v -3.58407807 -12.0651684 2.26780701
v -3.64912987 -12.0620689 2.15019298
v -3.56487894 -12.0641479 2.08671188
v -3.4057169 -12.0724983 2.32947493
v -3.38798308 -12.0709896 2.13749194
v -4.11694479 -11.7146397 2.20554805
v -3.98913908 -11.659708 2.26336908
v -3.89088893 -11.5602598 2.29990196
v -3.70837402 -11.655283 2.34268999
v -3.68436599 -11.5389366 2.34123206
v -3.83245611 -11.5306673 2.30486393
v -3.48774195 -11.4166079 2.42348099
v -3.17787695 -12.0808649 2.318012
v -2.68189812 -12.0959044 2.32673192
v -3.40605402 -11.3542738 2.4645381
v -2.73805499 -12.0903769 2.16323495
v -3.5744729 -11.307991 3.28941011
v -3.60573292 -11.2573156 3.44152498
v -3.46382308 -11.3126316 2.89854693
v -3.50340414 -11.1719942 3.0731461
v -3.53177309 -11.0770674 3.23710895
v -3.58804893 -11.0765543 3.43323302
v -3.51344585 -11.0251389 3.15777588
v -3.41131306 -11.20681 2.725137
v -3.43833709 -11.03403 2.91744494
v -3.40718699 -11.0048447 2.80452585
v -3.47717094 -11.0077753 3.05982995
v -3.43603301 -10.9746037 2.90483499
v -3.90396905 -11.423296 2.28860712
v -3.75082397 -11.3569441 2.34367204
v -3.69353199 -11.3549013 2.35318708
v -3.50355506 -11.2416077 2.47210002
v -3.66859913 -11.2964516 2.37194204
v -3.60339093 -11.2204208 2.43534493
v -3.59182501 -11.134264 2.45054698
v -3.57038593 -10.8654633 2.45725894
v -3.45361209 -10.9924822 2.49032593
v -3.39617801 -11.345314 2.57375908
v -3.40217805 -11.263443 2.49209595
v -3.36700892 -11.0898361 2.56002307
v -3.39014912 -11.0698538 2.71064401
v -3.37331891 -10.9940109 2.49909496
v -3.3697331 -11.0226068 2.617872
v -3.38211298 -10.9330425 2.74391699
v -3.37762499 -10.9371138 2.66861796
v -3.35100198 -10.9312191 2.54050207
v -3.87106609 -11.5290337 4.29430103
v -3.81809187 -11.4609966 4.36567593
v -3.84919596 -11.3388023 4.36825895
v -3.80422091 -11.3206863 4.41764498
v -3.83823109 -11.2848282 4.73202801
v -3.84474492 -11.2686672 4.69362497
v -3.8198719 -11.2791805 4.62947083
v -3.774436 -11.303771 4.49900389
v -3.83204103 -11.2803593 4.4319849
v -3.84768105 -11.2485819 4.49888182
v -3.82103705 -11.2629318 4.56377125
v -4.00673294 -11.6511793 5.46285486
v -4.04159498 -11.5051432 5.53082275
v -4.02194595 -11.3836489 5.45427418
v -3.95186186 -11.5856886 5.27944422
v -3.88661599 -11.4381151 5.03459787
v -3.97431397 -11.358757 5.31190205
v -3.94590807 -11.3517637 5.20896101
v -3.85290909 -11.4145746 4.91850615
v -3.90949488 -11.3485489 5.07481098
v -3.88606215 -11.3110781 4.94567299
v -3.843292 -11.3326187 4.84159374
v -3.86876297 -11.2903566 4.85168314
v -3.85295391 -11.5241013 4.14072418
v -3.88243794 -11.3649979 4.28023624
v -3.88195705 -11.2681341 4.32757998
v -3.86297297 -11.2864666 4.23618412
v -3.81357002 -11.4018793 4.05489302
v -3.75537896 -11.3367786 3.87173605
v -3.78149104 -11.2848921 3.97163606
v -3.80562115 -11.3078117 4.03732491
v -3.68875504 -11.3596764 3.661515
v -3.73129392 -11.252902 3.82268906
v -3.757195 -11.2557583 3.91311097
v -3.69348192 -11.1531076 3.73839307
v -3.64000201 -11.2003412 3.56415415
v -3.65432405 -11.1663055 3.6069231
v -3.85709095 -12.1349058 5.36384487
v -3.6438179 -12.1642809 5.89890575
v -3.49576592 -12.1569796 5.57631874
v -3.531214 -10.779726 3.33116198
v -3.62848401 -10.8743811 3.60640597
v -3.51543307 -10.9178934 3.2256
v -3.43320203 -10.5521622 3.06482196
v -3.41179895 -10.8829508 2.86813998
v -3.3608849 -10.7625017 2.684901
v -3.37781501 -10.8832693 2.50964308
v -3.4693799 -10.8234272 2.50100207
v -3.32751799 -10.7315798 2.5576601
v -4.04087877 -10.619585 3.255265
v -4.05133677 -10.5367537 3.19001508
v -4.03889704 -10.6190882 3.17895508
v -4.058599 -10.4933205 3.30271196
v -4.0745821 -10.4415579 3.19275308
v -4.08008385 -10.3607225 3.1959641
v -4.06131887 -10.3024082 3.27939105
v -4.08535719 -10.2944603 3.14338899
v -4.09055424 -10.3161221 3.46428895
v -4.07371092 -10.4058542 3.1963799
v -3.48931193 -10.52246 2.422611
v -3.34057403 -10.5373497 2.52629495
v -3.47126603 -10.659483 2.49003196
v -3.33368397 -10.3271227 2.48841906
v -3.47832704 -10.3765907 2.41614699
v -3.53000402 -10.3251276 2.39243507
v -3.39533401 -10.3027277 2.46374989
v -3.30612206 -10.4722004 2.54274607
v -3.43336296 -10.4122744 2.42468405
v -4.09191418 -10.242341 3.15434408
v -4.1104579 -10.2019873 3.44104505
v -4.06817389 -10.1595135 3.22642303
v -4.08128977 -10.1356144 3.1301899
v -4.10919094 -10.1802044 3.1167171
v -4.0381422 -10.1198025 3.21855593
v -4.04222679 -10.1095734 3.12270594
v -4.01752806 -10.1009588 3.11777306
v -3.98163509 -10.0916824 3.04874396
v -3.90291595 -10.0862989 3.03204489
v -3.83515906 -10.0828094 2.98582292
v -3.7246151 -10.0839825 2.71731186
v -3.8046689 -10.0825148 2.74120188
v -3.78231502 -10.0862856 2.87617707
v -3.64501595 -10.0727844 2.72311401
v -3.63183904 -10.0239773 2.67868805
v -3.67223096 -10.0795364 2.66476893
v -3.62456393 -10.081686 2.61701798
v -3.45257497 -10.020196 2.58407402
v -3.53447104 -10.073822 2.61363602
v -3.56428194 -10.0868359 2.55810499
v -3.44532895 -10.0848522 2.62845302
v -3.59229398 -10.0766821 2.50671196
v -3.43534303 -10.0940418 2.51908898
v -3.47903013 -10.2340612 2.42116809
v -3.46291494 -10.1515942 2.42749
v -3.38373709 -10.1604195 2.47274208
v -3.31260896 -10.1224661 2.62478113
v -3.47239804 -10.1151314 2.43976498
v -3.97356701 -11.2424784 4.80354977
v -3.91323996 -11.2396336 4.57742786
v -3.89333606 -11.2596121 4.81555605
v -3.86005688 -11.3065939 4.35753489
v -3.88032603 -11.2492933 4.44703388
v -3.88639212 -11.0643196 4.36259317
v -4.05746794 -11.3583412 5.56167316
v -4.33458185 -11.3460703 5.14136314
v -4.17394018 -11.2587738 5.43022108
v -4.02516079 -11.2684956 5.30122185
v -4.00879622 -11.3070192 5.37192106
v -4.36002684 -11.3948431 5.07102203
v -3.95365596 -11.2609196 5.0069418
v -3.96419096 -11.2952137 5.19836283
v -3.93960905 -11.2797079 5.04399681
v -4.72911596 -11.4876595 4.18798685
v -4.5625248 -11.4751148 4.23685503
v -4.71697998 -11.4877968 4.11535978
v -4.67922783 -11.4294462 4.14203691
v -4.77007198 -11.4894724 4.22196913
v -4.67911291 -11.4991331 4.31452894
v -4.67227983 -11.429904 4.07688189
v -4.6658988 -11.3052216 4.08415318
v -4.68310881 -11.4027796 4.43077183
v -4.64073706 -11.368309 4.02050877
v -4.655159 -11.315855 4.02463198
v -4.67028904 -11.1069517 4.10038376
v -4.67593813 -11.2313108 3.99515486
v -4.65543509 -11.1348133 4.00716305
v -4.68573284 -10.7904301 4.14770603
v -4.64360523 -11.0594521 4.019557
v -4.63984489 -11.0761375 3.97955704
v -4.64103317 -11.0301819 3.96264887
v -3.80892611 -10.9255381 4.17054605
v -3.75400114 -10.863102 3.99287701
v -3.7160511 -11.0183716 3.82704592
v -4.65894985 -10.939559 3.98584414
v -4.65885925 -10.7982416 4.01931
v -4.65654707 -10.8080387 3.95090294
v -4.67928886 -10.8726711 3.94325113
v -4.64132214 -10.7923565 3.93480802
v -4.65227985 -10.6728115 4.05394888
v -4.43981075 -10.6603613 3.86018991
v -4.55819416 -10.7743483 3.82154894
v -4.35059214 -10.7307806 3.77013993
v -4.48390198 -10.7964468 3.73618603
v -4.13117504 -10.8107166 3.63080001
v -4.38815689 -10.8409481 3.61607599
v -4.11990881 -10.836544 3.50483298
v -4.36181211 -10.8656702 3.44226098
v -4.24533319 -10.8463316 3.42551708
v -4.16971493 -10.8210545 3.33279204
v -4.11161518 -10.79146 3.2972281
v -4.05288506 -10.7545118 3.42720199
v -4.08310509 -10.7536879 3.26022601
v -4.06051683 -10.7038813 3.23127699
v -4.78994513 -11.5010262 4.3887682
v -4.8153348 -11.4959574 4.34156799
v -4.86061382 -11.4734106 4.33614206
v -4.76077318 -11.469574 4.47249413
v -4.581707 -11.3740425 4.59093714
v -4.84713602 -11.4282017 4.289536
v -4.7825942 -11.4779129 4.28813887
v -4.81238985 -11.4260712 4.26133013
v -4.81040287 -11.4867287 4.16386414
v -4.65774012 -11.3840227 4.68986797
v -4.46373796 -11.3612862 4.70127106
v -4.56237507 -11.4367723 4.82198715
v -4.52768183 -11.4024372 4.74461794
v -4.5908742 -11.3683214 4.75234079
v -4.47158003 -11.3644524 4.89195395
v -4.38439322 -11.3711042 4.94056082
v -4.42658091 -11.3232899 5.00881815
v -5.12619305 -11.5875206 1.93648696
v -4.95632219 -11.4529638 2.03964996
v -4.95524883 -11.7285213 1.97236502
v -5.21531391 -11.4776859 1.92412102
v -4.75976992 -11.7735796 2.01132989
v -4.69735718 -11.5923433 2.045012
v -4.78890991 -11.831912 1.99160802
v -4.61942482 -11.6114187 2.0752511
v -4.71331978 -11.8903704 2.00048399
v -4.47509813 -11.8780622 2.07652998
v -4.6073842 -11.9368668 2.012923
v -4.39179516 -11.9316206 2.08347201
v -4.49798107 -11.9984798 2.01624489
v -4.26724195 -11.920579 2.14857197
v -4.37553787 -11.525156 2.13834095
v -4.24012089 -11.4919577 2.20797896
v -5.98043013 -11.9955072 2.04131603
v -5.92138577 -11.9703817 1.997015
v -5.91222286 -11.991046 1.87801194
v -5.91084194 -11.842804 2.08754206
v -5.83068705 -11.923769 1.85780597
v -5.851264 -11.8836451 1.92540801
v -5.84885693 -11.8356428 1.95169497
v -5.88101101 -11.7502737 2.03864002
v -5.83004093 -11.7840471 1.91352797
v -5.78625774 -11.6791792 1.85441709
v -5.87779617 -11.6443472 2.07271409
v -5.84383488 -11.5442505 2.06882501
v -5.78255701 -11.5861454 1.88379598
v -5.76498604 -11.5494633 1.91133499
v -5.78553677 -11.5211849 2.05399799
v -5.73161697 -11.518672 1.92452192
v -5.66378021 -11.4854069 2.17174506
v -5.68932295 -11.5107479 1.96954608
v -5.63879681 -11.4980736 1.95815098
v -5.59644413 -11.4332323 2.08365202
v -3.81207108 -11.1778841 2.3348701
v -4.191432 -10.8111897 3.1547091
v -4.07759094 -10.6817656 2.96682096
v -4.06162214 -10.5927458 3.06174803
v -4.12543106 -10.391057 3.02259588
v -4.18113613 -10.1261024 2.93724489
v -3.63524508 -10.5860453 2.37991309
v -3.81513786 -10.1638403 2.31172204
v -3.54555893 -10.4845085 2.37951803
v -4.09123516 -10.0873232 2.91068602
v -4.07472992 -10.0784903 2.74951601
v -3.855371 -10.0809898 2.64501905
v -3.84498787 -10.0703011 2.44829893
v -3.68647003 -10.0791683 2.40455389
v -5.63700104 -11.3085861 2.24549389
v -5.58271885 -11.4769106 1.91895902
v -5.55120182 -11.4542561 1.855703
v -5.57087326 -11.3386574 1.97427297
v -5.56129694 -11.3830175 1.94172406
v -5.59583616 -11.1705399 2.13549399
v -5.54716301 -11.2239418 1.97819495
v -5.53663588 -11.3050604 1.906147
v -5.53995895 -11.1476107 1.96346402
v -5.60028982 -10.9036684 2.24296689
v -5.57166386 -11.0408516 2.11893201
v -5.51960087 -11.0353384 1.95081699
v -5.50721884 -10.9667768 1.93742895
v -5.5564909 -10.7103033 2.15278602
v -5.51412201 -11.1576633 1.89810503
v -5.50150919 -10.869277 1.93573093
v -5.51732826 -10.7432404 2.01038289
v -5.51631403 -10.5567007 2.05892706
v -5.49228621 -10.7428532 1.93497002
v -5.47533178 -10.6165991 1.93535101
v -5.45520496 -10.5406723 1.93748307
v -5.53881407 -10.3947001 2.13702106
v -5.55190897 -10.1283312 2.209059
v -5.51985598 -10.2689104 2.07155299
v -5.44798803 -10.4861794 1.92425501
v -5.48769999 -10.3406954 1.93658602
v -5.47337198 -10.2070847 1.90873599
v -5.23215914 -11.373558 1.93412805
v -5.19967604 -11.196043 1.96179008
v -4.98881626 -11.2115946 2.03422999
v -5.1585598 -11.0514259 1.96291494
v -4.97432899 -10.9713001 2.00751901
v -5.14410496 -10.894206 1.93611097
v -5.13465309 -10.8442259 1.93720293
v -4.98787785 -10.7808437 1.97572899
v -4.72980881 -10.8999615 2.0163691
v -4.91127205 -10.8722582 1.98524308
v -4.80735397 -10.7035437 2.01338601
v -5.03527021 -10.5558777 1.94817901
v -4.93469524 -10.5844831 1.97494006
v -4.89202404 -10.5734529 2.0009191
v -4.79949188 -10.616518 2.03168106
v -4.83062601 -10.4391403 1.98269606
v -4.82686281 -10.463582 1.98261595
v -4.86368513 -10.3910208 1.97800493
v -4.6186738 -10.5130882 2.06462789
v -4.59777308 -10.3208246 2.05851412
v -4.8378911 -10.3233614 1.99428797
v -4.89325094 -10.2495689 1.97590101
v -4.81388617 -10.2319641 2.00527906
v -4.93773174 -10.2119656 1.96668696
v -5.43103886 -9.99867439 1.98596692
v -5.54848909 -10.0332022 2.24983692
v -5.46539021 -10.1068172 1.92696798
v -5.47332001 -10.0568104 1.96997404
v -5.44886112 -10.0310869 1.94474101
v -5.35760021 -9.9887104 1.97227097
v -5.39476299 -10.006896 1.93551397
v -5.12018108 -10.0727692 1.93410897
v -5.05280018 -10.0331459 1.98132396
v -4.98803806 -10.0770197 1.96660697
v -5.28789091 -9.98985195 1.99303699
v -5.26032305 -10.0146198 1.94094896
v -5.20915604 -10.0043325 1.97091103
v -5.19641781 -10.0263453 1.94616008
v -4.98886013 -10.1360836 1.95882702
v -4.8327589 -10.1301384 2.00129104
v -4.71533298 -10.0544872 2.07525897
v -5.80304098 -11.5029984 2.39732194
v -5.90480709 -11.5216398 2.31694102
v -5.72947216 -11.4509487 2.48529506
v -5.71483421 -11.235116 2.50747895
v -5.67179918 -10.9673834 2.43034005
v -5.69615412 -10.5229435 2.59978604
v -5.75294018 -10.2450008 2.79288197
v -5.71456194 -10.0650673 2.71351194
v -5.71067619 -10.0208473 2.80081606
v -5.70905018 -10.0105419 2.94479203
v -5.44581985 -10.0399752 3.12027597
v -5.39208889 -10.0716724 3.28302193
v -5.29845619 -10.234396 3.57985497
v -5.13025188 -10.2355032 3.73146796
v -5.22082996 -10.4577513 3.68734002
v -5.38182878 -10.071229 3.510144
v -5.32415676 -10.0726862 3.68153906
v -5.33939791 -10.1099939 3.53790307
v -5.2590909 -10.1120224 3.67530894
v -5.13345289 -10.3487453 3.78021288
v -5.16647482 -10.1471844 3.92895198
v -5.13640976 -10.1398191 3.82236004
v -5.21249819 -10.0799255 3.84878707
v -5.4228158 -10.47651 3.42586303
v -5.67058992 -10.2444954 2.55139494
v -5.31000519 -11.4173098 3.59266305
v -5.31283712 -11.2597923 3.54976892
v -5.19110298 -11.4329844 3.72359991
v -5.24963093 -11.4379768 3.66776514
v -5.16269684 -11.3482399 3.83713698
v -5.10624599 -11.4137688 3.80367708
v -5.16473818 -11.3793459 3.64681196
v -5.16431284 -11.3934717 3.57621002
v -5.3283 -11.0490084 3.608778
v -5.28717518 -11.181735 3.68245506
v -5.41908503 -10.9464273 3.49161601
v -5.26872206 -11.0720453 3.70616102
v -5.22204208 -10.7942448 3.71622205
v -5.48378181 -10.8621197 3.29602194
v -5.7673049 -11.1638527 2.689183
v -5.74878025 -10.9010019 2.69224095
v -5.46697617 -10.5717649 3.28091693
v -5.40393686 -10.6739168 3.5177989
v -5.78603983 -10.6303854 2.85394406
v -5.78031826 -10.4170542 2.85302901
v -5.38175917 -10.8227758 3.52632594
v -5.18310022 -10.5638275 3.752774
v -5.21908379 -10.7236805 3.78037786
v -5.22270823 -10.6451464 3.78805208
v -4.99320698 -11.3380308 3.93813205
v -4.92842674 -11.4732504 4.12515688
v -4.91117477 -11.4251442 4.10148382
v -4.79525089 -11.4820461 4.09517097
v -4.86453199 -11.4612322 4.02180099
v -4.84498119 -11.3939962 4.18495703
v -4.8632102 -11.3932056 3.87072206
v -4.94853783 -11.3597727 4.01852512
v -4.75524521 -11.4173441 3.87639499
v -4.69661283 -11.4326735 3.99068403
v -4.7614789 -11.2067509 3.97451687
v -4.68175697 -11.3100815 3.91720009
v -4.89299011 -11.3936186 4.18759298
v -4.63242626 -11.373517 3.89938593
v -4.66123915 -11.085597 3.94136095
v -4.68130589 -11.0842133 3.86969995
v -4.7012701 -10.879674 3.91223598
v -4.40647221 -10.9026937 3.24237895
v -4.79219007 -10.8079586 3.88786793
v -4.75617409 -10.8010988 3.77845597
v -4.57083607 -10.8131943 3.68433499
v -4.61368418 -10.7889147 3.853755
v -4.47264814 -10.8560524 3.52892208
v -6.27996302 -11.9957342 1.97801805
v -6.05229616 -11.9973488 2.24072909
v -5.99873209 -11.9422932 2.24678206
v -5.97930622 -11.746542 2.30440807
v -6.17591095 -11.9915161 1.980335
v -6.10249186 -11.9928904 1.95642805
v -6.04344606 -11.9956512 1.92541802
v -5.96338415 -11.6393023 2.29077601
v -5.93537807 -11.5629892 2.26860905
v -4.53124523 -12.0334682 1.85909605
v -4.64215899 -12.0270672 1.77678204
v -4.65788174 -12.0303822 1.86070502
v -4.64745283 -12.0233374 1.68077707
v -4.39856625 -12.0297155 1.62118602
v -4.65592098 -12.0223188 1.54472709
v -4.60357904 -11.9641247 1.97669506
v -4.49570513 -12.0320501 1.97385597
v -4.63585901 -12.0018053 1.93733001
v -4.62147808 -12.0305099 1.90940201
v -4.36379194 -12.0397015 2.00172806
v -5.19116211 -11.7705803 1.86527801
v -4.96372986 -11.8908825 1.91784298
v -4.81689119 -12.0094757 1.86219907
v -4.79436398 -11.9253235 1.93898892
v -5.30211401 -11.5730791 1.85242796
v -4.937675 -12.0142527 1.79501796
v -4.81904793 -12.0220366 1.743366
v -6.19623613 -11.9910669 1.78077006
v -5.81977797 -11.975359 1.762532
v -5.74496794 -11.944664 1.69622302
v -5.44069195 -11.2435312 1.81792307
v -5.4949832 -11.2996578 1.84058094
v -5.44989395 -11.0528393 1.83727193
v -5.32975817 -11.0694485 1.87126398
v -5.48746109 -11.0095692 1.88254404
v -5.48172903 -10.9113712 1.89494896
v -5.38195705 -10.9233246 1.87103999
v -5.46181011 -10.8170881 1.89567208
v -5.413836 -10.7136889 1.89071894
v -5.23906088 -10.7737207 1.91490901
v -5.4469018 -10.5928106 1.89633107
v -5.42569685 -10.5172024 1.90836906
v -5.23128796 -10.4714165 1.909446
v -5.44277096 -10.3285494 1.885432
v -5.32044888 -10.3422375 1.85900807
v -5.42692184 -10.208149 1.87440503
v -5.2651701 -10.1290216 1.89419603
v -5.20350695 -10.9133444 1.89367104
v -5.24343395 -10.8447895 1.88506603
v -5.14484215 -10.6886663 1.93943596
v -5.02921391 -10.3928442 1.92999601
v -5.09875107 -10.2923203 1.91717601
v -5.15389204 -10.1912298 1.90969706
v -5.40359783 -10.0869646 1.87408698
v -5.35358524 -10.0650291 1.89037204
v -0.431167006 -12.2417736 5.85918713
v -1.433514 -12.2905407 8.2205677
v -0.785126984 -12.2543058 6.69306278
v -4.11117506 -12.1451283 7.83388901
v -3.78141403 -12.1619024 7.97386312
v -3.68693304 -12.1648874 8.01396847
v -0.185828 -12.2351627 5.28120518
v -2.05240703 -12.2564993 8.70778275
v 0.156323001 -12.2240047 4.47514486
v -0.893916011 -12.256917 6.94935608
v 0.437730998 -12.2032127 3.3569541

# 2608 UV coordinates
vt 0.724605978 0.831143022
vt 0.719303012 0.820041001
vt 0.725628018 0.828529
vt 0.725642979 0.821443021
vt 0.759777009 0.876650989
vt 0.758427024 0.863987982
vt 0.767876029 0.869762003
vt 0.762893975 0.858099997
vt 0.752843976 0.860388994
vt 0.765564024 0.862052977
vt 0.747357011 0.853084981
vt 0.758554995 0.85203898
vt 0.748363972 0.848749995
vt 0.760509014 0.852450013
vt 0.769259989 0.853811026
vt 0.756851017 0.842432022
vt 0.762993991 0.846006989
vt 0.774316013 0.855792999
vt 0.747119009 0.835691988
vt 0.758436978 0.837176025
vt 0.735512972 0.838497996
vt 0.735610008 0.830653012
vt 0.807163 0.316419005
vt 0.794734001 0.316628993
vt 0.807456017 0.311080009
vt 0.203541994 0.155435994
vt 0.204313993 0.149893999
vt 0.207138002 0.150970995
vt 0.792155981 0.371679991
vt 0.798002005 0.366788
vt 0.797295988 0.370637
vt 0.805608988 0.32477501
vt 0.794211984 0.324784011
vt 0.791095018 0.364719987
vt 0.284144998 0.188361004
vt 0.291146994 0.180583
vt 0.294505 0.191706002
vt 0.276120991 0.181725994
vt 0.280375987 0.176798999
vt 0.283279002 0.180690005
vt 0.734242022 0.904389024
vt 0.736854017 0.901728988
vt 0.73605001 0.90813899
vt 0.756269991 0.900174975
vt 0.757125974 0.892650008
vt 0.766637981 0.895738006
vt 0.761464 0.887059987
vt 0.769303024 0.894708991
vt 0.767687976 0.89526999
vt 0.74991399 0.90356499
vt 0.74850601 0.900626004
vt 0.753057003 0.901874006
vt 0.747442007 0.904941976
vt 0.272825003 0.174079999
vt 0.270153999 0.17543
vt 0.799019992 0.361158997
vt 0.79272598 0.354999006
vt 0.808305979 0.310153008
vt 0.808108985 0.311271012
vt 0.731868029 0.899375021
vt 0.741663992 0.894123018
vt 0.737791002 0.885766029
vt 0.729553998 0.894680977
vt 0.302240014 0.184338003
vt 0.305750012 0.188519001
vt 0.299519986 0.193689004
vt 0.723626971 0.885047019
vt 0.724372983 0.876474023
vt 0.722203016 0.882665992
vt 0.717756987 0.876456976
vt 0.720192015 0.879719019
vt 0.713267028 0.868019998
vt 0.723200977 0.866437018
vt 0.711126983 0.867756009
vt 0.712350011 0.869273007
vt 0.700066984 0.853986025
vt 0.704621971 0.851485014
vt 0.702309012 0.856854975
vt 0.747305989 0.886435986
vt 0.751923978 0.880623996
vt 0.746369004 0.874845028
vt 0.739517987 0.877026021
vt 0.73379302 0.868538022
vt 0.744783998 0.867316008
vt 0.753003001 0.871416986
vt 0.766085029 0.882241011
vt 0.732046008 0.859246016
vt 0.742330015 0.856495023
vt 0.749557972 0.861186981
vt 0.715884984 0.858052015
vt 0.725169003 0.850961983
vt 0.733974993 0.849891007
vt 0.732636988 0.842002988
vt 0.722855985 0.84185499
vt 0.715398014 0.849563003
vt 0.710420012 0.838554025
vt 0.713622987 0.829874992
vt 0.219560996 0.157342002
vt 0.226576999 0.157593995
vt 0.226963997 0.160903007
vt 0.706676006 0.862303019
vt 0.738101006 0.846861005
vt 0.743010998 0.84019798
vt 0.772822976 0.887528002
vt 0.690508008 0.842139006
vt 0.692201018 0.840398014
vt 0.692384005 0.844498992
vt 0.687008023 0.837787986
vt 0.705370009 0.82921201
vt 0.709424973 0.823028028
vt 0.714753985 0.817357004
vt 0.702114999 0.843128979
vt 0.69639802 0.831656992
vt 0.683005989 0.832966983
vt 0.67939198 0.828347027
vt 0.682488978 0.826170981
vt 0.696408987 0.825061977
vt 0.702838004 0.823662996
vt 0.176548004 0.138238996
vt 0.176561996 0.142455995
vt 0.174877003 0.142176002
vt 0.314451993 0.199654996
vt 0.323139995 0.189384997
vt 0.324436992 0.200218007
vt 0.233005002 0.169294
vt 0.240712002 0.162584007
vt 0.242868006 0.171517998
vt 0.139642999 0.764231026
vt 0.141910002 0.772333026
vt 0.137580007 0.768426001
vt 0.214203998 0.153395995
vt 0.212200999 0.164976999
vt 0.217979997 0.154696003
vt 0.220528007 0.155548006
vt 0.312952012 0.189408004
vt 0.319862008 0.189208999
vt 0.308421999 0.186168
vt 0.232554004 0.159711003
vt 0.236549005 0.161111996
vt 0.134967998 0.764850974
vt 0.139524996 0.75386399
vt 0.780577004 0.412966013
vt 0.789287984 0.415179014
vt 0.788811982 0.417822003
vt 0.800442994 0.347907007
vt 0.801527977 0.34731701
vt 0.801378012 0.348125994
vt 0.792392015 0.397888005
vt 0.78689599 0.407517999
vt 0.787418008 0.39338699
vt 0.147348002 0.764168978
vt 0.142875001 0.773141026
vt 0.143664002 0.761601985
vt 0.794019997 0.388678014
vt 0.790081024 0.380212992
vt 0.796356976 0.375678003
vt 0.795511007 0.380286008
vt 0.768162012 0.843943
vt 0.778819978 0.842338979
vt 0.781974971 0.846857011
vt 0.769147992 0.835793972
vt 0.77334702 0.837265015
vt 0.259741992 0.170433998
vt 0.25967899 0.169238999
vt 0.261124998 0.169754997
vt 0.195081994 0.148892999
vt 0.200356007 0.148293003
vt 0.361407995 0.645538986
vt 0.363449007 0.652279973
vt 0.361514002 0.656910002
vt 0.345658988 0.611006021
vt 0.357908994 0.610762
vt 0.352403015 0.621439993
vt 0.376836002 0.753859997
vt 0.379474998 0.762971997
vt 0.375716001 0.765227973
vt 0.740522027 0.909135997
vt 0.737331986 0.911176026
vt 0.360563993 0.684566021
vt 0.36532101 0.665427983
vt 0.367311001 0.678749979
vt 0.359452993 0.622398019
vt 0.352896988 0.631798983
vt 0.359149009 0.62004602
vt 0.797066987 0.881574988
vt 0.804919004 0.885568976
vt 0.80261302 0.885842025
vt 0.368151993 0.685104012
vt 0.365359992 0.691751003
vt 0.785220981 0.882126987
vt 0.78915298 0.888574004
vt 0.781750977 0.885999978
vt 0.352082014 0.587575018
vt 0.355100989 0.588958979
vt 0.355271012 0.590291023
vt 0.355073988 0.60016799
vt 0.35592401 0.595459998
vt 0.356357008 0.598877013
vt 0.344329 0.593465984
vt 0.364302009 0.658330977
vt 0.361880004 0.661490977
vt 0.364030004 0.749099016
vt 0.377014011 0.745890021
vt 0.36856699 0.760038972
vt 0.364666998 0.660871983
vt 0.779393971 0.891210973
vt 0.377692997 0.75029999
vt 0.82358098 0.878198981
vt 0.829769015 0.883247018
vt 0.828318 0.883165002
vt 0.367298007 0.725681007
vt 0.372720987 0.716737986
vt 0.374244988 0.727099001
vt 0.365334004 0.712026
vt 0.370986998 0.704873025
vt 0.372188002 0.713160992
vt 0.810526013 0.883639991
vt 0.812305987 0.884446025
vt 0.811383009 0.884537995
vt 0.816564023 0.881048024
vt 0.82613498 0.883359015
vt 0.818988979 0.883975983
vt 0.370047987 0.698297977
vt 0.369078994 0.700336993
vt 0.362022012 0.641896009
vt 0.796607971 0.867398024
vt 0.809408009 0.865076005
vt 0.810428977 0.873986006
vt 0.817689002 0.872096002
vt 0.817586005 0.864777982
vt 0.814260006 0.861437023
vt 0.812292993 0.859804988
vt 0.824672997 0.85947597
vt 0.826947987 0.864619017
vt 0.830808997 0.864449978
vt 0.813560009 0.850093007
vt 0.804153025 0.857303977
vt 0.807480991 0.848212004
vt 0.814266026 0.856106997
vt 0.83208698 0.850881994
vt 0.820774019 0.851719022
vt 0.798135996 0.886723995
vt 0.80943203 0.884829998
vt 0.800336003 0.873844981
vt 0.827369988 0.872395992
vt 0.840390027 0.883817971
vt 0.832015991 0.883346975
vt 0.84057498 0.88104701
vt 0.833607018 0.877379
vt 0.379860014 0.765578985
vt 0.837309003 0.871425986
vt 0.362477988 0.772132993
vt 0.378347009 0.754634023
vt 0.378194004 0.753534019
vt 0.355051011 0.764847994
vt 0.353992999 0.745572984
vt 0.376551986 0.742724001
vt 0.371720999 0.734462976
vt 0.37579301 0.737706006
vt 0.374909997 0.731617987
vt 0.360376 0.736795008
vt 0.352196008 0.750140011
vt 0.351392001 0.734556019
vt 0.851957023 0.870881021
vt 0.860082984 0.869243026
vt 0.860195994 0.877925992
vt 0.35878399 0.721867025
vt 0.353161007 0.727382004
vt 0.349530011 0.715628028
vt 0.351444989 0.710469007
vt 0.836974025 0.866564989
vt 0.828054011 0.857443988
vt 0.835480988 0.859515011
vt 0.831875026 0.863155007
vt 0.354005009 0.774917006
vt 0.840148985 0.861446023
vt 0.83693701 0.864755988
vt 0.353257 0.763589025
vt 0.851051986 0.864386022
vt 0.844636023 0.867051005
vt 0.85463798 0.866288006
vt 0.837058008 0.856218994
vt 0.370362014 0.700482011
vt 0.369109988 0.691915989
vt 0.368694007 0.688858986
vt 0.357735008 0.711261988
vt 0.357825011 0.701000988
vt 0.352730006 0.693795025
vt 0.132995993 0.266057998
vt 0.138221994 0.259979993
vt 0.137998 0.270114988
vt 0.116572998 0.272902995
vt 0.117311999 0.271232992
vt 0.118578002 0.272193015
vt 0.620133996 0.742497981
vt 0.619292974 0.740458012
vt 0.623978019 0.739308
vt 0.120214999 0.283369988
vt 0.113733001 0.279401004
vt 0.117812 0.270130992
vt 0.126503006 0.250616997
vt 0.127657995 0.251098007
vt 0.126011997 0.251735002
vt 0.126045004 0.270096987
vt 0.121486999 0.279626995
vt 0.131972998 0.261759996
vt 0.121857002 0.261132002
vt 0.122033 0.260720015
vt 0.125823006 0.284456015
vt 0.125562996 0.279056996
vt 0.136286005 0.280561
vt 0.123032004 0.258468986
vt 0.137777001 0.255582988
vt 0.137741998 0.250696003
vt 0.132982999 0.235813007
vt 0.133854002 0.233789995
vt 0.134818003 0.233684003
vt 0.138542995 0.242257997
vt 0.131158993 0.240052998
vt 0.145235002 0.242092997
vt 0.142504007 0.250930011
vt 0.134149998 0.233118996
vt 0.134941995 0.231331006
vt 0.140642002 0.218388006
vt 0.143068999 0.219330996
vt 0.140104994 0.219598994
vt 0.144454002 0.231707007
vt 0.138648003 0.222892001
vt 0.147672996 0.226447999
vt 0.136840999 0.227018997
vt 0.136524007 0.227779999
vt 0.141067997 0.217456996
vt 0.142602995 0.214056998
vt 0.145759001 0.207223997
vt 0.146733001 0.215561002
vt 0.148083001 0.202280998
vt 0.152050003 0.203540996
vt 0.146860003 0.204861999
vt 0.146492004 0.205641001
vt 0.148865998 0.200551003
vt 0.150995001 0.195896
vt 0.152057007 0.193562001
vt 0.157509997 0.197625995
vt 0.155022994 0.187062994
vt 0.147598997 0.283506006
vt 0.131962001 0.292286992
vt 0.146729007 0.27234
vt 0.156268001 0.27342099
vt 0.150472999 0.259689987
vt 0.16539 0.262569994
vt 0.163192004 0.281273991
vt 0.148392007 0.244158
vt 0.151893005 0.246822998
vt 0.151389003 0.234044999
vt 0.155267 0.232078001
vt 0.164886996 0.248441994
vt 0.153788999 0.22191
vt 0.158294007 0.216791004
vt 0.155971006 0.209938005
vt 0.649362028 0.780988991
vt 0.649450004 0.780911028
vt 0.649408996 0.781060994
vt 0.648854971 0.780219018
vt 0.649498999 0.759916008
vt 0.640757024 0.767930984
vt 0.658082008 0.770878017
vt 0.635336995 0.759643972
vt 0.627261996 0.748815
vt 0.633167982 0.743849993
vt 0.632476985 0.755582988
vt 0.620829999 0.743224978
vt 0.623465002 0.742196977
vt 0.625374973 0.747738004
vt 0.646209002 0.746572971
vt 0.634069979 0.757880986
vt 0.119074002 0.293651015
vt 0.639684021 0.733983994
vt 0.149520993 0.296579003
vt 0.776230991 0.713760972
vt 0.752085984 0.701059997
vt 0.783905983 0.706169009
vt 0.766560018 0.690608025
vt 0.779980004 0.725623012
vt 0.768369019 0.736662984
vt 0.755034983 0.722431004
vt 0.758688986 0.71252197
vt 0.69411701 0.766744018
vt 0.677362025 0.732125998
vt 0.725619972 0.760299981
vt 0.715507984 0.726781011
vt 0.673115015 0.723923981
vt 0.715938985 0.710718989
vt 0.736535013 0.711130977
vt 0.927066982 0.836391985
vt 0.947860003 0.823077023
vt 0.95579201 0.830552995
vt 0.943599999 0.800068021
vt 0.954366028 0.803721011
vt 0.931095004 0.859169006
vt 0.898332 0.842767
vt 0.866231024 0.785660028
vt 0.877614021 0.778119028
vt 0.882645011 0.786922991
vt 0.877897024 0.848775029
vt 0.889029026 0.844488025
vt 0.893577993 0.858431995
vt 0.882417023 0.770927012
vt 0.889980972 0.823776007
vt 0.889716983 0.812555015
vt 0.899562001 0.817436993
vt 0.896583974 0.83376801
vt 0.883783996 0.815043986
vt 0.86560601 0.813784003
vt 0.890143991 0.807933986
vt 0.887497008 0.800786018
vt 0.923449993 0.821550012
vt 0.873750985 0.762951016
vt 0.882861972 0.754679024
vt 0.899806023 0.794427991
vt 0.871962011 0.75345099
vt 0.912864029 0.796086013
vt 0.911292017 0.811030984
vt 0.925442994 0.801433027
vt 0.825977981 0.70905
vt 0.828064024 0.723698974
vt 0.818358004 0.709261
vt 0.753216028 0.414894015
vt 0.753593028 0.417450994
vt 0.751811981 0.417102993
vt 0.750293016 0.416795999
vt 0.316383988 0.599168003
vt 0.302805007 0.591962993
vt 0.312519014 0.591141999
vt 0.661526978 0.395283014
vt 0.660919011 0.397675008
vt 0.659801006 0.397379994
vt 0.658206999 0.396984011
vt 0.790750027 0.888235986
vt 0.789756 0.888413012
vt 0.232354999 0.521806002
vt 0.233456999 0.507993996
vt 0.241301998 0.511888981
vt 0.322452992 0.590727985
vt 0.330857992 0.593285024
vt 0.271477997 0.598379016
vt 0.269511014 0.594018996
vt 0.285829991 0.593724012
vt 0.177405998 0.575025976
vt 0.164186001 0.566775024
vt 0.170725003 0.561348021
vt 0.265309989 0.593535006
vt 0.214440003 0.541212976
vt 0.207779005 0.532284975
vt 0.222904995 0.531906009
vt 0.244743004 0.600903988
vt 0.250544995 0.593470991
vt 0.259050995 0.600296021
vt 0.703643978 0.390498996
vt 0.68988502 0.404291004
vt 0.707417011 0.383572012
vt 0.738449991 0.413367987
vt 0.739039004 0.414525002
vt 0.737713993 0.41426301
vt 0.664341986 0.398517013
vt 0.329400986 0.590382993
vt 0.332161993 0.590075016
vt 0.193159997 0.548075974
vt 0.190981001 0.545220017
vt 0.191624001 0.544727981
vt 0.340270013 0.589111984
vt 0.187269002 0.548070014
vt 0.77164501 0.415562004
vt 0.775249004 0.421440989
vt 0.768211007 0.420183986
vt 0.764487028 0.419476986
vt 0.206031993 0.546159983
vt 0.193368003 0.543404996
vt 0.202133 0.537141979
vt 0.187564999 0.550907016
vt 0.184977993 0.551780999
vt 0.184781998 0.553602993
vt 0.183033004 0.553324997
vt 0.177015007 0.55706197
vt 0.788420975 0.419934005
vt 0.787756979 0.423510998
vt 0.783537984 0.422812015
vt 0.704940975 0.405508995
vt 0.705160022 0.407653987
vt 0.702346027 0.407047987
vt 0.345441997 0.588482022
vt 0.291364014 0.601773024
vt 0.287310988 0.59365797
vt 0.354874015 0.587191999
vt 0.690795004 0.404489994
vt 0.690007985 0.404320002
vt 0.704632998 0.397823989
vt 0.695012987 0.405420989
vt 0.680024028 0.396472007
vt 0.289833009 0.598254979
vt 0.293619007 0.59286201
vt 0.287328005 0.593658984
vt 0.726760983 0.411933988
vt 0.736984015 0.414112985
vt 0.726692975 0.412059993
vt 0.206052005 0.533837974
vt 0.206846997 0.533167005
vt 0.673058987 0.400519013
vt 0.707799017 0.408201993
vt 0.687350988 0.403753012
vt 0.223284006 0.517539024
vt 0.219191998 0.52185601
vt 0.726575971 0.412036002
vt 0.185940996 0.680324972
vt 0.175421998 0.679476976
vt 0.181789994 0.671714008
vt 0.171960995 0.666882992
vt 0.179855004 0.688472986
vt 0.169946998 0.68680501
vt 0.165803999 0.676873028
vt 0.165669993 0.696458995
vt 0.160585999 0.689024985
vt 0.167004004 0.708113015
vt 0.155466005 0.702669024
vt 0.740746975 0.322894007
vt 0.750177026 0.316163003
vt 0.75059998 0.327879012
vt 0.165819004 0.662694991
vt 0.160042003 0.668453991
vt 0.160778001 0.655152977
vt 0.153576002 0.659730017
vt 0.153201997 0.667617023
vt 0.153585002 0.678948998
vt 0.741101027 0.339881003
vt 0.752946019 0.337873995
vt 0.752058029 0.345209986
vt 0.151962996 0.649327993
vt 0.144134998 0.66228497
vt 0.735094011 0.361025006
vt 0.720128 0.363579988
vt 0.716122985 0.354952991
vt 0.145843998 0.673483014
vt 0.742329001 0.353610009
vt 0.749562025 0.358404994
vt 0.732042015 0.37084201
vt 0.721976995 0.374947011
vt 0.715038002 0.375375003
vt 0.730508983 0.382039011
vt 0.740884006 0.369370013
vt 0.751326025 0.371280015
vt 0.737372994 0.379234999
vt 0.74555999 0.378982008
vt 0.154205993 0.712710977
vt 0.757843971 0.31061101
vt 0.76870501 0.32210499
vt 0.771495998 0.314153999
vt 0.762409985 0.329358995
vt 0.781289995 0.319831997
vt 0.780470014 0.309846997
vt 0.773552001 0.329562008
vt 0.779075027 0.333723992
vt 0.763625979 0.344004005
vt 0.77463901 0.345019996
vt 0.769255996 0.350605994
vt 0.789936006 0.342382997
vt 0.787862003 0.327632993
vt 0.788631976 0.334699005
vt 0.793699026 0.309192985
vt 0.805405021 0.325881988
vt 0.80556798 0.324995995
vt 0.798955023 0.337072998
vt 0.80370599 0.335202008
vt 0.801994979 0.344718993
vt 0.75919503 0.353742003
vt 0.778277993 0.355601996
vt 0.769227982 0.36333099
vt 0.757552028 0.365832001
vt 0.782221019 0.363357991
vt 0.758579016 0.375353009
vt 0.764572978 0.373311013
vt 0.758956015 0.38182199
vt 0.779142022 0.371749997
vt 0.770521998 0.38410601
vt 0.78005898 0.384514987
vt 0.785664022 0.349554986
vt 0.800478995 0.35315901
vt 0.727286994 0.387701988
vt 0.745986998 0.387602001
vt 0.736860991 0.393406987
vt 0.720314026 0.396144003
vt 0.730114996 0.399556994
vt 0.721763015 0.403847009
vt 0.741437018 0.403678
vt 0.746728003 0.396764994
vt 0.747669995 0.405512989
vt 0.756757975 0.388996005
vt 0.761407971 0.391869992
vt 0.75663197 0.404242009
vt 0.772000015 0.393014997
vt 0.764261007 0.396095991
vt 0.766879022 0.406098992
vt 0.776516974 0.401879013
vt 0.782891989 0.39824
vt 0.793350995 0.392453998
vt 0.791073978 0.405205011
vt 0.200026006 0.761840999
vt 0.187233999 0.756375015
vt 0.191005006 0.747491002
vt 0.182221994 0.74356401
vt 0.196507007 0.746290028
vt 0.199661002 0.751448989
vt 0.173768997 0.756516993
vt 0.386184007 0.153778002
vt 0.384977996 0.137421995
vt 0.396311998 0.154804006
vt 0.375883013 0.125021994
vt 0.381143004 0.120944001
vt 0.183202997 0.768320024
vt 0.174214005 0.766071022
vt 0.193767995 0.732654989
vt 0.190937996 0.727952003
vt 0.172808006 0.739139974
vt 0.183568999 0.726540983
vt 0.164306998 0.751922011
vt 0.374945998 0.0998409986
vt 0.378408998 0.0998689979
vt 0.371369988 0.114924997
vt 0.306255013 0.196015999
vt 0.305029005 0.20341
vt 0.293399006 0.203234002
vt 0.287315995 0.196756005
vt 0.292005986 0.180870995
vt 0.161219001 0.765541971
vt 0.372738987 0.0820709988
vt 0.377303004 0.0883890018
vt 0.155103996 0.756955981
vt 0.154427007 0.767515004
vt 0.375642002 0.0723349974
vt 0.169541001 0.727339029
vt 0.175312996 0.718351007
vt 0.165271997 0.718364
vt 0.158398002 0.727753997
vt 0.162178993 0.738747001
vt 0.150611997 0.728609025
vt 0.151906997 0.749175012
vt 0.144165993 0.744892001
vt 0.771779001 0.303526998
vt 0.783142984 0.30054599
vt 0.144621998 0.753193021
vt 0.799423993 0.303231001
vt 0.809454024 0.303808004
vt 0.180017993 0.147788003
vt 0.186353996 0.154172003
vt 0.180079997 0.158987999
vt 0.181493998 0.140286997
vt 0.189376995 0.143722996
vt 0.190887004 0.163158998
vt 0.191512004 0.144658998
vt 0.194018006 0.145734996
vt 0.198188007 0.161483005
vt 0.196959004 0.146945
vt 0.171878994 0.149896994
vt 0.171883002 0.149967998
vt 0.177210003 0.138512
vt 0.180048004 0.139689997
vt 0.201425001 0.166050002
vt 0.210096002 0.172613993
vt 0.220441997 0.173206002
vt 0.228696004 0.168147996
vt 0.228514999 0.158271
vt 0.212801993 0.224601001
vt 0.226527005 0.225261003
vt 0.217057005 0.237031996
vt 0.237953007 0.240458995
vt 0.225350007 0.243701994
vt 0.222068995 0.210382
vt 0.231883004 0.220578
vt 0.236762002 0.229022995
vt 0.223462999 0.209999993
vt 0.231578007 0.213824004
vt 0.238949001 0.208970994
vt 0.240495995 0.217179999
vt 0.234652996 0.211302996
vt 0.244147003 0.235230997
vt 0.238462999 0.228705004
vt 0.242229998 0.227595001
vt 0.246195003 0.238132
vt 0.250476986 0.239374995
vt 0.253172994 0.237614006
vt 0.236974999 0.218854994
vt 0.25049001 0.222443998
vt 0.244861007 0.216231003
vt 0.246673003 0.215134993
vt 0.246392995 0.224022999
vt 0.25820601 0.221492007
vt 0.253205001 0.225587994
vt 0.257140011 0.229975
vt 0.249353006 0.228207007
vt 0.255710989 0.233225003
vt 0.257461995 0.209271997
vt 0.225429997 0.206375003
vt 0.227290004 0.202966005
vt 0.245998994 0.229472995
vt 0.228806004 0.197882995
vt 0.233708993 0.188973993
vt 0.232727006 0.200693995
vt 0.225694999 0.191091999
vt 0.240494996 0.191691995
vt 0.246481001 0.199150994
vt 0.223791003 0.181445003
vt 0.238819003 0.182012007
vt 0.249212995 0.186251
vt 0.245719999 0.178757995
vt 0.255463988 0.197911993
vt 0.256096005 0.187676996
vt 0.251789987 0.174619004
vt 0.260228992 0.180140004
vt 0.264021009 0.196676999
vt 0.267776012 0.184627995
vt 0.219071999 0.195186004
vt 0.405853987 0.202004001
vt 0.408576012 0.204714
vt 0.391272008 0.203622997
vt 0.266909003 0.229181007
vt 0.260387987 0.233126998
vt 0.264106005 0.213008001
vt 0.273294002 0.216528997
vt 0.273003995 0.226704001
vt 0.270630002 0.207221001
vt 0.383650005 0.164226994
vt 0.400198996 0.178266004
vt 0.378098011 0.142845005
vt 0.282532007 0.217065006
vt 0.257180989 0.237041995
vt 0.40585801 0.207111999
vt 0.272830993 0.194289997
vt 0.280503005 0.205586001
vt 0.292380989 0.212347999
vt 0.245707005 0.164322004
vt 0.248117998 0.165174007
vt 0.256110996 0.167982996
vt 0.269445002 0.172837004
vt 0.287310004 0.179256007
vt 0.306082994 0.185380995
vt 0.304192007 0.184857994
vt 0.313340992 0.187498003
vt 0.315418988 0.188038006
vt 0.215882003 0.294183999
vt 0.214557007 0.302302986
vt 0.206264004 0.297495008
vt 0.210307002 0.286587
vt 0.204297006 0.266315997
vt 0.212697998 0.271257997
vt 0.213346004 0.279159009
vt 0.222110003 0.285953999
vt 0.222919002 0.273894012
vt 0.230855003 0.29737699
vt 0.227956995 0.292602003
vt 0.225238994 0.306632012
vt 0.230064005 0.282077998
vt 0.214537993 0.258780986
vt 0.228198007 0.268110007
vt 0.225529 0.257779986
vt 0.210430995 0.247727007
vt 0.205871999 0.235940993
vt 0.236481994 0.272783995
vt 0.236940995 0.257854998
vt 0.239970997 0.282599986
vt 0.244397998 0.291366011
vt 0.249248996 0.283488989
vt 0.254289001 0.73468399
vt 0.238215998 0.726853013
vt 0.250086993 0.723719001
vt 0.257544011 0.294474989
vt 0.260973006 0.284837008
vt 0.234365001 0.715829015
vt 0.243908003 0.269885987
vt 0.252110988 0.27552101
vt 0.260302007 0.277280003
vt 0.265253991 0.288516998
vt 0.263092011 0.280386001
vt 0.225646004 0.740697026
vt 0.226624995 0.736790001
vt 0.229441002 0.738596022
vt 0.227077007 0.73279202
vt 0.230488002 0.729970992
vt 0.26236701 0.272964001
vt 0.225556999 0.745682001
vt 0.224590003 0.745316982
vt 0.229765996 0.748076022
vt 0.223222002 0.753768981
vt 0.221423 0.746942997
vt 0.218774006 0.74517101
vt 0.218509004 0.752916992
vt 0.200779006 0.758967996
vt 0.196326002 0.754790008
vt 0.206827998 0.758768022
vt 0.209720001 0.763520002
vt 0.223648995 0.771308005
vt 0.215537995 0.764569998
vt 0.219969004 0.755505025
vt 0.208276004 0.75730902
vt 0.225769997 0.722474992
vt 0.217838004 0.714172006
vt 0.225342005 0.702324986
vt 0.217208996 0.698330998
vt 0.208440006 0.702978015
vt 0.203436002 0.712410986
vt 0.219514996 0.72289902
vt 0.222553998 0.735230029
vt 0.222876996 0.730634987
vt 0.222958997 0.728501022
vt 0.218601003 0.728971004
vt 0.217456996 0.732254982
vt 0.218130007 0.740437984
vt 0.217962995 0.726032019
vt 0.211391002 0.727923989
vt 0.213590994 0.737254024
vt 0.210031003 0.74565202
vt 0.211665004 0.750711977
vt 0.206129 0.749306977
vt 0.19867 0.748301983
vt 0.205797002 0.738938987
vt 0.203424007 0.744476974
vt 0.195336998 0.742211998
vt 0.206903994 0.720148027
vt 0.208439007 0.721381009
vt 0.209272996 0.726710975
vt 0.204218 0.730188012
vt 0.200053006 0.728066027
vt 0.210072994 0.734014988
vt 0.205886006 0.732559025
vt 0.199082002 0.699919999
vt 0.196087003 0.719406009
vt 0.202226996 0.734194994
vt 0.200213999 0.738838017
vt 0.197909996 0.740351975
vt 0.198534995 0.687400997
vt 0.187076002 0.691790998
vt 0.189002007 0.71322
vt 0.183871999 0.705826998
vt 0.176028997 0.711781979
vt 0.175834 0.700263977
vt 0.176985994 0.166513994
vt 0.185222998 0.173274994
vt 0.190847993 0.181529999
vt 0.195276007 0.173150003
vt 0.199209005 0.180283993
vt 0.197953999 0.170614004
vt 0.200930998 0.175203994
vt 0.190712005 0.237662002
vt 0.196606994 0.227556005
vt 0.193988994 0.218670994
vt 0.205753997 0.216847003
vt 0.191076994 0.210683003
vt 0.197466999 0.213273004
vt 0.189555004 0.199267
vt 0.199302003 0.201387003
vt 0.206809998 0.207111001
vt 0.210548997 0.202233002
vt 0.213140994 0.214364007
vt 0.197689995 0.189830005
vt 0.208165005 0.190282002
vt 0.202900007 0.182157993
vt 0.201830998 0.173004001
vt 0.212734997 0.196003005
vt 0.215115994 0.200945005
vt 0.216920003 0.195270002
vt 0.210030004 0.186618
vt 0.223024994 0.193901002
vt 0.218756005 0.184487998
vt 0.213894993 0.184709996
vt 0.205108002 0.180378005
vt 0.208514005 0.177678004
vt 0.00185600005 0.743511021
vt 0.00261400011 0.734467983
vt 0.0104 0.754725993
vt 0.0114479996 0.739129007
vt 0.0193140004 0.751296997
vt 0.0210260004 0.773097992
vt 0.0264749993 0.762817025
vt 0.0328899994 0.781468987
vt 0.0434110016 0.783100009
vt 0.0350739993 0.772105992
vt 0.0405369997 0.767636001
vt 0.0298720002 0.75810498
vt 0.0360959992 0.747542977
vt 0.0254469998 0.741388023
vt 0.0336049981 0.731083989
vt 0.0164000001 0.72271198
vt 0.0321060009 0.452098012
vt 0.0201779995 0.459867001
vt 0.0145450002 0.44799
vt 0.0348859988 0.458745003
vt 0.0281119999 0.446871996
vt 0.0140140001 0.708656013
vt 0.00439799996 0.705549002
vt 0.0217220001 0.702336013
vt 0.227431998 0.567458987
vt 0.221395001 0.560998976
vt 0.228811994 0.562425017
vt 3.99999999e-06 0.722325027
vt 0.00213699997 0.717442989
vt 0.00729299989 0.726297975
vt 0.232924998 0.585533023
vt 0.215799004 0.56873101
vt 0.219536006 0.584115028
vt 0.0116440002 0.718834996
vt 0.0199800003 0.717612982
vt 0.231922999 0.553085983
vt 0.0321570002 0.715135992
vt 0.0363680013 0.734502017
vt 0.0215140004 0.474307001
vt 0.0254800003 0.467112988
vt 0.0336470008 0.720018983
vt 0.0226269998 0.727946997
vt 0.0232129991 0.722037017
vt 0.193929002 0.572355986
vt 0.187631994 0.586068988
vt 0.171661004 0.591044009
vt 0.680462003 0.377974004
vt 0.687831998 0.385408014
vt 0.233779997 0.617008984
vt 0.242658004 0.606923997
vt 0.248035997 0.624969006
vt 0.00784599967 0.769412994
vt 0.0102239996 0.768472016
vt 0.231027007 0.599298
vt 0.224588007 0.614041984
vt 0.020544 0.788821995
vt 0.231485993 0.630393982
vt 0.219677001 0.602308989
vt 0.209404007 0.632578015
vt 0.207259998 0.612586021
vt 0.202518001 0.599364996
vt 0.0292339996 0.78718698
vt 0.220452994 0.641499996
vt 0.202215999 0.623277009
vt 0.205511004 0.573786974
vt 0.205892995 0.588433027
vt 0.188115999 0.607159972
vt 0.185974002 0.621778011
vt 0.173916996 0.606244981
vt 0.159642994 0.60195899
vt 0.0441399999 0.775241017
vt 0.0425449982 0.762991011
vt 0.052618999 0.776391029
vt 0.0436640009 0.751610994
vt 0.0415470004 0.737875998
vt 0.0500730015 0.859875023
vt 0.0537829995 0.848423004
vt 0.0619730018 0.858556986
vt 0.0538639985 0.834257007
vt 0.0579590015 0.834275007
vt 0.0661569983 0.840272009
vt 0.0687189996 0.848125994
vt 0.0575489998 0.821537971
vt 0.0621590018 0.825201988
vt 0.051403001 0.823686004
vt 0.0512869991 0.806285977
vt 0.0418310016 0.79656601
vt 0.0572700016 0.81408602
vt 0.0498530008 0.795074999
vt 0.056090001 0.803596973
vt 0.0504940003 0.787447989
vt 0.0290460009 0.87173897
vt 0.0314049982 0.856732011
vt 0.0333090015 0.861120999
vt 0.037721999 0.863430977
vt 0.0334779993 0.879357994
vt 0.291471988 0.686464012
vt 0.279038012 0.687568009
vt 0.283984989 0.674996972
vt 0.272347003 0.672998011
vt 0.045965001 0.874965012
vt 0.0361730009 0.891901016
vt 0.0430499986 0.850314975
vt 0.281605989 0.699371994
vt 0.268206 0.692806005
vt 0.272448003 0.661153018
vt 0.0344550014 0.836835027
vt 0.275714993 0.658962011
vt 0.0409919992 0.836651981
vt 0.26651001 0.651571989
vt 0.264218003 0.642565012
vt 0.0290929992 0.815226018
vt 0.0368009992 0.81913501
vt 0.0281789992 0.808342993
vt 0.260354012 0.66386199
vt 0.250894994 0.646430016
vt 0.251064003 0.65980202
vt 0.0469890013 0.824371994
vt 0.260158002 0.678462982
vt 0.248317003 0.671172976
vt 0.238120005 0.66524601
vt 0.239940003 0.681504011
vt 0.0194169991 0.794161975
vt 0.255580992 0.638993025
vt 0.255032003 0.625886977
vt 0.0313539989 0.801169991
vt 0.239974007 0.652743995
vt 0.236413002 0.642485023
vt 0.0413389988 0.803140998
vt 0.229090005 0.657675028
vt 0.107147001 0.761291981
vt 0.0923649967 0.734230995
vt 0.114790998 0.746765018
vt 0.100778997 0.720938027
vt 0.111901 0.731393993
vt 0.0327990018 0.606962025
vt 0.0286500007 0.594278991
vt 0.0429820009 0.595259011
vt 0.123466 0.769832015
vt 0.118565999 0.781426013
vt 0.123965003 0.75839901
vt 0.0351819992 0.578643978
vt 0.0226799995 0.568448007
vt 0.0296979994 0.569024026
vt 0.108094998 0.821482003
vt 0.130494997 0.805288017
vt 0.136985004 0.813749015
vt 0.0849139988 0.837875009
vt 0.179012999 0.832026005
vt 0.148258999 0.830063999
vt 0.167602003 0.825806975
vt 0.0275960006 0.669321001
vt 0.0181859992 0.664436996
vt 0.0243759993 0.656073987
vt 0.0172489993 0.653375983
vt 0.174474999 0.807030022
vt 0.182578996 0.811320007
vt 0.158461004 0.812794983
vt 0.0267520007 0.644334018
vt 0.174122006 0.793942988
vt 0.0224900004 0.633864999
vt 0.167042002 0.793973029
vt 0.147416994 0.815086007
vt 0.136690006 0.821129978
vt 0.142432004 0.784462988
vt 0.138890997 0.80971998
vt 0.129834995 0.790296972
vt 0.0332290009 0.63082701
vt 0.164636001 0.77886498
vt 0.0353569984 0.614363015
vt 0.0258310009 0.61372
vt 0.112263002 0.804482996
vt 0.0992209986 0.775722027
vt 0.0719679967 0.883090019
vt 0.0673429966 0.883114994
vt 0.0774139985 0.875102997
vt 0.0659189969 0.879391015
vt 0.0760810003 0.86164099
vt 0.827136993 0.672957003
vt 0.834914029 0.669743001
vt 0.844029009 0.680258989
vt 0.104006998 0.853661001
vt 0.0921989977 0.857277989
vt 0.088831 0.849996984
vt 0.101129003 0.844695985
vt 0.818535984 0.664762974
vt 0.0844679996 0.852033019
vt 0.0836149976 0.86500299
vt 0.125006005 0.853603005
vt 0.120196998 0.843886971
vt 0.0801249966 0.844671011
vt 0.116063997 0.830865026
vt 0.145155996 0.845089972
vt 0.143306002 0.840120971
vt 0.0368009992 0.680244029
vt 0.0358409993 0.643666983
vt 0.0306950007 0.659600973
vt 0.0406230018 0.634737015
vt 0.0946099982 0.791536987
vt 0.808659017 0.678623974
vt 0.797215998 0.671501994
vt 0.81387502 0.672779024
vt 0.805693984 0.667813003
vt 0.825594008 0.680142999
vt 0.811151981 0.669705987
vt 0.818018973 0.676227987
vt 0.0713620037 0.639931023
vt 0.0708530024 0.623192012
vt 0.0826129988 0.636575997
vt 0.0912239999 0.625967026
vt 0.0812039971 0.617091
vt 0.0618110001 0.494652987
vt 0.0533649996 0.503350973
vt 0.0513300002 0.494125992
vt 0.0687979981 0.503619015
vt 0.0926299989 0.624076009
vt 0.0983190015 0.612200022
vt 0.085349001 0.606661975
vt 0.0758939981 0.602958024
vt 0.0792080015 0.591241002
vt 0.0658890009 0.516424
vt 0.0551789999 0.51789999
vt 0.0657579973 0.534141004
vt 0.0540460013 0.529914975
vt 0.0492779985 0.539299011
vt 0.118461996 0.640928984
vt 0.115974002 0.636273026
vt 0.120518997 0.635644019
vt 0.118086003 0.624170005
vt 0.124063 0.627695024
vt 0.112447001 0.642129004
vt 0.107078001 0.643685997
vt 0.109860003 0.635605991
vt 0.102011003 0.630982995
vt 0.092482999 0.645201981
vt 0.0964990035 0.635321021
vt 0.114386998 0.623383999
vt 0.108441003 0.622325003
vt 0.109572001 0.607554018
vt 0.0746570006 0.485136002
vt 0.087183997 0.477587998
vt 0.0858739987 0.489993006
vt 0.0729470029 0.494158
vt 0.0670910031 0.484894991
vt 0.0823369995 0.498885989
vt 0.124185003 0.613564014
vt 0.116489999 0.607061982
vt 0.0974150002 0.595308006
vt 0.120186001 0.595197022
vt 0.110696003 0.58841902
vt 0.103495002 0.582418025
vt 0.088959001 0.50938201
vt 0.0744329989 0.514576972
vt 0.0835150033 0.520649016
vt 0.0806569979 0.535143018
vt 0.0756110027 0.546691
vt 0.132835999 0.582309008
vt 0.121650003 0.562023997
vt 0.138047993 0.564085007
vt 0.115405999 0.545085013
vt 0.104688004 0.559602976
vt 0.102920003 0.576644003
vt 0.125816002 0.583440006
vt 0.0981770009 0.572979987
vt 0.115785003 0.575013995
vt 0.0852880031 0.570146978
vt 0.0776749998 0.582186997
vt 0.0862139985 0.558300018
vt 0.0692100003 0.562780976
vt 0.0969199985 0.543359995
vt 0.0750619993 0.552968025
vt 0.0599940009 0.55348599
vt 0.144110993 0.615328014
vt 0.145858005 0.600163996
vt 0.150555998 0.612006009
vt 0.138401002 0.597386003
vt 0.142658994 0.591132998
vt 0.149339005 0.578081012
vt 0.144829005 0.553982019
vt 0.133063003 0.598380029
vt 0.899599016 0.768939018
vt 0.906489015 0.766274989
vt 0.903483987 0.770572007
vt 0.137012005 0.666311026
vt 0.139445007 0.652393997
vt 0.142331004 0.655283988
vt 0.136408001 0.650928974
vt 0.133968994 0.676048994
vt 0.130486995 0.66793102
vt 0.132956997 0.653254986
vt 0.915220022 0.76878202
vt 0.915932 0.764081001
vt 0.919395983 0.765003979
vt 0.124417998 0.680818975
vt 0.123207003 0.676508009
vt 0.902601004 0.760729015
vt 0.113692001 0.692156971
vt 0.0920360014 0.693372011
vt 0.0994869992 0.68562299
vt 0.114670001 0.675894022
vt 0.120685004 0.668946028
vt 0.105131 0.670346975
vt 0.0887579992 0.686426997
vt 0.0872289985 0.680160999
vt 0.126741007 0.637627006
vt 0.129191995 0.639652014
vt 0.124315999 0.637728989
vt 0.114744999 0.662096977
vt 0.115535997 0.653656006
vt 0.122850001 0.648180008
vt 0.106629997 0.657191992
vt 0.124821998 0.655417979
vt 0.131624997 0.643081009
vt 0.0910229981 0.653195024
vt 0.0869489983 0.661621988
vt 0.0825190023 0.672724009
vt 0.0808459967 0.660839975
vt 0.0792820007 0.651570022
vt 0.0711240023 0.656817019
vt 0.138800994 0.642036021
vt 0.135913998 0.642332017
vt 0.078929998 0.681273997
vt 0.134682 0.63440001
vt 0.138108999 0.631971002
vt 0.133975998 0.644064009
vt 0.130631998 0.635641992
vt 0.130197003 0.628485978
vt 0.133428007 0.620087028
vt 0.128028005 0.617812991
vt 0.127801999 0.604713023
vt 0.139817998 0.612578988
vt 0.070352003 0.669481993
vt 0.0688809976 0.660420001
vt 0.900254011 0.757106006
vt 0.0799020007 0.699002028
vt 0.0868590027 0.697103024
vt 0.0925090015 0.706671
vt 0.0976869985 0.696541011
vt 0.0700540021 0.685437977
vt 0.266038001 0.609354019
vt 0.255021989 0.608169973
vt 0.248182997 0.593490005
vt 0.239692003 0.593571007
vt 0.228499994 0.512552977
vt 0.309491009 0.625455022
vt 0.319701999 0.622259974
vt 0.328031987 0.628839016
vt 0.118513003 0.435671985
vt 0.135914996 0.433122993
vt 0.132740006 0.436340004
vt 0.112182997 0.432617992
vt 0.106095001 0.438686997
vt 0.132936001 0.450345993
vt 0.315057993 0.613084018
vt 0.305929005 0.614027977
vt 0.360668004 0.631864011
vt 0.34405601 0.631380022
vt 0.344806999 0.620688021
vt 0.339134008 0.631853998
vt 0.32959199 0.62746799
vt 0.336840004 0.618740976
vt 0.139249995 0.444673985
vt 0.144176006 0.431748986
vt 0.943571985 0.963649988
vt 0.926514983 0.968277991
vt 0.931218982 0.960521996
vt 0.924275994 0.955224991
vt 0.93344897 0.95471102
vt 0.942812026 0.953692973
vt 0.950371027 0.952807009
vt 0.138689995 0.455734998
vt 0.938600004 0.947916985
vt 0.942991972 0.944612026
vt 0.953943014 0.942806005
vt 0.357324004 0.606257021
vt 0.356680989 0.601410985
vt 0.344687998 0.601939976
vt 0.335604995 0.613354981
vt 0.324331999 0.606373012
vt 0.333745003 0.602320015
vt 0.323978007 0.616100013
vt 0.711104989 0.81883502
vt 0.713756025 0.809231997
vt 0.726882994 0.815914989
vt 0.736119986 0.822435021
vt 0.717736006 0.813866019
vt 0.720539987 0.809965014
vt 0.726881027 0.811092973
vt 0.735285997 0.81507802
vt 0.712186992 0.809557974
vt 0.711151004 0.806025982
vt 0.709981978 0.811720014
vt 0.715086997 0.807907999
vt 0.780017018 0.875124991
vt 0.781966984 0.872546971
vt 0.774550021 0.864181995
vt 0.77877003 0.862259984
vt 0.784470022 0.875864983
vt 0.784874022 0.86628598
vt 0.786284983 0.869778991
vt 0.785920024 0.864000022
vt 0.781324983 0.859028995
vt 0.781807005 0.852425992
vt 0.787338018 0.861078024
vt 0.789752007 0.857267976
vt 0.787649989 0.855998993
vt 0.796003997 0.851417005
vt 0.794306993 0.847527027
vt 0.743189991 0.826457024
vt 0.743128002 0.818168998
vt 0.774151981 0.892912984
vt 0.777083993 0.89191699
vt 0.675781012 0.821753979
vt 0.689263999 0.818534017
vt 0.705636978 0.823038995
vt 0.690898001 0.818078995
vt 0.700824976 0.82040602
vt 0.698448002 0.819710016
vt 0.695578992 0.818050027
vt 0.707651019 0.818252981
vt 0.702178001 0.817596018
vt 0.689619005 0.808969021
vt 0.690500975 0.810186982
vt 0.684365988 0.810819983
vt 0.704940021 0.814740002
vt 0.707257986 0.812108994
vt 0.675260007 0.820770025
vt 0.669448018 0.811480999
vt 0.676877022 0.816027999
vt 0.677439988 0.812974989
vt 0.78134501 0.833256006
vt 0.784781992 0.836804986
vt 0.793766022 0.840359986
vt 0.799757004 0.841696024
vt 0.801411986 0.835479975
vt 0.789955974 0.833956003
vt 0.797078013 0.834728003
vt 0.798174977 0.831761003
vt 0.775143981 0.831351995
vt 0.778101027 0.831671
vt 0.777402997 0.828483999
vt 0.779329002 0.828589976
vt 0.784148991 0.829482019
vt 0.788196027 0.828302026
vt 0.791401982 0.829419017
vt 0.793389022 0.828337014
vt 0.755002022 0.826606989
vt 0.763158023 0.831695974
vt 0.769087017 0.831749976
vt 0.764842987 0.823554993
vt 0.769393027 0.82723999
vt 0.751707017 0.822061002
vt 0.74850601 0.819500983
vt 0.773665011 0.828261971
vt 0.78826499 0.877622008
vt 0.801141977 0.863328993
vt 0.79756999 0.862367988
vt 0.793175995 0.860055983
vt 0.797033012 0.854785025
vt 0.822973013 0.841904998
vt 0.832726002 0.843497992
vt 0.782426 0.890366971
vt 0.81200099 0.831571996
vt 0.813040018 0.837256014
vt 0.821545005 0.835910976
vt 0.804332018 0.830965996
vt 0.806877017 0.832515001
vt 0.830992997 0.840551019
vt 0.820212007 0.831075013
vt 0.826641977 0.836261988
vt 0.829782009 0.832713008
vt 0.832857013 0.834890008
vt 0.869216025 0.878319025
vt 0.869466007 0.890239
vt 0.870011985 0.884401023
vt 0.866681993 0.869481027
vt 0.875584006 0.877763987
vt 0.872663975 0.871538997
vt 0.875320971 0.86956197
vt 0.876002014 0.872853994
vt 0.852582991 0.857243001
vt 0.849502027 0.853515983
vt 0.842328012 0.843668997
vt 0.861580014 0.856757998
vt 0.861226976 0.85364002
vt 0.862981021 0.860347986
vt 0.868561029 0.860230982
vt 0.863772988 0.856194973
vt 0.871671975 0.864602983
vt 0.875361979 0.890280008
vt 0.348367989 0.69678098
vt 0.87747997 0.897911012
vt 0.880905986 0.90655601
vt 0.350730002 0.680188
vt 0.349370986 0.689390004
vt 0.884277999 0.901697993
vt 0.883917987 0.91407901
vt 0.888669014 0.915848017
vt 0.890569985 0.903301001
vt 0.888107002 0.909217
vt 0.890893996 0.913598001
vt 0.878373027 0.883513987
vt 0.883364022 0.878502011
vt 0.882353008 0.893539011
vt 0.35780701 0.668906987
vt 0.354703009 0.669930995
vt 0.350492001 0.673020005
vt 0.354047 0.666365027
vt 0.349009007 0.672926009
vt 0.347741008 0.676464021
vt 0.89427799 0.921028018
vt 0.893454015 0.925577998
vt 0.896598995 0.922720015
vt 0.358577996 0.659712017
vt 0.835623026 0.836283028
vt 0.839479029 0.837279975
vt 0.852330983 0.849016011
vt 0.855489016 0.851666987
vt 0.84898901 0.848128974
vt 0.859198987 0.850944996
vt 0.161329001 0.187912002
vt 0.155626997 0.185739994
vt 0.158496007 0.178955004
vt 0.164045006 0.180864006
vt 0.156053007 0.184673995
vt 0.162043005 0.171654001
vt 0.162402004 0.170856997
vt 0.162555993 0.17148
vt 0.165987998 0.163068995
vt 0.165978998 0.163068995
vt 0.165990993 0.163035005
vt 0.157850996 0.289137989
vt 0.166293994 0.297051996
vt 0.169691995 0.280714989
vt 0.168383002 0.230885997
vt 0.163078994 0.216449007
vt 0.178299993 0.262953997
vt 0.174382001 0.245658994
vt 0.181325004 0.232381999
vt 0.174069002 0.225018993
vt 0.170854002 0.293276995
vt 0.176612005 0.287761003
vt 0.183157995 0.289846987
vt 0.191396996 0.275788993
vt 0.187248006 0.281181991
vt 0.189055994 0.268420011
vt 0.186137006 0.253107011
vt 0.184540004 0.25958401
vt 0.184856996 0.247733995
vt 0.183576003 0.239686996
vt 0.160757005 0.206251994
vt 0.161128998 0.200032994
vt 0.172196001 0.194051996
vt 0.182061002 0.196737006
vt 0.175007999 0.190542996
vt 0.162865996 0.192282006
vt 0.177114993 0.215499997
vt 0.177591994 0.206480995
vt 0.173820004 0.201125994
vt 0.170340002 0.180715993
vt 0.168115005 0.186195001
vt 0.168901995 0.176476002
vt 0.173102006 0.186523005
vt 0.169081002 0.167359993
vt 0.666467011 0.757040024
vt 0.668479979 0.763752997
vt 0.663343012 0.750747979
vt 0.661072016 0.78471601
vt 0.654712975 0.789142013
vt 0.672167003 0.781822026
vt 0.669932008 0.787208021
vt 0.668933988 0.77698499
vt 0.670708001 0.770017982
vt 0.65219599 0.737262011
vt 0.674901009 0.808268011
vt 0.669094026 0.810894012
vt 0.668783009 0.810393989
vt 0.668339014 0.809706986
vt 0.669959009 0.804013014
vt 0.674636006 0.805073023
vt 0.662280023 0.800761998
vt 0.664951026 0.799499989
vt 0.667450011 0.808414996
vt 0.660942018 0.798690975
vt 0.673440993 0.795683026
vt 0.670912027 0.790383995
vt 0.679437995 0.76354599
vt 0.672887027 0.754000008
vt 0.667990983 0.742011011
vt 0.672756016 0.747592986
vt 0.133772999 0.305839986
vt 0.150172994 0.310559005
vt 0.671980023 0.736868024
vt 0.143223003 0.314604998
vt 0.142493993 0.322575986
vt 0.159645006 0.303083986
vt 0.175409004 0.299549013
vt 0.194662005 0.299291998
vt 0.190111995 0.288075
vt 0.194263995 0.310063004
vt 0.195917994 0.288123995
vt 0.709487975 0.807458997
vt 0.702808976 0.805787027
vt 0.710663974 0.804504991
vt 0.70836997 0.808722973
vt 0.706429005 0.808933973
vt 0.706095994 0.800171018
vt 0.698795974 0.800763011
vt 0.712161005 0.803635001
vt 0.698046029 0.780910015
vt 0.714654028 0.803228021
vt 0.713225007 0.793154001
vt 0.703128994 0.811079979
vt 0.689025998 0.799582005
vt 0.68573302 0.785274029
vt 0.681676984 0.774582028
vt 0.72122997 0.787006021
vt 0.72606802 0.801847994
vt 0.0355600007 0.906409979
vt 0.0275749993 0.947233975
vt 0.0207690001 0.942740023
vt 0.0390629992 0.92584002
vt 0.0403820015 0.935836971
vt 0.0436539985 0.911646008
vt 0.0404240005 0.911864996
vt 0.0372009985 0.909354985
vt 0.0470429994 0.952777982
vt 0.0513629988 0.918590009
vt 0.0599440001 0.932388008
vt 0.0445760004 0.929967999
vt 0.0462080017 0.914788008
vt 0.0492639989 0.913094997
vt 0.0518350005 0.907262981
vt 0.0589770004 0.903419971
vt 0.059223 0.906168997
vt 0.0553690009 0.914362013
vt 0.0571620017 0.905043006
vt 0.0548739992 0.906666994
vt 0.0535309985 0.906928003
vt 0.0660289973 0.897891998
vt 0.068671003 0.907388985
vt 0.0626780018 0.898900986
vt 0.0615070015 0.894861996
vt 0.065376997 0.896743
vt 0.0630429983 0.893625021
vt 0.0644690022 0.893131018
vt 0.061914999 0.898483992
vt 0.0584970005 0.899691999
vt 0.050547 0.908231974
vt 0.0465740003 0.911002994
vt 0.696587026 0.80903703
vt 0.694646001 0.812105
vt 0.697382987 0.814620972
vt 0.700942993 0.815715015
vt 0.699908018 0.812712014
vt 0.703444004 0.814786971
vt 0.676620007 0.799394011
vt 0.680839002 0.755378008
vt 0.677272975 0.743065
vt 0.146880999 0.316029996
vt 0.67077601 0.72933501
vt 0.153306007 0.316852987
vt 0.162121996 0.310602993
vt 0.163459003 0.320006013
vt 0.172565997 0.309769005
vt 0.0167529993 0.926729977
vt 0.005932 0.959052026
vt 0.0145819997 0.929637015
vt 0.186423004 0.330615997
vt 0.197172999 0.319357991
vt 0.196424007 0.305135995
vt 0.00316899992 0.971094012
vt 0.791558027 0.727343976
vt 0.792648971 0.730639994
vt 0.788559973 0.729049027
vt 0.787066996 0.730874002
vt 0.790978014 0.732303023
vt 0.793040991 0.725557029
vt 0.79351598 0.723334014
vt 0.797143996 0.725372016
vt 0.798251987 0.722055018
vt 0.790014029 0.717814982
vt 0.795621991 0.718575001
vt 0.798465014 0.717305005
vt 0.801615 0.720210016
vt 0.797950983 0.71478498
vt 0.804482996 0.720004022
vt 0.803686976 0.716058016
vt 0.801362991 0.710116029
vt 0.803228974 0.708290994
vt 0.804829001 0.714218974
vt 0.798237026 0.711345017
vt 0.798933983 0.710283995
vt 0.80744499 0.705501974
vt 0.806383014 0.703190029
vt 0.808202982 0.705299973
vt 0.809071004 0.704645991
vt 0.810302019 0.702930987
vt 0.773617029 0.687629998
vt 0.790567994 0.699518025
vt 0.806954026 0.711054027
vt 0.806662023 0.709101975
vt 0.800722003 0.702885985
vt 0.796826005 0.693210006
vt 0.805118978 0.706991971
vt 0.810575008 0.708462
vt 0.782639027 0.689853013
vt 0.791175008 0.689198971
vt 0.792275012 0.684744
vt 0.794143975 0.685752988
vt 0.788128018 0.684221983
vt 0.812004983 0.702001989
vt 0.806098998 0.699029028
vt 0.818645 0.698074996
vt 0.812654972 0.696043015
vt 0.815190971 0.694176018
vt 0.816779017 0.700424016
vt 0.813784003 0.700905979
vt 0.811366022 0.696478009
vt 0.807141006 0.690744996
vt 0.80924201 0.688013017
vt 0.818940997 0.693764985
vt 0.824129999 0.696547985
vt 0.820879996 0.697463989
vt 0.82398802 0.693984985
vt 0.818207026 0.691965997
vt 0.818042994 0.690523028
vt 0.812641025 0.689796984
vt 0.817803979 0.689728022
vt 0.822224975 0.691866994
vt 0.810078979 0.686924994
vt 0.81348598 0.688353002
vt 0.809188008 0.685979009
vt 0.806352019 0.684695005
vt 0.798328996 0.686842978
vt 0.790332973 0.682789981
vt 0.791140974 0.680845022
vt 0.789529026 0.682892978
vt 0.788563013 0.680931985
vt 0.810213029 0.699230015
vt 0.802954018 0.692907989
vt 0.800405979 0.685621977
vt 0.795158029 0.68235302
vt 0.797502995 0.682789028
vt 0.799079001 0.682682991
vt 0.800777018 0.683399975
vt 0.803660989 0.685661018
vt 0.800074995 0.68178302
vt 0.797882974 0.68088901
vt 0.0690490007 0.895232975
vt 0.732589006 0.803943992
vt 0.731922984 0.795409024
vt 0.729849994 0.782764018
vt 0.735019028 0.792737007
vt 0.740170002 0.790089011
vt 0.74079901 0.785090029
vt 0.765899003 0.767696977
vt 0.765662014 0.760715008
vt 0.768859982 0.764299989
vt 0.741999984 0.776289999
vt 0.747013986 0.786756992
vt 0.749675989 0.785893023
vt 0.75147599 0.783015013
vt 0.743816972 0.772373974
vt 0.761806011 0.77067399
vt 0.755028009 0.743103027
vt 0.763207018 0.769267976
vt 0.758422017 0.773719013
vt 0.736688018 0.753807008
vt 0.73238498 0.734220028
vt 0.760043025 0.772634983
vt 0.742062986 0.725621998
vt 0.754911005 0.781080008
vt 0.751092017 0.772269011
vt 0.757037997 0.775399983
vt 0.76928401 0.759607017
vt 0.772035003 0.764198005
vt 0.772014022 0.759554982
vt 0.769755006 0.755564988
vt 0.775484979 0.756586015
vt 0.774423003 0.762154996
vt 0.774644971 0.752229989
vt 0.77779597 0.754875004
vt 0.777836025 0.751964986
vt 0.77651 0.747766972
vt 0.780197024 0.753108978
vt 0.777800977 0.745989025
vt 0.788317978 0.735296011
vt 0.788267016 0.737573981
vt 0.784834981 0.736075997
vt 0.787216008 0.739742994
vt 0.782119989 0.736593008
vt 0.78521198 0.734143972
vt 0.781792998 0.742884994
vt 0.785713971 0.746899009
vt 0.781253994 0.738462985
vt 0.786314011 0.743700027
vt 0.787360013 0.741537988
vt 0.0314199999 0.963972986
vt 0.0275279991 0.889075994
vt 0.0263989996 0.905028999
vt 0.0295969993 0.905713975
vt 0.0293310005 0.912813008
vt 0.0327120014 0.908892989
vt 0.193526 0.326849014
vt 0.198715001 0.337253988
vt 0.0186599996 0.912431002
vt 0.199395999 0.334744006
vt 0.206751004 0.331786007
vt 0.198248997 0.325973004
vt 0.966553986 0.843290985
vt 0.948306978 0.851404011
vt 0.957657993 0.809270024
vt 0.966452003 0.812336028
vt 0.969219983 0.822746992
vt 0.940223992 0.787904978
vt 0.947857976 0.787229002
vt 0.956188023 0.789789975
vt 0.958838999 0.792756975
vt 0.896287024 0.869466007
vt 0.908414006 0.892396986
vt 0.885854006 0.871110976
vt 0.90250802 0.894613981
vt 0.904118001 0.902374029
vt 0.910443008 0.905291975
vt 0.914843976 0.901594996
vt 0.911059022 0.909735024
vt 0.964227021 0.855616987
vt 0.976056993 0.843515992
vt 0.968325973 0.832876027
vt 0.975260019 0.835983992
vt 0.977613986 0.814649999
vt 0.976239979 0.809073985
vt 0.971778989 0.855427027
vt 0.974745989 0.852136016
vt 0.975798011 0.847572982
vt 0.979331017 0.825864971
vt 0.980463028 0.819500029
vt 0.964874983 0.802942991
vt 0.977231979 0.804153979
vt 0.968833029 0.798072994
vt 0.981386006 0.809552014
vt 0.973861992 0.80102098
vt 0.945425987 0.779706001
vt 0.952229977 0.784678996
vt 0.961239994 0.795674026
vt 0.959667027 0.789430976
vt 0.955133021 0.786319017
vt 0.958191991 0.786961973
vt 0.881250978 0.864100993
vt 0.911970973 0.86876899
vt 0.914636016 0.885322988
vt 0.911455989 0.888541996
vt 0.922475994 0.891427994
vt 0.917033017 0.89191401
vt 0.924893975 0.886187971
vt 0.92473501 0.877074003
vt 0.927281976 0.884600997
vt 0.930150986 0.883347988
vt 0.934248984 0.882291019
vt 0.912340999 0.775938988
vt 0.913170993 0.777647972
vt 0.911010027 0.778128982
vt 0.908285975 0.781561017
vt 0.914159 0.775317013
vt 0.914777994 0.779204011
vt 0.899985015 0.785380006
vt 0.902083993 0.786478996
vt 0.902445018 0.781989992
vt 0.903973997 0.781239986
vt 0.904217005 0.783501983
vt 0.904835999 0.785861015
vt 0.897491992 0.785646975
vt 0.895439029 0.786320984
vt 0.906971991 0.784009993
vt 0.90951699 0.786530018
vt 0.899393022 0.783010006
vt 0.899565995 0.780902982
vt 0.896624982 0.782909989
vt 0.894870996 0.782738984
vt 0.892736971 0.782082021
vt 0.89021498 0.783143997
vt 0.892717004 0.778065026
vt 0.894487023 0.780402005
vt 0.907504976 0.780542016
vt 0.916211009 0.776495993
vt 0.913670003 0.790978014
vt 0.91426003 0.783205986
vt 0.912329972 0.781985998
vt 0.917725027 0.784570992
vt 0.918470979 0.789530993
vt 0.921808004 0.783465028
vt 0.916989028 0.900591016
vt 0.915394008 0.893127978
vt 0.941380024 0.871245027
vt 0.950792015 0.87281698
vt 0.956092 0.864728987
vt 0.958378971 0.869067013
vt 0.969560027 0.866595984
vt 0.924933016 0.787927985
vt 0.925018013 0.779332995
vt 0.929701984 0.781795979
vt 0.929551005 0.790516973
vt 0.930876017 0.784098983
vt 0.933382988 0.780960977
vt 0.934054971 0.78173703
vt 0.939423025 0.779042006
vt 0.828604996 0.829439998
vt 0.826142013 0.828248024
vt 0.835328996 0.824850023
vt 0.825478017 0.825185001
vt 0.821341991 0.823956013
vt 0.825375021 0.821636021
vt 0.842642009 0.822166979
vt 0.827054977 0.818791986
vt 0.852162004 0.810405016
vt 0.83000499 0.811779976
vt 0.833060026 0.810199022
vt 0.875145018 0.72903198
vt 0.871451974 0.720987976
vt 0.874562025 0.719878018
vt 0.843137026 0.746752024
vt 0.842918992 0.744973004
vt 0.851454973 0.742112994
vt 0.847450972 0.74049902
vt 0.843276978 0.743516028
vt 0.841982007 0.743318021
vt 0.845493972 0.719386995
vt 0.846717 0.726992011
vt 0.844290018 0.725722015
vt 0.849925995 0.729617
vt 0.846310973 0.732264996
vt 0.853668988 0.717938006
vt 0.846572995 0.716114998
vt 0.848168015 0.71311301
vt 0.852128983 0.712294996
vt 0.84937799 0.709500015
vt 0.845447004 0.713464022
vt 0.846873999 0.706607997
vt 0.848968983 0.707644999
vt 0.855494022 0.709765971
vt 0.853752017 0.709317982
vt 0.857461989 0.711005986
vt 0.851248026 0.70896697
vt 0.857239008 0.720431983
vt 0.860778987 0.71172899
vt 0.842027009 0.702877998
vt 0.848176003 0.703869998
vt 0.845593989 0.735796988
vt 0.844977975 0.738179028
vt 0.856944025 0.734125972
vt 0.866097987 0.730409026
vt 0.863234997 0.721750021
vt 0.865881026 0.71745801
vt 0.876510024 0.734124005
vt 0.868754029 0.719475985
vt 0.862199008 0.714758992
vt 0.877089977 0.863559008
vt 0.869935989 0.854188025
vt 0.894572973 0.913592994
vt 0.88952899 0.883539975
vt 0.895066977 0.895687997
vt 0.900892019 0.907562971
vt 0.899801016 0.926647007
vt 0.902634978 0.916988015
vt 0.900853992 0.921463013
vt 0.907518983 0.909502029
vt 0.907235026 0.916409016
vt 0.855157971 0.847627997
vt 0.842244983 0.829459012
vt 0.856325984 0.822405994
vt 0.864880025 0.839766979
vt 0.840808988 0.827099979
vt 0.846679986 0.794514
vt 0.844739974 0.80776
vt 0.843927026 0.799448013
vt 0.871589005 0.801876009
vt 0.86589098 0.84712702
vt 0.85325098 0.788350999
vt 0.848839998 0.790127993
vt 0.849858999 0.788353026
vt 0.851400971 0.782504976
vt 0.855111003 0.785233021
vt 0.864066005 0.788791001
vt 0.860381007 0.779841006
vt 0.847871006 0.791871011
vt 0.834867001 0.80796802
vt 0.836888015 0.805414975
vt 0.840480983 0.803772986
vt 0.853393972 0.77936703
vt 0.862037003 0.774203002
vt 0.854501009 0.773754001
vt 0.856634021 0.769616008
vt 0.84582901 0.763839006
vt 0.850512981 0.761062026
vt 0.847855985 0.763873994
vt 0.850921988 0.76642102
vt 0.853421986 0.762750983
vt 0.852627993 0.766372025
vt 0.855143011 0.766008019
vt 0.855508983 0.761027992
vt 0.845043004 0.762422979
vt 0.847164989 0.759195983
vt 0.851324975 0.756220996
vt 0.84394598 0.757102013
vt 0.842779994 0.759975016
vt 0.841412008 0.756321013
vt 0.841027021 0.755200028
vt 0.843771994 0.752460003
vt 0.839128017 0.753359973
vt 0.839852989 0.750588
vt 0.844045997 0.748372018
vt 0.85176599 0.748978019
vt 0.862205982 0.762592018
vt 0.859206021 0.769246995
vt 0.854138017 0.768378019
vt 0.866717994 0.752237022
vt 0.890749991 0.790421009
vt 0.892580986 0.784796
vt 0.876918018 0.723177016
vt 0.741424024 0.807190001
vt 0.777517021 0.822492003
vt 0.782495975 0.826436996
vt 0.794314027 0.823798001
vt 0.801072001 0.829042971
vt 0.761533022 0.816637993
vt 0.755707026 0.806906998
vt 0.800935984 0.802266002
vt 0.784246027 0.798798025
vt 0.797307014 0.78551501
vt 0.768849015 0.817884028
vt 0.77530998 0.826389015
vt 0.786539018 0.81054002
vt 0.764160991 0.802716017
vt 0.758122981 0.801168978
vt 0.810351014 0.815182984
vt 0.769535005 0.789048016
vt 0.763330996 0.788627982
vt 0.829159021 0.791598022
vt 0.830347002 0.795316994
vt 0.828154981 0.803578973
vt 0.835210979 0.798901021
vt 0.807745993 0.825007021
vt 0.813764989 0.827367008
vt 0.814850986 0.820043981
vt 0.828116 0.807449996
vt 0.826084018 0.81151998
vt 0.785431027 0.766045988
vt 0.81953299 0.756208003
vt 0.814038992 0.726813972
vt 0.792136014 0.733933985
vt 0.798726022 0.732710004
vt 0.792509019 0.735323012
vt 0.800405025 0.723398983
vt 0.804464996 0.735206008
vt 0.834228992 0.735903025
vt 0.838297009 0.744082987
vt 0.836476982 0.749363005
vt 0.841800988 0.741217971
vt 0.841147006 0.726213992
vt 0.80944401 0.714902997
vt 0.817366004 0.716463983
vt 0.807874978 0.716796994
vt 0.809296012 0.709843993
vt 0.815388978 0.706139028
vt 0.810572028 0.706144989
vt 0.797321022 0.751585007
vt 0.834711015 0.720327973
vt 0.836466014 0.714294016
vt 0.818668008 0.702889025
vt 0.824151993 0.701638997
vt 0.835349023 0.710202992
vt 0.835103989 0.704153001
vt 0.829702973 0.702942014
vt 0.826696992 0.697055995
vt 0.829621017 0.699724019
vt 0.828166008 0.69530803
vt 0.838542998 0.703383029
vt 0.834739983 0.700388014
vt 0.837427974 0.698579013
vt 0.833687007 0.698783994
vt 0.83247 0.696129024
vt 0.830224991 0.695967019
vt 0.828441978 0.694284976
vt 0.825299025 0.691883028
vt 0.747348011 0.797109008
vt 0.744718015 0.795629978
vt 0.773037016 0.770130992
vt 0.760688007 0.775114
vt 0.778007984 0.757547021
vt 0.784484982 0.753282011
vt 0.793597996 0.742326975
vt 0.837530017 0.782019019
vt 0.839447021 0.794654012
vt 0.84503001 0.781741977
vt 0.839836001 0.773101985
vt 0.833085001 0.766121984
vt 0.850196004 0.775135994
vt 0.847199976 0.770479977
vt 0.844772995 0.766600013
vt 0.829419017 0.755937994
vt 0.834218025 0.752488017
vt 0.202934995 0.659748018
vt 0.193485007 0.667546988
vt 0.195121005 0.661386013
vt 0.183982998 0.659003973
vt 0.189476997 0.655897021
vt 0.177940995 0.650467992
vt 0.173006997 0.655381978
vt 0.170780003 0.642194986
vt 0.182669997 0.649034023
vt 0.163659006 0.640541017
vt 0.157628 0.639797986
vt 0.155093998 0.633782029
vt 0.703091025 0.36600101
vt 0.705259979 0.37340799
vt 0.703543007 0.371266991
vt 0.703769028 0.361469001
vt 0.708827019 0.376688004
vt 0.701903999 0.380863994
vt 0.715232015 0.387573987
vt 0.712292016 0.398862988
vt 0.172812998 0.153436005
vt 0.171746001 0.150179997
vt 0.171853006 0.149958998
vt 0.250503987 0.243146002
vt 0.390845001 0.200818002
vt 0.400159001 0.198195994
vt 0.393833011 0.194966003
vt 0.391564995 0.184934005
vt 0.388507009 0.195231006
vt 0.377451986 0.204732999
vt 0.385461986 0.193911999
vt 0.382775992 0.196591005
vt 0.382142007 0.205101997
vt 0.385924011 0.186887994
vt 0.386866003 0.176225007
vt 0.391530007 0.175233006
vt 0.375977993 0.208983004
vt 0.376854986 0.201789007
vt 0.200376004 0.293680012
vt 0.202961996 0.311830997
vt 0.211153999 0.309035987
vt 0.225135997 0.314365
vt 0.242515996 0.258590013
vt 0.234650999 0.317667991
vt 0.236782998 0.306887001
vt 0.264672011 0.724810004
vt 0.265287995 0.715107977
vt 0.253342003 0.71093899
vt 0.262522995 0.707297027
vt 0.240771994 0.703945994
vt 0.251257986 0.266032994
vt 0.258026004 0.25492999
vt 0.261195987 0.268218011
vt 0.261615008 0.261189014
vt 0.400397986 0.182820007
vt 0.37995699 0.212724
vt 0.203413993 0.772612989
vt 0.202959999 0.765577972
vt 0.209025994 0.772787988
vt 0.208406001 0.76948601
vt 0.224296004 0.757951021
vt 0.227106005 0.759832978
vt 0.368267 0.214907005
vt 0.369491994 0.217124999
vt 0.251800001 0.699360013
vt 0.245253995 0.699705005
vt 0.231808007 0.702107012
vt 0.236405998 0.693413019
vt 0.229761004 0.69016099
vt 0.225676 0.686433017
vt 0.210206002 0.689628005
vt 0.217227995 0.676666021
vt 0.219024003 0.681289971
vt 0.211057007 0.671715975
vt 0.203321993 0.669122994
vt 0.186058998 0.227518007
vt 0.197968006 0.243138
vt 0.181253999 0.220337003
vt 0.177824005 0.176780999
vt 0.209616005 0.313318014
vt 0.217222005 0.317247003
vt 0.269715011 0.71598202
vt 0.192545995 0.643410981
vt 0.177820995 0.634477019
vt 0.171257004 0.628278971
vt 0.168652996 0.617182016
vt 0.254622996 0.687735021
vt 0.212998003 0.661634028
vt 0.0605319999 0.446482986
vt 0.0509580001 0.447427988
vt 0.0577449985 0.443780988
vt 0.0633890033 0.441540986
vt 0.0664239973 0.442817003
vt 0.0587729998 0.441179991
vt 0.0520440005 0.443289995
vt 0.054575 0.438212991
vt 0.0496449992 0.44174701
vt 0.058162 0.449328989
vt 0.0556549989 0.456144989
vt 0.0452580005 0.446274012
vt 0.0438660011 0.443535
vt 0.0442540012 0.438701987
vt 0.0403609984 0.445205003
vt 0.0379180014 0.440977991
vt 0.048289001 0.456164986
vt 0.0427390002 0.460891992
vt 0.242806002 0.537948012
vt 0.242250994 0.536687016
vt 0.242819995 0.53034699
vt 0.238235995 0.529744983
vt 0.0331190005 0.440549999
vt 0.235574007 0.544185996
vt 0.231516004 0.535700023
vt 0.0563950017 0.462523013
vt 0.0500600003 0.466681004
vt 0.0455910005 0.472869009
vt 0.0361410007 0.468647987
vt 0.0359649993 0.475315988
vt 0.0431820005 0.474909991
vt 0.0274379998 0.482515007
vt 0.225348994 0.548825026
vt 0.200975001 0.556639016
vt 0.0428199992 0.71864301
vt 0.201183006 0.547271013
vt 0.160602003 0.573131025
vt 0.161585003 0.568782985
vt 0.0544600002 0.769028008
vt 0.0589979999 0.777718008
vt 0.050303001 0.745341003
vt 0.0590049997 0.755253971
vt 0.065876998 0.76462698
vt 0.0677860007 0.776462018
vt 0.0676399991 0.759516001
vt 0.0532840006 0.734022975
vt 0.0645679981 0.744536996
vt 0.0649700016 0.737748981
vt 0.0677229986 0.753298998
vt 0.0679600015 0.743804991
vt 0.0474499986 0.480224013
vt 0.0404510014 0.484941989
vt 0.0377410017 0.48537299
vt 0.0290489998 0.492394
vt 0.0370399989 0.488658994
vt 0.0340289995 0.49327001
vt 0.0341200009 0.497934997
vt 0.0356179997 0.512474
vt 0.028655 0.505993009
vt 0.0443949997 0.725172997
vt 0.0239010006 0.486095995
vt 0.0243239999 0.491230994
vt 0.0476789996 0.720269978
vt 0.0577079989 0.723617971
vt 0.0604149997 0.732477009
vt 0.0619039983 0.71945399
vt 0.0619300008 0.726710021
vt 0.0681789964 0.733597994
vt 0.0670650005 0.729210973
vt 0.0248540007 0.50613302
vt 0.0658890009 0.721588016
vt 0.0669400021 0.828647971
vt 0.0675520003 0.833302975
vt 0.0734739974 0.834219992
vt 0.0729890019 0.83792299
vt 0.069062002 0.855943024
vt 0.070491001 0.854354978
vt 0.0712610036 0.850000978
vt 0.0722469985 0.842504978
vt 0.0753279999 0.83861202
vt 0.0760890022 0.842204988
vt 0.0731479973 0.846372008
vt 0.0420809984 0.898187995
vt 0.0455010012 0.903765023
vt 0.0510260016 0.898450017
vt 0.0479959995 0.88637799
vt 0.0574229993 0.873468995
vt 0.0546750017 0.890088975
vt 0.0574270003 0.883844018
vt 0.0609400012 0.865875006
vt 0.0598580018 0.876102984
vt 0.0640709996 0.868403018
vt 0.0653780028 0.862038016
vt 0.0668409988 0.863632023
vt 0.0631709993 0.819460988
vt 0.0722369999 0.828189015
vt 0.0767029971 0.83229202
vt 0.0742510036 0.825783014
vt 0.065605998 0.815513015
vt 0.0625879988 0.804205
vt 0.0680449978 0.811028004
vt 0.0692560002 0.814706028
vt 0.0573000014 0.791176021
vt 0.0653119981 0.801082015
vt 0.0677239969 0.807042003
vt 0.068200998 0.795723975
vt 0.0629440024 0.785311997
vt 0.0657249987 0.78768301
vt 0.216205999 0.347160995
vt 0.0260610003 0.886932015
vt 0.207210004 0.319554001
vt 0.222764 0.326507986
vt 0.229918003 0.338486999
vt 0.299683988 0.698539972
vt 0.0828289986 0.768495023
vt 0.0805329978 0.785221994
vt 0.073834002 0.763029993
vt 0.0914499983 0.749791026
vt 0.0721409991 0.740755022
vt 0.0766260028 0.729034007
vt 0.0256270003 0.512131989
vt 0.0304530002 0.514994979
vt 0.0677940026 0.718777001
vt 0.076725997 0.721143007
vt 0.0558030009 0.620986998
vt 0.0572430007 0.615262985
vt 0.0589900017 0.618403018
vt 0.051856 0.617578983
vt 0.0557130016 0.61104399
vt 0.0547459982 0.607886016
vt 0.049575001 0.609941006
vt 0.0560920015 0.603617013
vt 0.0422200002 0.617829025
vt 0.0550599992 0.609700024
vt 0.0349479988 0.531441987
vt 0.0256929994 0.531799972
vt 0.0315270014 0.523889005
vt 0.0287660006 0.542165995
vt 0.0360490009 0.539324999
vt 0.0391860008 0.541966975
vt 0.0322199985 0.543398976
vt 0.0227770004 0.521273971
vt 0.0236760005 0.535669029
vt 0.0903939977 0.71786797
vt 0.0334939994 0.537432015
vt 0.0223159995 0.546967983
vt 0.0544230007 0.602460027
vt 0.0396910012 0.614575982
vt 0.0497019999 0.602717996
vt 0.0541049987 0.597859025
vt 0.0559430011 0.598702013
vt 0.0483120009 0.60154599
vt 0.0528849997 0.596668005
vt 0.0519389994 0.596183002
vt 0.0526000001 0.592019022
vt 0.0498499982 0.58989799
vt 0.0475980006 0.586465001
vt 0.0465859994 0.572081029
vt 0.0500009991 0.574388027
vt 0.0467589982 0.580659986
vt 0.0427989997 0.571462989
vt 0.0418439992 0.56913501
vt 0.0450260006 0.568576992
vt 0.0432769991 0.565257013
vt 0.0365800001 0.563193023
vt 0.0393619984 0.562366009
vt 0.0412250012 0.561028004
vt 0.0336199999 0.560150027
vt 0.0424450003 0.55904299
vt 0.0355399996 0.555985987
vt 0.0372750014 0.546863019
vt 0.037122 0.551181018
vt 0.0331859998 0.550621986
vt 0.0280089993 0.556343973
vt 0.0379289985 0.553259015
vt 0.109560996 0.718814015
vt 0.0704300031 0.862600982
vt 0.0754730031 0.848903
vt 0.0685650036 0.86252898
vt 0.0749809965 0.834060013
vt 0.0785090029 0.839281976
vt 0.0859630033 0.830839992
vt 0.174559996 0.776385009
vt 0.0493840016 0.906062007
vt 0.0659879968 0.89112097
vt 0.0568629988 0.899708986
vt 0.0579200014 0.890505016
vt 0.0542979985 0.89626199
vt 0.0686689988 0.890056014
vt 0.0650210008 0.872599006
vt 0.0591679998 0.883952022
vt 0.0630080029 0.875793993
vt 0.851594985 0.694540977
vt 0.847877979 0.686499
vt 0.85581398 0.693651974
vt 0.0600210018 0.714381993
vt 0.0649989992 0.708715975
vt 0.0666899979 0.712924004
vt 0.850121021 0.696780026
vt 0.844045997 0.69322902
vt 0.0672700033 0.708662987
vt 0.0661550015 0.702085972
vt 0.835759997 0.691040993
vt 0.0691379979 0.705256999
vt 0.0693079978 0.702464998
vt 0.0577230006 0.69738102
vt 0.0595309995 0.693468988
vt 0.0699520037 0.698019028
vt 0.0664599985 0.693144977
vt 0.0413759984 0.680887997
vt 0.0589979999 0.689222991
vt 0.0653569996 0.690635026
vt 0.0588349998 0.686780989
vt 0.106523998 0.857810974
vt 0.0895209983 0.818435013
vt 0.0880749971 0.807345986
vt 0.0769260004 0.799499989
vt 0.0516019985 0.682331026
vt 0.0451060012 0.677314997
vt 0.0478710011 0.676015019
vt 0.0516120009 0.679490983
vt 0.0451860018 0.673381984
vt 0.0381379984 0.672335982
vt 0.0370000005 0.657989025
vt 0.0457479991 0.667626023
vt 0.0415679999 0.65495199
vt 0.0478530005 0.662666023
vt 0.0450390019 0.643415987
vt 0.0513719991 0.65655297
vt 0.0494709983 0.640313983
vt 0.0571679994 0.649882972
vt 0.055071 0.643413007
vt 0.0565970019 0.636436999
vt 0.0565970019 0.631453991
vt 0.0510880016 0.631998003
vt 0.0575129986 0.627982974
vt 0.0578970015 0.624172986
vt 0.841166973 0.699297011
vt 0.84394002 0.700326979
vt 0.844494998 0.702350974
vt 0.835480988 0.69719398
vt 0.825317025 0.685954988
vt 0.848326981 0.701592028
vt 0.847171009 0.698597014
vt 0.849849999 0.70016402
vt 0.853652 0.697673976
vt 0.820273995 0.68966198
vt 0.818090022 0.681149006
vt 0.810284019 0.684475005
vt 0.814692974 0.683754027
vt 0.815801978 0.686756015
vt 0.792362988 0.678515971
vt 0.804525018 0.682319999
vt 0.802312016 0.678152978
vt 0.798349977 0.67890197
vt 0.113654003 0.457029998
vt 0.102631003 0.466953009
vt 0.101412997 0.451902986
vt 0.119836003 0.462318003
vt 0.0889580026 0.452342004
vt 0.0872149989 0.462807
vt 0.0902919993 0.448597014
vt 0.0824050009 0.463485986
vt 0.0858329982 0.446655005
vt 0.0735530034 0.450562
vt 0.0800380036 0.445446998
vt 0.0693060011 0.448211998
vt 0.0744490027 0.443071991
vt 0.0627690032 0.450305015
vt 0.0707369968 0.470847994
vt 0.0635399967 0.47399801
vt 0.348562986 0.656023979
vt 0.345885009 0.653145015
vt 0.347205013 0.646923006
vt 0.908487022 0.947854996
vt 0.911403 0.940276027
vt 0.916655004 0.954412997
vt 0.915838003 0.949940979
vt 0.917080998 0.947466016
vt 0.917590976 0.940621018
vt 0.921037018 0.948063016
vt 0.928867996 0.94819802
vt 0.921225011 0.936154008
vt 0.926436007 0.933903992
vt 0.931914985 0.944016993
vt 0.933302999 0.941879988
vt 0.930149972 0.934098005
vt 0.93541801 0.940526009
vt 0.934834003 0.926724017
vt 0.936959028 0.937828004
vt 0.940239012 0.937853992
vt 0.941699028 0.930343986
vt 0.0448939987 0.494433999
vt 0.0638360009 0.630324006
vt 0.0688309968 0.615482986
vt 0.0634839982 0.613568008
vt 0.0642729998 0.603353977
vt 0.0654779971 0.589384973
vt 0.0419239998 0.527567029
vt 0.0545229986 0.549654007
vt 0.0387960002 0.533438027
vt 0.0614450015 0.586721003
vt 0.0638450012 0.578262985
vt 0.0539380014 0.570416987
vt 0.0555430017 0.560221016
vt 0.0479670018 0.555776
vt 0.941963017 0.919357002
vt 0.944658995 0.939005971
vt 0.948529005 0.941322982
vt 0.95044899 0.932610989
vt 0.949231982 0.935383022
vt 0.953368008 0.920786977
vt 0.956571996 0.929468989
vt 0.954555988 0.934745014
vt 0.961027026 0.927996993
vt 0.963671982 0.909096003
vt 0.961035013 0.918278992
vt 0.967612982 0.925764978
vt 0.971780002 0.924601972
vt 0.977472007 0.907873988
vt 0.963028014 0.931252003
vt 0.976906002 0.922240973
vt 0.159731999 0.513566017
vt 0.150112003 0.508068979
vt 0.145217001 0.49981299
vt 0.152887002 0.518540025
vt 0.144820005 0.505855978
vt 0.144299001 0.511813998
vt 0.143978998 0.51531899
vt 0.158752993 0.529260993
vt 0.152835995 0.543667018
vt 0.153129995 0.532359004
vt 0.142692 0.517080009
vt 0.146543995 0.525170028
vt 0.145878002 0.530306995
vt 0.121472999 0.467554003
vt 0.120025001 0.476999998
vt 0.106409997 0.479075998
vt 0.118215002 0.484510005
vt 0.107170999 0.492051989
vt 0.118712999 0.49279201
vt 0.118611 0.495429993
vt 0.110284001 0.501325011
vt 0.0945890024 0.500066996
vt 0.104948997 0.498365015
vt 0.101117998 0.509104013
vt 0.115272 0.511712015
vt 0.109288998 0.512382984
vt 0.106751002 0.514090002
vt 0.101267003 0.514024973
vt 0.104492001 0.522024989
vt 0.103770003 0.521079004
vt 0.107059002 0.523678005
vt 0.0924279988 0.522925973
vt 0.0937469974 0.53342402
vt 0.106821999 0.527523994
vt 0.111217998 0.529937983
vt 0.107129 0.532420993
vt 0.114060998 0.53125602
vt 0.141749993 0.541294992
vt 0.148968995 0.550930977
vt 0.143956006 0.534466028
vt 0.144734994 0.539197981
vt 0.142850995 0.538709998
vt 0.137994006 0.540766001
vt 0.139811993 0.538806021
vt 0.125433996 0.536403
vt 0.122280002 0.539741993
vt 0.118548997 0.537661016
vt 0.134593993 0.542074978
vt 0.133072004 0.538927019
vt 0.130457997 0.540409982
vt 0.129755005 0.538618028
vt 0.117755003 0.534488022
vt 0.109549999 0.537409008
vt 0.103868999 0.544102013
vt 0.92296499 0.915521979
vt 0.918932021 0.920755029
vt 0.926258981 0.909833014
vt 0.935779989 0.904672027
vt 0.952942014 0.902310014
vt 0.970031023 0.882793009
vt 0.992891014 0.897567987
vt 0.976143003 0.865230978
vt 0.986357987 0.857623994
vt 0.985226989 0.851620018
vt 0.982527018 0.844314992
vt 0.990091026 0.824217975
vt 0.989371002 0.813569009
vt 0.970026016 0.784614027
vt 0.96469003 0.785178006
vt 0.958796978 0.780479014
vt 0.982007027 0.805200994
vt 0.972036004 0.796352029
vt 0.981854022 0.799467981
vt 0.969789028 0.791592002
vt 0.956138015 0.781343997
vt 0.957771003 0.785010993
vt 0.962601006 0.786098003
vt 0.964142978 0.791760027
vt 0.997160971 0.804745972
vt 0.981191993 0.782944977
vt 0.151873007 0.604942024
vt 0.98505801 0.873199999
vt 0.993534029 0.846163988
vt 0.999754012 0.825536013
vt 0.157943994 0.570811987
vt 0.162100002 0.558584988
vt 0.91088903 0.775611997
vt 0.919696987 0.76898402
vt 0.902997017 0.778648019
vt 0.905779004 0.779542029
vt 0.896733999 0.780726016
vt 0.899120986 0.77749598
vt 0.88064599 0.71717298
vt 0.90645498 0.773689985
vt 0.909419 0.772787988
vt 0.922801018 0.771674991
vt 0.915897012 0.780614972
vt 0.935347974 0.766961992
vt 0.929603994 0.765136003
vt 0.91840601 0.781066
vt 0.92652899 0.775352001
vt 0.938260972 0.763028026
vt 0.142177999 0.648585021
vt 0.932775974 0.89368403
vt 0.946246982 0.888866007
vt 0.955546975 0.764593005
vt 0.977572978 0.776684999
vt 0.955505013 0.771048009
vt 0.144494995 0.629346013
vt 0.95393002 0.875373006
vt 0.96548003 0.869534016
vt 0.93710798 0.770146012
vt 0.947427988 0.775412977
vt 0.929476976 0.777077019
vt 0.934575975 0.777562976
vt 0.995845973 0.785284996
vt 0.871075988 0.712230027
vt 0.855792999 0.706148982
vt 0.859139025 0.704680979
vt 0.858326972 0.697037995
vt 0.862528026 0.701210022
vt 0.85431999 0.701308012
vt 0.871019006 0.703050971
vt 0.865624011 0.709022999
vt 0.876405001 0.708981991
vt 0.87075001 0.697565973
vt 0.863385022 0.692658007
vt 0.0843319967 0.709387004
vt 0.076425001 0.69916302
vt 0.0742650032 0.703953981
vt 0.070224002 0.710482001
vt 0.854112029 0.702993989
vt 0.073214002 0.706698
vt 0.0785169974 0.709828973
vt 0.0700519979 0.69156599
vt 0.0746119991 0.691381991
vt 0.0572169982 0.682048023
vt 0.0654850006 0.64546299
vt 0.0593330003 0.679041028
vt 0.0604939982 0.675482988
vt 0.0553740002 0.666213989
vt 0.0482279994 0.670951009
vt 0.0586280003 0.658506989
vt 0.364091009 0.656889021
vt 0.34967199 0.666965008
vt 0.345921993 0.666763008
vt 0.90775001 0.92662698
vt 0.358902991 0.655556023
vt 0.355587006 0.653394997
vt 0.353071004 0.651022971
vt 0.90072 0.934261978
vt 0.912946999 0.92453903
vt 0.917433977 0.924027979
vt 0.281967998 0.618390977
vt 0.288381994 0.617681026
vt 0.288136005 0.620949984
vt 0.289380997 0.614004016
vt 0.279359996 0.607151985
vt 0.291521996 0.608752012
vt 0.080196999 0.442938
vt 0.0745230019 0.440115988
vt 0.0817999989 0.439902008
vt 0.0809660032 0.437725008
vt 0.285800993 0.62202698
vt 0.279107988 0.62184602
vt 0.0684079975 0.440578014
vt 0.272624999 0.620563984
vt 0.267237008 0.620378971
vt 0.0490330011 0.428121001
vt 0.255580008 0.511076987
vt 0.117623001 0.446534008
vt 0.101954997 0.442817986
vt 0.0928869992 0.436459988
vt 0.0911279991 0.442611009
vt 0.126374006 0.457080007
vt 0.301867992 0.623615026
vt 0.296952993 0.619548023
vt 0.295587987 0.623885989
vt 0.362558007 0.645901024
vt 0.343923986 0.640006006
vt 0.917397976 0.960415006
vt 0.923767984 0.963436007
vt 0.137546003 0.476437002
vt 0.957521021 0.937587023
vt 0.961866021 0.938107014
vt 0.971642017 0.931989014
vt 0.138959005 0.487403989
vt 0.130861998 0.484394997
vt 0.971744001 0.928272009
vt 0.97636801 0.925441027
vt 0.142147005 0.496403009
vt 0.135084003 0.493104011
vt 0.141087994 0.500662982
vt 0.137823001 0.504410028
vt 0.125800997 0.498690009
vt 0.140769005 0.511213005
vt 0.139934003 0.514631987
vt 0.126894996 0.51375097
vt 0.141500995 0.523226976
vt 0.133450001 0.52137202
vt 0.141269997 0.528051019
vt 0.132238999 0.532205999
vt 0.122893997 0.491432011
vt 0.126102999 0.494949013
vt 0.120692998 0.502857983
vt 0.116623998 0.520383
vt 0.121723004 0.524595976
vt 0.125689998 0.529716015
vt 0.139988005 0.533753991
vt 0.137514994 0.535108984
vt 0.329510987 0.192047998
vt 0.210061997 0.152023003
vt 0.289301008 0.179962993
vt 0.12105 0.262914002
vt 0.128588006 0.245882004
vt 0.130722001 0.241021007
vt 0.806804001 0.318379015
vt 0.168955997 0.156408995
vt 0.798505008 0.364028007
vt 0.276583999 0.175451994
vt 0.133469999 0.761869013
vt 0.143333003 0.773814976
vt 0.778832018 0.422051013

# 2409 vertex normals
vn -0.0176999997 0.99000001 0.139699996
vn -0.103200004 0.939400017 0.326900005
vn -0.270099998 0.4639 0.843699992
vn -0.28459999 0.335500002 0.898000002
vn 0.00789999962 0.999499977 0.0320999995
vn -0.208199993 0.977999985 0.0159000009
vn -0.0138999997 0.999100029 0.0399000011
vn -0.952600002 0.277099997 -0.125499994
vn -0.875100017 0.4454 0.189099997
vn -0.819999993 0.537299991 -0.197400004
vn -0.609399974 0.4921 0.621599972
vn -0.84799999 0.260800004 0.461400002
vn -0.556200027 0.30219999 0.774200022
vn -0.986800015 0.160899997 -0.0171000008
vn -0.986500025 0.0676999986 -0.149200007
vn -0.694100022 0.0854000002 0.7148
vn -0.956200004 0.0698999986 0.284099996
vn -0.979900002 0.0762000009 -0.184400007
vn -0.402399987 0.0927999988 0.910700023
vn -0.495599985 0.052099999 0.866999984
vn -0.269600004 0.357899994 0.893999994
vn -0.292400002 0.202199996 0.934700012
vn 0.0149999997 0.999300003 0.0342999995
vn 0.0220999997 0.999300003 0.0295000002
vn 0.0259000007 0.999499977 0.0193000007
vn 0.0579999983 0.996900022 0.0529000014
vn 0.0132999998 0.999100029 0.0395000018
vn 0.0126 0.999199986 0.0368000008
vn 0.0266999993 0.999000013 0.0361000001
vn 0.0355000012 0.99879998 0.0348999985
vn 0.00100000005 0.999000013 0.0441000015
vn 0.0208999999 0.99940002 0.0285999998
vn 0.0177999996 0.999499977 0.0254999995
vn 0.0397999994 0.99879998 0.0281000007
vn 0.0173000004 0.99970001 0.0160000008
vn -0.00970000029 0.999899983 0.00350000011
vn 0.0116999997 0.998000026 0.0627000034
vn 0.0130000003 0.999800026 0.0120999999
vn 0.0153000001 0.999800026 0.0114000002
vn 0.0092000002 0.999899983 0.0124000004
vn 0.0311999992 0.99940002 0.0141000003
vn 0.0250000004 0.99940002 0.0250000004
vn 0.0251000002 0.99970001 -0.0013
vn 0.0504000001 0.99849999 0.0210999995
vn 0.0366999991 0.999000013 0.0252999999
vn 0.0320999995 0.999100029 0.0285
vn 0.0232999995 0.99940002 0.0262000002
vn 0.0285999998 0.99940002 0.0217000004
vn 0.0293000005 0.999199986 0.0260000005
vn 0.0135000004 0.999199986 0.0383000001
vn 0.0232999995 0.99940002 0.0241
vn 0.0432000011 0.99879998 0.0245999992
vn 0.00850000046 0.999199986 0.0379999988
vn 0.0194000006 0.999499977 0.0233999994
vn 0.0162000004 0.999300003 0.0337000005
vn 0.0362999998 0.99879998 0.0335999988
vn 0.0241999999 0.998899996 0.0390000008
vn 0.0322999991 0.999499977 0.00609999988
vn 0.0208999999 0.999499977 0.0223999992
vn 0.0351999998 0.999100029 0.0238000005
vn 0.0366999991 0.998899996 0.0306000002
vn 0.0219000001 0.999499977 0.0231999997
vn 0.0266999993 0.999499977 0.0186999999
vn 0.00200000009 0.99970001 0.0233999994
vn 0.00650000013 0.999899983 0.00989999995
vn 0.0114000002 0.999800026 0.0153999999
vn 0.0110999998 0.999899983 0.0119000003
vn 0.0181000009 0.99970001 0.0175999999
vn 0.0136000002 0.999800026 0.0160000008
vn 0.0204000007 0.99970001 0.0157999992
vn 0.0120999999 0.99970001 0.0228000004
vn 0.0206000004 0.99970001 0.0102000004
vn 0.0239000004 0.999599993 0.0130000003
vn 0.0142000001 0.999899983 0.00300000003
vn 0.0218000002 0.99970001 0.0108000003
vn 0.0355000012 0.999199986 0.0173000004
vn 0.0252999999 0.999499977 0.0164000001
vn 0.0425000004 0.999000013 0.00999999978
vn 0.0308999997 0.999300003 0.0214000009
vn 0.0178999994 0.999499977 0.0258000009
vn 0.0183000006 0.999599993 0.0221999995
vn 0.0162000004 0.999599993 0.0223999992
vn 0.0241999999 0.999499977 0.0184000004
vn -0.00300000003 0.999300003 0.0375999995
vn 0.0092000002 0.99940002 0.0326000005
vn 0.0083999997 0.999599993 0.0274999999
vn 0.0129000004 0.999499977 0.0277999993
vn -0.1373 0.950100005 0.280299991
vn -0.364600003 0.910399973 0.195700005
vn 0.0270000007 0.999599993 0.0119000003
vn 0.0146000003 0.999300003 0.0329999998
vn -0.0137999998 0.997500002 0.0689999983
vn -0.1021 0.915400028 0.389299989
vn 0.00630000001 0.99849999 0.0538999997
vn 0.0153000001 0.999599993 0.0233999994
vn 0.00820000004 0.99970001 0.0231999997
vn -0.0121999998 0.999899983 0.00439999998
vn 0.0263999999 0.999300003 0.0269000009
vn 0.0115999999 0.999800026 0.0157999992
vn 0.0178999994 0.99940002 0.0299999993
vn 0.0304000005 0.999499977 0.00439999998
vn -0.306699991 0.435099989 0.846499979
vn -0.359200001 0.206599995 0.910099983
vn 0.0156999994 0.999499977 0.0291000009
vn 0.0296999998 0.999599993 0.00260000001
vn 0.0208999999 0.999599993 0.0207000002
vn 0.0208999999 0.99970001 0.00829999987
vn 0.0178999994 0.999300003 0.0337000005
vn -0.216399997 0.97299999 0.0807000026
vn -0.190699995 0.845600009 -0.498600006
vn -0.0337000005 0.99940002 -0.0055999998
vn 0.0165999997 0.999499977 0.0250000004
vn 0.00960000046 0.999199986 0.0375999995
vn 0.0138999997 0.999300003 0.0339000002
vn -0.00359999994 0.999800026 0.0175999999
vn 0.00529999984 0.999800026 0.0201999992
vn -0.361200005 0.711399972 0.602800012
vn -0.65200001 0.537400007 0.53490001
vn 0.0890000015 0.994700015 -0.0522000007
vn 0.114699997 0.961300015 -0.25060001
vn 0.00810000021 0.992799997 -0.119400002
vn 0.00609999988 0.99940002 0.0329999998
vn 0.0159000009 0.999499977 0.0262000002
vn 0.0263999999 0.999599993 0.00650000013
vn -0.00270000007 0.998300016 0.058600001
vn 0.0181000009 0.99940002 0.0308999997
vn 0.0170000009 0.99970001 0.0192000009
vn 0 0.999599993 0.0273000002
vn -0.00439999998 0.999100029 0.0419000015
vn 0.0226000007 0.99940002 0.0242999997
vn 0.0278999992 0.999000013 0.0362000018
vn 0.0716999993 0.996699989 0.0390999988
vn 0.0333000012 0.999300003 0.0188999996
vn 0.00410000002 0.99970001 0.0252999999
vn 0.00899999961 0.999800026 0.0162000004
vn 0.0121999998 0.999499977 0.0276999995
vn 0.0149999997 0.99970001 0.0185000002
vn 0.0108000003 0.998700023 0.0489000008
vn -0.00359999994 0.998600006 0.0531000011
vn 0.0259000007 0.999499977 0.0162000004
vn 0.0272000004 0.999499977 0.0157999992
vn 0.0262000002 0.99940002 0.0230999999
vn 0.0388000011 0.999199986 -0.00529999984
vn 0.0342999995 0.999199986 0.0193000007
vn 0.0149999997 0.999300003 0.0335000008
vn 0.0282000005 0.999100029 0.0307
vn 0.00270000007 0.999000013 0.0456999987
vn 0.0278999992 0.999199986 0.0285999998
vn 0.0265999995 0.999499977 0.0161000006
vn 0.0241 0.999599993 0.0120999999
vn 0.0229000002 0.999599993 0.0132999998
vn 0.0131999999 0.999800026 0.0146000003
vn 0.0203000009 0.99970001 0.0131999999
vn 0.0222999994 0.999499977 0.0211999994
vn 0.00270000007 0.999599993 0.0285
vn 0.0104 0.999800026 0.0186000001
vn -0.980599999 -0.00789999962 0.195999995
vn -0.975799978 0.0772999972 -0.204600006
vn -0.962199986 0.0824000016 -0.259600013
vn -0.782899976 0.0201999992 0.621800005
vn -0.989300013 0.121200003 0.0811000019
vn 0.0129000004 0.999499977 0.0288999993
vn -0.0193000007 0.999800026 0.00449999981
vn 0.0166999996 0.998899996 0.0432999991
vn 0.0408999994 0.998600006 0.0322000012
vn 0.0445000008 0.998700023 0.0251000002
vn -0.0113000004 0.99970001 0.023
vn -0.00549999997 0.999599993 0.0272000004
vn -0.0126999998 0.999599993 0.0270000007
vn 0.0258000009 0.99940002 0.0230999999
vn 0.0351000018 0.999199986 0.0192000009
vn 0.0504000001 0.998600006 0.0186000001
vn 0.0281000007 0.999100029 0.0324999988
vn 0.0160000008 0.999300003 0.0326000005
vn 0.0209999997 0.999300003 0.0307999998
vn 0.0167999994 0.99970001 0.0176999997
vn 0.0249000005 0.99970001 0
vn -0.0104999999 0.999599993 0.0252
vn 0.00710000005 0.999800026 0.0192000009
vn 0.00789999962 0.999599993 0.0260000005
vn 0.0379000008 0.999000013 0.0241
vn 0.0225000009 0.999599993 0.0157999992
vn 0.0443999991 0.998899996 0.0170000009
vn 0.0107000005 0.999300003 0.0344000012
vn 0.00650000013 0.999300003 0.0381000005
vn 0.00719999988 0.999199986 0.0388000011
vn 0.0142999999 0.999599993 0.023
vn 0.0162000004 0.99970001 0.0186000001
vn -0.00190000003 0.999300003 0.0366000012
vn 0.00850000046 0.99849999 0.0537
vn -0.0115999999 0.999199986 0.0375999995
vn 0.0113000004 0.99970001 0.0228000004
vn 0.0130000003 0.99970001 0.023
vn 0.0127999997 0.99970001 0.0223999992
vn 0.0276999995 0.999499977 0.0152000003
vn 0.0131999999 0.999599993 0.0230999999
vn 0.0337000005 0.999199986 0.0209999997
vn 0.0198999997 0.999499977 0.0249000005
vn 0.0305000003 0.999499977 0.0055999998
vn 0.0300999992 0.999499977 0.00730000017
vn 0.00469999993 0.999599993 0.0266999993
vn 0.0217000004 0.99940002 0.0276999995
vn 0.0149999997 0.999499977 0.0292000007
vn 0.00249999994 0.999899983 0.0164000001
vn 0.0189999994 0.999100029 0.0381999984
vn 0.0428000018 0.99879998 0.0233999994
vn 0.0219000001 0.99940002 0.0273000002
vn 0.0189999994 0.99940002 0.0274
vn 0.0197000001 0.99940002 0.0270000007
vn 0.00609999988 0.99970001 0.0239000004
vn 0.00800000038 0.999499977 0.0307
vn 0.0132999998 0.999599993 0.0230999999
vn 0.00760000013 0.99970001 0.0230999999
vn 0.00949999969 0.99970001 0.0207000002
vn 0.00719999988 0.999599993 0.0254999995
vn 0.00949999969 0.99940002 0.0324999988
vn 0.0129000004 0.999499977 0.0303000007
vn 0.0115999999 0.99940002 0.0322000012
vn 0.0148999998 0.999499977 0.0276999995
vn 0.0204000007 0.99940002 0.0263
vn 0.0164000001 0.999499977 0.0278999992
vn 0.0260000005 0.999199986 0.0298999995
vn 0.0173000004 0.999599993 0.0238000005
vn 0.0127999997 0.999300003 0.0348999985
vn -0.0131000001 0.999499977 0.0291000009
vn -0.0370000005 0.999300003 0.00889999978
vn 0.0110999998 0.999599993 0.0266999993
vn 0.0137999998 0.999800026 0.0172000006
vn -0.0412999988 0.999100029 -0.00680000009
vn -0.477800012 0.864700019 -0.155000001
vn -0.90200001 0.310900003 -0.299699992
vn -0.882700026 0.325399995 -0.338999987
vn -0.125100002 0.991599977 -0.0326000005
vn -0.796400011 0.529200017 -0.292600006
vn -0.943499982 0.100599997 -0.315800011
vn -0.939199984 0.153600007 -0.307000011
vn -0.944999993 0.0843999982 -0.316100001
vn -0.932500005 0.148300007 -0.329299986
vn -0.934700012 0.0683000013 -0.348800004
vn -0.943499982 0.0798999965 -0.321700007
vn 0.0154999997 0.99940002 0.0308999997
vn 0.00789999962 0.99940002 0.0342999995
vn 0.00669999979 0.99940002 0.0353000015
vn 0.0126999998 0.999599993 0.0244999994
vn 0.0201999992 0.99940002 0.0281000007
vn 0.0192000009 0.99940002 0.0282000005
vn 0.0209999997 0.99940002 0.0267999992
vn 0.00170000002 0.99970001 0.0249000005
vn 0.0136000002 0.999300003 0.0355000012
vn 0.0159000009 0.999599993 0.0240000002
vn -0.0617999993 0.998099983 0.00680000009
vn -0.0879999995 0.996100008 -0.00329999998
vn 0.0153000001 0.999499977 0.0289999992
vn 0.0108000003 0.99970001 0.0234999992
vn 0.0153999999 0.999499977 0.0264999997
vn 0.0131999999 0.99970001 0.0198999997
vn 0.00249999994 0.99970001 0.0234999992
vn -0.834200025 0.497700006 -0.237399995
vn -0.874000013 0.408399999 -0.263399988
vn -0.945800006 0.168400005 -0.27759999
vn -0.00219999999 0.99970001 0.0227000006
vn -0.145199999 0.989199996 -0.0219999999
vn -0.844299972 0.469300002 -0.258599997
vn -0.207399994 0.977599978 -0.0351999998
vn -0.52700001 0.839699984 -0.131400004
vn -0.909699976 0.202099994 -0.362800002
vn -0.930499971 0.189600006 -0.313300014
vn -0.790799975 0.570800006 -0.221200004
vn -0.941500008 0.222000003 -0.253600001
vn -0.959299982 0.172199994 -0.223900005
vn 0.0284000002 0.999100029 0.0326000005
vn 0.0258000009 0.99940002 0.0245999992
vn 0.0229000002 0.999499977 0.0205000006
vn -0.00329999998 0.999800026 0.0219000001
vn 0.0046000001 0.999899983 0.0148
vn -0.106899999 0.994199991 -0.00879999995
vn 0.0936999992 0.975099981 -0.201000005
vn 0.0258000009 0.991699994 -0.126100004
vn 0.00710000005 0.999300003 0.0364999995
vn 0.1752 0.98119998 -0.0803999975
vn 0.0182000007 0.998700023 0.0469000004
vn 0.0603 0.998099983 0.00879999995
vn -0.821699977 0.436800003 -0.3662
vn -0.484100014 0.810199976 -0.330500007
vn -0.219699994 0.963999987 -0.149800003
vn 0.0582000017 0.998300016 -0.0037
vn 0.0251000002 0.996800005 0.0754000023
vn 0.0280000009 0.999300003 0.0255999994
vn 0.050999999 0.997300029 0.0533000007
vn 0.158600003 0.948899984 -0.272899985
vn 0.246700004 0.918600023 -0.308600008
vn 0.2333 0.940400004 -0.247400001
vn 0.0904999971 0.993700027 -0.066399999
vn 0.110299997 0.986599982 -0.120099999
vn 0.0724999979 0.983099997 -0.168300003
vn 0.166999996 0.959699988 -0.226099998
vn 0.0328000002 0.999300003 0.0151000004
vn 0.0615000017 0.997500002 -0.0357000008
vn 0.133200005 0.88319999 -0.449699998
vn 0.056400001 0.997500002 -0.0417999998
vn 0.0776000023 0.996100008 0.0410000011
vn 0.0355000012 0.998300016 0.0472999997
vn 0.00850000046 0.99970001 0.0217000004
vn -0.0222999994 0.999499977 -0.0228000004
vn 0.0632999986 0.998000026 0.00719999988
vn 0.0544999987 0.993600011 -0.0983999968
vn 0.0362000018 0.979099989 -0.200000003
vn -0.0140000004 0.999499977 -0.0282000005
vn -0.0210999995 0.99940002 -0.0262000002
vn 0.0771000013 0.996900022 0.0130000003
vn 0.0775000006 0.996299982 0.0357999988
vn 0.0843999982 0.995500028 0.0432999991
vn 0.00810000021 0.999499977 -0.0291000009
vn 0.0734999999 0.995800018 0.0540000014
vn 0.0322000012 0.998899996 -0.0326999985
vn -0.0147000002 0.999599993 -0.0241999999
vn -0.0308999997 0.99879998 -0.0381000005
vn 0.0700000003 0.997200012 0.0274
vn 0.0636000037 0.997300029 0.0373999998
vn 0.0829999968 0.995700002 0.0410999991
vn 0.0627999976 0.997799993 0.0221999995
vn 0.00540000014 0.99970001 -0.0228000004
vn 0.147400007 0.989099979 -0.00319999992
vn -0.0549999997 0.997900009 -0.0348999985
vn -0.0133999996 0.999100029 -0.0401999988
vn 0.186199993 0.980000019 0.0700000003
vn 0.133499995 0.990999997 0.00170000002
vn 0.0864999965 0.993600011 -0.0722000003
vn 0.241099998 0.967800021 -0.0724999979
vn 0.055399999 0.997500002 -0.0439999998
vn 0.0127999997 0.99970001 0.0221999995
vn 0.0192000009 0.999800026 0.00540000014
vn 0.0322999991 0.999100029 0.0285
vn 0.0430000015 0.998700023 0.0286999997
vn 0.0297999997 0.999499977 -0.0138999997
vn 0.0368000008 0.999199986 0.0152000003
vn 0.0502999984 0.998700023 0.00710000005
vn 0.1329 0.957799971 -0.254799992
vn 0.0593999997 0.997900009 -0.0247000009
vn 0.220400006 0.913999975 -0.340700001
vn 0.0820999965 0.995100021 -0.0542000011
vn 0.0399999991 0.999100029 0.0142999999
vn 0.170100003 0.970899999 -0.168599993
vn 0.248699993 0.91170001 -0.327100009
vn 0.141399994 0.98299998 -0.117200002
vn 0.0416000001 0.998600006 0.0331000015
vn 0.0425000004 0.998899996 0.0179999992
vn 0.0425999984 0.998899996 0.0198999997
vn 0.0423000008 0.998899996 0.0186999999
vn 0.0329999998 0.999300003 0.0201999992
vn 0.0425999984 0.998899996 0.0187999997
vn 0.0434000008 0.99879998 0.0220999997
vn 0.0315000005 0.999300003 0.0211999994
vn -0.0115 0.999899983 0.00960000046
vn -0.0174000002 0.999599993 -0.023
vn -0.0137 0.999899983 -0.00270000007
vn -0.382999986 0.863399982 -0.328299999
vn -0.191300005 0.978299975 0.0793000013
vn 0.138400003 0.971899986 -0.190500006
vn 0.0186000001 0.99970001 0.0136000002
vn 0.00910000037 0.999899983 0.0114000002
vn 0.0151000004 0.999800026 0.0164000001
vn -0.192300007 0.931200027 -0.309599996
vn 0.0300999992 0.956200004 -0.291299999
vn -0.0500000007 0.994199991 -0.0951000005
vn -0.305000007 0.946399987 -0.1061
vn -0.125400007 0.950999975 -0.282799989
vn -0.168500006 0.969099998 0.180299997
vn -0.36469999 0.910000026 0.1972
vn 0.179299995 0.944899976 -0.273900002
vn -0.279900014 0.177699998 0.943400025
vn -0.215700001 0.175899997 0.960500002
vn -0.274899989 0.130099997 0.952600002
vn -0.103799999 0.410899997 0.905799985
vn 0.687300026 0.314799994 0.654600024
vn 0.528800011 0.653599977 0.541400015
vn -0.104800001 0.992799997 -0.0573999994
vn -0.989700019 0.0491000004 0.134299994
vn -0.463 0.0310999993 0.885800004
vn -0.854700029 0.518700004 0.0190999992
vn -0.341899991 -0.0231999997 0.939400017
vn -0.345499992 0.226500005 0.910700023
vn -0.929899991 0.0579000004 -0.363200009
vn -0.945599973 0.305400014 -0.112099998
vn 0.451999992 0.816900015 0.358200014
vn 0.0142000001 0.966000021 0.258300006
vn 0.493499994 0.374500006 0.785000026
vn -0.834999979 0.30399999 -0.458600014
vn -0.668299973 0.567300022 -0.48120001
vn -0.711700022 0.389400005 -0.584699988
vn -0.181099996 0.530799985 0.827899992
vn -0.276499987 0.00430000015 0.961000025
vn -0.0055999998 0.627300024 0.778800011
vn -0.200499997 0.979099989 -0.0331999995
vn -0.421900004 -0.0348000005 0.906000018
vn -0.143199995 0.984499991 0.1008
vn -0.114600003 0.470999986 0.874599993
vn -0.439399987 0.847199976 -0.298500001
vn -0.0636000037 -0.0980999991 0.993099988
vn -0.332399994 -0.0724000037 0.940400004
vn -0.3213 -0.0785000026 0.943700016
vn -0.206499994 0.973500013 -0.0986000001
vn -0.161400005 0.974699974 -0.154499993
vn -0.0259000007 0.993700027 -0.108599998
vn 0.0197000001 0.999499977 0.0240000002
vn 0.0282000005 0.999300003 0.0255999994
vn 0.023 0.999199986 0.0311999992
vn 0.0146000003 0.99940002 0.0318999998
vn 0.0219999999 0.99940002 0.0261000004
vn -0.138300002 0.905900002 0.400400013
vn 0.0208000001 0.99940002 0.0267999992
vn 0.0303000007 0.999199986 0.0249000005
vn 0.0342000015 0.999100029 0.0241999999
vn 0.0439999998 0.998700023 0.0263999999
vn 0.0291000009 0.99879998 0.0381999984
vn 0.0184000004 0.99940002 0.0304000005
vn 0.0113000004 0.999100029 0.0401999988
vn 0.0322999991 0.999100029 0.0281000007
vn 0.0346000008 0.999100029 0.0254999995
vn 0.0299999993 0.999199986 0.0262000002
vn 0.0198999997 0.999300003 0.0300999992
vn 0.0239000004 0.999300003 0.0270000007
vn 0.0206000004 0.99940002 0.0270000007
vn 0.0197999999 0.99940002 0.0296999998
vn 0.0179999992 0.999100029 0.0373999998
vn 0.0318000019 0.999100029 0.0264999997
vn 0.0373000018 0.99879998 0.0315000005
vn 0.0333000012 0.999000013 0.0305000003
vn 0.0199999996 0.99940002 0.0288999993
vn 0.0255999994 0.99940002 0.0228000004
vn 0.0282000005 0.999199986 0.0291000009
vn 0.0307 0.999199986 0.0274999999
vn 0.0226000007 0.99940002 0.0276999995
vn 0.023 0.99940002 0.0248000007
vn 0.0285999998 0.99940002 0.0205000006
vn 0.0296 0.999100029 0.0307999998
vn 0.0171000008 0.99940002 0.0315000005
vn 0.0310999993 0.999300003 0.0199999996
vn 0.00549999997 0.999100029 0.0428000018
vn 0.0230999999 0.999300003 0.0305000003
vn 0.0204000007 0.999300003 0.0317000002
vn 0.0252 0.999100029 0.0344000012
vn 0.00949999969 0.999499977 0.0300999992
vn -0.00639999984 0.99940002 0.0348999985
vn 0.00789999962 0.999499977 0.0318999998
vn 0.0245999992 0.999199986 0.0308999997
vn 0.217299998 0.842800021 0.492399991
vn 0.0299999993 0.99879998 0.0375000015
vn 0.0344000012 0.998700023 0.0377000012
vn 0.0187999997 0.999499977 0.0262000002
vn 0.0244999994 0.99940002 0.0225000009
vn 0.0313000008 0.999199986 0.0236000009
vn 0.0281000007 0.999199986 0.0278999992
vn 0.0220999997 0.999499977 0.0236000009
vn 0.0148 -0.949800014 0.312400013
vn 0.0604000017 0.998000026 0.0181000009
vn 0.0350000001 0.99879998 0.0346000008
vn 0.0271000005 0.999100029 0.0310999993
vn 0.0296999998 0.999199986 0.0281000007
vn 0.0303000007 0.998700023 0.0403000005
vn 0.0214000009 0.998700023 0.0460000001
vn 0.0315999985 0.998700023 0.0412000008
vn 0.000300000014 0.999100029 0.0425999984
vn 0.0256999992 0.998399973 0.0511999987
vn 0.0118000004 0.999599993 0.0265999995
vn 0.0153000001 0.999599993 0.0220999997
vn 0.0179999992 0.999000013 0.0401999988
vn 0.778599977 0.370299995 0.506600022
vn 0.0118000004 0.999599993 0.0267999992
vn 0.0299999993 0.999100029 0.0313999988
vn 0.0359000005 0.999000013 0.0282000005
vn -0.000300000014 0.999800026 0.0206000004
vn -0.00549999997 0.998300016 0.057599999
vn 0.0311999992 0.999199986 0.0255999994
vn 0.813799977 -0.581099987 0.00879999995
vn 0.138999999 0.894599974 0.424800009
vn 0.542999983 -0.132100001 0.829299986
vn 0.0277999993 0.999499977 0.0163000003
vn 0.0229000002 0.99940002 0.0265999995
vn 0.0154999997 0.999599993 0.0244999994
vn 0.0141000003 0.99970001 0.0222999994
vn 0.0227000006 0.99940002 0.0267999992
vn 0.0251000002 0.999199986 0.0317000002
vn 0.0306000002 0.999300003 0.0219000001
vn 0.0320000015 0.999100029 0.0274
vn 0.0302000009 0.999199986 0.0280000009
vn 0.0313999988 0.999100029 0.0296999998
vn 0.0280000009 0.999499977 0.0136000002
vn 0.0295000002 0.999000013 0.0340000018
vn 0.0287999995 0.999199986 0.0276999995
vn 0.0307999998 0.999300003 0.0218000002
vn 0.0287999995 0.99940002 0.0198999997
vn 0.0258000009 0.999199986 0.0296
vn 0.0283000004 0.999199986 0.0286999997
vn 0.0281000007 0.999300003 0.0252999999
vn 0.0287999995 0.999199986 0.0288999993
vn 0.0288999993 0.999199986 0.0272000004
vn 0.0270000007 0.999300003 0.0260000005
vn 0.0237000007 0.999300003 0.0292000007
vn 0.0173000004 0.999499977 0.0274
vn 0.0258000009 0.99940002 0.0236000009
vn 0.0256999992 0.999300003 0.0274999999
vn 0.0231999997 0.99940002 0.0261000004
vn 0.0250000004 0.99940002 0.0242999997
vn 0.0292000007 0.999100029 0.0320000015
vn 0.0240000002 0.99940002 0.0248000007
vn 0.0172000006 0.999499977 0.0249000005
vn 0.0175000001 0.99970001 0.0186000001
vn 0.0263 0.999499977 0.0200999994
vn 0.0287999995 0.99940002 0.0212999992
vn 0.0270000007 0.99940002 0.0222999994
vn 0.0220999997 0.99940002 0.0277999993
vn 0.0159000009 0.999599993 0.0228000004
vn 0.0297999997 0.999300003 0.0208999999
vn 0.0304000005 0.999100029 0.0285
vn 0.0218000002 0.999599993 0.0204000007
vn 0.0253999997 0.999300003 0.0272000004
vn 0.0181000009 0.99970001 0.0156999994
vn 0.0232999995 0.999599993 0.0153999999
vn 0.0220999997 0.999499977 0.0229000002
vn 0.00930000003 0.99970001 0.0219999999
vn 0.0231999997 0.99940002 0.0252999999
vn 0.0184000004 0.999499977 0.0265999995
vn 0.0167999994 0.999499977 0.0285999998
vn 0.0172000006 0.99940002 0.0305000003
vn 0.0239000004 0.999199986 0.0307
vn 0.0229000002 0.99940002 0.0255999994
vn 0.0107000005 0.999499977 0.0310999993
vn 0.0249000005 0.999199986 0.0320000015
vn 0.0149999997 0.999499977 0.0266999993
vn 0.0303000007 0.999199986 0.0278999992
vn 0.0226000007 0.999300003 0.0283000004
vn 0.0333000012 0.999100029 0.0263999999
vn 0.0274 0.999000013 0.0344999991
vn 0.0273000002 0.998899996 0.0372000001
vn 0.0303000007 0.99940002 0.0179999992
vn 0.0247000009 0.99940002 0.0256999992
vn 0.0222999994 0.999300003 0.0285
vn 0.0269000009 0.999300003 0.0261000004
vn 0.0241 0.99940002 0.0241999999
vn 0.0274999999 0.999499977 0.0184000004
vn 0.0124000004 0.999800026 0.0176999997
vn 0.0313000008 0.998899996 0.0353999995
vn 0.0241 0.99940002 0.0244999994
vn 0.0174000002 0.99970001 0.0196000002
vn 0.0244999994 0.999300003 0.0291000009
vn 0.0120999999 0.99970001 0.0195000004
vn 0.0187999997 0.999599993 0.0215000007
vn 0.0144999996 0.99940002 0.0318000019
vn 0.0333999991 0.999199986 0.0239000004
vn 0.0406999998 0.999000013 0.0184000004
vn 0.0317000002 0.999300003 0.0193000007
vn 0.0291000009 0.999199986 0.0266999993
vn 0.0162000004 0.999300003 0.0348000005
vn 0.0263999999 0.999100029 0.0335999988
vn 0.00760000013 0.999899983 0.0120999999
vn 0.0197000001 0.999300003 0.0331999995
vn 0.0210999995 0.999300003 0.0295000002
vn 0.0231999997 0.999199986 0.0313000008
vn 0.0264999997 0.999499977 0.0185000002
vn 0.0333999991 0.999100029 0.0248000007
vn 0.0243999995 0.999599993 0.0144999996
vn 0.0285 0.99940002 0.0178999994
vn 0.0220999997 0.99970001 0.00960000046
vn 0.0344000012 0.999300003 0.0172000006
vn 0.0225000009 0.999599993 0.0154999997
vn 0.0337999985 0.999100029 0.0258000009
vn 0.0304000005 0.999300003 0.0222999994
vn 0.0307 0.999300003 0.0228000004
vn 0.0375000015 0.999000013 0.0255999994
vn 0.0182000007 0.99970001 0.0183000006
vn 0.0234999992 0.99970001 0.00960000046
vn 0.0372000001 0.998700023 0.0340999998
vn 0.0771000013 0.995800018 0.0500999987
vn 0.0381000005 0.99879998 0.0322000012
vn 0.397799999 0.907899976 0.132499993
vn 0.0346000008 0.999100029 0.0234999992
vn 0.958000004 0.191 0.213699996
vn 0.77640003 0.200900003 0.597299993
vn 0.0250000004 0.999300003 0.0262000002
vn 0.0315999985 0.999000013 0.0308999997
vn 0.0241999999 0.99940002 0.0263
vn 0.0205000006 0.999499977 0.0242999997
vn 0.0219999999 0.999499977 0.023
vn 0.456099987 0.855099976 -0.246600002
vn 0.0299999993 0.999199986 0.0247000009
vn 0.0259000007 0.999300003 0.0261000004
vn 0.0254999995 0.999300003 0.0281000007
vn 0.0222999994 0.99940002 0.0265999995
vn 0.0215000007 0.99940002 0.0272000004
vn 0.0197999999 0.999499977 0.0234999992
vn 0.0208000001 0.999599993 0.0194000006
vn 0.0103000002 0.99970001 0.0205000006
vn 0.0248000007 0.999300003 0.0285
vn -0.0373000018 0.998899996 0.0285999998
vn 0.00490000006 0.99970001 0.0238000005
vn 0.0149999997 0.99970001 0.0190999992
vn 0.0230999999 0.999300003 0.0284000002
vn 0.0265999995 0.999199986 0.0309999995
vn 0.0237000007 0.999300003 0.0273000002
vn 0.0276999995 0.999199986 0.0274
vn 0.0238000005 0.99940002 0.0264999997
vn 0.0172000006 0.999499977 0.0272000004
vn 0.0159000009 0.999499977 0.0285
vn 0.0160000008 0.999599993 0.0226000007
vn 0.0179999992 0.999199986 0.0346000008
vn 0.0311999992 0.999499977 0.00960000046
vn 0.0416000001 0.995599985 -0.0837000012
vn 0.0302000009 0.998899996 0.0351999998
vn 0.0212999992 0.999100029 0.0364000015
vn 0.0910999998 0.957099974 -0.275000006
vn 0.00949999969 0.999800026 -0.0148999998
vn 0.0188999996 0.998899996 0.0423000008
vn 0.0252999999 0.999100029 0.0350000001
vn 0.0324000008 0.998899996 0.0351999998
vn 0.0155999996 0.993900001 0.109399997
vn 0.0537 0.998300016 0.0237000007
vn -0.0324999988 0.980499983 -0.193800002
vn 0.107199997 0.942900002 -0.315299988
vn 0.166199997 0.97420001 -0.152400002
vn 0.220300004 0.904500008 -0.365099996
vn 0.188099995 0.978999972 0.0780000016
vn 0.331099987 0.943499982 0.0120000001
vn 0.0445000008 0.998600006 0.0300999992
vn 0.0441999994 0.998099983 0.0425999984
vn 0.0243999995 0.99940002 0.0238000005
vn 0.0204000007 0.99940002 0.0288999993
vn 0.00310000009 0.999599993 0.0274999999
vn 0.0249000005 0.999300003 0.0288999993
vn 0.000699999975 0.999199986 0.0406000018
vn 0.0273000002 0.999100029 0.0335999988
vn -0.0317000002 0.998600006 0.0419999994
vn -0.617799997 0.782800019 0.0746000037
vn -0.0898000002 0.995199978 0.0399000011
vn -0.93809998 0.340000004 0.0656000003
vn -0.958599985 0.279000014 0.056499999
vn 0.375 0.926999986 0.0013
vn 0.772199988 0.63499999 -0.0203000009
vn 0.756600022 0.653400004 -0.0253999997
vn -0.733500004 0.676999986 0.0610999987
vn -0.897599995 0.433299989 0.0812999979
vn -0.924499989 0.370200008 0.0905999988
vn -0.414900005 0.909099996 -0.0370000005
vn -0.995700002 0.069600001 0.0617999993
vn -0.478899986 0.872699976 0.0953999981
vn -0.173800007 0.982500017 0.0666999966
vn 0.579900026 0.814499974 -0.0172000006
vn 0.828499973 0.558499992 -0.0419000015
vn 0.0410000011 0.998899996 0.0208999999
vn 0.709500015 0.704699993 0.00419999985
vn 0.0379000008 0.999000013 0.0258000009
vn 0.764199972 0.640999973 -0.0715999976
vn 0.305299997 0.951799989 -0.0307
vn 0.703100026 0.711099982 0.00779999979
vn 0.987100005 -0.0720999986 -0.143000007
vn 0.0264999997 0.999499977 0.0194000006
vn -0.639999986 0.765299976 0.0693999976
vn 0.462099999 0.886699975 0.0124000004
vn 0.0295000002 0.995700002 0.0878000036
vn 0.797800004 0.600899994 -0.0487999991
vn 0.0161000006 0.999599993 0.0210999995
vn 0.189400002 0.98150003 0.0295000002
vn 0.202900007 0.978500009 -0.0370999984
vn 0.0161000006 0.999199986 0.0359000005
vn 0.0280000009 0.999100029 0.0320000015
vn 0.0557000004 0.998399973 0.00340000005
vn 0.0109999999 0.99970001 0.0199999996
vn 0.0164999999 0.999599993 0.0219999999
vn 0.00930000003 0.99970001 0.0211999994
vn 0.0315999985 0.999199986 0.0261000004
vn 0.00980000012 0.99970001 0.0205000006
vn 0.0243999995 0.999300003 0.0280000009
vn 0.0046000001 0.99970001 0.0245999992
vn 0.0146000003 0.99940002 0.0320000015
vn -0.00389999989 0.99970001 0.0242999997
vn 0.246900007 0.968900025 0.0138999997
vn -0.50940001 0.844600022 0.164900005
vn 0.0452000014 0.998399973 0.0329000019
vn 0.470099986 0.882499993 -0.0152000003
vn 0.0216000006 0.99940002 0.0282000005
vn 0.0201999992 0.99940002 0.0287999995
vn 0.0255999994 0.999199986 0.0322000012
vn 0.0181000009 0.999300003 0.0322000012
vn 0.0207000002 0.99940002 0.0260000005
vn 0.463800013 0.885100007 0.0383000001
vn 0.0120999999 0.99970001 0.0225000009
vn 0.0171000008 0.999499977 0.0272000004
vn 0.0416000001 0.999000013 0.0162000004
vn 0.0375000015 0.999100029 0.0209999997
vn 0.0249000005 0.99940002 0.0234999992
vn 0.0265999995 0.998000026 0.057599999
vn 0.00139999995 0.999800026 0.0181000009
vn 0.0113000004 0.999800026 0.0193000007
vn 0.000699999975 0.999599993 0.0274
vn 0.0166999996 0.99970001 0.0173000004
vn 0.0168999992 0.99970001 0.0154999997
vn 0.0223999992 0.99940002 0.0271000005
vn 0.0253999997 0.999100029 0.0326999985
vn 0.0226000007 0.999199986 0.0315000005
vn 0.0175000001 0.99940002 0.0308999997
vn 0.0253999997 0.999100029 0.0353999995
vn 0.0283000004 0.998700023 0.0419000015
vn 0.0238000005 0.999000013 0.0388999991
vn 0.0225000009 0.99940002 0.0250000004
vn 0.0302000009 0.99879998 0.0381000005
vn 0.0297999997 0.999100029 0.0309999995
vn 0.0241999999 0.999599993 0.0175999999
vn 0.0271000005 0.999100029 0.0326999985
vn 0.0252999999 0.999300003 0.0260000005
vn 0.0256999992 0.999000013 0.0375999995
vn 0.0280000009 0.998899996 0.0377999991
vn 0.0274999999 0.998899996 0.0377999991
vn 0.0259000007 0.999199986 0.0291000009
vn 0.0259000007 0.999300003 0.0280000009
vn 0.0295000002 0.999100029 0.0307999998
vn 0.0212999992 0.998899996 0.0428000018
vn 0.0266999993 0.999499977 0.0182000007
vn 0.0300999992 0.999100029 0.0299999993
vn 0.0232999995 0.999300003 0.0276999995
vn 0.0130000003 0.999499977 0.0291000009
vn 0.0346000008 0.99879998 0.0346000008
vn -0.0208000001 0.998300016 0.0551999994
vn 0.0317000002 0.998899996 0.0339000002
vn 0.0262000002 0.99940002 0.0245999992
vn 0.0131999999 0.999499977 0.0295000002
vn -0.061900001 0.993399978 0.0965000018
vn -0.465799987 0.88380003 -0.0436000004
vn -0.862699986 0.232099995 0.449400008
vn 0.110100001 0.986400008 -0.121799998
vn -0.0881000012 0.95569998 0.280900002
vn -0.997699976 0.0445000008 0.0515000001
vn -0.746800005 -0.127000004 0.652800024
vn -0.742299974 -0.0104 0.670000017
vn 0.175300002 0.811699986 -0.557099998
vn -0.747600019 0.117799997 0.653599977
vn 0.116499998 0.849399984 -0.514599979
vn 0.121399999 0.975199997 -0.185000002
vn 0.0263999999 0.796299994 -0.604399979
vn 0.790000021 0.0124000004 0.612999976
vn 0.726800025 -0.0896999985 0.680899978
vn 0.760200024 0.175699994 0.625500023
vn 0.950600028 -0.0971999988 0.294699997
vn 0.335599989 0.929099977 0.155399993
vn -0.334399998 0.940199971 0.0649999976
vn -0.0593000017 0.949599981 -0.307799995
vn -0.0108000003 0.999899983 -0.00430000015
vn 0.0263999999 0.999499977 0.0177999996
vn 0.0333999991 0.998899996 0.0329000019
vn 0.0366999991 0.998899996 0.0295000002
vn 0.0344000012 0.999000013 0.0295000002
vn 0.0263 0.99940002 0.0204000007
vn -0.319099993 0.873700023 -0.367199987
vn 0.397100002 0.917299986 0.0310999993
vn 0.169499993 0.985400021 0.0142999999
vn -0.896399975 -0.0395999998 -0.441500008
vn 0.25999999 0.92019999 0.292600006
vn 0.183500007 0.916299999 0.356000006
vn 0.0864999965 0.996299982 0.000500000024
vn -0.489600003 0.068400003 -0.869199991
vn -0.0161000006 0.922100008 0.386700004
vn -0.0395999998 0.986699998 0.157800004
vn -0.112999998 0.993399978 -0.0219000001
vn -0.0887999982 0.899299979 -0.42809999
vn -0.444499999 0.8204 -0.359600008
vn -0.342599988 0.906000018 -0.248400003
vn -0.342999995 0.878000021 0.333900005
vn -0.444499999 0.893899977 0.0577000007
vn 0.956099987 -0.244499996 -0.161400005
vn 0.0395000018 0.998700023 -0.0315999985
vn -0.0732999966 -0.186499998 -0.979700029
vn -0.0947000012 -0.0595000014 -0.993700027
vn 0.304899991 -0.2597 -0.916299999
vn 0.463400006 -0.332800001 -0.821200013
vn -0.0491000004 0.825699985 0.561999977
vn -0.284099996 0.896499991 0.339899987
vn 0.0264999997 0.999199986 0.0308999997
vn 0.0309999995 0.999300003 0.0227000006
vn 0.720700026 -0.0181000009 -0.693099976
vn -0.439700007 0.79369998 0.420399994
vn 0.719699979 0.561500013 -0.408300012
vn 0.0324999988 0.998899996 0.0335999988
vn 0.0255999994 0.999199986 0.0315000005
vn 0.0244999994 0.999300003 0.0272000004
vn 0.0248000007 0.999300003 0.0271000005
vn 0.0258000009 0.999300003 0.0269000009
vn 0.0262000002 0.999199986 0.0299999993
vn 0.0185000002 0.99940002 0.0297999997
vn 0.0136000002 0.99940002 0.0307
vn 0.0174000002 0.999300003 0.0318000019
vn -0.210600004 0.967999995 0.136299998
vn -0.0781000033 0.995199978 0.0590999983
vn -0.0974999964 0.920300007 0.378800005
vn -0.684000015 0.702199996 0.197500005
vn 0.0236000009 0.999300003 0.0297999997
vn 0.0236000009 0.999300003 0.0275999997
vn 0.0247000009 0.999199986 0.0320000015
vn 0.0245999992 0.99940002 0.0252
vn 0.0362999998 0.99879998 0.0313999988
vn 0.0218000002 0.998899996 0.0403999984
vn 0.0258000009 0.999499977 0.0175999999
vn 0.0199999996 0.999000013 0.0395000018
vn 0.0298999995 0.999000013 0.0340000018
vn -0.0170000009 0.999599993 0.0241999999
vn 0.0193000007 0.999300003 0.0320999995
vn -0.0110999998 0.999499977 0.0288999993
vn -0.378399998 0.923200011 0.0670000017
vn -0.841199994 0.525099993 0.1294
vn 0.321999997 0.935299993 0.146699995
vn -0.594900012 0.799499989 0.0828000009
vn -0.736500025 0.669200003 0.0984999985
vn -0.875800014 0.464100003 0.132499993
vn -0.549899995 0.824500024 0.133499995
vn 0.699500024 0.708700001 -0.0917999968
vn 0.457399994 0.886399984 -0.0706999972
vn 0.462700009 0.885699987 -0.0379999988
vn -0.246299997 0.962100029 0.116800003
vn 0.36590001 0.929199994 0.0518999994
vn 0.301999986 0.948700011 0.0935999975
vn 0.929499984 0.322299987 0.1796
vn 0.9375 0.25060001 0.241500005
vn 0.965699971 0.143999994 0.216199994
vn 0.959399998 0.148900002 0.239700004
vn 0.948700011 0.150800005 0.277999997
vn 0.923900008 0.281300008 0.259299994
vn 0.82950002 0.4991 0.250499994
vn 0.256199986 0.960799992 0.106200002
vn 0.291799992 0.950200021 0.109700002
vn 0.381900012 0.909799993 0.162699997
vn 0.47209999 0.867500007 0.156900004
vn 0.378500015 0.914499998 0.142800003
vn 0.714600027 0.671700001 0.195500001
vn 0.38530001 0.915099978 0.118799999
vn 0.977900028 0.148800001 0.146599993
vn 0.368900001 0.2685 -0.889900029
vn 0.353799999 0.126499996 -0.926699996
vn 0.361699998 0.58950001 -0.722299993
vn 0.346300006 0.151899993 -0.925700009
vn 0.265399992 0.777199984 -0.570599973
vn 0.514199972 0.0756999999 -0.854300022
vn 0.47209999 0.879199982 0.0649000034
vn 0.0951000005 0.995000005 -0.0315000005
vn 0.76880002 0.442000002 -0.462199986
vn 0.984600008 0.145999998 0.0964000002
vn 0.0703999996 0.997099996 0.0285999998
vn 0.0397999994 0.998899996 0.0247000009
vn 0.891099989 0.0285999998 -0.452899992
vn 0.630599976 0.156900004 -0.75999999
vn 0.426999986 0.103100002 -0.898400009
vn 0.892499983 0.355300009 0.277999997
vn 0.304500014 0.0386999995 -0.951699972
vn 0.789300025 0.607200027 -0.0907000005
vn 0.590200007 0.798300028 0.120099999
vn 0.756099999 0.612399995 -0.231000006
vn 0.0253999997 0.999300003 0.0258000009
vn 0.0296 0.999199986 0.0270000007
vn 0.0289999992 0.999300003 0.0254999995
vn 0.0276999995 0.99940002 0.0228000004
vn 0.0379000008 0.999000013 0.0221999995
vn 0.0434999987 0.998700023 0.0248000007
vn 0.154300004 0.986500025 0.0538999997
vn 0.057 0.997799993 0.0331000015
vn 0.874100029 0.406399995 0.266000003
vn 0.0441999994 0.998700023 0.0261000004
vn 0.0331999995 0.999100029 0.0254999995
vn 0.928200006 0.216100007 0.302899987
vn 0.0357999988 0.999100029 0.0242999997
vn 0.0333000012 0.999199986 0.0238000005
vn 0.0299999993 0.999300003 0.0241999999
vn 0.0311999992 0.999199986 0.0233999994
vn 0.0310999993 0.999199986 0.0249000005
vn 0.946200013 0.135700002 0.29370001
vn 0.0307 0.999300003 0.0214000009
vn 0.0299999993 0.999300003 0.0236000009
vn 0.0324999988 0.999199986 0.0240000002
vn 0.0320999995 0.999199986 0.0228000004
vn 0.0302000009 0.999300003 0.0240000002
vn 0.0317000002 0.999199986 0.0238000005
vn 0.0241999999 0.99940002 0.0236000009
vn 0.90109998 0.313899994 0.299199998
vn 0.936500013 0.194499999 0.291700006
vn 0.952400029 -0.0722000003 0.296200007
vn 0.964100003 -0.0165999997 0.265100002
vn 0.971800029 -0.00630000001 0.2359
vn 0.943899989 0.0974000022 0.315400004
vn 0.9472 0.128299996 0.293799996
vn 0.947899997 0.155499995 0.27790001
vn 0.945500016 0.213 0.246399999
vn 0.707700014 0.591600001 -0.386200011
vn 0.925599992 0.28639999 -0.247400001
vn 0.944999993 0.205200002 0.254599988
vn 0.307300001 0.951399982 0.0181000009
vn 0.613099992 0.739099979 -0.279100001
vn 0.512300014 0.852299988 0.105400003
vn 0.231800005 0.967800021 0.0982000008
vn 0.283300012 0.952700019 0.110200003
vn 0.709999979 0.679899991 0.183500007
vn 0.744899988 0.619400024 0.248099998
vn 0.956900001 0.0346000008 0.288199991
vn 0.953199983 -0.0140000004 0.301999986
vn 0.185599998 0.978999972 0.0837000012
vn 0.200299993 0.976499975 0.0798999965
vn 0.900200009 0.309199989 0.306800008
vn 0.941999972 0.103500001 0.319299996
vn 0.940299988 0.154200003 0.30340001
vn 0.0566000007 0.997699976 0.0361000001
vn 0.0461000018 0.998399973 0.0311999992
vn 0.945500016 0.0938000008 0.311699986
vn 0.943400025 0.102300003 0.315600008
vn 0.942099988 0.108599998 0.317099988
vn 0.0397000015 0.998600006 0.0346000008
vn 0.0320999995 0.999000013 0.0318000019
vn 0.109200001 0.992299974 0.0577999987
vn 0.785399973 0.541899979 0.299100012
vn 0.933099985 0.155599996 0.324400008
vn 0.102499999 0.993300021 0.0538999997
vn 0.711799979 0.659099996 0.243000001
vn 0.940500021 0.175899997 0.290800005
vn 0.911000013 0.300300002 0.282799989
vn 0.0339000002 0.998899996 0.0311999992
vn 0.0355000012 0.999000013 0.0285
vn 0.0285999998 0.999300003 0.0242999997
vn 0.939899981 0.148399994 0.307500005
vn 0.0289999992 0.999100029 0.0320999995
vn 0.0294000003 0.999100029 0.0288999993
vn 0.0302000009 0.999199986 0.0243999995
vn 0.0296 0.999100029 0.0304000005
vn 0.472000003 0.866699994 0.161300004
vn 0.1065 0.992900014 0.0538000017
vn 0.944899976 0.118699998 0.305000007
vn 0.0293000005 0.999300003 0.0250000004
vn 0.0333999991 0.999100029 0.0261000004
vn 0.901600003 0.319999993 0.291000009
vn 0.0285 0.999300003 0.0252999999
vn 0.959999979 -0.0171000008 0.279300004
vn 0.966799974 -0.0472000018 0.251100004
vn 0.952300012 0.1417 0.270300001
vn 0.989899993 0.00779999979 0.141200006
vn 0.886300027 0.364800006 0.2852
vn -0.0210999995 0.999499977 0.0244999994
vn 0.208299994 0.974099994 0.0886000022
vn -0.0242999997 0.998700023 0.0439000018
vn 0.787800014 0.565199971 0.244900003
vn 0.953700006 -0.0276999995 0.299499989
vn 0.0434999987 0.986299992 0.159199998
vn 0.360000014 0.904799998 0.227699995
vn 0.884800017 -0.0732000023 0.460200012
vn 0.939100027 0.0683000013 0.336899996
vn 0.317299992 0.0346999988 0.947700024
vn -0.0322000012 0.0375999995 0.99879998
vn -0.638199985 0.514500022 0.572700024
vn -0.305500001 0.00850000046 0.952199996
vn -0.282900006 0.3301 0.900600016
vn -0.971300006 -0.0640999973 -0.2289
vn -0.8125 -0.0971999988 -0.574800014
vn -0.525200009 0.500199974 -0.688499987
vn -0.131999999 0.987299979 -0.0885000005
vn -0.0480000004 0.996599972 0.0669
vn -0.447600007 -0.0888999999 -0.889800012
vn -0.622699976 0.376199991 -0.686100006
vn -0.0934000015 0.993600011 -0.0631999969
vn -0.210600004 0.550800025 0.807600021
vn -0.253500015 0.0478999987 0.966199994
vn 0.0502000004 0.998099983 0.0348999985
vn 0.166299999 0.975799978 0.141900003
vn 0.78670001 0.56190002 0.255600005
vn -0.778299987 -0.1831 -0.600499988
vn -0.230800003 0.970300019 -0.0728999972
vn 0.952099979 -0.0640999973 0.298999995
vn 0.949999988 -0.0812000036 0.301600009
vn 0.138099998 0.879599988 -0.4551
vn -0.768299997 0.558000028 -0.313699991
vn -0.764199972 0.605700016 -0.221399993
vn -0.275299996 0.959800005 -0.0540999994
vn -0.845099986 0.48969999 -0.214499995
vn 0.656799972 0.754100025 0.00209999993
vn -0.101400003 0.894800007 0.434899986
vn 0.0046000001 0.863900006 0.503600001
vn -0.374300003 0.225099996 0.899600029
vn -0.298700005 -0.00949999969 0.954299986
vn -0.210600004 0.977199972 0.0267999992
vn -0.789799988 0.612500012 0.0324000008
vn -0.538399994 -0.0232999995 0.842400014
vn -0.312999994 -0.0546999983 0.948199987
vn -0.437400013 0.896600008 -0.068400003
vn -0.252200007 -0.0317000002 0.967100024
vn -0.54339999 -0.0427000001 0.838400006
vn -0.327399999 -0.0141000003 0.944800019
vn -0.58890003 0.0244999994 -0.807799995
vn -0.614499986 -0.138400003 -0.77670002
vn -0.911899984 -0.0516000018 -0.407200009
vn 0.948899984 -0.0913000032 0.301999986
vn 0.541299999 0.814599991 -0.208499998
vn 0.421799988 0.902499974 -0.0866999999
vn 0.307099998 0.94599998 -0.104199998
vn 0.00200000009 0.990999997 -0.133900002
vn 0.899200022 0.432200015 0.0689999983
vn -0.451200008 0.780700028 -0.432200015
vn -0.754000008 0.655300021 -0.0454999991
vn -0.618700027 0.766900003 -0.170399994
vn -0.724300027 0.664900005 0.182400003
vn -0.739099979 -0.00200000009 0.673600018
vn 0.344399989 0.0478999987 -0.937600017
vn 0.364600003 0.1039 -0.925300002
vn 0.376199991 0.0727000013 -0.923699975
vn 0.40290001 0.0741999969 -0.912199974
vn -0.391000003 -0.0926999971 0.915700018
vn -0.356900007 -0.204500005 0.911499977
vn -0.49090001 -0.215499997 0.844099998
vn -0.732900023 -0.180999994 0.655799985
vn -0.555999994 -0.145799994 0.818300009
vn 0.3653 -0.0326999985 -0.930299997
vn 0.318100005 -0.0842999965 -0.944299996
vn 0.283499986 -0.0329999998 -0.958400011
vn 0.298200011 -0.123599999 -0.946500003
vn 0.307599992 0.0185000002 -0.951300025
vn 0.763300002 0.633000016 -0.129299998
vn 0.36559999 0.170599997 0.915000021
vn 0.723500013 0.065200001 0.68720001
vn 0.402999997 -0.136600003 0.904900014
vn 0.800899982 0.260600001 0.539099991
vn 0.170300007 0.98269999 0.0731000006
vn -0.414900005 0.909699976 0.0151000004
vn -0.2491 0.443399996 0.861000001
vn -0.530600011 0.44600001 0.720799983
vn -0.507700026 0.841799974 -0.183599994
vn -0.547999978 0.809700012 0.209999993
vn 0.0960000008 -0.163000003 0.981899977
vn -0.252600014 -0.111400001 0.961099982
vn -0.129199997 -0.246399999 0.960500002
vn 0.225299999 -0.0669 -0.972000003
vn 0.0898000002 -0.064199999 -0.993900001
vn 0.143999994 -0.0923999995 -0.985300004
vn 0.341100007 0.0306000002 -0.939499974
vn 0.341300011 -0.0812999979 -0.936399996
vn 0.302599996 0.0414999984 -0.952199996
vn 0.430400014 -0.246399999 0.868300021
vn 0.176499993 -0.273499995 0.945500016
vn -0.306499988 -0.208399996 0.928799987
vn 0.377600014 -0.285899997 0.880699992
vn 0.0549999997 -0.269499987 0.961399972
vn -0.0557000004 -0.145199999 0.987800002
vn 0.252299994 0.0498999991 -0.966400027
vn 0.369500011 0.0421999991 -0.928300023
vn 0.317400008 -0.0215000007 -0.948000014
vn 0.323900014 -0.0183000006 -0.945900023
vn 0.296200007 0.181500003 -0.937699974
vn 0.1193 0.981000006 0.153099999
vn 0.0610999987 0.996200025 0.0617000014
vn 0.0656000003 0.996100008 0.0595999993
vn 0.0844999999 0.995599985 -0.0408999994
vn 0.0469999984 0.996399999 0.070100002
vn -0.0851999968 -0.063000001 0.994400024
vn 0.430900007 0.0737000033 0.899399996
vn 0.0410999991 0.94569999 0.32249999
vn 0.0888999999 0.974399984 0.206699997
vn 0.00410000002 0.99059999 0.136700004
vn -0.372999996 0.479200006 0.794499993
vn 0.0601000004 0.998099983 -0.0127999997
vn 0.0252999999 0.999199986 0.0309999995
vn 0.29339999 0.268099993 -0.917599976
vn 0.127900004 0.941999972 -0.310200006
vn 0.210099995 0.717000008 -0.664699972
vn 0.968299985 -0.214399993 0.128299996
vn 0.946099997 -0.0869000033 0.312099993
vn 0.984700024 -0.118100002 -0.127800003
vn 0.791000009 -0.0427000001 0.610300004
vn 0.462000012 0.827199996 0.319799989
vn 0.0152000003 0.999199986 0.0361000001
vn -0.156200007 0.987699986 -0.00249999994
vn 0.701300025 -0.248799995 0.667999983
vn -0.542699993 0.398699999 0.739300013
vn -0.624800026 0.758899987 0.183699995
vn -0.698099971 0.374900013 0.610000014
vn 0.357499987 0.691900015 0.627200007
vn 0.167600006 0.736699998 0.655099988
vn 0.790700018 0.575299978 0.209299996
vn 0.310299993 0.722500026 0.617799997
vn 0.322699994 0.594399989 0.736599982
vn 0.565500021 0.632799983 0.528999984
vn 0.751699984 0.615700006 0.236599997
vn 0.0993999988 0.276899993 0.95569998
vn -0.545400023 0.801199973 0.246099994
vn 0.494399995 0.794399977 0.352800012
vn -0.465600014 0.659099996 0.590600014
vn -0.659399986 0.587300003 0.469399989
vn -0.929099977 0.364100009 0.0647
vn -0.615499973 0.788100004 0.00079999998
vn 0.51730001 0.824500024 0.229399994
vn -0.789600015 0.48210001 -0.379700005
vn -0.810699999 -0.335099995 0.480100006
vn -0.995999992 0.0559 -0.0697999969
vn 0.799399972 0.592700005 -0.0982000008
vn 0.751600027 0.658599973 0.0368000008
vn 0.884800017 0.369700015 -0.283800006
vn 0.182600006 0.89139998 -0.414900005
vn 0.381300002 0.907000005 -0.178900003
vn 0.828100026 0.54430002 -0.134399995
vn -0.359299988 0.880599976 -0.308899999
vn 0.793200016 0.59920001 0.108000003
vn 0.581900001 0.813199997 -0.0107000005
vn -0.439999998 0.660399973 -0.608500004
vn -0.464599997 0.583299994 -0.666299999
vn -0.431699991 0.828800023 -0.356000006
vn -0.0979999974 0.934899986 -0.340999991
vn -0.140100002 0.925300002 -0.352499992
vn -0.0954999998 0.963 -0.252200007
vn 0.288199991 0.839600027 0.460500002
vn 0.0270000007 0.992200017 -0.1215
vn -0.650099993 0.756900012 0.0671000034
vn 0.748399973 0.595600009 0.291799992
vn 0.943099976 -0.107100002 0.314799994
vn 0.670799971 0.720300019 0.176799998
vn 0.406699985 0.887000024 0.218700007
vn 0.868499994 0.354999989 0.345999986
vn 0.854200006 -0.211199999 0.475100011
vn 0.728999972 -0.211199999 0.65109998
vn 0.530300021 -0.354400009 0.770200014
vn 0.886799991 -0.1796 0.425799996
vn -0.0416000001 0.963199973 -0.265500009
vn -0.00310000009 0.96329999 -0.268299997
vn -0.53549999 0.767799973 0.351900011
vn -0.596300006 0.632200003 0.494700015
vn -0.673099995 -0.258300006 0.692900002
vn 0.0210999995 0.999599993 0.0185000002
vn 0.0276999995 0.999300003 0.0259000007
vn 0.0265999995 0.999300003 0.0271000005
vn 0.0313999988 0.999199986 0.0250000004
vn 0.0932999998 0.965399981 -0.243499994
vn 0.0142000001 0.99940002 -0.0331000015
vn 0.169499993 0.727599978 -0.664799988
vn 0.292299986 0.424499989 -0.856999993
vn 0.258599997 0.318100005 -0.912100017
vn 0.305099994 0.574599981 -0.75940001
vn 0.378699988 0.193200007 -0.905099988
vn 0.0203000009 0.99970001 0.00999999978
vn 0.0335000008 0.99940002 0.0107000005
vn 0.0151000004 0.999199986 0.0361000001
vn 0.0168999992 0.999599993 -0.0233999994
vn 0.0359000005 0.999000013 0.0249000005
vn -0.0390000008 0.611299992 -0.790499985
vn 0.0281000007 0.99940002 -0.0186999999
vn 0.0174000002 0.999499977 0.0277999993
vn 0.159799993 0.240999997 -0.957300007
vn -0.234999999 0.251300007 -0.938899994
vn -0.762199998 0.183400005 -0.620800018
vn -0.587700009 0.172199994 -0.790499985
vn -0.107799999 0.245499998 -0.963400006
vn 0.261700004 0.128399998 -0.95660001
vn -0.555199981 0.482199997 -0.677600026
vn -0.412 0.79460001 -0.445899993
vn -0.405299991 0.405200005 -0.819400012
vn 0.0383000001 0.999199986 0.0142999999
vn 0.0392000005 0.999100029 0.0131999999
vn 0.0194000006 0.999599993 0.0222999994
vn 0.0208999999 0.99940002 0.0270000007
vn 0.0285 0.999300003 0.0229000002
vn 0.0262000002 0.99940002 0.0210999995
vn 0.0270000007 0.999100029 0.0326000005
vn -0.176200002 0.851800025 -0.493299991
vn -0.182799995 0.978600025 0.0939999968
vn -0.318699986 0.166500002 0.933099985
vn -0.296499997 0.1382 0.944999993
vn -0.256300002 0.556699991 0.790199995
vn -0.301499993 0.268299997 0.914900005
vn -0.3134 0.129800007 0.940699995
vn -0.324000001 0.0995000005 0.940800011
vn -0.442600012 0.584599972 -0.680000007
vn 0.00300000003 0.821699977 -0.569899976
vn -0.512899995 0.267800003 -0.815599978
vn -0.310699999 0.59009999 0.745100021
vn -0.00419999985 0.999199986 0.0397999994
vn 0.00719999988 0.999800026 0.0195000004
vn -0.115199998 0.993300021 -0.00350000011
vn -0.735099971 0.644699991 -0.209700003
vn -0.0181000009 0.999199986 0.0366000012
vn 0.0194000006 0.999599993 0.0220999997
vn 0.00689999992 0.999499977 0.0308999997
vn -0.287200004 0.955600023 -0.0658999979
vn -0.944199979 0.212599993 -0.251700014
vn -0.961000025 0.0929000005 -0.26030001
vn -0.929099977 0.256799996 -0.266200006
vn -0.949199975 0.219400004 -0.225600004
vn -0.949800014 0.0979000032 -0.297199994
vn -0.957300007 0.060899999 -0.282700002
vn -0.957199991 0.0942000002 -0.273699999
vn -0.299199998 0.100199997 0.948899984
vn -0.300500005 0.0705000013 0.951200008
vn 0.0186000001 0.999499977 0.0236000009
vn 0.0115 0.999199986 0.0392999984
vn -0.0350000001 0.999100029 0.0230999999
vn -0.00120000006 0.997900009 0.0648000017
vn -0.414700001 0.725000024 -0.550000012
vn -0.26730001 0.226500005 0.936600029
vn -0.607500017 0.693199992 0.387800008
vn -0.618399978 0.575100005 0.535600007
vn -0.408300012 0.190300003 0.892799973
vn -0.453099996 0.449999988 -0.769599974
vn -0.618700027 0.75880003 -0.203500003
vn 0.0340999998 0.991900027 0.122500002
vn 0.330300003 -0.141599998 0.933200002
vn -0.00600000005 0.999599993 0.0274999999
vn -0.634500027 0.542599976 -0.550400019
vn -0.447400004 0.497700006 -0.742999971
vn -0.00989999995 0.999800026 0.0197999999
vn 0.142000005 0.989300013 -0.0339000002
vn 0.0760999992 0.997099996 -0.00200000009
vn 0.00930000003 0.999899983 0.0115999999
vn -0.965900004 0.204400003 -0.158800006
vn -0.955500007 0.1171 -0.270799994
vn -0.963699996 0.0744000003 -0.256300002
vn -0.953000009 0.0864999965 -0.290399998
vn -0.950800002 0.102499999 -0.292299986
vn -0.959399998 0.151899993 -0.237800002
vn -0.950200021 0.160600007 -0.267199993
vn -0.936100006 0.2086 -0.283100009
vn -0.842599988 0.200399995 0.499900013
vn -0.933899999 0.347499996 0.0844999999
vn -0.557099998 0.720799983 0.412400007
vn -0.614799976 0.751100004 0.240400001
vn -0.834800005 0.550499976 -0.00960000046
vn -0.731700003 0.670700014 -0.121200003
vn -0.907500029 0.360500008 -0.215399995
vn -0.887899995 0.379999995 -0.259299994
vn -0.34709999 0.0797000006 0.934400022
vn -0.44690001 0.0513000004 0.893100023
vn -0.620899975 0.0888999999 0.778800011
vn -0.341100007 0.127499998 0.931299984
vn -0.388799995 0.214200005 0.896099985
vn -0.312400013 0.0747999996 0.947000027
vn -0.297100008 0.0665000007 0.952499986
vn -0.485799998 0.417699993 0.767799973
vn 0.0195000004 0.999800026 0.00289999996
vn -0.199599996 0.979700029 -0.0163000003
vn -0.802600026 0.55250001 -0.224900007
vn -0.93809998 0.201000005 -0.282099992
vn -0.954200029 0.117700003 -0.275099993
vn -0.943799973 0.0940999985 -0.316900015
vn -0.939800024 0.0954999998 -0.328000009
vn 0.0259000007 0.998600006 0.0465000011
vn -0.950699985 0.108800001 -0.290399998
vn -0.939700007 0.0736000016 -0.333900005
vn -0.941799998 0.0675000027 -0.329299986
vn -0.922800004 0.250800014 -0.292600006
vn -0.931900024 0.239399999 -0.272599995
vn -0.944199979 0.0784000009 -0.319999993
vn -0.944599986 0.111299999 -0.308800012
vn -0.944000006 0.0694999993 -0.32249999
vn -0.951600015 0.0401999988 -0.304800004
vn -0.938899994 0.0362999998 -0.342200011
vn -0.936600029 0.180000007 -0.300500005
vn -0.944400012 0.148000002 -0.29370001
vn -0.943000019 0.146400005 -0.298999995
vn -0.951699972 0.0737999976 -0.298099995
vn -0.958899975 0.0756999999 -0.273400009
vn -0.952400029 0.116599999 -0.281800002
vn -0.952400029 0.110799998 -0.284200013
vn -0.948899984 0.0515000001 -0.311399996
vn -0.934199989 0.0546000004 -0.352499992
vn -0.963500023 0.0362999998 -0.265300006
vn -0.969099998 0.0292000007 -0.245000005
vn -0.964699984 0.0791999996 -0.251300007
vn -0.945900023 0.0970000029 -0.309599996
vn -0.958299994 0.0264999997 -0.284500003
vn -0.951200008 0.0891999975 -0.295399994
vn -0.951399982 0.125100002 -0.281500012
vn -0.850099981 0.474099994 -0.229200006
vn -0.949999988 0.140000001 -0.279100001
vn -0.132200003 0.99119997 -0.00650000013
vn -0.684099972 0.705200016 -0.186499998
vn -0.958299994 0.139699996 -0.249500006
vn -0.938600004 0.203999996 -0.278200001
vn -0.950999975 0.111000001 -0.288700014
vn -0.949299991 0.135299996 -0.283899993
vn -0.943199992 0.137500003 -0.302300006
vn -0.950699985 0.0803000033 -0.299400002
vn -0.940100014 0.1919 -0.281699985
vn -0.958100021 0.0997999981 -0.268400013
vn -0.0280000009 0.999499977 0.0119000003
vn -0.0141000003 0.999899983 -0.00260000001
vn -0.0878000036 0.995500028 -0.0344000012
vn -0.0151000004 0.999800026 0.0131000001
vn -0.64380002 0.736100018 -0.208800003
vn -0.835500002 0.483799994 -0.260399997
vn -0.92049998 0.2685 -0.284000009
vn -0.927600026 0.192399994 -0.320199996
vn -0.00829999987 0.999599993 0.0275999997
vn -0.947799981 0.0665000007 -0.311800003
vn -0.928200006 0.0419999994 -0.369800001
vn -0.9278 0.123099998 -0.352200001
vn -0.933700025 0.0653999969 -0.351999998
vn -0.965499997 0.0399999991 -0.257299989
vn 0.100900002 0.970899999 -0.217199996
vn 0.0163000003 0.999800026 -0.0118000004
vn 0.165800005 0.984300017 -0.0612999983
vn 0.0979000032 0.992299974 -0.0758000016
vn 0.102200001 0.988900006 -0.107699998
vn 0.0700000003 0.997500002 -0.00439999998
vn 0.070600003 0.997399986 0.0115
vn 0.167699993 0.982800007 -0.0776999965
vn 0.173999995 0.942200005 -0.286300004
vn 0.00329999998 0.998000026 -0.063000001
vn 0.301600009 0.711099982 -0.635100007
vn 0.0201999992 0.999800026 0.00860000029
vn 0.0239000004 0.999599993 0.0147000002
vn 0.0322999991 0.999000013 0.0294000003
vn 0.0219000001 0.999599993 0.0161000006
vn 0.0309999995 0.999499977 0.0109999999
vn 0.0263999999 0.999300003 0.0262000002
vn 0.0299999993 0.999300003 0.0234999992
vn 0.0259000007 0.999599993 0.0109000001
vn 0.0233999994 0.99970001 0.00600000005
vn 0.00960000046 0.99940002 0.0335999988
vn 0.0168999992 0.99940002 0.0299999993
vn 0.0259000007 0.999199986 0.0288999993
vn 0.0274999999 0.998899996 0.0373000018
vn 0.0337000005 0.999000013 0.0308999997
vn 0.0214000009 0.999300003 0.0302000009
vn 0.0248000007 0.99940002 0.0226000007
vn 0.0243999995 0.999199986 0.0311999992
vn 0.0305000003 0.999199986 0.0242999997
vn 0.0313000008 0.999000013 0.0318000019
vn 0.144400001 0.987600029 -0.0615000017
vn 0.0997999981 0.994899988 -0.0130000003
vn 0.0285 0.99940002 0.0168999992
vn 0.0250000004 0.999300003 0.0280000009
vn 0.0228000004 0.999599993 0.0175999999
vn 0.0732999966 0.985099971 -0.155399993
vn 0.0489000008 0.99849999 0.0226000007
vn 0.0483999997 0.998600006 0.0226000007
vn 0.0604999997 0.997300029 0.0416000001
vn 0.1096 0.993900001 -0.00910000037
vn 0.0971999988 0.985499978 -0.138999999
vn 0.180500001 0.973999977 -0.136800006
vn 0.0461999997 0.99879998 0.0135000004
vn 0.1237 0.986199975 -0.109800003
vn 0.0210999995 0.999100029 0.0379999988
vn 0.0280000009 0.999199986 0.0275999997
vn 0.0241999999 0.999199986 0.0317000002
vn 0.0337999985 0.99940002 0.00960000046
vn 0.0414999984 0.999000013 0.0182000007
vn 0.0434999987 0.99849999 0.0322999991
vn 0.0571999997 0.998000026 0.0263
vn 0.0498999991 0.99849999 0.0234999992
vn 0.0234999992 0.999300003 0.0307
vn 0.0115 0.999599993 0.0271000005
vn 0.0248000007 0.999599993 0.0148999998
vn -0.0165999997 0.999199986 0.0359000005
vn -0.00600000005 0.998899996 0.0474999994
vn 0.00350000011 0.998899996 0.0465999991
vn -0.0276999995 0.99940002 0.0216000006
vn 0.0126 0.99970001 0.0203000009
vn 0.0270000007 0.99849999 0.0478000008
vn 0.0153000001 0.997099996 0.0751999989
vn 0.0264999997 0.999599993 0.00879999995
vn 0.0375999995 0.999100029 0.0210999995
vn 0.0368999988 0.997399986 0.0614
vn 0.0263999999 0.994799972 0.0980999991
vn 0.0362000018 0.998099983 0.0493000001
vn 0.0124000004 0.998199999 0.058699999
vn 0.00789999962 0.996599972 0.0813999996
vn 0.0392000005 0.997699976 0.0559
vn -0.0318000019 0.971499979 0.235100001
vn 0.0381000005 0.998600006 0.0362999998
vn 0.0379000008 0.998399973 0.0410000011
vn 0.0231999997 0.999100029 0.0348999985
vn 0.0239000004 0.999100029 0.0337999985
vn 0.0337999985 0.999000013 0.0305000003
vn 0.0241999999 0.999199986 0.0329999998
vn 0.0229000002 0.999100029 0.0368999988
vn 0.307799995 0.411500007 -0.857900023
vn 0.779399991 0.608699977 -0.148499995
vn 0.294400007 0.702799976 -0.647599995
vn 0.390899986 -0.0746000037 -0.917400002
vn 0.318500012 0.602500021 -0.73180002
vn 0.145099998 0.988900006 0.0306000002
vn 0.872600019 0.179199994 0.45449999
vn -0.172299996 0.702300012 0.690800011
vn -0.133599997 0.844399989 0.51880002
vn -0.281699985 0.351099998 0.893000007
vn -0.307599992 0.166299999 0.93690002
vn 0.0186000001 0.910099983 -0.414099991
vn 0.0124000004 0.999499977 0.0273000002
vn 0.0115 0.997399986 0.0713
vn 0.0410000011 0.995899975 0.0804999992
vn -0.317499995 0.0829999968 0.944599986
vn -0.314700007 0.0878999978 0.945100009
vn 0.937399983 0.0852999985 0.337599993
vn 0.930299997 0.0974000022 0.353599995
vn 0.922599971 0.157299995 0.352299988
vn 0.925100029 0.124899998 0.358700007
vn 0.867299974 0.289200008 0.405099988
vn 0.935000002 0.0957000032 0.341399997
vn 0.937300026 0.0888999999 0.337099999
vn 0.938600004 0.0544000007 0.340600014
vn -0.394499987 0.910000026 -0.127700001
vn 0.0452999994 0.997500002 0.054299999
vn 0.913500011 0.194000006 0.357600003
vn 0.426600009 0.886300027 0.180399999
vn 0.271400005 0.954999983 0.119400002
vn -0.667900026 0.686800003 -0.286799997
vn -0.150199994 0.948199987 -0.279900014
vn -0.632799983 0.743900001 -0.2148
vn -0.0671000034 0.996999979 0.0381000005
vn 0.0149999997 0.999000013 0.0421999991
vn -0.667400002 0.740800023 -0.0755999982
vn -0.288500011 0.952300012 0.0998999998
vn -0.120399997 0.901899993 0.414799988
vn -0.677600026 0.7148 -0.172999993
vn -0.192900002 0.954400003 0.227899998
vn -0.357199997 0.929799974 0.0882000029
vn -0.103699997 0.992900014 -0.0577000007
vn -0.670899987 0.724900007 -0.156200007
vn -0.283100009 0.956900001 -0.0644000024
vn 0.814599991 0.490999997 0.308899999
vn 0.934700012 0.065200001 0.3495
vn 0.57130003 -0.143700004 0.808099985
vn -0.0445000008 0.472000003 0.880500019
vn -0.466899991 0.68779999 0.555800021
vn -0.596800029 0.782500029 0.1778
vn 0.0335000008 0.932500005 0.359699994
vn -0.530799985 0.81279999 -0.240099996
vn -0.0248000007 0.999499977 0.0217000004
vn -0.0698999986 0.922999978 0.378399998
vn -0.135299996 0.780900002 0.609799981
vn 0.075000003 0.925499976 0.371100008
vn 0.0781999975 0.993799984 0.0785000026
vn 0.767499983 0.566999972 0.298999995
vn 0.0505000018 0.997799993 0.0419000015
vn 0.771200001 0.568799973 0.285699993
vn 0.1127 0.9921 0.0551999994
vn 0.0357999988 0.99879998 0.0344999991
vn 0.0340999998 0.999000013 0.0286999997
vn -0.416900009 0.903699994 0.0976999998
vn 0.558499992 0.766300023 0.317499995
vn -0.243699998 0.969299972 0.0318999998
vn 0.511399984 0.737999976 -0.440299988
vn 0.642099977 0.754999995 -0.1329
vn 0.0835999995 0.994099975 -0.0693000033
vn -0.227500007 0.973200023 -0.0318999998
vn 0.464300007 0.762799978 0.449999988
vn -0.170499995 0.887199998 0.428799987
vn -0.390899986 0.910000026 -0.138099998
vn -0.432200015 0.838199973 0.332599998
vn -0.431300014 0.746100008 0.507300019
vn 0.0263999999 0.619400024 0.784600019
vn -0.438600004 0.679799974 0.587800026
vn -0.0133999996 0.759000003 0.651000023
vn -0.152999997 0.856700003 0.492599994
vn 0.413700014 0.903999984 -0.108099997
vn 0.218500003 0.973999977 -0.0599000007
vn 0.193599999 0.974099994 -0.116999999
vn -0.419200003 0.7579 0.499900013
vn 0.437599987 0.896399975 -0.0703999996
vn -0.553799987 -0.241799995 0.796800017
vn 0.0102000004 0.847199976 0.531099975
vn -0.950200021 0.305999994 0.0588999987
vn -0.397399992 0.81220001 -0.42719999
vn -0.290499985 0.881799996 -0.371600002
vn 0.139300004 0.989099979 -0.0480999984
vn 0.350899994 0.881200016 -0.316900015
vn -0.493400007 0.855499983 -0.157100007
vn -0.0436000004 0.727400005 0.684800029
vn 0.0324999988 0.892199993 0.450399995
vn -0.815400004 0.0579999983 0.575999975
vn -0.964999974 0.200599998 0.169200003
vn 0.0388000011 0.947399974 0.317600012
vn -0.137799993 0.778699994 0.611999989
vn -0.153699994 0.715799987 0.681100011
vn -0.180899993 0.977699995 0.107000001
vn -0.41049999 0.66049999 -0.628600001
vn 0.142399997 0.917900026 0.370299995
vn -0.213699996 0.656000018 -0.72390002
vn 0.0428999998 0.847299993 -0.529500008
vn 0.147 0.843400002 -0.516799986
vn -0.362199992 0.519999981 -0.773599982
vn -0.213400006 0.550300002 -0.807200015
vn 0.0944999978 0.972000003 -0.215299994
vn 0.137799993 0.874599993 -0.4648
vn 0.343199998 0.873600006 -0.344999999
vn -0.550300002 0.834699988 -0.0204000007
vn -0.225899994 0.916599989 0.330000013
vn -0.0104 0.970099986 -0.242599994
vn -0.662199974 0.565999985 0.491100013
vn -0.692099988 0.717400014 0.0798000023
vn -0.826900005 0.545099974 0.138400003
vn -0.353700012 0.853100002 0.383599997
vn -0.159099996 0.986999989 -0.0240000002
vn -0.425599992 0.837400019 0.342999995
vn 0.33829999 0.750699997 0.567499995
vn 0.233999997 0.806200027 0.54339999
vn -0.0333000012 0.579200029 -0.814499974
vn 0.0450000018 0.602599978 -0.796800017
vn -0.295300007 0.720499992 0.627399981
vn -0.0896999985 0.587899983 0.803900003
vn -0.369599998 0.524500012 0.76700002
vn -0.248099998 0.898800015 -0.361299992
vn -0.700299978 0.63410002 -0.328000009
vn 0.566600025 0.703499973 -0.42899999
vn -0.176799998 0.970899999 0.161599994
vn -0.131200001 0.990800023 -0.0340000018
vn -0.245900005 0.191200003 0.950200021
vn -0.507600009 0.211600006 0.835200012
vn -0.565900028 0.821699977 0.0672999993
vn -0.129600003 0.914699972 -0.382800013
vn 0.00150000001 0.954599977 -0.297899991
vn 0.118600003 0.896300018 -0.427300006
vn 0.30340001 0.802900016 0.513199985
vn -0.32100001 0.0790999979 0.943799973
vn -0.324400008 0.0923999995 0.941399992
vn -0.300700009 0.1087 0.94749999
vn -0.328299999 0.0460000001 0.943400025
vn -0.317299992 0.0461000018 0.9472
vn -0.254200011 0.119499996 0.959699988
vn 0.315299988 0.358099997 -0.878799975
vn 0.209900007 0.503199995 -0.83829999
vn 0.345800012 0.610199988 -0.712800026
vn -0.260100007 0.358799994 0.896399975
vn -0.287600011 0.217700005 0.932699978
vn -0.144299999 0.818000019 0.556900024
vn -0.0377000012 0.968200028 0.247099996
vn -0.106399998 0.911800027 0.396600008
vn 0.264099985 0.379000008 -0.886900008
vn -0.155900002 0.968200028 -0.195500001
vn 0.299400002 0.270300001 -0.915000021
vn 0.064199999 0.981400013 -0.180700004
vn -0.0331000015 0.986999989 0.157199994
vn 0.0417000018 0.975600004 -0.215399995
vn 0.239399999 0.686800003 -0.68629998
vn 0.0183000006 0.846400023 -0.532299995
vn 0.0414000005 0.999100029 0
vn -0.0226000007 0.994700015 0.100599997
vn 0.055399999 0.992399991 -0.1096
vn 0.0250000004 0.922599971 -0.384900004
vn 0.248400003 0.950999975 -0.183899999
vn -0.0614 0.987100005 0.147599995
vn -0.343100011 0.908299983 0.239399999
vn -0.1752 0.974799991 0.137999997
vn -0.0820999965 0.996200025 0.0297999997
vn -0.437099993 0.739899993 0.511300027
vn -0.550800025 0.549700022 0.628099978
vn -0.630100012 0.444499999 0.636699975
vn -0.428299993 0.40259999 0.809000015
vn -0.720799983 0.686200023 0.0983999968
vn -0.372900009 0.915499985 0.151099995
vn 0.395200014 0.891600013 -0.221000001
vn 0.7676 0.594900012 -0.238399997
vn 0.452300012 0.559099972 -0.694899976
vn 0.724799991 0.414099991 -0.550700009
vn 0.526000023 0.782400012 -0.333400011
vn 0.592999995 0.59009999 -0.547800004
vn -0.397700012 0.904399991 -0.154300004
vn -0.445899993 0.837499976 0.315800011
vn 0.0359000005 0.99940002 0.00100000005
vn -0.164399996 0.976700008 0.1382
vn -0.126200005 0.840499997 0.526899993
vn 0.820200026 0.500100017 0.277799994
vn 0.926599979 0.206200004 0.314599991
vn 0.936399996 0.144700006 0.319700003
vn 0.926400006 0.181099996 0.3301
vn 0.932600021 0.116300002 0.341600001
vn 0.0493000001 0.998300016 0.0297999997
vn 0.248400003 0.962800026 0.106700003
vn 0.0399000011 0.998099983 0.0465000011
vn 0.0281000007 0.998700023 0.0414000005
vn 0.0280000009 0.998700023 0.0430000015
vn -0.939499974 0.135000005 -0.314999998
vn -0.943000019 0.0553000011 -0.328200012
vn -0.179299995 0.863300025 0.471799999
vn 0.0124000004 0.99849999 0.0535999984
vn 0.0142000001 0.998300016 0.0571000017
vn 0.167899996 -0.0606999993 0.983900011
vn 0.198500007 -0.0949999988 0.975499988
vn -0.154300004 0.0846000016 0.984399974
vn -0.0713 0.856400013 0.511300027
vn -0.670599997 0.672299981 -0.313499987
vn -0.157900006 0.987100005 -0.0258000009
vn -0.424699992 0.898599982 -0.1105
vn -0.176499993 0.984000027 -0.0238000005
vn -0.749000013 0.620999992 -0.230800003
vn -0.155499995 0.986400008 -0.0531000011
vn -0.0978000015 0.995100021 -0.0159000009
vn -0.390199989 0.910300016 -0.138099998
vn -0.93809998 0.0533999987 -0.342299998
vn -0.447699994 0.885100007 -0.127399996
vn -0.0412000008 0.998899996 0.0239000004
vn -0.0864000022 0.996200025 -0.0124000004
vn 0.127100006 0.991699994 0.0176999997
vn 0.113700002 0.993499994 -0.00800000038
vn -0.943899989 0.0315000005 -0.328700006
vn -0.943499982 0.066399999 -0.324600011
vn -0.857299984 0.425799996 -0.289299995
vn 0.0838000029 0.995800018 0.0366999991
vn 0.0776000023 0.996699989 0.0251000002
vn 0.0804999992 0.995299995 0.0538000017
vn 0.170000002 0.985400021 -0.0129000004
vn 0.105599999 0.994300008 -0.0152000003
vn 0.160799995 0.986800015 -0.0188999996
vn 0.3046 0.934300005 -0.185499996
vn 0.782299995 -0.275299996 0.558799982
vn 0.773000002 -0.281800002 0.568400025
vn 0.0755999982 0.996500015 0.0370999984
vn 0.388500005 0.903900027 0.179100007
vn 0.589699984 0.00300000003 0.807600021
vn 0.712499976 0.559300005 0.423799992
vn -0.632600009 0.649600029 -0.421799988
vn -0.918099999 0.100400001 -0.383300006
vn -0.928600013 0.123300001 -0.349999994
vn -0.82980001 0.471700013 -0.298099995
vn -0.953299999 0.0691 -0.293900013
vn -0.955600023 0.101000004 -0.276800007
vn -0.948800027 0.0549999997 -0.31099999
vn -0.938799977 0.0489000008 -0.340999991
vn -0.946200013 0.102799997 -0.306800008
vn -0.951499999 0.100199997 -0.290699989
vn -0.948599994 0.059799999 -0.310799986
vn 0.560500026 0.285299987 0.777499974
vn 0.910399973 -0.0581 -0.409700006
vn 0.734499991 0.532000005 -0.421400011
vn 0.833400011 0.480399996 -0.273099989
vn 0.904100001 -0.0989999995 0.415600002
vn 0.859099984 -0.120099999 -0.497500002
vn -0.385600001 0.662599981 -0.642099977
vn 0.317999989 0.943799973 0.0907000005
vn -0.412900001 0.860400021 -0.298700005
vn -0.00860000029 0.928499997 0.371199995
vn 0.736999989 0.431499988 0.520299971
vn 0.850700021 0.162699997 0.499900013
vn -0.536800027 0.61619997 -0.576300025
vn -0.520299971 0.846599996 -0.112400003
vn 0.887799978 0.247700006 0.387899995
vn 0.868399978 -0.117700003 0.481700003
vn -0.567399979 0.606299996 -0.557200015
vn -0.0895999968 0.665199995 -0.74119997
vn -0.247600004 0.652899981 -0.715900004
vn -0.410600007 0.870599985 -0.270999998
vn -0.137099996 0.98089999 0.137700006
vn 0.0617000014 0.998099983 0.00170000002
vn 0.506200016 0.858699977 -0.0804999992
vn 0.716199994 0.68629998 -0.126599997
vn 0.407700002 0.738200009 0.537500024
vn 0.808300018 -0.111699998 -0.578100026
vn 0.790600002 -0.249500006 0.559099972
vn 0.916599989 -0.207900003 0.341500014
vn 0.981400013 -0.186700001 0.0447999984
vn 0.900399983 -0.204699993 0.383899987
vn 0.797299981 -0.210099995 0.565800011
vn 0.915199995 -0.1928 0.353899986
vn -0.471799999 0.871100008 -0.136399999
vn -0.950299978 0.108499996 -0.291700006
vn -0.935100019 0.0417999998 -0.351999998
vn -0.941600025 0.0544000007 -0.332199991
vn -0.934000015 0.0397000015 -0.355100006
vn -0.953000009 0.00850000046 -0.302899987
vn -0.941999972 0.0370999984 -0.333499998
vn 0.772400022 -0.1954 0.604399979
vn 0.908599973 -0.215399995 0.35769999
vn 0.859799981 -0.184499994 0.476099998
vn 0.143999994 -0.149100006 0.978299975
vn 0.804099977 -0.129099995 0.58039999
vn 0.944400012 -0.0236000009 0.327899992
vn 0.933499992 0.0873999968 0.347799987
vn 0.877499998 -0.104099996 0.468199998
vn -0.930199981 0.198799998 -0.308600008
vn -0.890200019 0.363400012 -0.274699986
vn -0.844500005 0.459100008 -0.275900006
vn -0.871200025 0.436699986 -0.224299997
vn -0.603100002 0.778900027 -0.171800002
vn -0.214900002 0.975399971 -0.0489999987
vn -0.322100013 0.941500008 -0.0987000018
vn -0.0140000004 0.999899983 0.00620000018
vn 0.134000003 0.986400008 0.0956000015
vn 0.108599998 0.991999984 0.0636000037
vn 0.467099994 0.85799998 0.213799998
vn -0.0645999983 0.963199973 -0.260800004
vn -0.0452999994 0.909399986 -0.413500011
vn 0.128700003 0.933399975 0.335000008
vn -0.194000006 0.97390002 0.1175
vn 0.0846000016 0.963800013 0.252700001
vn 0.177900001 0.960099995 0.215700001
vn -0.33829999 0.921899974 -0.188800007
vn 0.257400006 0.837800026 0.4815
vn 0.672100008 -0.0579000004 0.738200009
vn 0.69660002 -0.273600012 0.663200021
vn 0.698199987 -0.128900006 0.704200029
vn 0.597500026 0.575800002 0.558099985
vn 0.641700029 -0.304899991 0.703700006
vn 0.747200012 -0.114699997 0.654600024
vn 0.0702000037 0.990499973 0.118199997
vn 0.0535999984 0.996500015 0.0644000024
vn 0.731100023 0.199300006 0.652499974
vn 0.225899994 0.936800003 0.267100006
vn -0.359699994 0.930999994 -0.0615999997
vn -0.29429999 0.955600023 -0.0137
vn -0.355199993 0.930800021 0.0868000016
vn 0.760999978 -0.0719000027 0.644800007
vn 0.487399995 0.790799975 0.370099992
vn 0.766600013 0.0379000008 0.640999973
vn 0.361999989 0.90170002 0.236300007
vn 0.573400021 0.701799989 0.422800004
vn 0.801599979 0.489100009 0.343899995
vn -0.0890000015 0.960300028 0.264299989
vn -0.753799975 0.592400014 0.284299999
vn 0.612999976 -0.307099998 0.727900028
vn 0.469700009 0.785099983 0.403699994
vn 0.217899993 0.944100022 0.247400001
vn -0.1972 0.924799979 -0.325399995
vn 0.313800007 0.943199992 0.1096
vn 0.3574 0.927999973 -0.104900002
vn -0.394699991 0.77670002 -0.490799993
vn 0.0208000001 0.912500024 -0.408600003
vn 0.50059998 0.862399995 0.075000003
vn -0.941299975 0.130400002 -0.311500013
vn -0.948599994 0.0907000005 -0.303299993
vn -0.942300022 0.1329 -0.307300001
vn -0.944999993 0.162599996 -0.283600003
vn -0.928200006 0.239500001 -0.28490001
vn -0.933300018 0.186499998 -0.307000011
vn -0.925700009 0.206499994 -0.317000002
vn -0.93629998 0.150900006 -0.317200005
vn -0.935000002 0.109899998 -0.337099999
vn -0.862399995 0.414200008 -0.290899992
vn -0.923699975 0.210700005 -0.319799989
vn -0.949000001 0.0872000009 -0.302899987
vn -0.937399983 0.0768999979 -0.339700013
vn -0.843400002 0.438300014 -0.310799986
vn -0.921299994 0.228200004 -0.314999998
vn 0.905499995 0.262800008 0.333000004
vn 0.867900014 0.408199996 0.282999992
vn 0.957799971 0.0864000022 0.274199992
vn 0.862299979 0.292499989 0.413300008
vn -0.951900005 0.111400001 -0.285400003
vn 0.618099988 0.778699994 0.107799999
vn 0.420399994 0.897700012 0.131899998
vn 0.375800014 0.926299989 -0.0285999998
vn 0.173899993 0.984600008 -0.0197999999
vn 0.242799997 0.968900025 0.0469999984
vn 0.85650003 0.281800002 0.432500005
vn 0.0908000022 0.992799997 0.0776999965
vn 0.869400024 0.377499998 0.318599999
vn 0.787199974 0.524600029 0.324099988
vn 0.920799971 0.183599994 0.344199985
vn 0.954100013 0.104500003 0.280600011
vn 0.0936999992 0.995299995 -0.0248000007
vn -0.0864000022 0.991900027 0.0935000032
vn 0.0340999998 0.998399973 -0.0441000015
vn -0.213100001 0.973500013 -0.0834999979
vn -0.686600029 0.720899999 0.0943000019
vn -0.766200006 0.484699994 -0.421900004
vn -0.770699978 0.0837000012 -0.631699979
vn -0.604499996 0.501299977 -0.619099975
vn -0.879899979 0.0776999965 -0.468699992
vn -0.66079998 0.691600025 -0.291500002
vn -0.746800005 0.565599978 -0.349900007
vn -0.653800011 0.451499999 -0.607200027
vn -0.600199997 0.752600014 0.270900011
vn -0.664600015 0.746200025 0.0370999984
vn -0.400299996 0.866599977 -0.297899991
vn -0.680000007 0.67019999 0.297199994
vn -0.765900016 0.536800027 0.353799999
vn -0.628300011 0.701200008 0.337000012
vn -0.307599992 0.942499995 0.130500004
vn -0.283399999 0.948000014 0.144999996
vn -0.114600003 0.973999977 0.1954
vn -0.0631000027 0.966799974 0.247700006
vn 0.0298999995 0.972000003 0.233199999
vn -0.228400007 0.959599972 -0.164199993
vn -0.327600002 0.933300018 -0.147300005
vn -0.289700001 0.957099974 -0.00510000018
vn -0.342400014 0.917999983 -0.200000003
vn -0.453900009 0.685299993 -0.569500029
vn -0.318800002 0.0684999973 0.945299983
vn -0.0571999997 0.985000014 0.163000003
vn -0.0820999965 0.993600011 0.0778999999
vn -0.133599997 0.99089998 0.0131000001
vn -0.873700023 0.423400015 -0.239500001
vn -0.317099988 0.264099985 0.910899997
vn -0.318199992 0.0857999995 0.944100022
vn 0.663399994 0.747300029 0.0379999988
vn 0.382600009 0.721400023 -0.577199996
vn 0.158600003 0.985300004 -0.0639000013
vn -0.254099995 0.578499973 0.775099993
vn -0.328399986 0.755800009 0.566600025
vn 0.244499996 0.965699971 -0.0869999975
vn -0.0716999993 0.966300011 0.247099996
vn -0.318199992 0.545599997 0.775300026
vn 0.384799987 0.915000021 0.121200003
vn 0.257999986 0.801699996 -0.539200008
vn 0.0443000011 0.99879998 -0.0201999992
vn 0.346700013 0.937300026 0.0364000015
vn 0.902100027 0.367599994 0.225899994
vn 0.953499973 0.141000003 0.266499996
vn 0.943000019 0.0421000011 0.330000013
vn -0.682399988 0.708000004 -0.182099998
vn -0.886699975 0.376399994 -0.2685
vn -0.134100005 0.99089998 -0.00829999987
vn 0.816399992 0.485300004 0.312999994
vn 0.636699975 0.708400011 0.304500014
vn -0.178499997 0.983099997 0.0408999994
vn -0.111500002 0.993799984 -0.00499999989
vn -0.164000005 0.942700028 -0.290600002
vn 0.563000023 0.813199997 0.147599995
vn 0.563300014 0.817700028 0.119000003
vn 0.791700006 0.550400019 0.265100002
vn 0.296000004 0.878700018 0.374599993
vn 0.101400003 0.994099975 -0.0386999995
vn 0.539300025 0.583299994 0.607500017
vn 0.625100017 0.0939999968 0.774900019
vn 0.221200004 0.750100017 0.623300016
vn 0.614099979 -0.191100001 0.765699983
vn 0.353100002 0.84859997 0.393999994
vn 0.0294000003 0.95569998 -0.292800009
vn -0.100000001 0.962300003 -0.252799988
vn -0.195899993 0.972299993 -0.127100006
vn 0.270099998 0.957400024 -0.101999998
vn -0.437099993 0.576399982 -0.690400004
vn -0.706499994 0.391400009 -0.589600027
vn -0.365700006 0.929799974 -0.0421999991
vn -0.191699997 0.980099976 -0.0515000001
vn -0.25850001 0.95630002 -0.137099996
vn -0.00449999981 0.996100008 -0.0882999972
vn 0.159500003 0.975399971 0.1523
vn -0.0249000005 0.988200009 -0.151299998
vn -0.208199993 0.916800022 -0.340799987
vn 0.0626000017 0.969699979 -0.236300007
vn -0.47299999 0.803200006 0.362100005
vn -0.261799991 0.959100008 -0.107900001
vn -0.645699978 0.694599986 0.317299992
vn -0.0317000002 0.99119997 -0.128199995
vn -0.0549999997 0.9454 -0.321099997
vn -0.1109 0.97329998 -0.201199993
vn -0.123099998 0.890500009 -0.437900007
vn -0.713199973 0.471500009 -0.518700004
vn -0.646600008 0.644299984 -0.408300012
vn -0.102899998 0.980000019 -0.170399994
vn -0.227200001 0.944700003 0.236499995
vn -0.312999994 0.0421999991 0.948800027
vn -0.331099987 0.0308999997 0.943099976
vn 0.280299991 0.877699971 -0.388700008
vn 0.254299998 0.658800006 -0.708000004
vn -0.273799986 0.950100005 0.149599999
vn -0.349700004 0.826699972 0.440800011
vn 0.350800008 0.931800008 -0.0931999981
vn 0.1149 0.992999971 0.0281000007
vn 0.812900007 0.491600007 0.312299997
vn 0.139699996 0.990199983 0.00659999996
vn -0.121299997 0.992299974 -0.0256999992
vn -0.141100004 0.983099997 0.116700001
vn 0.0214000009 0.997399986 -0.0693000033
vn -0.321500003 0.888300002 -0.328099996
vn -0.602999985 0.775600016 -0.186700001
vn -0.61500001 0.714900017 0.332700014
vn -0.352699995 0.768599987 0.533699989
vn 0.0318999998 0.999300003 0.0198999997
vn 0.0299999993 0.999300003 0.0241
vn 0.0340000018 0.999300003 0.0144999996
vn 0.0285999998 0.999499977 0.0154999997
vn 0.0331999995 0.999100029 0.0263
vn 0.0183000006 0.999499977 0.0266999993
vn 0.0255999994 0.999300003 0.0282000005
vn 0.0221999995 0.999499977 0.0239000004
vn 0.0364000015 0.999000013 0.0249000005
vn 0.0284000002 0.999300003 0.0223999992
vn 0.023 0.999300003 0.0303000007
vn 0.0308999997 0.999199986 0.0263
vn 0.0315000005 0.999300003 0.0214000009
vn 0.0399999991 0.999100029 0.0154999997
vn 0.0265999995 0.99940002 0.0219000001
vn 0.0285999998 0.999499977 0.0137999998
vn 0.0322999991 0.999199986 0.0217000004
vn 0.0196000002 0.999499977 0.0263999999
vn 0.0116999997 0.99970001 0.0216000006
vn 0.104999997 0.98210001 -0.156299993
vn 0.319700003 0.723800004 -0.611500025
vn 0.200299993 0.939199984 -0.278800011
vn -0.120200001 0.991599977 0.0474999994
vn -0.947300017 -0.320300013 -0.00779999979
vn -0.957000017 -0.143199995 -0.252099991
vn -0.00469999993 0.999100029 0.0416000001
vn 0.59799999 0.791199982 -0.127900004
vn 0.981700003 0.186299995 -0.0395999998
vn -0.079400003 -0.995400012 -0.0540000014
vn 0.0876000002 0.995599985 0.0333000012
vn 0.894400001 -0.447100013 -0.00899999961
vn 0.0285999998 0.999199986 0.0282000005
vn 0.0277999993 0.999199986 0.0289999992
vn 0.0208000001 0.999199986 0.0335000008
vn 0.0281000007 0.999100029 0.0329000019
vn 0.00810000021 0.999599993 0.0273000002
vn 0.0244999994 0.999100029 0.0333999991
vn 0.0329999998 0.99879998 0.0368999988
vn 0.0241999999 0.999199986 0.0307999998
vn 0.0309999995 0.999100029 0.0306000002
vn 0.0271000005 0.999300003 0.0258000009
vn 0.0307999998 0.999000013 0.0329000019
vn 0.00760000013 0.999599993 0.0260000005
vn -0.0628999993 0.994499981 0.0835999995
vn 0.1294 0.457899988 0.879499972
vn -0.936699986 -0.221100003 0.271400005
vn 0.0251000002 0.999199986 0.0304000005
vn 0.0126 0.998700023 0.0485999994
vn 0.0392000005 0.998700023 0.0329999998
vn 0.0318000019 0.999100029 0.0289999992
vn 0.0313999988 0.999100029 0.0299999993
vn 0.0351000018 0.999000013 0.0284000002
vn 0.0335999988 0.998899996 0.0335999988
vn 0.0351000018 0.99879998 0.0329999998
vn 0.0322999991 0.998899996 0.0333999991
vn 0.0331999995 0.999000013 0.0295000002
vn 0.0275999997 0.99940002 0.0218000002
vn 0.0251000002 0.999199986 0.0307999998
vn 0.0427000001 0.999000013 0.0142000001
vn 0.0239000004 0.999300003 0.0275999997
vn 0.0243999995 0.999000013 0.0386000015
vn 0.0292000007 0.998899996 0.0370000005
vn 0.0335000008 0.999100029 0.0249000005
vn 0.0294000003 0.999300003 0.0249000005
vn 0.0262000002 0.99940002 0.0247000009
vn 0.0237000007 0.999300003 0.0293000005
vn 0.0265999995 0.999100029 0.0331999995
vn 0.0293000005 0.999300003 0.0226000007
vn 0.277700007 0.564599991 -0.777199984
vn 0.1426 0.414000005 -0.898999989
vn 0.170399994 0.791700006 -0.586700022
vn 0.0333000012 0.99940002 -0.0108000003
vn 0.369899988 0.623700023 -0.688600004
vn 0.053199999 0.985599995 -0.160300002
vn 0.101899996 0.912 -0.397300005
vn 0.0441000015 0.999000013 0.0104999999
vn 0.0430999994 0.996999979 -0.0643000007
vn 0.177100003 0.27700001 -0.944400012
vn 0.192200005 0.159700006 -0.968299985
vn 0.29460001 0.40169999 -0.8671
vn 0.121799998 0.969299972 -0.213599995
vn 0.0308999997 0.999499977 0.00899999961
vn 0.225299999 0.846199989 -0.482899994
vn 0.0392999984 0.998000026 -0.0485000014
vn 0.188999996 0.242500007 -0.951600015
vn 0.318399996 0.215900004 -0.922999978
vn 0.0776999965 0.995800018 -0.0474999994
vn 0.0392000005 0.999100029 0.0168999992
vn 0.0357000008 0.999199986 0.0188999996
vn 0.0557999983 0.992999971 -0.1039
vn 0.0318000019 0.999300003 0.0220999997
vn 0.25909999 0.143000007 -0.955200016
vn 0.26789999 0.176100001 -0.9472
vn 0.246700004 0.0551999994 -0.967499971
vn 0.309100002 0.0951000005 -0.94630003
vn 0.295100003 0.0311999992 -0.954999983
vn 0.201900005 -0.0612999983 -0.977500021
vn 0.337599993 0.134200007 -0.931699991
vn 0.0537 0.998099983 -0.0296999998
vn 0.0304000005 0.999199986 0.0250000004
vn 0.790300012 0.196899995 -0.580200016
vn 0.0357999988 0.998899996 0.0285999998
vn 0.959100008 -0.0829000026 0.270799994
vn 0.954299986 -0.119000003 0.274199992
vn 0.961199999 -0.0948000029 0.258899987
vn 0.959200025 -0.0817999989 0.270599991
vn 0.962499976 -0.0983999968 0.252700001
vn 0.955799997 -0.0828000009 0.282200009
vn 0.961199999 -0.107000001 0.254200011
vn 0.976899981 -0.110600002 0.1831
vn 0.967000008 -0.0923999995 0.237200007
vn 0.959599972 -0.104999997 0.261099994
vn 0.953700006 -0.107100002 0.281199992
vn 0.964399993 -0.0879999995 0.249400005
vn 0.308200002 -0.0463000014 -0.950200021
vn 0.26910001 0.0782999992 -0.959900022
vn 0.342400014 0.143399999 -0.928499997
vn 0.309899986 0.132699996 -0.941500008
vn 0.435400009 0.238499999 -0.868099988
vn 0.433899999 0.2183 -0.874100029
vn 0.409500003 0.0182000007 -0.912100017
vn 0.371199995 -0.0299999993 -0.92809999
vn 0.221499994 0.0421999991 -0.97420001
vn 0.980400026 0.0987000018 0.170399994
vn 0.808000028 -0.000300000014 -0.58920002
vn 0.986999989 -0.157800004 0.0307999998
vn 0.980000019 -0.102899998 0.170200005
vn 0.62349999 -0.0231999997 -0.781499982
vn 0.978900015 -0.0866999999 0.185200006
vn 0.971800029 -0.0754999965 0.223199993
vn 0.974399984 -0.0865999982 0.207399994
vn 0.979399979 -0.0838000029 -0.183699995
vn 0.93629998 0.226999998 -0.267800003
vn 0.683300018 0.335000008 -0.648800015
vn 0.763499975 0.1919 -0.616599977
vn 0.757200003 0.299800009 -0.580299973
vn 0.824100018 0.523999989 0.215100005
vn 0.343199998 0.933200002 0.106299996
vn 0.676400006 0.719099998 0.159500003
vn 0.842000008 0.536599994 -0.0551999994
vn 0.596099973 0.696399987 -0.399500012
vn 0.401300013 0.911199987 -0.0938000008
vn 0.466100007 0.878300011 0.106600001
vn 0.945100009 0.0784000009 0.317200005
vn 0.941699982 0.0683000013 0.329400003
vn 0.945599973 0.0728999972 0.317099988
vn 0.948499978 0.0781999975 0.307000011
vn 0.950500011 0.0894000009 0.297699988
vn 0.9375 0.178900003 0.298500001
vn 0.953499973 0.111000001 0.280099988
vn 0.943000019 0.1259 0.308099985
vn 0.924099982 0.283199996 0.256599993
vn 0.870500028 0.409999996 0.272100002
vn 0.92839998 0.26879999 0.256399989
vn 0.736199975 0.633899987 0.237100005
vn 0.965900004 0.0786999986 0.246800005
vn 0.988699973 0.0027999999 0.149599999
vn 0.971700013 0.158999994 0.174700007
vn 0.957000017 -0.0706999972 0.281399995
vn 0.954200029 -0.0692000017 0.291200012
vn 0.952899992 -0.0879999995 0.290399998
vn 0.951799989 -0.0798000023 0.296299994
vn 0.949899971 -0.0824000016 0.301400006
vn 0.948899984 -0.107699998 0.296600014
vn 0.948400021 -0.0834000036 0.305900007
vn 0.952199996 -0.0759000033 0.295899987
vn 0.94630003 -0.0776999965 0.313699991
vn 0.9454 -0.0989999995 0.310600013
vn 0.94630003 -0.0820000023 0.312700003
vn 0.116999999 0.990700006 0.0693999976
vn 0.0285999998 0.998700023 0.0427000001
vn 0.0342000015 0.99879998 0.0362000018
vn 0.953599989 -0.0821999982 0.289600015
vn 0.946399987 -0.0776999965 0.313600004
vn 0.958899975 -0.0997999981 0.265500009
vn 0.957199991 -0.0891000032 0.275400013
vn 0.960900009 -0.103100002 0.257099986
vn 0.977500021 -0.0942000002 0.188600004
vn 0.342099994 0.115099996 -0.932600021
vn 0.396299988 -0.00820000004 -0.918099999
vn 0.903599977 -0.0762000009 -0.421499997
vn -0.999199986 0.00219999999 -0.0386999995
vn -0.979099989 -0.189799994 0.0733999982
vn -0.991100013 0.0912000015 0.0973000005
vn -0.990100026 -0.122699998 -0.0684999973
vn -0.984099984 -0.173299998 0.0386000015
vn -0.971099973 0.0119000003 0.238399997
vn -0.989499986 -0.1417 -0.0283000004
vn -0.952000022 -0.056499999 0.300700009
vn -0.966600001 -0.0866999999 -0.240999997
vn -0.991599977 -0.068400003 0.109700002
vn 0.476200014 -0.312900007 -0.821799994
vn 0.504499972 -0.205200002 -0.838699996
vn 0.455199987 -0.176100001 -0.872799993
vn 0.800400019 0.0838000029 -0.593599975
vn 0.352600008 0.0747999996 -0.932799995
vn 0.348699987 0.0571000017 -0.935500026
vn 0.450599998 0.0324000008 -0.892099977
vn 0.992600024 -0.107500002 -0.0562000014
vn 0.542999983 -0.127299994 -0.829999983
vn -0.989400029 -0.0900999978 0.113799997
vn -0.932200015 0.149900004 -0.329600006
vn -0.916599989 0.396400005 0.050999999
vn -0.710799992 0.630500019 0.31189999
vn -0.90990001 0.175600007 0.375699997
vn -0.368699998 0.92900002 0.0318000019
vn -0.325300008 0.929700017 0.172700003
vn -0.0857999995 0.989000022 0.1206
vn -0.0997999981 0.989899993 0.100699998
vn -0.0357999988 0.997200012 0.066200003
vn 0.0329999998 0.999100029 0.0255999994
vn -0.0348000005 0.99879998 0.0337999985
vn 0.0124000004 0.99970001 0.0189999994
vn 0.0143999998 0.99970001 0.0189999994
vn -0.470400006 0.85860002 0.203999996
vn -0.185000002 0.978799999 0.0877000019
vn -0.217999995 0.974699974 -0.0482000001
vn -0.0410000011 0.9903 -0.132799998
vn 0.182699993 0.912500024 -0.365999997
vn 0.0661000013 0.264200002 -0.962199986
vn -0.0129000004 0.999899983 -0.00949999969
vn 0.674799979 0.694199979 -0.250499994
vn 0.0478999987 0.99849999 -0.0262000002
vn 0.224099994 0.955600023 -0.191100001
vn 0.354999989 0.0513000004 -0.933499992
vn 0.421600014 0.228200004 -0.877600014
vn 0.691799998 0.27790001 -0.666499972
vn 0.833500028 0.534600019 -0.139699996
vn 0.3477 0.581499994 -0.735499978
vn 0.0383000001 0.998600006 0.0375999995
vn 0.131899998 0.990800023 0.0294000003
vn 0.38319999 0.920099974 0.0808999985
vn 0.780200005 0.54369998 -0.309399992
vn 0.344700009 0.938600004 -0.0135000004
vn 0.904799998 -0.0829999968 0.417600006
vn 0.925800025 0.162799999 0.341199994
vn -0.364399999 0.895699978 -0.254799992
vn 0.0502999984 0.99849999 0.0225000009
vn 0.226999998 0.969500005 0.0926000029
vn 0.869400024 0.410100013 0.275599986
vn -0.168799996 0.958299994 -0.230499998
vn 0.416399986 0.899200022 0.134200007
vn 0.830299973 0.497099996 0.252000004
vn 0.746999979 0.63410002 0.199699998
vn -0.0469000004 0.996699989 0.0659999996
vn -0.555000007 0.372999996 0.743600011
vn -0.388500005 0.863099992 0.32249999
vn -0.856700003 0.0434000008 0.513899982
vn 0.126800001 0.99150002 -0.0287999995
vn -0.292100012 0.921299994 -0.256700009
vn -0.884599984 0.461199999 -0.0697000027
vn -0.999899983 -0.00150000001 0.0107000005
vn -0.275000006 0.916100025 -0.291700006
vn -0.978600025 0.0562000014 -0.197999999
vn -0.936100006 -0.345899999 0.063500002
vn -1 -0.00389999989 0.00329999998
vn -0.929899991 -0.168400005 0.327100009
vn -0.87559998 0.337000012 0.345999986
vn -0.997600019 -0.0401999988 -0.0562000014
vn -0.975499988 -0.00600000005 -0.219899997
vn -0.959399998 0.210800007 0.1875
vn -0.970099986 -0.151800007 0.189199999
vn 0.951499999 -0.0895000026 0.29429999
vn 0.954200029 -0.0855000019 0.286599994
vn 0.948599994 -0.0754999965 0.307399988
vn -0.993499994 -0.0839999989 0.0768999979
vn -0.987999976 0.0974000022 -0.119499996
vn -0.704599977 0.207200006 0.67869997
vn -0.948400021 0.0974000022 0.301600009
vn -0.606100023 0.701699972 -0.374500006
vn -0.823700011 0.111199997 -0.555999994
vn -0.543299973 0.367799997 -0.754700005
vn -0.283899993 0.873399973 -0.395799994
vn -0.340900004 0.551400006 -0.761399984
vn -0.124499999 0.863900006 -0.488000005
vn -0.577300012 0.541499972 -0.611100018
vn -0.0518000014 0.968200028 -0.244800001
vn -0.290899992 0.955200016 -0.0551000014
vn -0.0926999971 0.987299979 -0.128900006
vn -0.225700006 0.97420001 0.000899999985
vn -0.30219999 0.948899984 0.0908000022
vn -0.490399987 0.861500025 0.131799996
vn -0.979300022 0.0807000026 -0.185699999
vn -0.743300021 0.620999992 0.248699993
vn -0.846800029 0.516200006 0.128399998
vn -0.0913000032 0.976400018 -0.195500001
vn 0.276300013 0.818300009 0.504000008
vn 0.110299997 0.745299995 0.657500029
vn -0.328099996 0.915499985 -0.232999995
vn -0.0397999994 0.995800018 -0.0824000016
vn 0.1008 0.868099988 0.486000001
vn 0.388300002 0.91869998 0.072800003
vn 0.785099983 0.612600029 0.0905999988
vn 0.709999979 0.701499999 -0.0621999986
vn -0.182600006 0.982500017 -0.0370999984
vn 0.152799994 0.981100023 0.118699998
vn 0.120099999 0.976199985 0.180600002
vn 0.0713 0.844500005 0.530799985
vn 0.163399994 0.899600029 0.404900014
vn 0.138300002 0.788699985 -0.598999977
vn 0.515399992 0.668600023 -0.53609997
vn 0.592499971 0.804400027 -0.0445999987
vn 0.39320001 0.215800002 -0.89380002
vn 0.261999995 0.1294 -0.95630002
vn 0.319900006 0.242400005 -0.915899992
vn 0.413700014 0.195099995 -0.889299989
vn 0.200000003 0.177399993 -0.96359998
vn 0.198200002 0.206200004 -0.958199978
vn 0.263700008 0.293900013 -0.91869998
vn 0.201000005 0.0834000036 -0.976000011
vn 0.295700014 0.233400002 -0.926299989
vn 0.286500007 0.147 -0.946699977
vn 0.302100003 0.50059998 -0.811200023
vn 0.293199986 0.502900004 -0.81309998
vn 0.245900005 0.623300016 -0.742299974
vn 0.333799988 0.154300004 -0.930000007
vn 0.337700009 0.0214000009 -0.940999985
vn 0.321700007 -0.0111999996 -0.946799994
vn -0.211300001 0.974900007 -0.0702999979
vn -0.776199996 0.53640002 -0.331200004
vn -0.0859000012 0.995800018 -0.0329000019
vn -0.905900002 0.212899998 -0.3662
vn -0.801699996 0.433499992 -0.41139999
vn -0.851899981 0.289299995 -0.436399996
vn -0.902100027 0.127900004 -0.412200004
vn -0.910700023 0.123899996 -0.39410001
vn -0.909799993 0.0927999988 -0.404599994
vn -0.855199993 0.185299993 -0.483999997
vn -0.913900018 0.179399997 -0.363999993
vn -0.745599985 0.584399998 -0.320199996
vn -0.838 0.316399992 -0.444599986
vn -0.537599981 0.761799991 -0.361499995
vn -0.26789999 0.955600023 -0.1228
vn -0.323900014 0.925800025 -0.194700003
vn -0.555800021 0.81370002 -0.170000002
vn -0.1954 0.976700008 -0.0887999982
vn -0.489300013 0.859000027 -0.150800005
vn -0.904999971 0.321200013 -0.278800011
vn 0.406300008 0.0632999986 -0.911499977
vn -0.602599978 0.797699988 -0.0232999995
vn -0.91839999 0.162100002 0.360900015
vn -0.952099979 -0.191499993 0.238199994
vn -0.897800028 -0.1347 0.41929999
vn -0.803499997 0.1294 0.58099997
vn 0.36649999 -0.181400001 -0.912599981
vn 0.299899995 0.115199998 -0.947000027
vn 0.310299993 -0.0778999999 -0.947399974
vn -0.181500003 0.977599978 0.1065
vn -0.0318000019 0.996399999 0.0789000019
vn 0.0176999997 0.999100029 0.0373000018
vn 0.0362000018 0.999100029 -0.0240000002
vn 0.0934000015 0.98150003 -0.166899994
vn -0.950100005 0.114699997 -0.290199995
vn -0.592499971 0.787500024 -0.169799998
vn -0.861999989 0.368200004 -0.348500013
vn -0.958199978 0.100599997 -0.267699987
vn -0.962300003 0.0969000012 -0.254200011
vn -0.948000014 0.0894000009 -0.305500001
vn -0.940400004 0.113799997 -0.3204
vn -0.885299981 0.223100007 -0.408100009
vn -0.943099976 0.0913999975 -0.319700003
vn -0.943400025 0.0804999992 -0.321700007
vn -0.944400012 0.109300002 -0.310099989
vn -0.924300015 0.122500002 -0.361499995
vn -0.949299991 0.0738999993 -0.305500001
vn -0.949000001 0.0533999987 -0.310699999
vn -0.869599998 0.1105 -0.48120001
vn -0.9278 0.0639000013 -0.367700011
vn -0.953999996 0.0697000027 -0.291599989
vn -0.930299997 0.0921000019 -0.354999989
vn -0.886500001 0.0872000009 -0.454400003
vn -0.88499999 0.180099994 -0.42930001
vn -0.888599992 0.103500001 -0.446799994
vn -0.948400021 0.0207000002 -0.316500008
vn -0.95480001 0.0763000026 -0.287299991
vn -0.967199981 0.0307999998 -0.252000004
vn -0.885900021 -0.1514 -0.438499987
vn -0.929099977 -0.0850000009 -0.359800011
vn -0.923799992 0.0654999986 -0.377200007
vn 0.469700009 0.104900002 -0.876600027
vn 0.420100003 -0.00779999979 -0.907500029
vn 0.226500005 -0.057500001 -0.972299993
vn 0.381599993 -0.156499997 -0.911000013
vn 0.164800003 -0.150999993 -0.974699974
vn 0.406800002 -0.158600003 -0.899600029
vn 0.3028 -0.00810000021 -0.953000009
vn 0.206400007 -0.061900001 -0.976499975
vn 0.1373 -0.0753000006 -0.987699986
vn 0.128800005 -0.058600001 -0.989899993
vn 0.244399995 0.0502000004 -0.968400002
vn 0.210700005 -0.077200003 -0.9745
vn 0.3574 0.144199997 -0.922699988
vn 0.288399994 -0.0813999996 -0.953999996
vn 0.235200003 -0.0434999987 -0.971000016
vn 0.265700012 -0.0671999976 -0.961700022
vn 0.288899988 -0.207300007 -0.934599996
vn 0.245700002 -0.0111999996 -0.969299972
vn 0.233199999 -0.0485999994 -0.971199989
vn 0.270700008 0.0467000008 -0.961499989
vn 0.282900006 0.0649000034 -0.957000017
vn 0.291099995 0.0456000008 -0.955600023
vn 0.284099996 0.0542000011 -0.957300007
vn 0.272799999 0.0662999973 -0.959800005
vn -0.407999992 0.903400004 -0.131500006
vn -0.875699997 0.400700003 -0.269300014
vn -0.881900012 0.153300002 -0.445899993
vn -0.934800029 0.207800001 -0.287999988
vn -0.699199975 0.576900005 -0.422300011
vn -0.0251000002 0.976400018 -0.214699998
vn -0.141599998 0.747699976 -0.648800015
vn 0.202299997 0.30430001 -0.930899978
vn 0.201399997 0.811800003 -0.548099995
vn 0.256999999 0.371199995 -0.892199993
vn 0.0612000003 0.997900009 0.0211999994
vn 0.0688999966 0.775300026 -0.627799988
vn 0.156900004 0.924899995 -0.346399993
vn 0.192100003 0.478199989 -0.856899977
vn 0.257699996 0.0874999985 -0.962300003
vn 0.285299987 0.0820999965 -0.954900026
vn 0.147499993 0.93779999 -0.314200014
vn -0.163299993 0.985899985 -0.0377000012
vn -0.290699989 0.951499999 -0.101099998
vn -0.932699978 0.238600001 -0.270500004
vn -0.951399982 0.0780000016 -0.297800004
vn -0.949299991 0.0715999976 -0.306199998
vn -0.947399974 0.0476999991 -0.316599995
vn -0.946699977 0.0379000008 -0.319900006
vn -0.808099985 0.525099993 -0.266900003
vn -0.390300006 0.89380002 -0.221000001
vn 0.0309999995 0.999199986 0.0259000007
vn 0.142900005 0.988099992 0.056499999
vn 0.64380002 0.762000024 0.0702999979
vn 0.817799985 -0.0684999973 -0.571399987
vn 0.783900023 0.0886000022 -0.614499986
vn 0.715600014 -0.159299999 -0.680100024
vn 0.380600005 0.924700022 0.0027999999
vn 0.320600003 0.924600005 -0.205599993
vn 0.862500012 0.427700013 -0.270399988
vn 0.674600005 0.546700001 -0.495900005
vn 0.947300017 -0.2183 0.234300002
vn 0.923699975 9.99999975e-05 0.38319999
vn 0.891099989 0.447600007 -0.074500002
vn 0.363099992 0.924000025 -0.119599998
vn 0.940199971 -0.185699999 -0.285400003
vn -0.94690001 0.053199999 -0.317000002
vn 0.0876000002 0.935100019 0.343400002
vn 0.77579999 0.325300008 0.540600002
vn -0.504100025 0.846400023 0.171900004
vn 0.244299993 0.548399985 0.799700022
vn 0.267399997 0.682200015 -0.680499971
vn -0.414900005 0.905700028 0.0872000009
vn -0.783500016 0.561100006 0.267199993
vn -0.347799987 0.879000008 0.326099992
vn 0.864899993 -0.0313000008 -0.500999987
vn 0.880599976 -0.133499995 -0.454699993
vn 0.908900023 0.107699998 -0.40290001
vn 0.976800025 -0.150199994 -0.152600005
vn 0.849900007 -0.0579000004 -0.523699999
vn 0.996399999 0.0487000011 -0.0688000023
vn -0.952199996 0.0687000006 -0.297800004
vn -0.953299999 0.0601000004 -0.296099991
vn 0.992500007 -0.1184 0.0318000019
vn 0.849600017 -0.0537 -0.524600029
vn -0.95389998 0.0399000011 -0.297399998
vn -0.950600028 0.0252 -0.309300005
vn 0.754100025 -0.00719999988 -0.656700015
vn 0.898999989 -0.131400004 -0.417800009
vn 0.954200029 -0.1303 0.269199997
vn 0.898400009 0.0187999997 0.438699991
vn 0.114 0.990199983 -0.0800999999
vn -0.59890002 0.689300001 0.407700002
vn 0.507700026 0.857599974 0.0828000009
vn 0.233500004 0.971000016 0.0509000011
vn 0.198200002 0.944500029 0.262100011
vn 0.560400009 0.807600021 -0.183500007
vn 0.216999993 0.391299993 0.894299984
vn 0.599900007 0.797500014 0.063699998
vn -0.122299999 0.729700029 0.672800004
vn -0.266299993 0.923600018 0.275599986
vn -0.310799986 -0.266900003 0.912199974
vn -0.300599992 -0.487899989 0.819500029
vn -0.316799998 0.940500021 0.123199999
vn -0.843400002 0.338200003 0.417400002
vn -0.484499991 0.683700025 0.545700014
vn -0.725799978 0.0296 0.687300026
vn -0.518700004 -0.159700006 0.839900017
vn -0.273600012 0.947399974 -0.166099995
vn -0.43900001 0.747600019 0.498400003
vn -0.0816999972 0.984700024 -0.153799996
vn -0.0201999992 0.965600014 -0.25940001
vn -0.130700007 0.99059999 0.0406000018
vn -0.0562999994 0.970000029 -0.236499995
vn 0.0359000005 0.999300003 0.0122999996
vn -0.368400007 0.922999978 -0.111199997
vn -0.863200009 0.394400001 -0.315100014
vn -0.922299981 0.152199998 -0.355199993
vn -0.0275999997 0.999100029 0.0309999995
vn 0.00590000022 0.99970001 0.0221999995
vn -0.00310000009 0.999800026 0.0176999997
vn -0.923300028 0.162499994 -0.34799999
vn -0.865700006 0.381500006 -0.324099988
vn 0.0226000007 0.999599993 0.0192000009
vn 0.0342999995 0.999100029 0.0250000004
vn 0.0658999979 0.996999979 -0.0410999991
vn 0.0234999992 0.999499977 0.0225000009
vn 0.0228000004 0.999599993 0.0137999998
vn 0.333499998 0.670000017 -0.663299978
vn 0.194399998 0.908699989 -0.369500011
vn 0.283100009 0.627200007 -0.725600004
vn 0.137199998 0.95599997 -0.259299994
vn 0.161899999 0.869099975 -0.467400014
vn 0.3829 0.301899999 -0.873000026
vn 0.326900005 0.416200012 -0.848500013
vn 0.248500004 0.734499991 -0.631500006
vn 0.278200001 0.597899973 -0.751800001
vn 0.451299995 0.144800007 -0.880500019
vn 0.0691 0.996500015 -0.0463000014
vn 0.0305000003 0.999499977 0.00549999997
vn -0.0131999999 0.999499977 0.0295000002
vn -0.518000007 0.786499977 -0.336400002
vn -0.753499985 0.327899992 -0.569800019
vn 0.395999998 0.0799999982 -0.914799988
vn -0.751600027 0.1435 -0.64380002
vn -0.331 0.159500003 -0.930000007
vn 0.374900013 -0.0538000017 -0.925499976
vn -0.861100018 0.0320000015 -0.507399976
vn -0.438600004 0.205699995 -0.874800026
vn 0.0318999998 0.138400003 -0.989899993
vn -0.452399999 0.0603 -0.889800012
vn 0.104800001 0.0288999993 -0.994099975
vn 0.196099997 0.151299998 -0.968800008
vn -0.258300006 0.0952000022 -0.961399972
vn -0.181099996 -0.1285 -0.975000024
vn 0.143900007 -0.0874999985 -0.985700011
vn -0.452100009 -0.102499999 -0.886099994
vn 0.0927999988 -0.0582000017 -0.994000018
vn -0.165099993 0.0678000003 -0.983900011
vn 0.152199998 0.1602 -0.975300014
vn 0.447100013 -0.0844999999 -0.890500009
vn 0.119099997 0.109099999 -0.986899972
vn 0.188800007 -0.0305000003 -0.98150003
vn 0.239199996 -0.0593999997 -0.969200015
vn 0.241600007 -0.00439999998 -0.970399976
vn 0.230900005 0.0998999998 -0.967800021
vn -0.213200003 0.230700001 -0.949400008
vn 0.153400004 0.510100007 -0.846300006
vn 0.0329999998 0.99940002 0.00700000022
vn 0.0133999996 0.99879998 0.0461999997
vn 0.00510000018 0.999899983 0.00970000029
vn 0.112099998 0.992299974 -0.0524000004
vn 0.0313000008 0.99940002 0.0137
vn 0.0900999978 0.995899975 0.00899999961
vn 0.0175999999 0.99940002 0.0283000004
vn 0.334500015 0.625800014 -0.704699993
vn 0.0454999991 0.99849999 0.0309999995
vn 0.0178999994 0.999800026 0.0131999999
vn 0.0346999988 0.998600006 0.0399000011

# 4549 faces
usemtl 3DModel_LowPoly
f 1/1/1 2/2/2 3/3/3
f 4/4/4 3/3/3 2/2/2
f 5/5/5 6/6/6 7/7/7
f 8/8/8 6/6/6 9/9/9
f 6/6/6 8/8/8 10/10/10
f 11/11/11 12/12/12 9/9/9
f 13/13/13 12/12/12 11/11/11
f 12/12/12 8/8/8 9/9/9
f 8/8/8 14/14/14 15/15/15
f 8/8/8 12/12/12 14/14/14
f 12/12/12 16/16/16 17/17/17
f 12/12/12 17/17/17 14/14/14
f 14/14/14 17/17/17 15/15/15
f 8/8/8 15/15/15 18/18/18
f 13/13/13 16/16/16 12/12/12
f 19/19/19 20/20/20 16/16/16
f 21/21/21 3/3/3 22/22/22
f 22/22/22 3/3/3 4/4/4
f 23/23/23 24/24/24 25/25/25
f 26/26/26 27/27/27 28/28/28
f 29/29/29 30/30/30 31/31/31
f 32/32/32 33/33/33 24/24/24
f 34/34/34 30/30/30 29/29/29
f 35/35/35 36/36/36 37/37/37
f 38/38/38 39/39/39 40/40/40
f 41/41/41 42/42/42 43/43/43
f 44/44/44 45/45/45 46/46/46
f 47/47/47 48/48/48 49/49/49
f 50/50/50 51/51/51 52/52/52
f 53/53/53 51/51/51 50/50/50
f 54/54/54 38/38/38 55/55/55
f 56/56/56 34/34/34 57/57/57
f 25/25/25 58/58/58 59/59/59
f 60/60/60 42/42/42 41/41/41
f 42/42/42 61/61/61 51/51/51
f 62/62/62 60/60/60 63/63/63
f 42/42/42 62/62/62 61/61/61
f 64/64/64 65/65/65 66/66/66
f 63/63/63 67/67/67 62/62/62
f 68/68/68 67/67/67 69/69/69
f 70/70/70 68/68/68 71/71/71
f 71/71/71 68/68/68 69/69/69
f 68/68/68 72/72/72 73/73/73
f 74/74/74 72/72/72 75/75/75
f 76/76/76 77/77/77 78/78/78
f 61/61/61 79/79/79 51/51/51
f 51/51/51 79/79/79 45/45/45
f 79/79/79 80/80/80 47/47/47
f 81/81/81 80/80/80 79/79/79
f 62/62/62 82/82/82 79/79/79
f 79/79/79 82/82/82 81/81/81
f 82/82/82 83/83/83 81/81/81
f 84/84/84 81/81/81 83/83/83
f 79/79/79 47/47/47 45/45/45
f 80/80/80 5/5/5 47/47/47
f 85/85/85 80/80/80 81/81/81
f 5/5/5 86/86/86 47/47/47
f 5/5/5 80/80/80 85/85/85
f 85/85/85 6/6/6 5/5/5
f 81/81/81 84/84/84 85/85/85
f 87/87/87 88/88/88 84/84/84
f 85/85/85 84/84/84 6/6/6
f 88/88/88 89/89/89 84/84/84
f 84/84/84 89/89/89 6/6/6
f 61/61/61 62/62/62 79/79/79
f 62/62/62 68/68/68 82/82/82
f 68/68/68 83/83/83 82/82/82
f 89/89/89 9/9/9 6/6/6
f 11/11/11 9/9/9 89/89/89
f 73/73/73 87/87/87 83/83/83
f 83/83/83 87/87/87 84/84/84
f 90/90/90 91/91/91 87/87/87
f 87/87/87 92/92/92 88/88/88
f 87/87/87 91/91/91 92/92/92
f 92/92/92 93/93/93 88/88/88
f 94/94/94 92/92/92 91/91/91
f 95/95/95 94/94/94 91/91/91
f 95/95/95 96/96/96 94/94/94
f 96/96/96 97/97/97 94/94/94
f 97/97/97 1/1/1 94/94/94
f 92/92/92 94/94/94 93/93/93
f 94/94/94 1/1/1 93/93/93
f 3/3/3 93/93/93 1/1/1
f 73/73/73 83/83/83 68/68/68
f 73/73/73 90/90/90 87/87/87
f 98/98/98 99/99/99 100/100/100
f 72/72/72 90/90/90 73/73/73
f 77/77/77 101/101/101 78/78/78
f 77/77/77 95/95/95 90/90/90
f 90/90/90 95/95/95 91/91/91
f 95/95/95 77/77/77 96/96/96
f 89/89/89 88/88/88 11/11/11
f 88/88/88 102/102/102 11/11/11
f 11/11/11 102/102/102 13/13/13
f 13/13/13 102/102/102 103/103/103
f 93/93/93 102/102/102 88/88/88
f 102/102/102 21/21/21 103/103/103
f 93/93/93 21/21/21 102/102/102
f 13/13/13 103/103/103 16/16/16
f 103/103/103 19/19/19 16/16/16
f 21/21/21 93/93/93 3/3/3
f 22/22/22 103/103/103 21/21/21
f 47/47/47 86/86/86 104/104/104
f 105/105/105 106/106/106 107/107/107
f 105/105/105 108/108/108 106/106/106
f 97/97/97 96/96/96 109/109/109
f 109/109/109 110/110/110 97/97/97
f 97/97/97 2/2/2 1/1/1
f 97/97/97 111/111/111 2/2/2
f 107/107/107 77/77/77 76/76/76
f 106/106/106 112/112/112 77/77/77
f 112/112/112 96/96/96 77/77/77
f 112/112/112 113/113/113 96/96/96
f 112/112/112 106/106/106 113/113/113
f 113/113/113 109/109/109 96/96/96
f 114/114/114 115/115/115 116/116/116
f 106/106/106 116/116/116 113/113/113
f 117/117/117 118/118/118 109/109/109
f 113/113/113 117/117/117 109/109/109
f 119/119/119 120/120/120 121/121/121
f 122/122/122 123/123/123 124/124/124
f 125/125/125 126/126/126 127/127/127
f 128/128/128 129/129/129 130/130/130
f 131/131/131 98/98/98 132/132/132
f 98/98/98 133/133/133 134/134/134
f 135/135/135 136/136/136 122/122/122
f 137/137/137 135/135/135 65/65/65
f 125/125/125 138/138/138 139/139/139
f 100/100/100 138/138/138 125/125/125
f 140/140/140 141/141/141 128/128/128
f 142/142/142 143/143/143 144/144/144
f 145/145/145 146/146/146 147/147/147
f 148/148/148 149/149/149 150/150/150
f 124/151/124 151/152/151 152/153/152
f 153/154/153 150/150/150 154/155/154
f 155/156/155 154/155/154 29/29/29
f 154/155/154 156/157/156 153/154/153
f 16/16/16 157/158/157 17/17/17
f 17/17/17 157/158/157 15/15/15
f 15/15/15 158/159/158 159/160/159
f 157/158/157 158/159/158 15/15/15
f 157/158/157 16/16/16 160/161/160
f 157/158/157 161/162/161 158/159/158
f 160/161/160 161/162/161 157/158/157
f 16/16/16 20/20/20 160/161/160
f 162/163/162 163/164/163 164/165/164
f 165/166/165 166/167/166 26/26/26
f 167/168/167 168/169/168 169/170/169
f 170/171/170 171/172/171 172/173/172
f 173/174/173 174/175/174 175/176/175
f 47/47/47 46/46/46 45/45/45
f 43/43/43 176/177/176 177/178/177
f 42/42/42 53/53/53 176/177/176
f 178/179/178 179/180/179 180/181/180
f 172/173/172 181/182/181 182/183/182
f 172/173/172 171/172/171 183/184/183
f 184/185/184 185/186/185 186/187/186
f 178/179/178 187/188/187 188/189/188
f 189/190/189 190/191/190 191/192/191
f 192/193/192 193/194/193 194/195/194
f 195/196/195 196/197/196 197/198/197
f 198/199/198 196/197/196 195/196/195
f 169/170/169 199/200/199 200/201/200
f 201/202/201 202/203/202 203/204/203
f 45/45/45 52/52/52 51/51/51
f 200/201/200 199/200/199 204/205/204
f 191/192/191 205/206/205 104/104/104
f 173/174/173 202/203/202 206/207/206
f 200/201/200 204/205/204 179/180/179
f 207/208/207 208/209/208 209/210/209
f 210/211/210 211/212/211 212/213/212
f 213/214/213 214/215/214 215/216/215
f 216/217/216 217/218/217 218/219/218
f 219/220/219 220/221/220 221/222/221
f 188/189/188 222/223/222 223/224/223
f 182/183/182 224/225/224 167/168/167
f 219/220/219 217/218/217 216/217/216
f 225/226/225 226/227/226 227/228/227
f 228/229/228 227/228/227 226/227/226
f 228/229/228 226/227/226 229/230/229
f 226/227/226 230/231/230 229/230/229
f 231/232/231 232/233/232 230/231/230
f 230/231/230 233/234/233 229/230/229
f 230/231/230 232/233/232 233/234/233
f 232/233/232 234/235/234 233/234/233
f 235/236/235 231/232/231 236/237/236
f 236/237/236 237/238/237 235/236/235
f 231/232/231 235/236/235 238/239/238
f 231/232/231 238/239/238 232/233/232
f 232/233/232 238/239/238 239/240/239
f 238/239/238 240/241/240 239/240/239
f 235/236/235 240/241/240 238/239/238
f 241/242/241 184/185/184 186/187/186
f 242/243/242 216/217/216 218/219/218
f 185/186/185 216/217/216 242/243/242
f 216/217/216 227/228/227 219/220/219
f 243/244/243 227/228/227 216/217/216
f 225/226/225 227/228/227 243/244/243
f 220/221/220 207/208/207 209/210/209
f 219/220/219 227/228/227 207/208/207
f 227/228/227 228/229/228 207/208/207
f 228/229/228 244/245/244 207/208/207
f 228/229/228 229/230/229 244/245/244
f 245/246/245 246/247/246 175/248/175
f 247/249/247 246/247/246 208/209/208
f 245/250/245 175/176/175 174/175/174
f 244/245/244 247/249/247 207/208/207
f 244/245/244 248/251/248 247/249/247
f 247/249/247 248/251/248 175/248/175
f 248/252/248 203/204/203 175/176/175
f 249/253/249 173/174/173 250/254/250
f 175/176/175 203/204/203 173/174/173
f 250/254/250 173/174/173 206/207/206
f 248/252/248 251/255/251 203/204/203
f 203/204/203 251/255/251 201/202/201
f 251/255/251 252/256/252 201/202/201
f 253/257/253 254/258/254 255/259/255
f 255/259/255 254/258/254 256/260/256
f 257/261/257 201/202/201 252/256/252
f 201/202/201 257/261/257 254/258/254
f 258/262/258 259/263/259 252/256/252
f 258/264/258 260/265/260 259/266/259
f 254/258/254 212/213/212 256/260/256
f 254/258/254 257/261/257 210/211/210
f 211/212/211 213/214/213 215/216/215
f 210/211/210 261/267/261 213/214/213
f 210/211/210 257/261/257 261/267/261
f 257/261/257 262/268/262 261/267/261
f 257/261/257 252/256/252 262/268/262
f 252/256/252 259/263/259 262/268/262
f 262/268/262 263/269/263 264/270/264
f 259/263/259 263/269/263 262/268/262
f 244/245/244 233/234/233 248/251/248
f 233/234/233 234/235/234 265/271/265
f 229/230/229 233/234/233 244/245/244
f 232/272/232 266/273/266 234/274/234
f 233/234/233 265/271/265 248/251/248
f 248/252/248 265/275/265 251/255/251
f 267/276/267 265/277/265 234/274/234
f 234/274/234 266/273/266 267/276/267
f 268/278/268 251/255/251 265/275/265
f 265/277/265 269/279/269 268/280/268
f 251/255/251 268/278/268 258/262/258
f 251/255/251 258/262/258 252/256/252
f 269/279/269 258/264/258 268/280/268
f 269/279/269 270/281/270 258/264/258
f 232/272/232 239/282/239 266/273/266
f 266/273/266 239/282/239 267/276/267
f 265/277/265 267/276/267 269/279/269
f 270/281/270 260/265/260 258/264/258
f 214/215/214 223/224/223 271/283/271
f 271/283/271 223/224/223 222/223/222
f 272/284/272 188/189/188 273/285/273
f 273/285/273 188/189/188 187/188/187
f 274/286/274 213/214/213 261/267/261
f 213/214/213 188/189/188 223/224/223
f 213/214/213 275/287/275 188/189/188
f 213/214/213 274/286/274 275/287/275
f 261/267/261 264/270/264 274/286/274
f 261/267/261 262/268/262 264/270/264
f 274/286/274 264/270/264 275/287/275
f 276/288/276 178/179/178 188/189/188
f 275/287/275 276/288/276 188/189/188
f 264/270/264 276/288/276 275/287/275
f 277/289/277 278/290/278 279/291/279
f 280/292/280 281/293/281 282/294/282
f 283/295/283 284/296/284 285/297/285
f 280/292/280 285/298/285 284/299/284
f 286/300/286 282/294/282 281/293/281
f 287/301/287 288/302/288 289/303/289
f 282/294/282 290/304/290 291/305/291
f 282/294/282 291/305/291 285/298/285
f 292/306/292 293/307/293 294/308/294
f 295/309/295 291/305/291 296/310/296
f 291/305/291 290/304/290 296/310/296
f 296/310/296 297/311/297 295/309/295
f 277/289/277 296/310/296 290/304/290
f 296/310/296 277/289/277 297/311/297
f 277/289/277 279/291/279 297/311/297
f 298/312/298 289/303/289 288/302/288
f 292/306/292 277/289/277 290/304/290
f 278/290/278 277/289/277 292/306/292
f 278/290/278 292/306/292 299/313/299
f 292/306/292 300/314/300 299/313/299
f 288/302/288 300/314/300 292/306/292
f 301/315/301 302/316/302 303/317/303
f 301/315/301 304/318/304 305/319/305
f 304/318/304 306/320/306 307/321/307
f 304/318/304 303/317/303 306/320/306
f 302/316/302 308/322/308 303/317/303
f 308/322/308 309/323/309 303/317/303
f 310/324/310 311/325/311 312/326/312
f 313/327/313 306/320/306 303/317/303
f 314/328/314 315/329/315 316/330/316
f 316/330/316 313/327/313 317/331/317
f 310/324/310 318/332/318 311/325/311
f 319/333/319 311/325/311 318/332/318
f 319/333/319 320/334/320 321/335/321
f 322/336/322 323/337/323 324/338/324
f 323/337/323 325/339/325 324/338/324
f 322/336/322 326/340/326 323/337/323
f 327/341/327 323/337/323 326/340/326
f 327/341/327 328/342/328 329/343/329
f 328/342/328 330/344/330 329/343/329
f 297/311/297 331/345/331 332/346/332
f 297/311/297 333/347/333 331/345/331
f 333/347/333 334/348/334 331/345/331
f 279/291/279 278/290/278 333/347/333
f 278/290/278 307/321/307 335/349/335
f 333/347/333 278/290/278 335/349/335
f 333/347/333 335/349/335 334/348/334
f 335/349/335 336/350/336 334/348/334
f 337/351/337 334/348/334 336/350/336
f 279/291/279 333/347/333 297/311/297
f 299/313/299 307/321/307 278/290/278
f 307/321/307 338/352/338 335/349/335
f 338/352/338 339/353/339 335/349/335
f 338/352/338 340/354/340 341/355/341
f 338/352/338 341/355/341 339/353/339
f 335/349/335 339/353/339 336/350/336
f 339/353/339 342/356/342 336/350/336
f 339/353/339 341/355/341 342/356/342
f 300/314/300 307/321/307 299/313/299
f 304/318/304 307/321/307 300/314/300
f 307/321/307 306/320/306 338/352/338
f 338/352/338 306/320/306 340/354/340
f 313/327/313 340/354/340 306/320/306
f 313/327/313 315/329/315 340/354/340
f 311/325/311 343/357/343 315/329/315
f 341/355/341 340/354/340 344/358/344
f 340/354/340 343/357/343 344/358/344
f 315/329/315 343/357/343 340/354/340
f 321/335/321 343/357/343 311/325/311
f 345/359/345 320/334/320 325/339/325
f 321/335/321 345/359/345 343/357/343
f 343/357/343 345/359/345 344/358/344
f 346/360/346 347/361/347 348/362/348
f 346/360/346 349/363/349 347/361/347
f 350/364/350 349/363/349 351/365/351
f 350/364/350 352/366/352 347/361/347
f 351/365/351 353/367/353 350/364/350
f 354/368/354 355/369/355 356/370/356
f 357/371/357 358/372/358 359/373/359
f 356/370/356 360/374/360 361/375/361
f 283/295/283 358/372/358 357/371/357
f 285/298/285 295/309/295 355/376/355
f 358/372/358 285/297/285 355/369/355
f 355/369/355 332/377/332 360/374/360
f 295/309/295 332/346/332 355/376/355
f 295/309/295 285/298/285 291/305/291
f 331/345/331 362/378/362 332/346/332
f 295/309/295 297/311/297 332/346/332
f 363/379/363 364/380/364 365/381/365
f 366/382/366 365/381/365 364/380/364
f 367/383/367 368/384/368 369/385/369
f 369/385/369 363/379/363 367/383/367
f 363/379/363 370/386/370 364/380/364
f 369/385/369 370/386/370 363/379/363
f 371/387/371 372/388/372 373/389/373
f 373/389/373 372/388/372 374/390/374
f 372/388/372 375/391/375 374/390/374
f 374/390/374 375/391/375 376/392/376
f 369/385/369 377/393/377 370/386/370
f 370/386/370 377/393/377 364/380/364
f 378/394/378 379/395/379 380/396/380
f 381/397/381 382/398/382 379/395/379
f 378/394/378 383/399/383 384/400/384
f 385/401/385 386/402/386 387/403/387
f 388/404/388 389/405/389 390/406/390
f 390/406/390 389/405/389 384/400/384
f 391/407/391 387/403/387 386/402/386
f 387/408/387 391/409/391 392/410/392
f 387/408/387 392/410/392 393/411/393
f 389/412/389 394/413/394 384/414/384
f 394/413/394 393/415/393 384/414/384
f 393/411/393 395/416/395 384/400/384
f 393/411/393 392/410/392 395/416/395
f 386/402/386 396/417/396 391/407/391
f 397/418/397 391/407/391 396/417/396
f 397/419/397 392/410/392 391/409/391
f 398/420/398 397/418/397 396/417/396
f 397/419/397 399/421/399 392/410/392
f 399/421/399 400/422/400 392/410/392
f 399/421/399 401/423/401 400/422/400
f 384/400/384 395/416/395 378/394/378
f 392/410/392 400/422/400 395/416/395
f 379/395/379 378/394/378 395/416/395
f 400/422/400 401/423/401 395/416/395
f 401/423/401 381/397/381 395/416/395
f 381/397/381 379/395/379 395/416/395
f 402/424/402 403/425/403 404/426/404
f 405/427/405 406/428/406 407/429/407
f 405/427/405 407/429/407 408/430/408
f 409/431/409 410/432/410 411/433/411
f 412/434/412 413/435/413 414/436/414
f 412/434/412 414/436/414 415/437/415
f 189/190/189 416/438/416 417/439/417
f 418/440/418 419/441/419 420/442/420
f 421/443/421 422/444/422 409/431/409
f 423/445/423 424/446/424 425/447/425
f 426/448/426 427/449/427 428/450/428
f 423/445/423 429/451/429 424/446/424
f 430/452/430 431/453/431 432/454/432
f 420/455/420 433/456/433 434/457/434
f 434/457/434 433/456/433 429/451/429
f 435/458/435 436/459/436 437/460/437
f 438/461/438 408/430/408 439/462/114
f 438/461/438 439/462/114 440/463/439
f 412/434/412 441/464/440 413/435/413
f 422/444/422 442/465/441 443/466/442
f 444/467/443 445/468/444 446/469/445
f 422/444/422 447/470/446 198/199/198
f 444/467/443 448/471/447 445/468/444
f 449/472/448 450/473/449 451/474/450
f 449/472/448 451/474/450 452/475/451
f 142/142/142 450/473/449 449/472/448
f 405/427/405 452/475/451 406/428/406
f 453/476/452 454/477/453 455/478/454
f 456/479/455 457/480/456 448/471/447
f 458/481/457 459/482/458 457/480/456
f 458/481/457 460/483/459 459/482/458
f 461/484/460 462/485/461 463/486/462
f 144/144/144 461/484/460 463/486/462
f 464/487/463 465/488/464 466/489/465
f 198/199/198 447/470/446 467/490/466
f 468/491/467 425/447/425 469/492/468
f 193/194/193 192/193/192 470/493/469
f 435/458/435 471/494/470 472/495/471
f 473/496/472 474/497/473 471/494/470
f 436/459/436 475/498/474 437/460/437
f 476/499/475 477/500/476 410/432/410
f 476/499/475 469/492/468 478/501/477
f 479/502/478 480/503/479 481/504/480
f 430/452/430 482/505/481 483/506/482
f 484/507/483 412/434/412 475/498/474
f 479/502/478 485/508/484 464/487/463
f 475/498/474 486/509/485 484/507/483
f 453/476/452 455/478/454 482/505/481
f 432/454/432 487/510/486 418/440/418
f 432/454/432 431/453/431 488/511/487
f 479/502/478 481/504/480 489/512/488
f 490/513/489 491/514/490 492/515/491
f 492/515/491 491/514/490 493/516/492
f 494/517/493 491/514/490 490/513/489
f 495/518/494 496/519/495 491/514/490
f 491/514/490 496/519/495 493/516/492
f 497/520/496 498/521/497 495/518/494
f 499/522/498 500/523/499 497/520/496
f 500/523/499 498/521/497 497/520/496
f 498/521/497 496/519/495 495/518/494
f 498/524/497 500/525/499 501/526/500
f 493/516/492 496/519/495 502/527/501
f 496/519/495 503/528/502 502/527/501
f 502/527/501 503/528/502 504/529/503
f 503/528/502 505/530/504 504/529/503
f 503/528/502 506/531/505 505/530/504
f 503/528/502 496/519/495 507/532/506
f 498/524/497 501/526/500 507/533/506
f 498/521/497 507/532/506 496/519/495
f 503/528/502 507/532/506 506/531/505
f 507/533/506 501/526/500 508/534/507
f 508/534/507 509/535/508 507/533/506
f 504/529/503 505/530/504 510/536/509
f 505/530/504 511/537/510 510/536/509
f 505/530/504 506/531/505 511/537/510
f 511/538/510 512/539/511 510/540/509
f 507/532/506 513/541/512 506/531/505
f 507/533/506 509/535/508 513/542/512
f 509/535/508 514/543/513 513/542/512
f 506/531/505 513/541/512 511/537/510
f 513/542/512 514/543/513 511/538/510
f 512/539/511 515/544/514 516/545/515
f 512/539/511 511/538/510 515/544/514
f 512/539/511 516/545/515 517/546/516
f 515/544/514 518/547/517 516/545/515
f 511/538/510 519/548/518 515/544/514
f 514/543/513 519/548/518 511/538/510
f 519/548/518 514/543/513 520/549/519
f 519/548/518 521/550/520 515/544/514
f 519/548/518 520/549/519 522/551/521
f 519/548/518 522/551/521 521/550/520
f 499/522/498 523/552/522 500/523/499
f 523/553/522 524/554/523 500/525/499
f 525/555/524 524/554/523 523/553/522
f 500/525/499 526/556/525 501/526/500
f 500/525/499 524/554/523 526/556/525
f 527/557/526 525/555/524 528/558/527
f 524/554/523 529/559/528 526/556/525
f 525/555/524 527/557/526 524/554/523
f 524/554/523 527/557/526 529/559/528
f 529/559/528 527/557/526 530/560/529
f 501/526/500 526/556/525 508/534/507
f 526/556/525 531/561/530 508/534/507
f 508/534/507 531/561/530 509/535/508
f 529/559/528 531/561/530 526/556/525
f 529/559/528 530/560/529 531/561/530
f 531/561/530 530/560/529 532/562/531
f 531/561/530 532/562/531 533/563/532
f 530/560/529 534/564/533 532/562/531
f 528/558/527 24/24/24 527/557/526
f 24/24/24 535/565/534 527/557/526
f 24/24/24 33/33/33 535/565/534
f 527/557/526 535/565/534 530/560/529
f 33/33/33 536/566/535 535/565/534
f 537/567/536 25/25/25 24/24/24
f 59/59/59 23/23/23 25/25/25
f 538/568/537 33/33/33 539/569/538
f 536/566/535 530/560/529 535/565/534
f 33/33/33 540/570/539 536/566/535
f 536/566/535 540/570/539 534/564/533
f 536/566/535 534/564/533 530/560/529
f 538/568/537 541/571/540 540/570/539
f 540/570/539 145/145/145 534/564/533
f 542/572/541 540/570/539 541/571/540
f 542/572/541 146/146/146 145/145/145
f 509/535/508 531/561/530 543/573/542
f 509/535/508 543/573/542 514/543/513
f 531/561/530 533/563/532 543/573/542
f 532/562/531 544/574/543 533/563/532
f 533/563/532 545/575/544 543/573/542
f 543/573/542 545/575/544 546/576/545
f 533/563/532 544/574/543 545/575/544
f 544/574/543 547/577/546 545/575/544
f 543/573/542 546/576/545 514/543/513
f 514/543/513 546/576/545 520/549/519
f 522/551/521 520/549/519 548/578/547
f 520/549/519 546/576/545 548/578/547
f 549/579/548 548/578/547 546/576/545
f 548/578/547 550/580/549 522/551/521
f 545/575/544 549/579/548 546/576/545
f 547/577/546 551/581/550 545/575/544
f 545/575/544 551/581/550 549/579/548
f 549/579/548 551/581/550 552/582/551
f 551/581/550 553/583/552 552/582/551
f 534/564/533 554/584/553 532/562/531
f 554/584/553 544/574/543 532/562/531
f 554/584/553 534/564/533 145/145/145
f 554/584/553 145/145/145 57/57/57
f 554/584/553 57/57/57 544/574/543
f 57/57/57 547/577/546 544/574/543
f 57/57/57 34/34/34 547/577/546
f 555/585/554 145/145/145 147/147/147
f 555/585/554 56/56/56 57/57/57
f 34/34/34 551/581/550 547/577/546
f 34/34/34 29/29/29 551/581/550
f 551/581/550 154/155/154 553/583/552
f 29/29/29 154/155/154 551/581/550
f 31/31/31 155/156/155 29/29/29
f 516/545/515 518/547/517 556/586/555
f 515/544/514 521/550/520 518/547/517
f 521/550/520 556/586/555 518/547/517
f 521/550/520 522/551/521 557/587/556
f 521/550/520 558/588/557 556/586/555
f 521/550/520 557/587/556 558/588/557
f 559/589/558 560/590/559 561/591/560
f 556/586/555 560/590/559 559/589/558
f 560/590/559 479/502/478 561/591/560
f 558/588/557 560/590/559 556/586/555
f 560/590/559 558/588/557 562/592/561
f 557/587/556 563/593/562 558/588/557
f 563/593/562 562/592/561 558/588/557
f 479/502/478 560/590/559 562/592/561
f 479/502/478 562/592/561 438/461/438
f 562/592/561 564/594/563 438/461/438
f 480/503/479 438/461/438 440/463/439
f 522/551/521 565/595/564 557/587/556
f 522/551/521 550/580/549 565/595/564
f 565/595/564 563/593/562 557/587/556
f 550/580/549 566/596/565 565/595/564
f 563/593/562 565/595/564 566/596/565
f 563/593/562 566/596/565 567/597/566
f 549/579/548 550/580/549 548/578/547
f 549/579/548 552/582/551 550/580/549
f 550/580/549 552/582/551 566/596/565
f 566/596/565 568/598/567 569/599/568
f 566/596/565 552/582/551 568/598/567
f 553/583/552 568/598/567 552/582/551
f 563/593/562 567/597/566 564/594/563
f 569/599/568 567/597/566 566/596/565
f 563/593/562 564/594/563 562/592/561
f 564/594/563 405/427/405 438/461/438
f 564/594/563 567/597/566 405/427/405
f 567/597/566 570/600/569 405/427/405
f 569/599/568 570/600/569 567/597/566
f 568/598/567 571/601/570 569/599/568
f 569/599/568 571/601/570 570/600/569
f 405/427/405 570/600/569 449/472/448
f 570/600/569 142/142/142 449/472/448
f 570/600/569 571/601/570 142/142/142
f 553/583/552 154/155/154 150/150/150
f 553/583/552 150/150/150 568/598/567
f 568/598/567 150/150/150 572/602/571
f 568/598/567 572/602/571 571/601/570
f 573/603/572 148/148/148 150/150/150
f 150/150/150 149/149/149 572/602/571
f 572/602/571 142/142/142 571/601/570
f 572/602/571 149/149/149 142/142/142
f 574/604/573 143/143/143 149/149/149
f 575/605/574 576/606/575 577/607/576
f 576/606/575 578/608/577 577/607/576
f 577/607/576 579/609/578 580/610/579
f 576/606/575 581/611/580 578/608/577
f 582/612/581 583/613/582 576/614/575
f 583/613/582 584/615/583 585/616/584
f 576/606/575 583/617/582 581/611/580
f 583/617/582 585/618/584 581/611/580
f 586/619/585 578/608/577 587/620/586
f 578/608/577 588/621/587 589/622/588
f 581/611/580 588/621/587 578/608/577
f 581/611/580 590/623/589 588/621/587
f 584/615/583 591/624/590 585/616/584
f 585/616/584 591/624/590 592/625/591
f 593/626/592 591/624/590 584/615/583
f 594/627/593 591/628/590 593/629/592
f 595/630/594 66/66/66 593/629/592
f 595/630/594 37/37/37 66/66/66
f 596/631/595 37/37/37 36/36/36
f 593/629/592 66/66/66 594/627/593
f 66/66/66 65/65/65 594/627/593
f 594/627/593 65/65/65 135/135/135
f 585/618/584 592/632/591 581/611/580
f 581/611/580 592/632/591 590/623/589
f 592/625/591 591/624/590 122/633/122
f 592/625/591 122/633/122 597/634/596
f 592/632/591 598/635/597 590/623/589
f 592/632/591 597/636/596 598/635/597
f 597/636/596 124/151/124 598/635/597
f 594/627/593 122/122/122 591/628/590
f 594/627/593 135/135/135 122/122/122
f 597/634/596 122/633/122 124/637/124
f 589/622/588 599/638/598 600/639/599
f 600/639/599 599/638/598 601/640/600
f 599/638/598 602/641/601 601/640/600
f 599/638/598 603/642/602 602/641/601
f 589/622/588 588/621/587 599/638/598
f 588/621/587 603/642/602 599/638/598
f 603/642/602 604/643/603 602/641/601
f 603/642/602 605/644/604 604/643/603
f 605/644/604 606/645/605 604/643/603
f 590/623/589 603/642/602 588/621/587
f 598/635/597 605/644/604 590/623/589
f 590/623/589 605/644/604 603/642/602
f 602/641/601 523/552/522 601/640/600
f 601/640/600 523/552/522 499/522/498
f 523/552/522 602/641/601 604/643/603
f 604/646/603 525/555/524 523/553/522
f 604/646/603 606/647/605 528/558/527
f 604/646/603 528/558/527 525/555/524
f 605/644/604 607/648/606 606/645/605
f 152/153/152 141/141/141 607/648/606
f 152/153/152 605/644/604 598/635/597
f 598/635/597 124/151/124 152/153/152
f 605/644/604 152/153/152 607/648/606
f 152/153/152 128/128/128 141/141/141
f 129/129/129 152/153/152 151/152/151
f 607/648/606 141/141/141 606/645/605
f 606/647/605 537/567/536 528/558/527
f 537/567/536 24/24/24 528/558/527
f 141/649/141 537/567/536 606/647/605
f 130/130/130 140/140/140 128/128/128
f 58/58/58 141/649/141 608/650/607
f 141/649/141 25/25/25 537/567/536
f 609/651/608 610/652/609 611/653/610
f 612/654/611 613/655/612 609/651/608
f 611/653/610 610/652/609 614/656/613
f 165/166/165 615/657/614 616/658/615
f 614/656/613 610/652/609 165/166/165
f 614/656/613 165/166/165 617/659/616
f 617/659/616 165/166/165 26/26/26
f 616/658/615 618/660/617 165/166/165
f 120/120/120 619/661/618 121/121/121
f 120/120/120 609/651/608 620/662/619
f 621/663/620 622/664/621 120/120/120
f 623/665/622 617/659/616 26/26/26
f 623/665/622 132/132/132 624/666/623
f 623/665/622 26/26/26 132/132/132
f 166/167/166 27/27/27 26/26/26
f 132/132/132 98/98/98 625/667/624
f 625/667/624 100/100/100 626/668/625
f 625/667/624 98/98/98 100/100/100
f 99/99/99 627/669/626 100/100/100
f 626/668/625 100/100/100 125/125/125
f 628/670/627 629/671/628 630/672/629
f 629/671/628 631/673/630 632/674/631
f 630/672/629 629/671/628 632/674/631
f 628/670/627 633/675/632 629/671/628
f 629/671/628 633/675/632 634/676/633
f 629/671/628 634/676/633 635/677/634
f 636/678/635 634/676/633 633/675/632
f 636/678/635 637/679/636 634/676/633
f 638/680/637 639/681/638 640/682/639
f 629/671/628 635/677/634 631/673/630
f 641/683/640 642/684/641 643/685/642
f 631/673/630 635/677/634 641/683/640
f 631/673/630 641/683/640 644/686/643
f 642/684/641 641/683/640 635/677/634
f 644/686/643 641/683/640 645/687/644
f 641/683/640 646/688/645 645/687/644
f 634/676/633 642/684/641 635/677/634
f 634/676/633 643/685/642 642/684/641
f 647/689/646 643/685/642 634/676/633
f 648/690/647 649/691/648 650/692/649
f 648/690/647 651/693/650 649/691/648
f 651/693/650 639/681/638 649/691/648
f 639/681/638 638/680/637 649/691/648
f 650/692/649 649/691/648 638/680/637
f 648/690/647 652/694/651 653/695/652
f 652/694/651 654/696/653 653/695/652
f 653/695/652 655/697/654 648/690/647
f 648/690/647 655/697/654 651/693/650
f 653/695/652 656/698/655 655/697/654
f 648/690/647 650/692/649 652/694/651
f 657/699/656 652/694/651 650/692/649
f 636/678/635 658/700/657 637/679/636
f 637/679/636 658/700/657 647/689/646
f 658/700/657 659/701/658 647/689/646
f 637/679/636 647/689/646 634/676/633
f 659/701/658 640/682/639 647/689/646
f 647/689/646 640/682/639 639/681/638
f 641/683/640 643/685/642 646/688/645
f 660/702/659 655/697/654 646/688/645
f 646/688/645 643/685/642 660/702/659
f 639/681/638 651/693/650 647/689/646
f 647/689/646 660/702/659 643/685/642
f 647/689/646 651/693/650 660/702/659
f 655/697/654 660/702/659 651/693/650
f 640/682/639 659/701/658 661/703/660
f 662/704/661 663/705/662 664/706/663
f 663/705/662 662/704/661 665/707/664
f 640/682/639 661/703/660 663/705/662
f 638/680/637 640/682/639 663/705/662
f 663/705/662 666/708/665 638/680/637
f 663/705/662 665/707/664 666/708/665
f 664/706/663 667/709/666 662/704/661
f 667/709/666 668/710/667 662/704/661
f 662/704/661 668/710/667 665/707/664
f 667/709/666 125/125/125 668/710/667
f 668/710/667 669/711/668 665/707/664
f 668/710/667 670/712/669 669/711/668
f 668/710/667 127/127/127 670/712/669
f 638/680/637 666/708/665 650/692/649
f 650/692/649 666/708/665 671/713/670
f 665/707/664 669/711/668 666/708/665
f 650/692/649 671/713/670 657/699/656
f 669/711/668 671/713/670 666/708/665
f 672/714/671 671/713/670 669/711/668
f 670/712/669 673/715/672 669/711/668
f 669/711/668 674/716/673 672/714/671
f 673/715/672 674/716/673 669/711/668
f 673/715/672 162/163/162 674/716/673
f 671/713/670 672/714/671 675/717/674
f 672/714/671 676/718/675 675/717/674
f 672/714/671 674/716/673 676/718/675
f 677/719/676 659/701/658 658/700/657
f 645/720/644 646/721/645 678/722/677
f 654/696/653 679/723/678 680/724/679
f 654/696/653 656/698/655 653/695/652
f 654/696/653 680/724/679 656/698/655
f 654/696/653 652/694/651 679/723/678
f 652/694/651 657/699/656 681/725/680
f 652/694/651 682/726/681 679/723/678
f 679/723/678 682/726/681 683/727/682
f 681/725/680 682/726/681 652/694/651
f 681/725/680 684/728/683 682/726/681
f 683/729/682 582/612/581 575/730/574
f 575/730/574 582/612/581 576/614/575
f 683/729/682 685/731/684 582/612/581
f 683/727/682 682/726/681 685/732/684
f 685/731/684 583/613/582 582/612/581
f 655/697/654 686/733/685 646/688/645
f 656/698/655 686/733/685 655/697/654
f 686/734/685 678/722/677 646/721/645
f 657/699/656 671/713/670 681/725/680
f 671/713/670 675/717/674 681/725/680
f 675/717/674 684/728/683 681/725/680
f 675/717/674 687/735/686 684/728/683
f 687/735/686 688/736/687 684/728/683
f 675/717/674 676/718/675 687/735/686
f 674/716/673 55/55/55 676/718/675
f 676/718/675 55/55/55 38/38/38
f 676/718/675 38/38/38 687/735/686
f 35/35/35 687/735/686 38/38/38
f 684/728/683 688/736/687 682/726/681
f 682/726/681 688/736/687 685/732/684
f 685/731/684 584/615/583 583/613/582
f 685/732/684 688/736/687 584/737/583
f 595/630/594 593/629/592 688/736/687
f 584/737/583 688/736/687 593/629/592
f 687/735/686 35/35/35 688/736/687
f 35/35/35 595/630/594 688/736/687
f 38/38/38 40/40/40 35/35/35
f 35/35/35 37/37/37 595/630/594
f 125/125/125 127/127/127 668/710/667
f 126/126/126 689/738/688 127/127/127
f 127/127/127 673/715/672 670/712/669
f 690/739/689 127/127/127 689/738/688
f 691/740/690 163/164/163 162/163/162
f 162/163/162 55/55/55 674/716/673
f 55/55/55 164/165/164 692/741/691
f 692/741/691 54/54/54 55/55/55
f 39/39/39 693/742/692 40/40/40
f 596/631/595 64/64/64 66/66/66
f 694/743/693 65/65/65 695/744/694
f 696/745/695 697/746/696 135/135/135
f 698/747/697 699/748/698 700/749/699
f 701/750/700 698/747/697 700/749/699
f 702/751/701 703/752/702 704/753/703
f 704/753/703 705/754/704 701/750/700
f 703/752/702 706/755/705 704/753/703
f 698/747/697 707/756/706 699/748/698
f 707/756/706 698/747/697 708/757/707
f 699/748/698 707/756/706 709/758/708
f 698/747/697 705/754/704 708/757/707
f 705/754/704 698/747/697 701/750/700
f 704/753/703 706/755/705 710/759/709
f 704/753/703 710/759/709 705/754/704
f 705/754/704 710/759/709 708/757/707
f 703/752/702 702/751/701 711/760/710
f 712/761/711 706/755/705 703/752/702
f 703/752/702 711/760/710 712/761/711
f 711/760/710 713/762/712 712/761/711
f 702/751/701 714/763/713 711/760/710
f 715/764/714 630/672/629 714/763/713
f 711/760/710 714/763/713 630/672/629
f 630/672/629 632/674/631 711/760/710
f 711/760/710 632/674/631 713/762/712
f 706/755/705 712/761/711 710/759/709
f 712/761/711 716/765/715 710/759/709
f 713/762/712 717/766/716 712/761/711
f 712/761/711 717/766/716 716/765/715
f 713/762/712 632/674/631 717/766/716
f 632/674/631 631/673/630 717/766/716
f 708/757/707 710/759/709 718/767/717
f 708/757/707 718/767/717 707/756/706
f 707/756/706 718/767/717 719/768/718
f 718/767/717 720/769/719 719/768/718
f 719/770/718 721/771/720 722/772/721
f 719/768/718 720/769/719 721/773/720
f 721/773/720 720/769/719 723/774/722
f 721/771/720 724/775/723 722/772/721
f 710/759/709 716/765/715 718/767/717
f 716/765/715 717/766/716 725/776/724
f 716/765/715 725/776/724 718/767/717
f 718/767/717 726/777/725 720/769/719
f 718/767/717 725/776/724 726/777/725
f 720/769/719 726/777/725 723/774/722
f 726/777/725 727/778/726 723/774/722
f 721/773/720 723/774/722 728/779/727
f 723/774/722 729/780/728 728/779/727
f 730/781/729 731/782/730 729/783/728
f 729/783/728 732/784/731 728/785/727
f 732/784/731 729/783/728 731/782/730
f 727/778/726 729/780/728 723/774/722
f 729/780/728 727/778/726 733/786/732
f 730/781/729 734/787/733 735/788/734
f 733/789/732 736/790/735 734/787/733
f 729/783/728 734/787/733 730/781/729
f 734/787/733 729/783/728 733/789/732
f 737/791/736 738/792/737 730/781/729
f 730/781/729 735/788/734 737/791/736
f 735/788/734 739/793/738 737/791/736
f 740/794/739 575/605/574 741/795/740
f 740/794/739 742/796/741 743/797/742
f 678/798/677 744/799/743 745/800/744
f 734/787/733 736/790/735 745/800/744
f 734/787/733 745/800/744 735/788/734
f 735/788/734 745/800/744 739/793/738
f 745/800/744 746/801/745 739/793/738
f 745/800/744 744/799/743 746/801/745
f 744/799/743 742/796/741 746/801/745
f 743/797/742 742/796/741 744/799/743
f 721/771/720 747/802/746 724/775/723
f 724/775/723 748/803/747 749/804/748
f 747/802/746 748/803/747 724/775/723
f 749/804/748 748/803/747 750/805/749
f 751/806/750 748/803/747 752/807/751
f 748/803/747 751/806/750 750/805/749
f 721/771/720 728/785/727 747/802/746
f 728/785/727 753/808/752 747/802/746
f 730/781/729 754/809/753 731/782/730
f 754/809/753 755/810/754 731/782/730
f 755/810/754 732/784/731 731/782/730
f 728/785/727 732/784/731 756/811/755
f 732/784/731 755/810/754 756/811/755
f 755/810/754 754/809/753 757/812/756
f 757/812/756 754/809/753 758/813/757
f 759/814/758 758/813/757 754/809/753
f 730/781/729 738/792/737 754/809/753
f 738/792/737 759/814/758 754/809/753
f 728/785/727 756/811/755 753/808/752
f 756/811/755 760/815/759 753/808/752
f 753/808/752 748/803/747 747/802/746
f 756/811/755 755/810/754 760/815/759
f 755/810/754 757/812/756 760/815/759
f 760/815/759 757/812/756 761/816/760
f 758/813/757 761/816/760 757/812/756
f 759/814/758 762/817/761 758/813/757
f 763/818/762 762/817/761 759/814/758
f 738/792/737 763/818/762 759/814/758
f 738/792/737 764/819/763 763/818/762
f 737/791/736 764/819/763 738/792/737
f 737/791/736 739/793/738 764/819/763
f 741/795/740 575/605/574 577/607/576
f 739/793/738 746/801/745 764/819/763
f 765/820/764 764/819/763 746/801/745
f 740/794/739 741/795/740 742/796/741
f 577/607/576 580/610/579 741/795/740
f 766/821/765 765/820/764 746/801/745
f 763/818/762 767/822/766 762/817/761
f 763/818/762 768/823/767 767/822/766
f 764/819/763 765/820/764 763/818/762
f 765/820/764 768/823/767 763/818/762
f 765/820/764 766/821/765 768/823/767
f 769/824/768 579/609/578 577/607/576
f 748/803/747 753/808/752 770/825/769
f 753/808/752 771/826/770 770/825/769
f 771/826/770 753/808/752 760/815/759
f 760/815/759 772/827/771 771/826/770
f 748/803/747 770/825/769 752/807/751
f 760/815/759 761/816/760 772/827/771
f 773/828/772 771/826/770 772/827/771
f 770/825/769 771/826/770 774/829/773
f 771/826/770 773/828/772 774/829/773
f 762/817/761 775/830/774 758/813/757
f 758/813/757 775/830/774 761/816/760
f 762/817/761 767/822/766 775/830/774
f 761/816/760 776/831/775 772/827/771
f 776/831/775 761/816/760 775/830/774
f 772/827/771 776/831/775 773/828/772
f 752/807/751 777/832/776 751/806/750
f 752/807/751 770/825/769 778/833/777
f 774/829/773 586/619/585 770/825/769
f 774/829/773 779/834/778 586/619/585
f 768/823/767 780/835/779 767/822/766
f 773/828/772 779/834/778 774/829/773
f 776/831/775 775/830/774 767/822/766
f 776/831/775 779/834/778 773/828/772
f 779/834/778 781/836/780 586/619/585
f 780/835/779 781/836/780 779/834/778
f 577/607/576 578/608/577 586/619/585
f 769/824/768 577/607/576 586/619/585
f 769/824/768 781/836/780 579/609/578
f 586/619/585 781/836/780 769/824/768
f 770/825/769 586/619/585 778/833/777
f 586/619/585 587/620/586 778/833/777
f 587/620/586 589/622/588 778/833/777
f 587/620/586 578/608/577 589/622/588
f 741/795/740 580/610/579 742/796/741
f 580/610/579 746/801/745 742/796/741
f 766/821/765 746/801/745 580/610/579
f 580/610/579 579/609/578 766/821/765
f 766/821/765 781/836/780 768/823/767
f 766/821/765 579/609/578 781/836/780
f 767/822/766 780/835/779 776/831/775
f 776/831/775 780/835/779 779/834/778
f 768/823/767 781/836/780 780/835/779
f 782/837/781 783/838/782 490/513/489
f 777/832/776 784/839/783 785/840/784
f 777/832/776 783/838/782 782/837/781
f 785/840/784 783/838/782 777/832/776
f 752/807/751 784/839/783 777/832/776
f 752/807/751 778/833/777 784/839/783
f 786/841/785 785/840/784 784/839/783
f 784/839/783 600/639/599 786/841/785
f 778/833/777 589/622/588 784/839/783
f 589/622/588 600/639/599 784/839/783
f 787/842/786 494/517/493 783/838/782
f 783/838/782 785/840/784 787/842/786
f 787/842/786 785/840/784 786/841/785
f 783/838/782 494/517/493 490/513/489
f 787/842/786 495/518/494 494/517/493
f 494/517/493 495/518/494 491/514/490
f 787/842/786 497/520/496 495/518/494
f 786/841/785 499/522/498 787/842/786
f 786/841/785 600/639/599 499/522/498
f 600/639/599 601/640/600 499/522/498
f 787/842/786 499/522/498 497/520/496
f 788/843/787 611/653/610 789/844/788
f 789/844/788 611/653/610 614/656/613
f 789/844/788 614/656/613 790/845/789
f 790/845/789 614/656/613 791/846/790
f 790/845/789 791/846/790 792/847/791
f 617/659/616 791/846/790 614/656/613
f 791/846/790 617/659/616 793/848/792
f 617/659/616 623/665/622 793/848/792
f 793/848/792 794/849/793 791/846/790
f 795/850/794 796/851/795 715/764/714
f 797/852/796 798/853/797 796/851/795
f 799/854/798 800/855/799 797/852/796
f 801/856/800 802/857/801 799/854/798
f 800/855/799 799/854/798 802/857/801
f 800/855/799 798/853/797 797/852/796
f 802/857/801 803/858/802 800/855/799
f 800/855/799 803/858/802 798/853/797
f 802/857/801 804/859/803 803/858/802
f 798/853/797 715/764/714 796/851/795
f 715/764/714 798/853/797 628/670/627
f 715/764/714 628/670/627 630/672/629
f 798/853/797 805/860/804 628/670/627
f 798/853/797 803/858/802 805/860/804
f 803/858/802 804/859/803 805/860/804
f 628/670/627 805/860/804 633/675/632
f 805/860/804 804/859/803 633/675/632
f 801/856/800 806/861/805 802/857/801
f 790/845/789 792/847/791 806/861/805
f 806/861/805 804/859/803 802/857/801
f 806/861/805 807/862/806 804/859/803
f 792/847/791 807/862/806 806/861/805
f 792/847/791 808/863/807 807/862/806
f 791/846/790 808/863/807 792/847/791
f 791/846/790 794/849/793 808/863/807
f 623/665/622 624/666/623 809/864/808
f 624/666/623 132/132/132 667/709/666
f 132/132/132 625/667/624 667/709/666
f 804/859/803 810/865/809 811/866/810
f 810/865/809 812/867/811 811/866/810
f 807/862/806 810/865/809 804/859/803
f 807/862/806 813/868/812 812/867/811
f 807/862/806 812/867/811 810/865/809
f 804/859/803 811/866/810 633/675/632
f 811/866/810 636/678/635 633/675/632
f 811/866/810 658/700/657 636/678/635
f 814/869/813 815/870/814 664/706/663
f 661/703/660 664/706/663 663/705/662
f 664/706/663 661/703/660 814/869/813
f 816/871/815 624/666/623 815/870/814
f 624/666/623 667/709/666 815/870/814
f 815/870/814 667/709/666 664/706/663
f 625/667/624 125/125/125 667/709/666
f 625/667/624 626/668/625 125/125/125
f 807/862/806 808/863/807 813/868/812
f 794/849/793 817/872/816 808/863/807
f 809/864/808 817/872/816 794/849/793
f 809/864/808 818/873/817 817/872/816
f 817/872/816 818/873/817 816/871/815
f 794/849/793 793/848/792 809/864/808
f 623/665/622 809/864/808 793/848/792
f 817/872/816 813/868/812 808/863/807
f 817/872/816 816/871/815 813/868/812
f 624/666/623 816/871/815 818/873/817
f 809/864/808 624/666/623 818/873/817
f 813/868/812 677/719/676 812/867/811
f 813/868/812 816/871/815 677/719/676
f 815/870/814 814/869/813 816/871/815
f 816/871/815 814/869/813 677/719/676
f 659/701/658 677/719/676 814/869/813
f 812/867/811 677/719/676 658/700/657
f 812/867/811 658/700/657 811/866/810
f 661/703/660 659/701/658 814/869/813
f 819/874/818 820/875/819 821/876/820
f 821/876/820 822/877/821 823/878/822
f 820/875/819 822/877/821 821/876/820
f 821/876/820 823/878/822 824/879/823
f 824/879/823 825/880/824 826/881/825
f 827/882/826 828/883/827 829/884/828
f 828/883/827 826/881/825 830/885/829
f 826/881/825 825/880/824 830/885/829
f 828/883/827 831/886/830 829/884/828
f 824/879/823 823/878/822 825/880/824
f 832/887/831 825/880/824 823/878/822
f 830/885/829 825/880/824 832/887/831
f 831/886/830 828/883/827 830/885/829
f 830/885/829 832/887/831 831/886/830
f 831/886/830 832/887/831 833/888/832
f 834/889/833 832/887/831 823/878/822
f 835/890/834 836/891/835 837/892/836
f 838/893/837 836/891/835 835/890/834
f 837/892/836 839/894/838 835/890/834
f 840/895/839 837/896/836 836/897/835
f 841/898/840 842/899/841 843/900/842
f 841/901/840 843/902/842 844/903/843
f 841/901/840 820/875/819 819/874/818
f 819/904/818 845/905/844 841/898/840
f 820/875/819 841/901/840 844/903/843
f 846/906/845 845/905/844 819/904/818
f 820/875/819 844/903/843 822/877/821
f 840/895/839 847/907/846 843/902/842
f 847/907/846 844/903/843 843/902/842
f 840/895/839 848/908/847 847/907/846
f 843/900/842 842/899/841 837/909/836
f 843/902/842 837/896/836 840/895/839
f 841/898/840 845/905/844 842/899/841
f 840/895/839 836/897/835 849/910/848
f 850/911/849 831/886/830 833/888/832
f 849/912/848 836/891/835 851/913/850
f 848/908/847 849/910/848 852/914/851
f 833/888/832 852/914/851 850/911/849
f 834/889/833 822/877/821 844/903/843
f 834/889/833 823/878/822 822/877/821
f 844/903/843 847/907/846 834/889/833
f 847/907/846 848/908/847 834/889/833
f 834/889/833 853/915/852 832/887/831
f 832/887/831 853/915/852 833/888/832
f 852/914/851 833/888/832 853/915/852
f 848/908/847 854/916/853 834/889/833
f 853/915/852 854/916/853 852/914/851
f 853/915/852 834/889/833 854/916/853
f 840/895/839 849/910/848 848/908/847
f 848/908/847 852/914/851 854/916/853
f 855/917/854 856/918/855 426/448/426
f 856/918/855 857/919/856 426/448/426
f 858/920/857 859/921/858 475/498/474
f 860/922/859 861/923/860 862/924/861
f 861/925/860 819/874/818 863/926/862
f 864/927/863 819/904/818 861/923/860
f 861/923/860 860/922/859 864/927/863
f 864/927/863 860/922/859 865/928/864
f 866/929/865 863/926/862 824/879/823
f 821/876/820 824/879/823 863/926/862
f 867/930/866 860/922/859 862/924/861
f 860/922/859 867/930/866 865/928/864
f 863/926/862 819/874/818 821/876/820
f 865/928/864 868/931/867 864/927/863
f 864/927/863 846/906/845 819/904/818
f 868/931/867 846/906/845 864/927/863
f 869/932/868 870/933/869 865/928/864
f 865/928/864 870/933/869 868/931/867
f 868/931/867 870/933/869 871/934/870
f 872/935/871 824/879/823 826/881/825
f 867/930/866 873/936/872 869/932/868
f 867/930/866 869/932/868 865/928/864
f 869/932/868 874/937/873 870/933/869
f 846/906/845 875/938/874 845/905/844
f 846/906/845 876/939/875 875/938/874
f 868/931/867 876/939/875 846/906/845
f 868/931/867 871/934/870 876/939/875
f 876/939/875 855/917/854 875/938/874
f 876/939/875 871/934/870 855/917/854
f 871/934/870 856/918/855 855/917/854
f 870/933/869 877/940/876 871/934/870
f 874/937/873 877/940/876 870/933/869
f 874/937/873 878/941/877 877/940/876
f 878/941/877 879/942/878 877/940/876
f 871/934/870 877/940/876 856/918/855
f 856/918/855 877/940/876 857/919/856
f 877/940/876 879/942/878 857/919/856
f 857/919/856 879/942/878 858/943/857
f 880/944/879 881/945/880 882/946/881
f 881/945/880 880/944/879 829/884/828
f 829/884/828 831/886/830 881/945/880
f 831/886/830 850/911/849 881/945/880
f 881/945/880 850/911/849 883/947/882
f 850/911/849 884/948/883 883/947/882
f 885/949/884 886/950/885 887/951/886
f 888/952/887 889/953/888 890/954/889
f 887/951/886 886/950/885 891/955/890
f 888/952/887 891/955/890 886/950/885
f 888/952/887 890/954/889 891/955/890
f 892/956/891 893/957/892 894/958/893
f 893/957/892 889/953/888 894/958/893
f 892/956/891 894/958/893 895/959/894
f 894/958/893 896/960/895 895/959/894
f 893/957/892 892/956/891 897/961/896
f 897/961/896 892/956/891 895/959/894
f 897/961/896 898/962/897 899/963/898
f 897/961/896 895/959/894 898/962/897
f 898/962/897 900/964/899 899/963/898
f 895/959/894 896/960/895 827/882/826
f 898/962/897 895/959/894 827/882/826
f 898/962/897 827/882/826 880/944/879
f 898/962/897 880/944/879 900/964/899
f 900/964/899 880/944/879 882/946/881
f 901/965/900 902/966/901 903/967/902
f 903/967/902 904/968/903 905/969/904
f 901/970/900 906/971/905 902/972/901
f 902/972/901 906/971/905 907/973/906
f 905/969/904 908/974/907 909/975/908
f 904/968/903 908/974/907 905/969/904
f 910/976/909 904/968/903 903/967/902
f 885/949/884 904/968/903 910/976/909
f 904/968/903 885/949/884 908/974/907
f 911/977/910 906/971/905 901/970/900
f 911/977/910 912/978/911 906/971/905
f 880/944/879 827/882/826 829/884/828
f 907/973/906 913/979/912 902/972/901
f 902/966/901 914/980/913 903/967/902
f 902/972/901 913/979/912 914/981/913
f 915/982/914 903/967/902 914/980/913
f 914/981/913 916/983/915 917/984/916
f 914/980/913 917/985/916 915/982/914
f 918/986/917 917/985/916 919/987/918
f 917/985/916 918/986/917 915/982/914
f 916/983/915 914/981/913 913/979/912
f 913/979/912 920/988/919 916/983/915
f 907/973/906 920/988/919 913/979/912
f 921/989/920 916/983/915 920/988/919
f 920/988/919 922/990/921 921/989/920
f 910/976/909 915/982/914 886/950/885
f 915/982/914 923/991/922 886/950/885
f 888/952/887 886/950/885 923/991/922
f 903/967/902 915/982/914 910/976/909
f 910/976/909 886/950/885 885/949/884
f 915/982/914 918/986/917 923/991/922
f 889/953/888 888/952/887 894/958/893
f 894/958/893 888/952/887 923/991/922
f 906/971/905 912/978/911 907/973/906
f 907/973/906 912/978/911 924/992/923
f 924/992/923 920/988/919 907/973/906
f 924/992/923 925/993/924 920/988/919
f 920/988/919 925/993/924 922/990/921
f 925/993/924 926/994/925 922/990/921
f 924/992/923 927/995/926 925/993/924
f 919/987/918 917/985/916 928/996/927
f 929/997/928 928/998/927 917/984/916
f 919/987/918 930/999/929 918/986/917
f 919/987/918 928/996/927 866/929/865
f 866/929/865 930/999/929 919/987/918
f 929/997/928 862/924/861 928/998/927
f 921/989/920 931/1000/930 932/1001/931
f 916/983/915 929/997/928 917/984/916
f 916/983/915 921/989/920 929/997/928
f 928/996/927 861/925/860 863/926/862
f 928/998/927 862/924/861 861/923/860
f 930/999/929 866/929/865 872/935/871
f 863/926/862 866/929/865 928/996/927
f 866/929/865 824/879/823 872/935/871
f 929/997/928 921/989/920 862/924/861
f 921/989/920 932/1001/931 862/924/861
f 862/924/861 932/1001/931 867/930/866
f 918/986/917 930/999/929 923/991/922
f 923/991/922 930/999/929 933/1002/932
f 923/991/922 933/1002/932 894/958/893
f 930/999/929 872/935/871 933/1002/932
f 894/958/893 933/1002/932 896/960/895
f 933/1002/932 826/881/825 896/960/895
f 828/883/827 896/960/895 826/881/825
f 896/960/895 828/883/827 827/882/826
f 872/935/871 826/881/825 933/1002/932
f 931/1000/930 934/1003/933 932/1001/931
f 922/990/921 931/1000/930 921/989/920
f 922/990/921 926/994/925 931/1000/930
f 926/994/925 934/1003/933 931/1000/930
f 867/930/866 932/1001/931 873/936/872
f 932/1001/931 934/1003/933 873/936/872
f 935/1004/934 936/1005/935 937/1006/936
f 936/1005/935 938/1007/937 939/1008/938
f 940/1009/939 941/1010/940 942/1011/941
f 935/1004/934 943/1012/942 944/1013/943
f 935/1004/934 937/1006/936 943/1012/942
f 943/1012/942 937/1006/936 941/1014/940
f 936/1005/935 939/1008/938 937/1006/936
f 942/1011/941 941/1010/940 945/1015/944
f 941/1014/940 937/1006/936 939/1008/938
f 945/1015/944 941/1010/940 939/1016/938
f 939/1016/938 946/1017/945 945/1015/944
f 947/1018/946 948/1019/947 949/1020/948
f 950/1021/949 947/1018/946 949/1020/948
f 951/1022/950 952/1023/951 953/1024/952
f 954/1025/953 951/1026/950 955/1027/954
f 951/1026/950 956/1028/955 955/1027/954
f 951/1022/950 957/1029/956 956/1030/955
f 953/1024/952 958/1031/957 951/1022/950
f 951/1022/950 958/1031/957 957/1029/956
f 955/1027/954 956/1028/955 959/1032/958
f 960/1033/959 956/1030/955 957/1029/956
f 959/1032/958 956/1028/955 960/1034/959
f 957/1029/956 961/1035/960 960/1033/959
f 953/1024/952 962/1036/961 958/1031/957
f 963/1037/962 953/1024/952 952/1023/951
f 963/1037/962 962/1036/961 953/1024/952
f 949/1020/948 962/1036/961 963/1037/962
f 958/1031/957 961/1035/960 957/1029/956
f 961/1035/960 958/1031/957 964/1038/963
f 962/1036/961 965/1039/964 958/1031/957
f 949/1020/948 965/1039/964 962/1036/961
f 949/1020/948 948/1019/947 965/1039/964
f 958/1031/957 965/1039/964 964/1038/963
f 948/1019/947 966/1040/965 965/1039/964
f 967/1041/966 959/1032/958 960/1034/959
f 961/1035/960 968/1042/967 960/1033/959
f 961/1035/960 964/1038/963 968/1042/967
f 968/1043/967 964/1044/963 940/1009/939
f 969/1045/968 966/1040/965 948/1019/947
f 969/1045/968 944/1013/943 966/1040/965
f 966/1040/965 964/1038/963 965/1039/964
f 968/1043/967 940/1009/939 942/1011/941
f 940/1009/939 964/1044/963 941/1010/940
f 970/1046/969 935/1004/934 944/1013/943
f 964/1038/963 966/1040/965 943/1012/942
f 966/1040/965 944/1013/943 943/1012/942
f 943/1012/942 941/1014/940 964/1038/963
f 971/1047/970 972/1048/971 973/1049/972
f 972/1048/971 974/1050/973 975/1051/974
f 976/1052/975 977/1053/976 978/1054/977
f 978/1055/977 977/1056/976 979/1057/978
f 979/1057/978 980/1058/979 978/1055/977
f 976/1052/975 981/1059/980 977/1053/976
f 982/1060/981 977/1056/976 981/1061/980
f 977/1056/976 982/1060/981 979/1057/978
f 982/1060/981 981/1061/980 973/1049/972
f 983/1062/982 980/1058/979 984/1063/983
f 975/1051/974 982/1060/981 973/1049/972
f 975/1051/974 985/1064/984 982/1060/981
f 982/1060/981 950/1021/949 979/1057/978
f 980/1058/979 979/1057/978 950/1021/949
f 950/1021/949 982/1060/981 985/1064/984
f 950/1021/949 986/1065/985 980/1058/979
f 983/1062/982 984/1063/983 987/1066/986
f 987/1066/986 984/1063/983 988/1067/987
f 987/1068/986 951/1026/950 954/1025/953
f 988/1067/987 951/1022/950 987/1066/986
f 988/1067/987 952/1023/951 951/1022/950
f 989/1069/988 990/1070/989 959/1032/958
f 990/1070/989 954/1025/953 955/1027/954
f 955/1027/954 959/1032/958 990/1070/989
f 986/1065/985 984/1063/983 980/1058/979
f 984/1063/983 986/1065/985 988/1067/987
f 988/1067/987 986/1065/985 952/1023/951
f 950/1021/949 949/1020/948 986/1065/985
f 986/1065/985 949/1020/948 963/1037/962
f 986/1065/985 963/1037/962 952/1023/951
f 947/1018/946 969/1045/968 948/1019/947
f 959/1032/958 967/1041/966 989/1069/988
f 989/1069/988 967/1041/966 991/1071/990
f 970/1046/969 944/1013/943 992/1072/991
f 969/1045/968 992/1072/991 944/1013/943
f 993/1073/992 971/1074/970 994/1075/993
f 973/1076/972 994/1075/993 971/1074/970
f 976/1052/975 978/1054/977 995/1077/994
f 994/1075/993 996/1078/995 981/1059/980
f 994/1075/993 981/1059/980 976/1052/975
f 993/1073/992 994/1075/993 997/1079/996
f 976/1052/975 997/1079/996 994/1075/993
f 994/1075/993 973/1076/972 996/1078/995
f 973/1076/972 981/1059/980 996/1078/995
f 997/1079/996 976/1052/975 995/1077/994
f 973/1049/972 972/1048/971 975/1051/974
f 974/1050/973 985/1064/984 975/1051/974
f 998/1080/997 999/1081/998 1000/1082/999
f 1000/1082/999 999/1081/998 1001/1083/1000
f 999/1081/998 1002/1084/1001 1001/1083/1000
f 1003/1085/1002 1004/1086/1003 1005/1087/1004
f 1003/1085/1002 1006/1088/1005 1004/1086/1003
f 1007/1089/1006 1001/1083/1000 1002/1084/1001
f 1007/1089/1006 1002/1084/1001 1008/1090/1007
f 1008/1090/1007 1002/1084/1001 1009/1091/1008
f 1002/1084/1001 1010/1092/1009 1009/1091/1008
f 1010/1092/1009 1011/1093/1010 1009/1091/1008
f 1012/1094/1011 1013/1095/1012 1004/1086/1003
f 1013/1095/1012 1014/1096/1013 1015/1097/1014
f 1014/1096/1013 1016/1098/1015 1015/1097/1014
f 1017/1099/1016 1018/1100/1017 1019/1101/1018
f 1018/1100/1017 1020/1102/1019 1019/1101/1018
f 1019/1101/1018 1020/1102/1019 1021/1103/1020
f 1017/1099/1016 1022/1104/1021 1018/1100/1017
f 1022/1104/1021 1023/1105/1022 1024/1106/1023
f 1023/1105/1022 1025/1107/1024 1024/1106/1023
f 1018/1100/1017 1022/1104/1021 1024/1106/1023
f 1026/1108/1025 1027/1109/1026 1023/1105/1022
f 1023/1105/1022 1027/1109/1026 1025/1107/1024
f 1018/1100/1017 1028/1110/1027 1020/1102/1019
f 1024/1106/1023 1028/1110/1027 1018/1100/1017
f 1024/1106/1023 1029/1111/1028 1028/1110/1027
f 1025/1107/1024 1029/1111/1028 1024/1106/1023
f 1028/1110/1027 1029/1111/1028 1030/1112/1029
f 1029/1111/1028 1008/1090/1007 1030/1112/1029
f 1025/1107/1024 1007/1089/1006 1029/1111/1028
f 1001/1083/1000 1025/1107/1024 1027/1109/1026
f 1026/1108/1025 1000/1082/999 1027/1109/1026
f 1001/1083/1000 1027/1109/1026 1000/1082/999
f 1029/1111/1028 1007/1089/1006 1008/1090/1007
f 1025/1107/1024 1001/1083/1000 1007/1089/1006
f 1031/1113/1030 1032/1114/1031 1033/1115/1032
f 1033/1115/1032 1034/1116/1033 1031/1113/1030
f 1031/1113/1030 1034/1116/1033 1035/1117/1034
f 1034/1116/1033 1003/1085/1002 1035/1117/1034
f 1036/1118/1035 1034/1116/1033 1033/1115/1032
f 1003/1085/1002 1034/1116/1033 1006/1088/1005
f 1034/1116/1033 1036/1118/1035 1006/1088/1005
f 1006/1088/1005 1012/1094/1011 1004/1086/1003
f 1020/1102/1019 1037/1119/1036 1021/1103/1020
f 1028/1110/1027 1038/1120/1037 1020/1102/1019
f 1020/1102/1019 1038/1120/1037 1037/1119/1036
f 1028/1110/1027 1030/1112/1029 1038/1120/1037
f 1030/1112/1029 1008/1090/1007 1039/1121/1038
f 1008/1090/1007 1009/1091/1008 1039/1121/1038
f 1038/1120/1037 1040/1122/1039 1037/1119/1036
f 1038/1120/1037 1041/1123/1040 1040/1122/1039
f 1038/1120/1037 1030/1112/1029 1041/1123/1040
f 1030/1112/1029 1039/1121/1038 1041/1123/1040
f 1039/1121/1038 1042/1124/1041 1041/1123/1040
f 1009/1091/1008 1011/1093/1010 1039/1121/1038
f 1043/1125/1042 1044/1126/1043 1036/1118/1035
f 1043/1125/1042 1045/1127/1044 1044/1126/1043
f 1036/1118/1035 1044/1126/1043 1006/1088/1005
f 1044/1126/1043 1012/1094/1011 1006/1088/1005
f 1045/1127/1044 1012/1094/1011 1044/1126/1043
f 1045/1127/1044 1046/1128/1045 1012/1094/1011
f 1046/1128/1045 1014/1096/1013 1012/1094/1011
f 1012/1094/1011 1014/1096/1013 1013/1095/1012
f 1046/1128/1045 1047/1129/1046 1014/1096/1013
f 1048/1130/1047 1049/1131/1048 1050/1132/1049
f 1051/1133/1050 1049/1131/1048 1052/1134/1051
f 1042/1124/1041 1053/1135/1052 1041/1123/1040
f 1041/1123/1040 1053/1135/1052 1054/1136/1053
f 1054/1136/1053 1055/1137/1054 1056/1138/1055
f 1049/1131/1048 1056/1138/1055 1052/1134/1051
f 1053/1135/1052 1055/1137/1054 1054/1136/1053
f 1056/1138/1055 1055/1137/1054 1052/1134/1051
f 1057/1139/1056 1052/1134/1051 1055/1137/1054
f 1039/1121/1038 1053/1135/1052 1042/1124/1041
f 1039/1121/1038 1058/1140/1057 1053/1135/1052
f 1039/1121/1038 1011/1093/1010 1058/1140/1057
f 1053/1135/1052 1058/1140/1057 1055/1137/1054
f 1058/1140/1057 1057/1139/1056 1055/1137/1054
f 1057/1139/1056 1059/1141/1058 1052/1134/1051
f 1057/1139/1056 1060/1142/1059 1059/1141/1058
f 1052/1134/1051 1059/1141/1058 1051/1133/1050
f 1061/1143/1060 1062/1144/1061 1047/1129/1046
f 1063/1145/1062 1047/1129/1046 1062/1144/1061
f 1060/1142/1059 1062/1144/1061 1059/1141/1058
f 1064/1146/1063 1065/1147/1064 1066/1148/1065
f 1067/1149/1066 1068/1150/1067 1065/1147/1064
f 1069/1151/1068 1068/1150/1067 1048/1130/1047
f 1069/1151/1068 1048/1130/1047 1050/1132/1049
f 1070/1152/1069 1069/1151/1068 1050/1132/1049
f 1071/1153/1070 1054/1136/1053 1067/1149/1066
f 1067/1149/1066 1054/1136/1053 1068/1150/1067
f 1068/1150/1067 1054/1136/1053 1048/1130/1047
f 1056/1138/1055 1049/1131/1048 1048/1130/1047
f 1071/1153/1070 1040/1122/1039 1054/1136/1053
f 1048/1130/1047 1054/1136/1053 1056/1138/1055
f 1072/1154/1071 1073/1155/1072 1074/1156/1073
f 1075/1157/1074 1076/1158/1075 1077/1159/1076
f 1078/1160/1077 1076/1158/1075 1075/1157/1074
f 1079/1161/1078 1080/1162/1079 1075/1157/1074
f 1080/1162/1079 1078/1160/1077 1075/1157/1074
f 1080/1162/1079 1081/1163/1080 1078/1160/1077
f 1082/1164/1081 1083/1165/1082 1079/1166/1078
f 1079/1161/1078 1083/1167/1082 1084/1168/1083
f 1072/1154/1071 1085/1169/1084 1073/1155/1072
f 1073/1170/1072 1086/1171/1085 1087/1172/1086
f 1073/1170/1072 1088/1173/1087 1083/1167/1082
f 1087/1172/1086 1088/1173/1087 1073/1170/1072
f 1084/1168/1083 1089/1174/1088 1080/1162/1079
f 1084/1168/1083 1080/1162/1079 1079/1161/1078
f 1088/1173/1087 1084/1168/1083 1083/1167/1082
f 1087/1172/1086 1090/1175/1089 1088/1173/1087
f 1091/1176/1090 1092/1177/1091 1087/1172/1086
f 1087/1172/1086 1092/1177/1091 1090/1175/1089
f 1093/1178/1092 1021/1103/1020 1094/1179/1093
f 1019/1101/1018 1021/1103/1020 1095/1180/1094
f 1093/1178/1092 1095/1180/1094 1021/1103/1020
f 1096/1181/1095 1097/1182/1096 1098/1183/1097
f 1022/1104/1021 1017/1099/1016 1097/1182/1096
f 1017/1099/1016 1098/1183/1097 1097/1182/1096
f 1097/1182/1096 1023/1105/1022 1022/1104/1021
f 1097/1182/1096 1099/1184/1098 1023/1105/1022
f 1099/1184/1098 1097/1182/1096 1096/1181/1095
f 1099/1184/1098 1026/1108/1025 1023/1105/1022
f 1100/1185/1099 1089/1174/1088 1096/1181/1095
f 1080/1162/1079 1089/1174/1088 1081/1163/1080
f 1089/1174/1088 1100/1185/1099 1081/1163/1080
f 1100/1185/1099 1094/1179/1093 1081/1163/1080
f 1081/1163/1080 1094/1179/1093 1101/1186/1100
f 1084/1168/1083 1088/1173/1087 1089/1174/1088
f 1088/1173/1087 1090/1175/1089 1089/1174/1088
f 1089/1174/1088 1090/1175/1089 1096/1181/1095
f 1102/1187/1101 1099/1184/1098 1096/1181/1095
f 1096/1181/1095 1090/1175/1089 1102/1187/1101
f 1102/1187/1101 1090/1175/1089 1103/1188/1102
f 1104/1189/1103 1103/1188/1102 1090/1175/1089
f 1105/1190/1104 1103/1188/1102 1104/1189/1103
f 1096/1181/1095 1098/1183/1097 1100/1185/1099
f 1094/1179/1093 1100/1185/1099 1098/1183/1097
f 1017/1099/1016 1095/1180/1094 1098/1183/1097
f 1017/1099/1016 1019/1101/1018 1095/1180/1094
f 1098/1183/1097 1093/1178/1092 1094/1179/1093
f 1095/1180/1094 1093/1178/1092 1098/1183/1097
f 1099/1184/1098 1102/1187/1101 1026/1108/1025
f 1103/1188/1102 1105/1190/1104 1106/1191/1105
f 1105/1190/1104 1107/1192/1106 1106/1191/1105
f 1108/1193/1107 1076/1158/1075 1078/1160/1077
f 1078/1160/1077 1109/1194/1108 1108/1193/1107
f 1091/1176/1090 1110/1195/1109 1092/1177/1091
f 1110/1195/1109 1104/1189/1103 1092/1177/1091
f 1092/1177/1091 1104/1189/1103 1090/1175/1089
f 1108/1193/1107 1111/1196/1110 1112/1197/1111
f 1109/1194/1108 1101/1186/1100 1111/1196/1110
f 1109/1194/1108 1111/1196/1110 1108/1193/1107
f 1109/1194/1108 1113/1198/1112 1101/1186/1100
f 1101/1186/1100 1114/1199/1113 1111/1196/1110
f 1111/1196/1110 1114/1199/1113 1115/1200/1114
f 1111/1196/1110 1116/1201/1115 1112/1197/1111
f 1111/1196/1110 1115/1200/1114 1116/1201/1115
f 1114/1199/1113 1094/1179/1093 1115/1200/1114
f 1021/1103/1020 1115/1200/1114 1094/1179/1093
f 1021/1103/1020 1117/1202/1116 1115/1200/1114
f 1037/1119/1036 1117/1202/1116 1021/1103/1020
f 1115/1200/1114 1117/1202/1116 1116/1201/1115
f 1117/1202/1116 1037/1119/1036 1118/1203/1117
f 1116/1201/1115 1119/1204/1118 1112/1197/1111
f 1119/1204/1118 1065/1147/1064 1064/1146/1063
f 1119/1204/1118 1071/1153/1070 1067/1149/1066
f 1116/1201/1115 1071/1153/1070 1119/1204/1118
f 1119/1204/1118 1067/1149/1066 1065/1147/1064
f 1117/1202/1116 1071/1153/1070 1116/1201/1115
f 1118/1203/1117 1071/1153/1070 1117/1202/1116
f 1118/1203/1117 1037/1119/1036 1040/1122/1039
f 1113/1198/1112 1078/1160/1077 1081/1163/1080
f 1113/1198/1112 1081/1163/1080 1101/1186/1100
f 1094/1179/1093 1114/1199/1113 1101/1186/1100
f 1113/1198/1112 1109/1194/1108 1078/1160/1077
f 1120/1205/1119 1121/1206/1120 1104/1189/1103
f 1104/1189/1103 1121/1206/1120 1105/1190/1104
f 1118/1203/1117 1040/1122/1039 1071/1153/1070
f 1054/1136/1053 1040/1122/1039 1041/1123/1040
f 1072/1154/1071 1122/1207/1121 1085/1169/1084
f 1123/1208/1122 1122/1209/1121 1072/1210/1071
f 1073/1170/1072 1085/1211/1084 1086/1171/1085
f 1122/1209/1121 1086/1171/1085 1085/1211/1084
f 1086/1171/1085 1091/1176/1090 1087/1172/1086
f 1000/1082/999 1026/1108/1025 1102/1187/1101
f 1102/1187/1101 1103/1188/1102 998/1080/997
f 1103/1188/1102 1106/1191/1105 998/1080/997
f 1102/1187/1101 998/1080/997 1000/1082/999
f 1124/1212/1123 1110/1195/1109 1091/1176/1090
f 1104/1189/1103 1110/1195/1109 1120/1205/1119
f 1121/1206/1120 1107/1192/1106 1105/1190/1104
f 1125/1213/1124 1126/1214/1125 434/457/434
f 1125/1213/1124 434/457/434 423/445/423
f 1126/1214/1125 420/455/420 434/457/434
f 1127/1215/1126 420/455/420 419/1216/419
f 1128/1217/1127 418/440/418 487/510/486
f 421/443/421 409/431/409 411/433/411
f 1129/1218/1128 1130/1219/1129 1131/1220/1130
f 1132/1221/1131 1131/1222/1130 1133/1223/1132
f 1132/1221/1131 1129/1224/1128 1131/1222/1130
f 1132/1221/1131 1134/1225/1133 1129/1224/1128
f 1133/1223/1132 1135/1226/1134 1132/1221/1131
f 1130/1219/1129 1129/1218/1128 1136/1227/1135
f 1129/1218/1128 1137/1228/1136 1136/1227/1135
f 1136/1227/1135 1137/1228/1136 409/431/409
f 1138/1229/1137 182/183/182 181/182/181
f 182/183/182 1139/1230/1138 172/173/172
f 1139/1230/1138 1140/1231/1139 172/173/172
f 1141/1232/1140 1142/1233/1141 1139/1230/1138
f 1139/1230/1138 1143/1234/1142 1140/1231/1139
f 1139/1230/1138 1142/1233/1141 1143/1234/1142
f 1141/1232/1140 1131/1220/1130 1142/1233/1141
f 1131/1220/1130 1130/1219/1129 1142/1233/1141
f 1144/1235/1143 1131/1222/1130 1141/1236/1140
f 1131/1222/1130 1144/1235/1143 1133/1223/1132
f 1144/1237/1143 1141/1238/1140 1145/1239/1144
f 1144/1235/1143 1135/1226/1134 1133/1223/1132
f 1146/1240/1145 1147/1241/1146 1145/1239/1144
f 1147/1241/1146 1148/1242/1147 1145/1239/1144
f 1145/1239/1144 1148/1242/1147 1144/1237/1143
f 1148/1242/1147 1149/1243/1148 1144/1237/1143
f 1144/1235/1143 1149/1244/1148 1135/1226/1134
f 1150/1245/1149 1148/1242/1147 1147/1241/1146
f 1150/1245/1149 1151/1246/1150 1148/1242/1147
f 1151/1246/1150 1152/1247/1151 1148/1242/1147
f 1153/1248/1152 195/196/195 1154/1249/1153
f 172/173/172 1140/1231/1139 170/171/170
f 170/171/170 1155/1250/1154 195/196/195
f 197/198/197 1154/1249/1153 195/196/195
f 1155/1250/1154 198/199/198 195/196/195
f 1140/1231/1139 1143/1234/1142 170/171/170
f 1143/1234/1142 1156/1251/1155 170/171/170
f 1156/1251/1155 1155/1250/1154 170/171/170
f 1156/1251/1155 1157/1252/1156 1158/1253/1157
f 1156/1251/1155 1158/1253/1157 1155/1250/1154
f 1142/1233/1141 1156/1251/1155 1143/1234/1142
f 1142/1233/1141 1159/1254/1158 1156/1251/1155
f 1130/1219/1129 1159/1254/1158 1142/1233/1141
f 1159/1254/1158 1130/1219/1129 1136/1227/1135
f 1156/1251/1155 1159/1254/1158 1157/1252/1156
f 1159/1254/1158 1136/1227/1135 1157/1252/1156
f 409/431/409 1157/1252/1156 1136/1227/1135
f 1155/1250/1154 1158/1253/1157 198/199/198
f 1157/1252/1156 422/444/422 1158/1253/1157
f 1158/1253/1157 422/444/422 198/199/198
f 1157/1252/1156 409/431/409 422/444/422
f 1148/1242/1147 1152/1247/1151 1149/1243/1148
f 1160/1255/1159 1161/1256/1160 111/111/111
f 111/111/111 1161/1256/1160 2/2/2
f 4/4/4 1162/1257/1161 1163/1258/1162
f 2/2/2 1164/1259/1163 4/4/4
f 1164/1259/1163 1165/1260/1164 4/4/4
f 4/4/4 1165/1260/1164 1162/1257/1161
f 1162/1257/1161 1165/1260/1164 1166/1261/1165
f 1162/1257/1161 1166/1261/1165 1167/1262/1166
f 1162/1257/1161 1167/1262/1166 1163/1258/1162
f 1161/1256/1160 1164/1259/1163 2/2/2
f 1161/1256/1160 1160/1255/1159 1168/1263/1167
f 1168/1263/1167 1169/1264/1168 1161/1256/1160
f 1160/1255/1159 1170/1265/1169 1168/1263/1167
f 1164/1259/1163 1161/1256/1160 1171/1266/1170
f 1164/1259/1163 1171/1266/1170 1165/1260/1164
f 1169/1264/1168 1171/1266/1170 1161/1256/1160
f 86/86/86 1172/1267/1171 104/104/104
f 1172/1267/1171 189/190/189 104/104/104
f 86/86/86 5/5/5 1172/1267/1171
f 5/5/5 7/7/7 1172/1267/1171
f 7/7/7 1173/1268/1172 1172/1267/1171
f 7/7/7 1174/1269/1173 1173/1268/1172
f 6/6/6 1174/1269/1173 7/7/7
f 6/6/6 10/10/10 1174/1269/1173
f 1175/1270/1174 1174/1269/1173 10/10/10
f 1172/1267/1171 1173/1268/1172 1176/1271/1175
f 1173/1268/1172 1174/1269/1173 1177/1272/1176
f 1173/1268/1172 1177/1272/1176 1178/1273/1177
f 1177/1272/1176 1174/1269/1173 1179/1274/1178
f 1174/1269/1173 1175/1270/1174 1179/1274/1178
f 1180/1275/1179 10/10/10 8/8/8
f 8/8/8 18/18/18 1180/1275/1179
f 1180/1275/1179 1175/1270/1174 10/10/10
f 1181/1276/1180 1180/1275/1179 18/18/18
f 1175/1270/1174 1180/1275/1179 1182/1277/1181
f 1180/1275/1179 1183/1278/1182 1182/1277/1181
f 1184/1279/1183 1183/1278/1182 1180/1275/1179
f 18/18/18 15/15/15 1181/1276/1180
f 1180/1275/1179 1181/1276/1180 1184/1279/1183
f 15/15/15 159/160/159 1181/1276/1180
f 1181/1276/1180 1185/1280/1184 1184/1279/1183
f 1181/1276/1180 1186/1281/1185 1185/1280/1184
f 22/22/22 4/4/4 1163/1258/1162
f 22/22/22 1187/1282/1186 103/103/103
f 22/22/22 1163/1258/1162 1187/1282/1186
f 1163/1258/1162 1167/1262/1166 1188/1283/1187
f 48/48/48 104/104/104 1189/1284/1188
f 103/103/103 1187/1282/1186 19/19/19
f 1189/1284/1188 104/104/104 1190/1285/1189
f 1190/1285/1189 104/104/104 205/206/205
f 104/104/104 189/190/189 191/192/191
f 110/110/110 1160/1255/1159 97/97/97
f 97/97/97 1160/1255/1159 111/111/111
f 115/115/115 1191/1286/1190 116/116/116
f 113/113/113 116/116/116 1192/1287/1191
f 1193/1288/1192 110/110/110 109/109/109
f 118/118/118 1193/1288/1192 109/109/109
f 113/113/113 1192/1287/1191 117/117/117
f 1192/1287/1191 1194/1289/1193 117/117/117
f 117/117/117 1195/1290/1194 118/118/118
f 1195/1290/1194 117/117/117 1196/1291/1195
f 1196/1291/1195 117/117/117 1197/1292/1196
f 117/117/117 1194/1289/1193 1197/1292/1196
f 110/110/110 1193/1288/1192 1198/1293/1197
f 118/118/118 1195/1290/1194 1193/1288/1192
f 1193/1288/1192 1199/1294/1198 1198/1293/1197
f 1195/1290/1194 1196/1291/1195 1199/1294/1198
f 1193/1288/1192 1195/1290/1194 1199/1294/1198
f 1192/1287/1191 1200/1295/1199 1194/1289/1193
f 1200/1295/1199 1201/1296/1200 1194/1289/1193
f 1192/1287/1191 1202/1297/1201 1200/1295/1199
f 110/110/110 1198/1293/1197 1160/1255/1159
f 1160/1255/1159 1198/1293/1197 1170/1265/1169
f 1198/1293/1197 1203/1298/1202 1204/1299/1203
f 1198/1293/1197 1199/1294/1198 1203/1298/1202
f 1198/1293/1197 1204/1299/1203 1170/1265/1169
f 1205/1300/1204 1206/1301/1205 1207/1302/1206
f 116/116/116 1207/1302/1206 1208/1303/1207
f 116/116/116 1208/1303/1207 1192/1287/1191
f 1208/1303/1207 1202/1297/1201 1192/1287/1191
f 161/162/161 1209/1304/1208 158/159/158
f 159/160/159 1186/1281/1185 1181/1276/1180
f 158/159/158 1210/1305/1209 159/160/159
f 159/160/159 1211/1306/1210 1186/1281/1185
f 1211/1306/1210 1212/1307/1211 1186/1281/1185
f 1210/1305/1209 1211/1306/1210 159/160/159
f 1211/1306/1210 1213/1308/1212 1212/1307/1211
f 1214/1309/1213 1215/1310/1214 1211/1306/1210
f 1211/1306/1210 1215/1310/1214 1213/1308/1212
f 1215/1310/1214 1216/1311/1215 1213/1308/1212
f 161/162/161 160/161/160 1217/1312/1216
f 1217/1312/1216 1218/1313/1217 161/162/161
f 161/162/161 1218/1313/1217 1209/1304/1208
f 1219/1314/1218 1218/1313/1217 1217/1312/1216
f 1219/1314/1218 1220/1315/1219 1218/1313/1217
f 1209/1304/1208 1210/1305/1209 158/159/158
f 1218/1313/1217 1221/1316/1220 1209/1304/1208
f 1220/1315/1219 1221/1316/1220 1218/1313/1217
f 1221/1316/1220 1222/1317/1221 1209/1304/1208
f 1210/1305/1209 1214/1309/1213 1211/1306/1210
f 1210/1305/1209 1209/1304/1208 1214/1309/1213
f 1214/1309/1213 1209/1304/1208 1223/1318/1222
f 1223/1318/1222 1224/1319/1223 1214/1309/1213
f 1224/1319/1223 1215/1310/1214 1214/1309/1213
f 1224/1319/1223 1216/1311/1215 1215/1310/1214
f 19/19/19 1187/1282/1186 1225/1320/1224
f 20/20/20 19/19/19 1225/1320/1224
f 20/20/20 1226/1321/1225 160/161/160
f 160/161/160 1226/1321/1225 1227/1322/1226
f 20/20/20 1225/1320/1224 1226/1321/1225
f 1226/1321/1225 1228/1323/1227 1229/1324/1228
f 1226/1321/1225 1225/1320/1224 1228/1323/1227
f 1225/1320/1224 1187/1282/1186 1230/1325/1229
f 1163/1258/1162 1188/1283/1187 1187/1282/1186
f 1187/1282/1186 1188/1283/1187 1231/1326/1230
f 1187/1282/1186 1231/1326/1230 1230/1325/1229
f 1227/1322/1226 1217/1312/1216 160/161/160
f 1227/1322/1226 1232/1327/1231 1217/1312/1216
f 1219/1314/1218 1217/1312/1216 1232/1327/1231
f 1226/1321/1225 1229/1324/1228 1227/1322/1226
f 1173/1268/1172 1233/1328/1232 1176/1271/1175
f 1173/1268/1172 1178/1273/1177 1233/1328/1232
f 1177/1272/1176 1179/1274/1178 1234/1329/1233
f 1177/1272/1176 1234/1329/1233 1178/1273/1177
f 1179/1274/1178 1235/1330/1234 1234/1329/1233
f 1178/1273/1177 1234/1329/1233 225/226/225
f 1235/1330/1234 1179/1274/1178 1175/1270/1174
f 1175/1270/1174 1182/1277/1181 1235/1330/1234
f 1182/1277/1181 1236/1331/1235 1235/1330/1234
f 1183/1278/1182 1237/1332/1236 1182/1277/1181
f 1237/1332/1236 1236/1331/1235 1182/1277/1181
f 1183/1278/1182 1184/1279/1183 1237/1332/1236
f 1184/1279/1183 1185/1280/1184 1237/1332/1236
f 1178/1273/1177 243/244/243 184/185/184
f 1178/1273/1177 225/226/225 243/244/243
f 225/226/225 1234/1329/1233 226/227/226
f 231/232/231 1234/1329/1233 1235/1330/1234
f 1234/1329/1233 231/232/231 230/231/230
f 1234/1329/1233 230/231/230 226/227/226
f 1235/1330/1234 236/237/236 231/232/231
f 1235/1330/1234 1236/1331/1235 236/237/236
f 1236/1331/1235 1237/1332/1236 236/237/236
f 1212/1307/1211 237/238/237 1185/1280/1184
f 1185/1280/1184 237/238/237 1237/1332/1236
f 1237/1332/1236 237/238/237 236/237/236
f 240/241/240 235/236/235 1238/1333/1237
f 240/241/240 1238/1333/1237 239/240/239
f 1238/1333/1237 1239/1334/1238 239/240/239
f 241/242/241 416/438/416 184/185/184
f 1240/1335/1239 191/192/191 190/191/190
f 1172/1267/1171 1176/1271/1175 189/190/189
f 189/190/189 1176/1271/1175 1233/1328/1232
f 189/190/189 1233/1328/1232 184/185/184
f 1233/1328/1232 1178/1273/1177 184/185/184
f 1185/1280/1184 1186/1281/1185 1212/1307/1211
f 1212/1307/1211 1241/1336/1240 237/238/237
f 237/238/237 1242/1337/1241 1243/1338/1242
f 1241/1336/1240 1242/1337/1241 237/238/237
f 1213/1308/1212 1241/1336/1240 1212/1307/1211
f 1244/1339/1243 1245/1340/1244 1213/1308/1212
f 1213/1308/1212 1245/1340/1244 1241/1336/1240
f 237/238/237 1243/1338/1242 235/236/235
f 235/236/235 1243/1338/1242 1238/1333/1237
f 1238/1333/1237 1246/1341/1245 1239/1334/1238
f 1242/1337/1241 1247/1342/1246 1243/1338/1242
f 1243/1338/1242 1248/1343/1247 1238/1333/1237
f 1238/1333/1237 1248/1343/1247 1246/1341/1245
f 1248/1343/1247 1249/1344/1248 1246/1341/1245
f 1246/1341/1245 1249/1344/1248 1250/1345/1249
f 1251/1346/1250 263/1347/263 259/266/259
f 1251/1346/1250 1252/1348/1251 263/1347/263
f 259/266/259 1253/1349/1252 1251/1346/1250
f 1254/1350/1253 1252/1348/1251 1251/1346/1250
f 1253/1349/1252 1255/1351/1254 1251/1346/1250
f 1255/1351/1254 1256/1352/1255 1251/1346/1250
f 1256/1352/1255 1257/1353/1256 1251/1346/1250
f 1251/1346/1250 1257/1353/1256 1254/1350/1253
f 239/282/239 1258/1354/1257 267/276/267
f 239/282/239 1259/1355/1258 1258/1354/1257
f 1239/1334/1238 1259/1356/1258 239/240/239
f 267/276/267 1258/1354/1257 269/279/269
f 269/279/269 1258/1354/1257 1260/1357/1259
f 1258/1354/1257 1261/1358/1260 1260/1357/1259
f 270/281/270 1262/1359/1261 260/265/260
f 269/279/269 1262/1359/1261 270/281/270
f 1260/1357/1259 1262/1359/1261 269/279/269
f 1263/1360/1262 1253/1349/1252 260/265/260
f 1262/1359/1261 1263/1360/1262 260/265/260
f 1260/1357/1259 1264/1361/1263 1262/1359/1261
f 1253/1349/1252 1263/1360/1262 1265/1362/1264
f 259/266/259 260/265/260 1253/1349/1252
f 1265/1362/1264 1255/1351/1254 1253/1349/1252
f 1252/1348/1251 1266/1363/1265 263/1347/263
f 263/269/263 1267/1364/1266 264/270/264
f 1268/1365/1267 1267/1366/1266 263/1347/263
f 263/1347/263 1266/1363/1265 1268/1365/1267
f 276/288/276 1269/1367/1268 178/179/178
f 1270/1368/1269 1269/1367/1268 276/288/276
f 1267/1364/1266 276/288/276 264/270/264
f 1267/1364/1266 1270/1368/1269 276/288/276
f 1267/1366/1266 1268/1365/1267 1271/1369/1270
f 1270/1370/1269 1267/1366/1266 1272/1371/1271
f 1273/1372/1272 1274/1373/1273 1267/1366/1266
f 1267/1366/1266 1274/1373/1273 1272/1371/1271
f 1274/1373/1273 1275/1374/1274 1272/1371/1271
f 1254/1350/1253 1276/1375/1275 1252/1348/1251
f 1254/1350/1253 1277/1376/1276 1276/1375/1275
f 1252/1348/1251 1276/1375/1275 1266/1363/1265
f 1266/1363/1265 1278/1377/1277 1268/1365/1267
f 1271/1369/1270 1273/1372/1272 1267/1366/1266
f 178/179/178 1269/1367/1268 1279/1378/1278
f 178/179/178 1279/1378/1278 200/201/200
f 1269/1367/1268 1280/1379/1279 1279/1378/1278
f 1280/1379/1279 1269/1367/1268 1281/1380/1280
f 1281/1380/1280 1282/1381/1281 1280/1379/1279
f 1269/1367/1268 1283/1382/1282 1281/1380/1280
f 1270/1368/1269 1284/1383/1283 1269/1367/1268
f 1272/1371/1271 1285/1384/1284 1270/1370/1269
f 1270/1370/1269 1285/1384/1284 1284/1385/1283
f 1284/1383/1283 1283/1382/1282 1269/1367/1268
f 1284/1385/1283 1285/1384/1284 1286/1386/1285
f 200/201/200 1279/1378/1278 1287/1387/1286
f 1246/1341/1245 1288/1388/1287 1239/1334/1238
f 1288/1388/1287 1259/1356/1258 1239/1334/1238
f 1288/1388/1287 1289/1389/1288 1259/1356/1258
f 1290/1390/1289 1291/1391/1290 1259/1355/1258
f 1289/1392/1288 1290/1390/1289 1259/1355/1258
f 1250/1345/1249 1288/1388/1287 1246/1341/1245
f 1291/1391/1290 1258/1354/1257 1259/1355/1258
f 1291/1391/1290 1292/1393/1291 1258/1354/1257
f 1258/1354/1257 1292/1393/1291 1261/1358/1260
f 1293/1394/1292 330/344/330 1294/1395/1293
f 1295/1396/1294 1296/1397/1295 1297/1398/1296
f 1297/1398/1296 1293/1394/1292 1294/1395/1293
f 1298/1399/1297 1299/1400/1298 1300/1401/1299
f 1301/1402/1300 1299/1400/1298 1302/1403/1301
f 1302/1403/1301 1303/1404/1302 1301/1402/1300
f 331/345/331 334/348/334 1304/1405/1303
f 1304/1405/1303 334/348/334 337/351/337
f 337/351/337 1305/1406/1304 1304/1405/1303
f 336/350/336 1306/1407/1305 337/351/337
f 341/355/341 1307/1408/1306 342/356/342
f 344/358/344 1308/1409/1307 341/355/341
f 341/355/341 1308/1409/1307 1307/1408/1306
f 336/350/336 342/356/342 1309/1410/1308
f 342/356/342 1310/1411/1309 1309/1410/1308
f 342/356/342 1307/1408/1306 1310/1411/1309
f 1307/1408/1306 1311/1412/1310 1310/1411/1309
f 1307/1408/1306 1312/1413/1311 1311/1412/1310
f 1305/1406/1304 1306/1407/1305 1313/1414/1312
f 1305/1406/1304 337/351/337 1306/1407/1305
f 1306/1407/1305 1314/1415/1313 1313/1414/1312
f 1314/1415/1313 1306/1407/1305 1315/1416/1314
f 1306/1407/1305 1316/1417/1315 1317/1418/1316
f 1306/1407/1305 1309/1410/1308 1316/1417/1315
f 336/350/336 1309/1410/1308 1306/1407/1305
f 1315/1416/1314 1306/1407/1305 1317/1418/1316
f 1309/1410/1308 1318/1419/1317 1316/1417/1315
f 1309/1410/1308 1310/1411/1309 1319/1420/1318
f 1318/1419/1317 1309/1410/1308 1320/1421/1319
f 1309/1410/1308 1319/1420/1318 1320/1421/1319
f 1310/1411/1309 1321/1422/1320 1319/1420/1318
f 1310/1411/1309 1311/1412/1310 1322/1423/1321
f 1322/1423/1321 1321/1422/1320 1310/1411/1309
f 344/358/344 1323/1424/1322 1308/1409/1307
f 329/343/329 1324/1425/1323 1323/1424/1322
f 1324/1425/1323 1325/1426/1324 1326/1427/1325
f 1327/1428/1326 1325/1426/1324 1328/1429/1327
f 1328/1429/1327 1325/1426/1324 1324/1425/1323
f 1307/1408/1306 1308/1409/1307 1312/1413/1311
f 1312/1413/1311 1308/1409/1307 1329/1430/1328
f 1323/1424/1322 1330/1431/1329 1308/1409/1307
f 1323/1424/1322 1324/1425/1323 1331/1432/1330
f 1323/1424/1322 1331/1432/1330 1330/1431/1329
f 1324/1425/1323 1326/1427/1325 1331/1432/1330
f 329/343/329 1323/1424/1322 323/337/323
f 345/359/345 1323/1424/1322 344/358/344
f 345/359/345 323/337/323 1323/1424/1322
f 329/343/329 1328/1429/1327 1324/1425/1323
f 1293/1394/1292 1328/1429/1327 329/343/329
f 1293/1394/1292 1332/1433/1331 1333/1434/1332
f 1296/1397/1295 1334/1435/1333 1293/1394/1292
f 1332/1433/1331 1293/1394/1292 1334/1435/1333
f 1328/1429/1327 1335/1436/1334 1327/1428/1326
f 1328/1429/1327 1333/1434/1332 1335/1436/1334
f 1328/1429/1327 1293/1394/1292 1333/1434/1332
f 1300/1401/1299 1334/1435/1333 1296/1397/1295
f 1300/1401/1299 1301/1402/1300 1336/1437/1335
f 350/364/350 1337/1438/1336 1338/1439/1337
f 350/364/350 1339/1440/1338 1337/1438/1336
f 348/362/348 1340/1441/471 1341/1442/1339
f 1340/1441/471 1342/1443/1340 1343/1444/1341
f 352/366/352 1344/1445/1342 1340/1441/471
f 1340/1441/471 1344/1445/1342 1342/1443/1340
f 352/366/352 1345/1446/1343 1344/1445/1342
f 352/366/352 1338/1439/1337 1345/1446/1343
f 347/361/347 352/366/352 1340/1441/471
f 352/366/352 350/364/350 1338/1439/1337
f 350/364/350 360/374/360 1339/1440/1338
f 332/377/332 1346/1447/1344 360/374/360
f 1347/1448/1345 1348/1449/1346 1349/1450/1347
f 1350/1451/1348 1347/1448/1345 1349/1450/1347
f 1351/1452/1349 1352/1453/1350 1347/1448/1345
f 1353/1454/1351 1354/1455/1352 1355/1456/1353
f 1355/1456/1353 1351/1452/1349 1350/1451/1348
f 1353/1454/1351 1356/1457/1354 1354/1455/1352
f 1354/1455/1352 1357/1458/1355 1351/1452/1349
f 1354/1455/1352 1358/1459/1356 1357/1458/1355
f 1354/1455/1352 1340/1441/471 1343/1444/1341
f 1354/1455/1352 1343/1444/1341 1358/1459/1356
f 1337/1438/1336 1359/1460/1357 1338/1439/1337
f 1337/1438/1336 1339/1440/1338 1360/1461/1358
f 1339/1440/1338 1361/1462/1359 1362/1463/1360
f 1346/1447/1344 1339/1440/1338 360/374/360
f 1339/1440/1338 1346/1447/1344 1361/1462/1359
f 1346/1464/1344 362/378/362 1363/1465/1361
f 362/378/362 1346/1464/1344 332/346/332
f 1346/1447/1344 1364/1466/1362 1361/1462/1359
f 1346/1464/1344 1365/1467/1363 1364/1468/1362
f 1346/1464/1344 1363/1465/1361 1365/1467/1363
f 331/345/331 1304/1405/1303 362/378/362
f 362/378/362 1304/1405/1303 1305/1406/1304
f 1363/1465/1361 362/378/362 1366/1469/1364
f 362/378/362 1305/1406/1304 1366/1469/1364
f 1313/1414/1312 1314/1415/1313 1367/1470/1365
f 1314/1415/1313 1315/1416/1314 1367/1470/1365
f 1315/1416/1314 1368/1471/1366 1367/1470/1365
f 1317/1418/1316 1369/1472/1367 1315/1416/1314
f 1367/1470/1365 1368/1471/1366 1370/1473/1368
f 1315/1416/1314 1371/1474/1369 1368/1471/1366
f 1315/1416/1314 1369/1472/1367 1371/1474/1369
f 1372/1475/1370 1373/1476/1371 1169/1264/1168
f 1373/1476/1371 1374/1477/1372 1169/1264/1168
f 1372/1475/1370 1375/1478/1373 1373/1476/1371
f 1375/1478/1373 1204/1299/1203 1376/1479/1374
f 1375/1478/1373 1376/1479/1374 1373/1476/1371
f 1374/1477/1372 1373/1476/1371 1377/1480/1375
f 1377/1480/1375 1373/1476/1371 1378/1481/1376
f 1374/1477/1372 1377/1480/1375 1379/1482/1377
f 1379/1482/1377 1377/1480/1375 1380/1483/1378
f 1379/1482/1377 1380/1483/1378 1381/1484/1379
f 1380/1483/1378 1382/1485/1380 1381/1484/1379
f 1383/1486/1381 1373/1476/1371 1376/1479/1374
f 1378/1481/1376 1384/1487/1382 1377/1480/1375
f 1384/1487/1382 1385/1488/1383 1377/1480/1375
f 1385/1488/1383 1386/1489/1384 1380/1483/1378
f 1385/1488/1383 1380/1483/1378 1377/1480/1375
f 1380/1483/1378 371/387/371 1382/1485/1380
f 1382/1485/1380 371/387/371 1387/1490/1385
f 1382/1485/1380 1387/1490/1385 1388/1491/1386
f 1357/1458/1355 1385/1488/1383 1384/1487/1382
f 1344/1445/1342 1386/1489/1384 1342/1443/1340
f 1386/1489/1384 1344/1445/1342 1345/1446/1343
f 1389/1492/1387 1390/1493/1388 1391/1494/1389
f 1390/1493/1388 1392/1495/1390 1393/1496/1391
f 1390/1493/1388 1394/1497/1392 1392/1495/1390
f 1390/1493/1388 1395/1498/1393 1394/1497/1392
f 1389/1492/1387 1396/1499/1394 1390/1493/1388
f 1390/1493/1388 1396/1499/1394 1395/1498/1393
f 377/1500/377 1397/1501/1395 364/1502/364
f 377/1500/377 1398/1503/1396 1397/1501/1395
f 1399/1504/1397 1393/1496/1391 1392/1495/1390
f 1393/1496/1391 1400/1505/1398 1398/1503/1396
f 1398/1503/1396 1400/1505/1398 1401/1506/1399
f 1402/1507/1400 1403/1508/1401 366/1509/366
f 364/1502/364 1397/1501/1395 366/1509/366
f 366/1509/366 1397/1501/1395 1404/1510/1402
f 366/1509/366 1404/1510/1402 1402/1507/1400
f 1405/1511/1403 1397/1501/1395 1406/1512/1404
f 1403/1508/1401 1407/1513/1405 1408/1514/1406
f 1403/1508/1401 1409/1515/1407 1407/1513/1405
f 1404/1510/1402 1410/1516/1408 1402/1507/1400
f 1407/1513/1405 1409/1515/1407 1411/1517/1409
f 1411/1517/1409 1409/1515/1407 1412/1518/1410
f 1411/1517/1409 1412/1518/1410 1413/1519/1411
f 1409/1515/1407 1403/1508/1401 1414/1520/1412
f 1409/1515/1407 1414/1520/1412 1412/1518/1410
f 1402/1507/1400 1414/1520/1412 1403/1508/1401
f 1402/1507/1400 1410/1516/1408 1414/1520/1412
f 1397/1501/1395 1415/1521/1413 1404/1510/1402
f 1397/1501/1395 1405/1511/1403 1415/1521/1413
f 1393/1496/1391 1399/1504/1397 1416/1522/1414
f 1393/1496/1391 1416/1522/1414 1400/1505/1398
f 1401/1506/1399 1406/1512/1404 1398/1503/1396
f 1398/1503/1396 1406/1512/1404 1397/1501/1395
f 1394/1497/1392 1417/1523/1415 1392/1495/1390
f 1392/1495/1390 1417/1523/1415 1399/1504/1397
f 1200/1295/1199 1378/1481/1376 1201/1296/1200
f 1378/1481/1376 1418/1524/1416 1201/1296/1200
f 1201/1296/1200 1418/1524/1416 1419/1525/1417
f 1419/1525/1417 1197/1292/1196 1194/1289/1193
f 1201/1296/1200 1419/1525/1417 1194/1289/1193
f 1196/1291/1195 1420/1526/1418 1199/1294/1198
f 1197/1292/1196 1420/1526/1418 1196/1291/1195
f 1420/1526/1418 1421/1527/1419 1199/1294/1198
f 1422/1528/1420 1421/1527/1419 1420/1526/1418
f 1197/1292/1196 1419/1525/1417 1420/1526/1418
f 1419/1525/1417 1422/1528/1420 1420/1526/1418
f 1421/1527/1419 1423/1529/1421 1199/1294/1198
f 1421/1527/1419 1422/1528/1420 1423/1529/1421
f 1423/1529/1421 1422/1528/1420 1383/1486/1381
f 1423/1529/1421 1383/1486/1381 1203/1298/1202
f 1203/1298/1202 1383/1486/1381 1204/1299/1203
f 1376/1479/1374 1204/1299/1203 1383/1486/1381
f 1419/1525/1417 1373/1476/1371 1422/1528/1420
f 1422/1528/1420 1373/1476/1371 1383/1486/1381
f 1208/1303/1207 1347/1448/1345 1202/1297/1201
f 1351/1452/1349 1424/1530/1422 1352/1453/1350
f 1351/1452/1349 1357/1458/1355 1424/1530/1422
f 1202/1297/1201 1384/1487/1382 1200/1295/1199
f 1347/1448/1345 1384/1487/1382 1202/1297/1201
f 1200/1295/1199 1384/1487/1382 1378/1481/1376
f 1347/1448/1345 1352/1453/1350 1384/1487/1382
f 1424/1530/1422 1357/1458/1355 1384/1487/1382
f 1352/1453/1350 1424/1530/1422 1384/1487/1382
f 1373/1476/1371 1418/1524/1416 1378/1481/1376
f 1418/1524/1416 1373/1476/1371 1419/1525/1417
f 1343/1444/1341 1357/1458/1355 1358/1459/1356
f 1343/1444/1341 1385/1488/1383 1357/1458/1355
f 1343/1444/1341 1342/1443/1340 1385/1488/1383
f 1385/1488/1383 1342/1443/1340 1386/1489/1384
f 1338/1439/1337 1359/1460/1357 1345/1446/1343
f 1345/1446/1343 1359/1460/1357 1386/1489/1384
f 1386/1489/1384 1359/1460/1357 1380/1483/1378
f 1380/1483/1378 1425/1531/1423 371/387/371
f 1359/1460/1357 1425/1531/1423 1380/1483/1378
f 1359/1460/1357 1337/1438/1336 1425/1531/1423
f 1337/1438/1336 1360/1461/1358 1425/1531/1423
f 1360/1461/1358 1339/1440/1338 1362/1463/1360
f 1362/1463/1360 1425/1531/1423 1360/1461/1358
f 1362/1463/1360 1361/1462/1359 1426/1532/1424
f 1425/1531/1423 1362/1463/1360 1426/1532/1424
f 1425/1531/1423 1426/1532/1424 371/387/371
f 1361/1462/1359 1364/1466/1362 1426/1532/1424
f 1426/1532/1424 1364/1466/1362 372/388/372
f 1426/1532/1424 372/388/372 371/387/371
f 1365/1467/1363 1427/1533/1425 1364/1468/1362
f 1364/1466/1362 1427/1534/1425 372/388/372
f 1365/1467/1363 1363/1465/1361 1427/1533/1425
f 372/388/372 1427/1534/1425 375/391/375
f 1427/1533/1425 1363/1465/1361 375/1535/375
f 1363/1465/1361 1428/1536/1426 375/1535/375
f 1366/1469/1364 1428/1536/1426 1363/1465/1361
f 375/1535/375 1428/1536/1426 1429/1537/1427
f 1428/1536/1426 1430/1538/1428 1429/1537/1427
f 1428/1536/1426 1366/1469/1364 1430/1538/1428
f 1366/1469/1364 1305/1406/1304 1430/1538/1428
f 1305/1406/1304 1367/1470/1365 1430/1538/1428
f 1305/1406/1304 1313/1414/1312 1367/1470/1365
f 1431/1539/1429 1429/1540/1427 1432/1541/1430
f 1429/1537/1427 1430/1538/1428 1432/1542/1430
f 1432/1542/1430 1430/1538/1428 1433/1543/1431
f 1367/1470/1365 1370/1473/1368 1430/1538/1428
f 1430/1538/1428 1370/1473/1368 1433/1543/1431
f 1368/1471/1366 1434/1544/1432 1370/1473/1368
f 375/1545/375 1429/1540/1427 1391/1494/1389
f 1435/1546/1433 1436/1547/1434 1437/1548/1435
f 1437/1548/1435 367/383/367 1435/1546/1433
f 1438/1549/1436 1437/1548/1435 1439/1550/1437
f 1436/1547/1434 1439/1550/1437 1437/1548/1435
f 1435/1546/1433 367/383/367 1440/1551/1438
f 1441/1552/1439 1442/1553/1440 1440/1551/1438
f 1441/1552/1439 1443/1554/1441 1442/1553/1440
f 1441/1552/1439 1444/1555/1442 1443/1554/1441
f 1443/1554/1441 1444/1555/1442 1445/1556/1443
f 1445/1556/1443 1446/1557/1444 1443/1554/1441
f 1446/1557/1444 1447/1558/1445 1443/1554/1441
f 1447/1558/1445 1446/1557/1444 1448/1559/1446
f 1448/1559/1446 1449/1560/1447 1447/1558/1445
f 1449/1560/1447 1448/1559/1446 1450/1561/1448
f 1451/1562/1449 1452/1563/1450 1453/1564/1451
f 1454/1565/1452 1455/1566/1453 1450/1561/1448
f 1450/1561/1448 1455/1566/1453 1453/1564/1451
f 1453/1564/1451 1455/1566/1453 1451/1562/1449
f 1456/1567/1454 1457/1568/1455 1458/1569/1456
f 1458/1569/1456 1457/1568/1455 1459/1570/1457
f 1457/1568/1455 1460/1571/1458 1459/1570/1457
f 367/383/367 1441/1552/1439 1440/1551/1438
f 1441/1552/1439 367/383/367 1444/1555/1442
f 363/379/363 1444/1555/1442 367/383/367
f 1445/1556/1443 1444/1555/1442 365/381/365
f 365/381/365 1446/1557/1444 1445/1556/1443
f 365/381/365 1403/1572/1401 1461/1573/1459
f 366/382/366 1403/1572/1401 365/381/365
f 1446/1557/1444 365/381/365 1448/1559/1446
f 1450/1561/1448 1448/1559/1446 1454/1565/1452
f 365/381/365 1454/1565/1452 1448/1559/1446
f 1462/1574/1460 1452/1563/1450 1463/1575/1461
f 1451/1562/1449 1461/1573/1459 1452/1563/1450
f 1452/1563/1450 1461/1573/1459 1464/1576/1462
f 1451/1562/1449 1455/1566/1453 1461/1573/1459
f 1461/1573/1459 1455/1566/1453 365/381/365
f 1465/1577/1463 1464/1576/1462 1461/1573/1459
f 1463/1575/1461 1466/1578/1464 1467/1579/1465
f 1463/1575/1461 1452/1563/1450 1466/1578/1464
f 1452/1563/1450 1464/1576/1462 1466/1578/1464
f 1466/1578/1464 1456/1567/1454 1467/1579/1465
f 1461/1573/1459 1403/1572/1401 1408/1580/1406
f 1461/1573/1459 1408/1580/1406 1465/1577/1463
f 1468/1581/1466 1469/1582/1467 1470/1583/1468
f 1468/1581/1466 1465/1577/1463 1408/1580/1406
f 1471/1584/1469 1468/1581/1466 1408/1580/1406
f 363/379/363 365/381/365 1444/1555/1442
f 1454/1565/1452 365/381/365 1455/1566/1453
f 1456/1567/1454 1466/1578/1464 1464/1576/1462
f 1456/1567/1454 1464/1576/1462 1457/1568/1455
f 1472/1585/1470 1460/1571/1458 1473/1586/1471
f 1457/1568/1455 1464/1576/1462 1473/1586/1471
f 1457/1568/1455 1473/1586/1471 1460/1571/1458
f 1465/1577/1463 1473/1586/1471 1464/1576/1462
f 1474/1587/1472 1475/1588/1473 1476/1589/1474
f 1477/1590/1475 1478/1591/1476 1479/1592/1477
f 1474/1587/1472 1477/1590/1475 1475/1588/1473
f 1477/1590/1475 1479/1592/1477 1475/1588/1473
f 1476/1589/1474 1475/1588/1473 1480/1593/1478
f 1476/1589/1474 1480/1593/1478 1481/1594/1479
f 1482/1595/1480 1483/1596/1481 1484/1597/1482
f 1483/1596/1481 1482/1595/1480 1485/1598/1483
f 1482/1595/1480 1486/1599/1484 1485/1598/1483
f 1484/1597/1482 1474/1587/1472 1476/1589/1474
f 1484/1597/1482 1476/1589/1474 1482/1595/1480
f 1482/1595/1480 1476/1589/1474 1486/1599/1484
f 1487/1600/1485 1486/1599/1484 1488/1601/1486
f 1489/1602/1487 1487/1600/1485 1488/1601/1486
f 1485/1598/1483 1486/1599/1484 1490/1603/1488
f 1481/1594/1479 1488/1601/1486 1476/1589/1474
f 1486/1599/1484 1476/1589/1474 1488/1601/1486
f 1491/1604/1489 1488/1601/1486 1481/1594/1479
f 1488/1601/1486 1491/1604/1489 1492/1605/1490
f 1491/1604/1489 1481/1594/1479 1493/1606/1491
f 1481/1594/1479 1480/1593/1478 1493/1606/1491
f 1493/1606/1491 1480/1593/1478 1494/1607/1492
f 1468/1581/1466 1470/1583/1468 1465/1577/1463
f 1465/1577/1463 1470/1583/1468 1495/1608/1493
f 1496/1609/1494 1469/1582/1467 1468/1581/1466
f 1497/1610/1495 1470/1583/1468 1469/1582/1467
f 1498/1611/1496 1468/1581/1466 1471/1584/1469
f 1468/1581/1466 1498/1611/1496 1496/1609/1494
f 1471/1584/1469 1408/1580/1406 1499/1612/1497
f 1471/1584/1469 1499/1612/1497 1498/1611/1496
f 1478/1591/1476 1472/1585/1470 1500/1613/1498
f 1478/1591/1476 1500/1613/1498 1479/1592/1477
f 1472/1585/1470 1473/1586/1471 1500/1613/1498
f 1465/1577/1463 1479/1592/1477 1500/1613/1498
f 1465/1577/1463 1501/1614/1499 1479/1592/1477
f 1465/1577/1463 1500/1613/1498 1473/1586/1471
f 1480/1593/1478 1475/1588/1473 1479/1592/1477
f 1479/1592/1477 1501/1614/1499 1480/1593/1478
f 1488/1601/1486 1492/1605/1490 1489/1602/1487
f 1495/1608/1493 1501/1614/1499 1465/1577/1463
f 1501/1614/1499 1495/1608/1493 1502/1615/1500
f 1470/1583/1468 1503/1616/1501 1495/1608/1493
f 1495/1608/1493 1503/1616/1501 1504/1617/1502
f 1505/1618/1503 1495/1608/1493 1504/1617/1502
f 1506/1619/1504 1502/1615/1500 1495/1608/1493
f 1501/1614/1499 1507/1620/1505 1480/1593/1478
f 1501/1614/1499 1502/1615/1500 1507/1620/1505
f 1495/1608/1493 1505/1618/1503 1506/1619/1504
f 1508/1621/1506 1506/1619/1504 1505/1618/1503
f 1504/1617/1502 1509/1622/1507 1505/1618/1503
f 1505/1618/1503 1509/1622/1507 1508/1621/1506
f 1503/1616/1501 1470/1583/1468 1497/1610/1495
f 1503/1616/1501 1509/1622/1507 1504/1617/1502
f 1408/1514/1406 1407/1513/1405 1499/1623/1497
f 1480/1593/1478 1507/1620/1505 1494/1607/1492
f 1388/1491/1386 1387/1490/1385 1510/1624/1508
f 1511/1625/1509 1510/1624/1508 1387/1490/1385
f 1511/1625/1509 1512/1626/1510 1513/1627/1511
f 1387/1490/1385 1512/1626/1510 1511/1625/1509
f 1512/1626/1510 1514/1628/1512 1513/1627/1511
f 1512/1626/1510 1515/1629/1513 1514/1628/1512
f 1516/1630/1514 1517/1631/1515 1518/1632/1516
f 1515/1629/1513 1512/1626/1510 1519/1633/1517
f 1515/1629/1513 1519/1633/1517 1520/1634/1518
f 1521/1635/1519 1519/1633/1517 1522/1636/1520
f 1521/1635/1519 1520/1634/1518 1519/1633/1517
f 1519/1633/1517 1523/1637/1521 1522/1636/1520
f 1524/1638/1522 1525/1639/1523 1526/1640/1524
f 1527/1641/1525 1528/1642/1526 1529/1643/1527
f 1530/1644/1528 1531/1645/1529 1524/1638/1522
f 1531/1645/1529 1525/1639/1523 1524/1638/1522
f 1531/1645/1529 1530/1644/1528 1529/1643/1527
f 1529/1643/1527 1530/1644/1528 1527/1641/1525
f 1516/1630/1514 1525/1639/1523 1517/1631/1515
f 1516/1630/1514 1526/1640/1524 1525/1639/1523
f 1522/1636/1520 1523/1637/1521 1532/1646/1530
f 1532/1646/1530 1533/1647/1531 1534/1648/1532
f 1523/1637/1521 1533/1647/1531 1532/1646/1530
f 1533/1647/1531 1528/1642/1526 1534/1648/1532
f 1534/1648/1532 1528/1642/1526 1527/1641/1525
f 1512/1626/1510 1387/1490/1385 371/387/371
f 371/387/371 373/389/373 1512/1626/1510
f 1519/1633/1517 374/390/374 1523/1637/1521
f 1512/1626/1510 373/389/373 1519/1633/1517
f 374/390/374 1519/1633/1517 373/389/373
f 1523/1637/1521 1528/1642/1526 1533/1647/1531
f 1523/1637/1521 374/390/374 1528/1642/1526
f 1518/1632/1516 1535/1649/1533 1536/1650/1534
f 1536/1650/1534 1535/1649/1533 1537/1651/1535
f 1535/1649/1533 1538/1652/1536 1537/1651/1535
f 1518/1632/1516 1517/1631/1515 1535/1649/1533
f 1517/1631/1515 1525/1639/1523 1535/1649/1533
f 1537/1651/1535 1539/1653/1537 1540/1654/1538
f 1537/1651/1535 1538/1652/1536 1539/1653/1537
f 1535/1649/1533 1525/1639/1523 1538/1652/1536
f 1539/1653/1537 1538/1652/1536 1541/1655/1539
f 1542/1656/1540 1541/1655/1539 1543/1657/1541
f 1538/1652/1536 368/384/368 1541/1655/1539
f 1543/1657/1541 1541/1655/1539 1544/1658/1542
f 1543/1657/1541 1544/1658/1542 1545/1659/1543
f 1544/1658/1542 1546/1660/1544 1545/1659/1543
f 1544/1658/1542 1541/1655/1539 368/384/368
f 1547/1661/1545 1548/1662/1546 1549/1663/1547
f 1549/1663/1547 1548/1662/1546 1550/1664/1548
f 1550/1664/1548 1551/1665/1549 1549/1663/1547
f 1547/1661/1545 1549/1663/1547 1552/1666/1550
f 1547/1661/1545 1552/1666/1550 1439/1550/1437
f 1439/1550/1437 1552/1666/1550 1438/1549/1436
f 368/384/368 1546/1660/1544 1544/1658/1542
f 1546/1660/1544 1553/1667/1551 1554/1668/1552
f 1553/1667/1551 1546/1660/1544 1555/1669/1553
f 1555/1669/1553 1556/1670/1554 1553/1667/1551
f 1555/1669/1553 1557/1671/1555 1556/1670/1554
f 1555/1669/1553 1551/1665/1549 1557/1671/1555
f 1551/1665/1549 1550/1664/1548 1557/1671/1555
f 1538/1652/1536 1525/1639/1523 368/384/368
f 1437/1548/1435 1438/1549/1436 367/383/367
f 367/383/367 1552/1666/1550 1551/1665/1549
f 1438/1549/1436 1552/1666/1550 367/383/367
f 1549/1663/1547 1551/1665/1549 1552/1666/1550
f 1525/1639/1523 369/385/369 368/384/368
f 1525/1639/1523 1531/1645/1529 369/385/369
f 1555/1669/1553 1546/1660/1544 368/384/368
f 368/384/368 367/383/367 1551/1665/1549
f 368/384/368 1551/1665/1549 1555/1669/1553
f 374/390/374 1529/1643/1527 1528/1642/1526
f 369/385/369 1531/1645/1529 377/393/377
f 1529/1643/1527 377/393/377 1531/1645/1529
f 1393/1496/1391 376/1672/376 375/1545/375
f 374/390/374 376/392/376 1529/1643/1527
f 376/392/376 377/393/377 1529/1643/1527
f 377/1500/377 376/1672/376 1398/1503/1396
f 376/1672/376 1393/1496/1391 1398/1503/1396
f 1391/1494/1389 1390/1493/1388 375/1545/375
f 1390/1493/1388 1393/1496/1391 375/1545/375
f 1558/1673/1556 1559/1674/1557 1431/1539/1429
f 1429/1540/1427 1431/1539/1429 1559/1674/1557
f 1559/1674/1557 1560/1675/1558 1429/1540/1427
f 1560/1675/1558 1561/1676/1559 1429/1540/1427
f 1429/1540/1427 1561/1676/1559 1391/1494/1389
f 1560/1675/1558 1562/1677/1560 1561/1676/1559
f 1561/1676/1559 1562/1677/1560 1391/1494/1389
f 1389/1492/1387 1391/1494/1389 1562/1677/1560
f 1432/1542/1430 1563/1678/1561 1564/1679/1562
f 1432/1541/1430 1564/1680/1562 1431/1539/1429
f 1563/1678/1561 1565/1681/1563 1564/1679/1562
f 1563/1678/1561 1566/1682/1564 1565/1681/1563
f 1567/1683/1565 1566/1682/1564 1563/1678/1561
f 1432/1542/1430 1433/1543/1431 1563/1678/1561
f 380/396/380 1568/1684/1566 1569/1685/1567
f 379/395/379 1570/1686/1568 380/396/380
f 379/395/379 382/398/382 1570/1686/1568
f 380/396/380 1570/1686/1568 1571/1687/1569
f 380/396/380 1571/1687/1569 1572/1688/1570
f 1573/1689/1571 1574/1690/1572 381/397/381
f 381/397/381 1574/1690/1572 1575/1691/1573
f 381/397/381 1575/1691/1573 382/398/382
f 382/398/382 1576/1692/1574 1570/1686/1568
f 382/398/382 1575/1691/1573 1576/1692/1574
f 1577/1693/1575 1578/1694/1576 1579/1695/1577
f 1578/1694/1576 1580/1696/1578 1579/1695/1577
f 1579/1695/1577 1580/1696/1578 1581/1697/1579
f 1581/1697/1579 1580/1696/1578 1582/1698/1580
f 1578/1694/1576 1583/1699/1581 1580/1696/1578
f 1580/1696/1578 1583/1699/1581 1582/1698/1580
f 1581/1697/1579 1582/1698/1580 1584/1700/1582
f 1569/1685/1567 1568/1684/1566 1585/1701/1583
f 1568/1684/1566 380/396/380 1586/1702/1584
f 1587/1703/1585 1588/1704/1586 380/396/380
f 1588/1704/1586 1586/1702/1584 380/396/380
f 380/396/380 1572/1688/1570 1587/1703/1585
f 1571/1687/1569 1589/1705/1587 1572/1688/1570
f 1571/1687/1569 1590/1706/1588 1589/1705/1587
f 1568/1684/1566 1591/1707/1589 1585/1701/1583
f 1591/1707/1589 1568/1684/1566 1592/1708/1590
f 1568/1684/1566 1593/1709/1591 1592/1708/1590
f 1586/1702/1584 1593/1709/1591 1568/1684/1566
f 1572/1688/1570 1594/1710/1592 1587/1703/1585
f 1588/1704/1586 1587/1703/1585 1594/1710/1592
f 1572/1688/1570 1595/1711/1593 1594/1710/1592
f 1572/1688/1570 1589/1705/1587 1595/1711/1593
f 1596/1712/1594 1571/1687/1569 1570/1686/1568
f 1571/1687/1569 1596/1712/1594 1597/1713/1595
f 1596/1712/1594 1598/1714/1596 1597/1713/1595
f 1571/1687/1569 1597/1713/1595 1590/1706/1588
f 1590/1706/1588 1599/1715/1597 1589/1705/1587
f 1598/1714/1596 1600/1716/1598 1597/1713/1595
f 1570/1686/1568 1598/1714/1596 1596/1712/1594
f 1601/1717/1599 1602/1718/1600 1574/1690/1572
f 1570/1686/1568 1576/1692/1574 1603/1719/1601
f 1604/1720/1602 1603/1719/1601 1576/1692/1574
f 1570/1686/1568 1603/1719/1601 1598/1714/1596
f 1574/1690/1572 1605/1721/1603 1575/1691/1573
f 1574/1690/1572 1602/1718/1600 1605/1721/1603
f 1605/1721/1603 1606/1722/1604 1575/1691/1573
f 1576/1692/1574 1575/1691/1573 1604/1720/1602
f 1606/1722/1604 1604/1720/1602 1575/1691/1573
f 1607/1723/1605 1577/1693/1575 1579/1695/1577
f 390/406/390 384/400/384 1608/1724/1606
f 390/406/390 1608/1724/1606 1577/1693/1575
f 1577/1693/1575 1609/1725/1607 1610/1726/1608
f 1577/1693/1575 1608/1724/1606 1609/1725/1607
f 1611/1727/1609 1612/1728/1610 1609/1725/1607
f 1609/1725/1607 1613/1729/1611 1611/1727/1609
f 1608/1724/1606 1613/1729/1611 1609/1725/1607
f 384/400/384 383/399/383 1608/1724/1606
f 1608/1724/1606 383/399/383 1614/1730/1612
f 1608/1724/1606 1615/1731/1613 1613/1729/1611
f 1608/1724/1606 1616/1732/1614 1615/1731/1613
f 1608/1724/1606 1614/1730/1612 1616/1732/1614
f 1616/1732/1614 1614/1730/1612 1617/1733/1615
f 1618/1734/1616 1619/1735/1617 1620/1736/1618
f 1621/1737/1619 1620/1736/1618 1619/1735/1617
f 1618/1734/1616 1622/1738/1620 1619/1735/1617
f 1619/1735/1617 1623/1739/1621 1621/1737/1619
f 397/419/397 1624/1740/1622 1625/1741/1623
f 1624/1740/1622 1626/1742/1624 1625/1741/1623
f 1626/1742/1624 1627/1743/1625 1625/1741/1623
f 1625/1741/1623 1627/1743/1625 1628/1744/1626
f 1625/1741/1623 1629/1745/1627 397/419/397
f 1625/1741/1623 1628/1744/1626 1629/1745/1627
f 1630/1746/1628 1624/1740/1622 397/419/397
f 397/419/397 1631/1747/1629 1630/1746/1628
f 1629/1745/1627 1632/1748/1630 1633/1749/1631
f 1634/1750/1632 1626/1742/1624 1624/1740/1622
f 1624/1740/1622 1630/1746/1628 1634/1750/1632
f 1629/1745/1627 1633/1749/1631 397/419/397
f 1632/1748/1630 1621/1737/1619 1633/1749/1631
f 1634/1750/1632 1630/1746/1628 1635/1751/1633
f 1630/1746/1628 1636/1752/1634 1635/1751/1633
f 1637/1753/1635 1630/1746/1628 1631/1747/1629
f 1631/1747/1629 1638/1754/1636 1637/1753/1635
f 1638/1754/1636 1639/1755/1637 1640/1756/1638
f 1638/1754/1636 1640/1756/1638 1641/1757/1639
f 1637/1753/1635 1636/1752/1634 1630/1746/1628
f 1632/1748/1630 1629/1745/1627 1628/1744/1626
f 1632/1748/1630 1642/1758/1640 1621/1737/1619
f 1619/1735/1617 1643/1759/1641 1623/1739/1621
f 397/419/397 1633/1749/1631 399/421/399
f 399/421/399 1633/1749/1631 1644/1760/1642
f 1633/1749/1631 1645/1761/1643 1644/1760/1642
f 1637/1753/1635 1638/1754/1636 1641/1757/1639
f 1621/1737/1619 1646/1762/1644 1633/1749/1631
f 1621/1737/1619 1623/1739/1621 1646/1762/1644
f 1646/1762/1644 1645/1761/1643 1633/1749/1631
f 1647/1763/1645 1648/1764/1646 1644/1760/1642
f 1645/1761/1643 1647/1763/1645 1644/1760/1642
f 1644/1760/1642 1648/1764/1646 399/421/399
f 1647/1763/1645 1649/1765/1647 1648/1764/1646
f 1577/1693/1575 1650/1766/1648 1578/1694/1576
f 1650/1766/1648 1577/1693/1575 1610/1726/1608
f 1610/1726/1608 1609/1725/1607 1651/1767/1649
f 1609/1725/1607 1612/1728/1610 1651/1767/1649
f 378/394/378 1569/1685/1567 383/399/383
f 1614/1730/1612 383/399/383 1652/1768/1650
f 1614/1730/1612 1652/1768/1650 1617/1733/1615
f 1652/1768/1650 1653/1769/1651 1617/1733/1615
f 383/399/383 1654/1770/1652 1652/1768/1650
f 1654/1770/1652 1653/1769/1651 1652/1768/1650
f 1569/1685/1567 1654/1770/1652 383/399/383
f 1654/1770/1652 1655/1771/1653 1653/1769/1651
f 1654/1770/1652 1569/1685/1567 1656/1772/1654
f 1569/1685/1567 1585/1701/1583 1656/1772/1654
f 1649/1765/1647 1657/1773/1655 1648/1764/1646
f 1648/1764/1646 1657/1773/1655 399/421/399
f 1649/1765/1647 1658/1774/1656 1657/1773/1655
f 1658/1774/1656 1659/1775/1657 1657/1773/1655
f 1657/1773/1655 1659/1775/1657 1660/1776/1658
f 1659/1775/1657 1661/1777/1659 1660/1776/1658
f 1659/1775/1657 1662/1778/1660 1661/1777/1659
f 1661/1777/1659 1573/1689/1571 1660/1776/1658
f 1661/1777/1659 1663/1779/1661 1573/1689/1571
f 1661/1777/1659 1662/1778/1660 1663/1779/1661
f 1663/1779/1661 1664/1780/1662 1573/1689/1571
f 1573/1689/1571 1664/1780/1662 1601/1717/1599
f 1573/1689/1571 1601/1717/1599 1574/1690/1572
f 1665/1781/1663 1666/1782/1664 1667/1783/1665
f 1668/1784/1666 1667/1783/1665 1666/1782/1664
f 1669/1785/1667 1667/1783/1665 1668/1784/1666
f 1670/1786/1668 1671/1787/1669 1669/1785/1667
f 1670/1786/1668 1672/1788/1670 1671/1787/1669
f 1672/1788/1670 1673/1789/1671 1671/1787/1669
f 1674/1790/1672 1673/1789/1671 1672/1788/1670
f 1674/1790/1672 1675/1791/1673 1673/1789/1671
f 1639/1792/1637 1676/1793/1674 1677/1794/1675
f 1678/1795/1676 1679/1796/1677 1680/1797/1678
f 1680/1797/1678 1679/1796/1677 1681/1798/1679
f 1682/1799/1680 1681/1798/1679 1679/1796/1677
f 1683/1800/1681 1682/1799/1680 1679/1796/1677
f 1683/1800/1681 1681/1798/1679 1682/1799/1680
f 1684/1801/1682 1685/1802/1683 1686/1803/1684
f 1685/1802/1683 1687/1804/1685 1688/1805/1686
f 1685/1802/1683 1689/1806/1687 1687/1804/1685
f 1690/1807/1688 1691/1808/1689 1684/1801/1682
f 1692/1809/1690 1684/1801/1682 1691/1808/1689
f 1691/1808/1689 1693/1810/1691 1692/1809/1690
f 1694/1811/1692 1691/1808/1689 1690/1807/1688
f 1691/1808/1689 1695/1812/1693 1693/1810/1691
f 1695/1812/1693 1696/1813/1694 1693/1810/1691
f 1684/1801/1682 1689/1806/1687 1685/1802/1683
f 1684/1801/1682 1692/1809/1690 1689/1806/1687
f 1697/1814/1695 1692/1809/1690 1698/1815/1696
f 1692/1809/1690 1697/1814/1695 1689/1806/1687
f 1697/1814/1695 1699/1816/1697 1689/1806/1687
f 1693/1810/1691 1700/1817/1698 1692/1809/1690
f 1700/1817/1698 1698/1815/1696 1692/1809/1690
f 1699/1816/1697 1701/1818/1699 1689/1806/1687
f 1701/1818/1699 1699/1816/1697 1702/1819/1700
f 1695/1812/1693 1703/1820/1701 1704/1821/1702
f 1705/1822/1703 1687/1804/1685 1706/1823/1704
f 1706/1823/1704 1687/1804/1685 1681/1798/1679
f 1705/1822/1703 1688/1805/1686 1687/1804/1685
f 1706/1823/1704 1681/1798/1679 1683/1800/1681
f 1680/1797/1678 1681/1798/1679 1707/1824/1705
f 1681/1798/1679 1687/1804/1685 1707/1824/1705
f 1687/1804/1685 1701/1818/1699 1707/1824/1705
f 1708/1825/1706 1709/1826/1707 1710/1827/1708
f 1707/1824/1705 1709/1826/1707 1708/1825/1706
f 1707/1824/1705 1701/1818/1699 1709/1826/1707
f 1687/1804/1685 1689/1806/1687 1701/1818/1699
f 1639/1792/1637 1711/1828/1709 1676/1793/1674
f 1711/1828/1709 1712/1829/1710 1676/1793/1674
f 1712/1829/1710 1711/1828/1709 1708/1825/1706
f 1710/1827/1708 1712/1829/1710 1708/1825/1706
f 1701/1818/1699 1702/1819/1700 1713/1830/1711
f 1713/1830/1711 1709/1826/1707 1701/1818/1699
f 1710/1827/1708 1709/1826/1707 1713/1830/1711
f 1255/1351/1254 1714/1831/1712 1256/1352/1255
f 1714/1831/1712 1607/1723/1605 1256/1352/1255
f 1256/1352/1255 1607/1723/1605 1257/1353/1256
f 1277/1376/1276 1254/1350/1253 1257/1353/1256
f 1607/1723/1605 1277/1376/1276 1257/1353/1256
f 1607/1723/1605 1579/1695/1577 1277/1376/1276
f 1260/1357/1259 1715/1832/1713 1264/1361/1263
f 1264/1361/1263 1715/1832/1713 1262/1359/1261
f 1262/1359/1261 1715/1832/1713 1263/1360/1262
f 1265/1362/1264 1714/1831/1712 1255/1351/1254
f 1274/1373/1273 1716/1833/1714 1275/1374/1274
f 1276/1375/1275 1717/1834/1715 1266/1363/1265
f 1276/1375/1275 1277/1376/1276 1717/1834/1715
f 1266/1363/1265 1717/1834/1715 1278/1377/1277
f 1717/1834/1715 1718/1835/1716 1278/1377/1277
f 1277/1376/1276 1579/1695/1577 1717/1834/1715
f 1268/1365/1267 1273/1372/1272 1271/1369/1270
f 1268/1365/1267 1718/1835/1716 1273/1372/1272
f 1278/1377/1277 1718/1835/1716 1268/1365/1267
f 1274/1373/1273 1273/1372/1272 1716/1833/1714
f 1273/1372/1272 1719/1836/1717 1716/1833/1714
f 1717/1834/1715 1579/1695/1577 1718/1835/1716
f 1718/1835/1716 1719/1836/1717 1273/1372/1272
f 1718/1835/1716 1579/1695/1577 1581/1697/1579
f 1718/1835/1716 1581/1697/1579 1719/1836/1717
f 1716/1833/1714 1272/1371/1271 1275/1374/1274
f 1272/1371/1271 1716/1833/1714 1285/1384/1284
f 1286/1386/1285 1720/1837/1718 1284/1385/1283
f 1716/1833/1714 1286/1386/1285 1285/1384/1284
f 1719/1836/1717 1721/1838/1719 1716/1833/1714
f 1716/1833/1714 1722/1839/1720 1286/1386/1285
f 1716/1833/1714 1721/1838/1719 1722/1839/1720
f 1581/1697/1579 1723/1840/1721 1719/1836/1717
f 1581/1697/1579 1584/1700/1582 1723/1840/1721
f 1721/1838/1719 1719/1836/1717 1724/1841/1722
f 1724/1841/1722 1719/1836/1717 1723/1840/1721
f 1289/1392/1288 1725/1842/1723 1290/1390/1289
f 1289/1389/1288 1726/1843/1724 1727/1844/1725
f 1725/1842/1723 1289/1392/1288 1727/1845/1725
f 1290/1390/1289 1725/1842/1723 1291/1391/1290
f 1288/1388/1287 1250/1345/1249 1728/1846/1726
f 1288/1388/1287 1726/1843/1724 1289/1389/1288
f 1288/1388/1287 1728/1846/1726 1726/1843/1724
f 1249/1344/1248 1728/1846/1726 1250/1345/1249
f 1249/1344/1248 1665/1781/1663 1728/1846/1726
f 1727/1844/1725 1726/1843/1724 1728/1846/1726
f 1729/1847/1727 1730/1848/1728 1731/1849/1729
f 1732/1850/1730 1730/1848/1728 1729/1847/1727
f 1725/1842/1723 1292/1393/1291 1291/1391/1290
f 1292/1393/1291 1733/1851/1731 1261/1358/1260
f 1261/1358/1260 1733/1851/1731 1260/1357/1259
f 1260/1357/1259 1733/1851/1731 1715/1832/1713
f 1725/1842/1723 1733/1851/1731 1292/1393/1291
f 1727/1845/1725 1733/1851/1731 1725/1842/1723
f 1734/1852/1732 1735/1853/1733 1736/1854/1734
f 1736/1854/1734 1737/1855/1735 1734/1852/1732
f 1738/1856/1736 1734/1852/1732 1737/1855/1735
f 1734/1852/1732 1738/1856/1736 385/401/385
f 1734/1852/1732 385/401/385 1739/1857/1737
f 1738/1856/1736 1740/1858/1738 385/401/385
f 1741/1859/1739 1739/1857/1737 1732/1850/1730
f 1741/1859/1739 1732/1850/1730 1729/1847/1727
f 1739/1857/1737 1741/1859/1739 1735/1853/1733
f 1735/1853/1733 1734/1852/1732 1739/1857/1737
f 1665/1781/1663 1667/1783/1665 1728/1846/1726
f 1669/1785/1667 1671/1787/1669 1667/1783/1665
f 1667/1783/1665 1671/1787/1669 1728/1846/1726
f 1671/1787/1669 1727/1844/1725 1728/1846/1726
f 1671/1787/1669 1673/1789/1671 394/413/394
f 1730/1848/1728 1675/1791/1673 1742/1860/1740
f 1673/1789/1671 1675/1791/1673 1730/1848/1728
f 1730/1848/1728 1742/1860/1740 1743/1861/1741
f 1730/1848/1728 1743/1861/1741 1744/1862/1742
f 1731/1849/1729 1730/1848/1728 1744/1862/1742
f 1671/1787/1669 394/413/394 1727/1844/1725
f 1733/1851/1731 1727/1845/1725 388/404/388
f 1732/1850/1730 1673/1789/1671 1730/1848/1728
f 1737/1855/1735 1740/1858/1738 1738/1856/1736
f 1745/1863/1743 1740/1858/1738 1737/1855/1735
f 1745/1863/1743 1746/1864/1744 1740/1858/1738
f 1747/1865/1745 1746/1864/1744 1745/1863/1743
f 1747/1865/1745 1748/1866/1746 1746/1864/1744
f 1749/1867/1747 1750/1868/1748 1751/1869/1749
f 1752/1870/1750 1753/1871/1751 1754/1872/1752
f 1754/1872/1752 1753/1871/1751 1755/1873/1753
f 1753/1871/1751 1756/1874/1754 1755/1873/1753
f 1752/1870/1750 1751/1869/1749 1753/1871/1751
f 1750/1868/1748 1749/1867/1747 1757/1875/1755
f 1751/1869/1749 1750/1868/1748 1753/1871/1751
f 1758/1876/1756 1759/1877/1757 1750/1868/1748
f 1750/1868/1748 1757/1875/1755 1758/1876/1756
f 1757/1875/1755 1760/1878/1758 1758/1876/1756
f 1761/1879/1759 1760/1878/1758 1757/1875/1755
f 1758/1876/1756 1760/1878/1758 1759/1877/1757
f 1762/1880/1760 1759/1877/1757 1760/1878/1758
f 1763/1881/1761 1759/1877/1757 1762/1880/1760
f 1750/1868/1748 1759/1877/1757 1756/1874/1754
f 1763/1881/1761 1764/1882/1762 1759/1877/1757
f 1763/1881/1761 1765/1883/1763 1764/1882/1762
f 1765/1883/1763 1766/1884/1764 1764/1882/1762
f 1766/1884/1764 1767/1885/1765 1764/1882/1762
f 1766/1884/1764 1678/1795/1676 1767/1885/1765
f 1764/1882/1762 1767/1885/1765 1768/1886/1766
f 1764/1882/1762 1768/1886/1766 1759/1877/1757
f 1767/1885/1765 1678/1795/1676 1680/1797/1678
f 1767/1885/1765 1680/1797/1678 1768/1886/1766
f 1715/1832/1713 388/404/388 1263/1360/1262
f 1733/1851/1731 388/404/388 1715/1832/1713
f 1263/1360/1262 388/404/388 1265/1362/1264
f 385/401/385 1740/1858/1738 386/402/386
f 385/401/385 387/403/387 1739/1857/1737
f 386/402/386 1746/1864/1744 1769/1887/1767
f 1739/1857/1737 387/403/387 1732/1850/1730
f 388/404/388 1714/1831/1712 1265/1362/1264
f 388/404/388 1607/1723/1605 1714/1831/1712
f 390/406/390 1607/1723/1605 388/404/388
f 1607/1723/1605 390/406/390 1577/1693/1575
f 1727/1845/1725 389/405/389 388/404/388
f 1727/1844/1725 394/413/394 389/412/389
f 1673/1789/1671 393/415/393 394/413/394
f 1673/1789/1671 1732/1850/1730 393/415/393
f 387/403/387 393/415/393 1732/1850/1730
f 1748/1866/1746 1770/1888/1768 1746/1864/1744
f 1740/1858/1738 1746/1864/1744 386/402/386
f 1748/1866/1746 1771/1889/1769 1770/1888/1768
f 1771/1889/1769 1769/1887/1767 1770/1888/1768
f 1769/1887/1767 1771/1889/1769 1755/1873/1753
f 1756/1874/1754 1769/1887/1767 1755/1873/1753
f 1770/1888/1768 1769/1887/1767 1746/1864/1744
f 396/417/396 386/402/386 1769/1887/1767
f 1769/1887/1767 1756/1874/1754 1772/1890/1770
f 1769/1887/1767 398/420/398 396/417/396
f 1750/1868/1748 1756/1874/1754 1753/1871/1751
f 398/420/398 1769/1887/1767 1772/1890/1770
f 1772/1890/1770 1711/1828/1709 398/420/398
f 398/1891/398 1631/1747/1629 397/419/397
f 1711/1892/1709 1631/1747/1629 398/1891/398
f 1711/1892/1709 1638/1754/1636 1631/1747/1629
f 1639/1755/1637 1638/1754/1636 1711/1892/1709
f 1677/1794/1675 1640/1893/1638 1639/1792/1637
f 1756/1874/1754 1759/1877/1757 1772/1890/1770
f 1772/1890/1770 1759/1877/1757 1768/1886/1766
f 1768/1886/1766 1680/1797/1678 1707/1824/1705
f 1768/1886/1766 1708/1825/1706 1772/1890/1770
f 1768/1886/1766 1707/1824/1705 1708/1825/1706
f 1772/1890/1770 1708/1825/1706 1711/1828/1709
f 378/394/378 380/396/380 1569/1685/1567
f 399/421/399 1660/1776/1658 401/423/401
f 399/421/399 1657/1773/1655 1660/1776/1658
f 401/423/401 1573/1689/1571 381/397/381
f 401/423/401 1660/1776/1658 1573/1689/1571
f 1166/1261/1165 1165/1260/1164 1382/1485/1380
f 1382/1485/1380 1388/1491/1386 1166/1261/1165
f 1773/1894/1771 1167/1262/1166 1166/1261/1165
f 1166/1261/1165 1510/1624/1508 1773/1894/1771
f 1166/1261/1165 1388/1491/1386 1510/1624/1508
f 1374/1477/1372 1379/1482/1377 1169/1264/1168
f 1168/1263/1167 1170/1265/1169 1372/1475/1370
f 1168/1263/1167 1372/1475/1370 1169/1264/1168
f 1171/1266/1170 1381/1484/1379 1165/1260/1164
f 1169/1264/1168 1379/1482/1377 1171/1266/1170
f 1381/1484/1379 1171/1266/1170 1379/1482/1377
f 1372/1475/1370 1170/1265/1169 1375/1478/1373
f 1165/1260/1164 1381/1484/1379 1382/1485/1380
f 1199/1294/1198 1423/1529/1421 1203/1298/1202
f 1204/1299/1203 1375/1478/1373 1170/1265/1169
f 1220/1315/1219 1219/1314/1218 1774/1895/1772
f 1775/1896/1773 1221/1316/1220 1220/1315/1219
f 1774/1895/1772 1775/1896/1773 1220/1315/1219
f 1775/1896/1773 1222/1317/1221 1221/1316/1220
f 1775/1896/1773 1776/1897/1774 1222/1317/1221
f 1209/1304/1208 1222/1317/1221 1223/1318/1222
f 1222/1317/1221 1776/1897/1774 1223/1318/1222
f 1223/1318/1222 1776/1897/1774 1224/1319/1223
f 1224/1319/1223 1777/1898/1775 1216/1311/1215
f 1224/1319/1223 1776/1897/1774 1777/1898/1775
f 1778/1899/1776 1228/1323/1227 1225/1320/1224
f 1773/1894/1771 1188/1283/1187 1167/1262/1166
f 1230/1325/1229 1231/1326/1230 1779/1900/1777
f 1188/1283/1187 1779/1900/1777 1231/1326/1230
f 1773/1894/1771 1779/1900/1777 1188/1283/1187
f 1230/1325/1229 1778/1899/1776 1225/1320/1224
f 1779/1900/1777 1778/1899/1776 1230/1325/1229
f 1780/1901/1778 1781/1902/1779 1782/1903/1780
f 1232/1327/1231 1229/1324/1228 1783/1904/1781
f 1227/1322/1226 1229/1324/1228 1232/1327/1231
f 1784/1905/1782 1219/1314/1218 1232/1327/1231
f 1219/1314/1218 1784/1905/1782 1774/1895/1772
f 1783/1904/1781 1784/1905/1782 1232/1327/1231
f 1783/1904/1781 1229/1324/1228 1228/1323/1227
f 1228/1323/1227 1778/1899/1776 1783/1904/1781
f 1783/1904/1781 1774/1895/1772 1784/1905/1782
f 1774/1895/1772 1785/1906/1783 1775/1896/1773
f 1786/1907/1784 1785/1906/1783 1774/1895/1772
f 1774/1895/1772 1783/1904/1781 1786/1907/1784
f 1783/1904/1781 1778/1899/1776 1786/1907/1784
f 1787/1908/1785 1786/1907/1784 1778/1899/1776
f 1778/1899/1776 1779/1900/1777 1787/1908/1785
f 1780/1901/1778 1785/1906/1783 1781/1902/1779
f 1775/1896/1773 1785/1906/1783 1776/1897/1774
f 1776/1897/1774 1785/1906/1783 1788/1909/1786
f 1781/1902/1779 1785/1906/1783 1789/1910/1787
f 1786/1907/1784 1790/1911/1788 1785/1906/1783
f 1785/1906/1783 1790/1911/1788 1789/1910/1787
f 1241/1336/1240 1247/1342/1246 1242/1337/1241
f 1247/1342/1246 1249/1344/1248 1243/1338/1242
f 1247/1342/1246 1665/1781/1663 1249/1344/1248
f 1243/1338/1242 1249/1344/1248 1248/1343/1247
f 1791/1912/1789 1792/1913/1790 1780/1901/1778
f 1792/1913/1790 1793/1914/1791 1780/1901/1778
f 1794/1915/1792 1793/1914/1791 1792/1913/1790
f 1216/1311/1215 1777/1898/1775 1213/1308/1212
f 1777/1898/1775 1244/1339/1243 1213/1308/1212
f 1777/1898/1775 1795/1916/1793 1244/1339/1243
f 1244/1339/1243 1795/1916/1793 1245/1340/1244
f 1776/1897/1774 1795/1916/1793 1777/1898/1775
f 1245/1340/1244 1796/1917/1794 1241/1336/1240
f 1795/1916/1793 1796/1917/1794 1245/1340/1244
f 1796/1917/1794 1247/1342/1246 1241/1336/1240
f 1795/1916/1793 1669/1785/1667 1796/1917/1794
f 1795/1916/1793 1797/1918/1795 1669/1785/1667
f 1776/1897/1774 1797/1918/1795 1795/1916/1793
f 1776/1897/1774 1788/1909/1786 1797/1918/1795
f 1796/1917/1794 1666/1782/1664 1247/1342/1246
f 1796/1917/1794 1669/1785/1667 1666/1782/1664
f 1247/1342/1246 1666/1782/1664 1665/1781/1663
f 1669/1785/1667 1668/1784/1666 1666/1782/1664
f 1797/1918/1795 1670/1786/1668 1669/1785/1667
f 1797/1918/1795 1672/1788/1670 1670/1786/1668
f 1793/1914/1791 1798/1919/1796 1780/1901/1778
f 1780/1901/1778 1799/1920/1797 1788/1909/1786
f 1788/1909/1786 1799/1920/1797 1674/1790/1672
f 1780/1901/1778 1798/1919/1796 1799/1920/1797
f 1797/1918/1795 1788/1909/1786 1672/1788/1670
f 1788/1909/1786 1674/1790/1672 1672/1788/1670
f 1674/1790/1672 1799/1920/1797 1675/1791/1673
f 1675/1791/1673 1798/1919/1796 1742/1860/1740
f 1798/1919/1796 1675/1791/1673 1799/1920/1797
f 1782/1903/1780 1791/1912/1789 1780/1901/1778
f 1800/1921/1798 1801/1922/1799 1782/1903/1780
f 1788/1909/1786 1785/1906/1783 1780/1901/1778
f 1801/1922/1799 1802/1923/1800 403/425/403
f 1803/1924/1801 1436/1547/1434 1804/1925/1802
f 1439/1550/1437 1436/1547/1434 1803/1924/1801
f 1435/1546/1433 1440/1551/1438 1436/1547/1434
f 1440/1551/1438 1442/1553/1440 1436/1547/1434
f 1804/1925/1802 1436/1547/1434 1442/1553/1440
f 1804/1925/1802 1805/1926/1803 1803/1924/1801
f 1443/1554/1441 1806/1927/1804 1442/1553/1440
f 1804/1925/1802 1442/1553/1440 1806/1927/1804
f 1806/1927/1804 1443/1554/1441 1447/1558/1445
f 1806/1927/1804 1807/1928/1805 1804/1925/1802
f 1447/1558/1445 1807/1928/1805 1806/1927/1804
f 1807/1928/1805 1447/1558/1445 1449/1560/1447
f 1801/1922/1799 403/425/403 1808/1929/1806
f 1801/1922/1799 1809/1930/1807 1810/1931/1808
f 1808/1929/1806 1809/1930/1807 1801/1922/1799
f 1705/1822/1703 1811/1932/1809 1808/1929/1806
f 403/425/403 1812/1933/1810 1808/1929/1806
f 1802/1923/1800 1813/1934/1811 1814/1935/1812
f 1815/1936/1813 1813/1934/1811 1802/1923/1800
f 1453/1564/1451 1452/1563/1450 1813/1934/1811
f 1452/1563/1450 1462/1574/1460 1813/1934/1811
f 1814/1935/1812 1813/1934/1811 1462/1574/1460
f 403/425/403 1802/1923/1800 1814/1935/1812
f 1814/1935/1812 1816/1937/1814 404/426/404
f 404/426/404 1816/1937/1814 1467/1579/1465
f 1816/1937/1814 1814/1935/1812 1462/1574/1460
f 1467/1579/1465 1817/1938/1815 404/426/404
f 1467/1579/1465 1818/1939/1816 1817/1938/1815
f 1819/1940/1817 1807/1928/1805 1802/1923/1800
f 1819/1940/1817 1802/1923/1800 1801/1922/1799
f 1679/1796/1677 1678/1795/1676 1809/1930/1807
f 1809/1930/1807 1683/1800/1681 1679/1796/1677
f 1808/1929/1806 1811/1932/1809 1809/1930/1807
f 1811/1932/1809 1683/1800/1681 1809/1930/1807
f 1807/1928/1805 1449/1560/1447 1815/1936/1813
f 1449/1560/1447 1450/1561/1448 1815/1936/1813
f 1815/1936/1813 1450/1561/1448 1453/1564/1451
f 1807/1928/1805 1815/1936/1813 1802/1923/1800
f 1813/1934/1811 1815/1936/1813 1453/1564/1451
f 1458/1569/1456 1467/1579/1465 1456/1567/1454
f 1467/1579/1465 1458/1569/1456 1818/1939/1816
f 1458/1569/1456 1459/1570/1457 1818/1939/1816
f 1818/1939/1816 1472/1585/1470 1817/1938/1815
f 1459/1570/1457 1460/1571/1458 1818/1939/1816
f 1816/1937/1814 1462/1574/1460 1463/1575/1461
f 1463/1575/1461 1467/1579/1465 1816/1937/1814
f 1460/1571/1458 1472/1585/1470 1818/1939/1816
f 1808/1929/1806 1812/1933/1810 1688/1805/1686
f 1808/1929/1806 1688/1805/1686 1705/1822/1703
f 1812/1933/1810 403/425/403 1820/1941/1818
f 1686/1803/1684 1685/1802/1683 1812/1933/1810
f 1812/1933/1810 1685/1802/1683 1688/1805/1686
f 1812/1933/1810 1684/1801/1682 1686/1803/1684
f 1820/1941/1818 402/424/402 1821/1942/1819
f 403/425/403 402/424/402 1820/1941/1818
f 1814/1935/1812 404/426/404 403/425/403
f 1817/1938/1815 1822/1943/1820 404/426/404
f 402/424/402 404/426/404 1822/1943/1820
f 1823/1944/1821 402/424/402 1822/1943/1820
f 402/424/402 1824/1945/1822 1821/1942/1819
f 402/424/402 1825/1946/1823 1824/1945/1822
f 402/424/402 1826/1947/1824 1825/1946/1823
f 1827/1948/1825 1828/1949/1826 1823/1944/1821
f 1823/1944/1821 1483/1596/1481 1827/1948/1825
f 1823/1944/1821 1828/1949/1826 1826/1947/1824
f 402/424/402 1823/1944/1821 1826/1947/1824
f 1827/1948/1825 1829/1950/1827 1828/1949/1826
f 1812/1933/1810 1690/1807/1688 1684/1801/1682
f 1820/1941/1818 1690/1807/1688 1812/1933/1810
f 1820/1941/1818 1694/1811/1692 1690/1807/1688
f 1820/1941/1818 1821/1942/1819 1694/1811/1692
f 1821/1942/1819 1691/1808/1689 1694/1811/1692
f 1821/1942/1819 1824/1945/1822 1691/1808/1689
f 1830/1951/1828 1824/1945/1822 1825/1946/1823
f 1824/1945/1822 1695/1812/1693 1691/1808/1689
f 1824/1945/1822 1830/1951/1828 1695/1812/1693
f 1830/1951/1828 1703/1820/1701 1695/1812/1693
f 1825/1946/1823 1826/1947/1824 1831/1952/1829
f 1825/1946/1823 1832/1953/1830 1830/1951/1828
f 1831/1952/1829 1832/1953/1830 1825/1946/1823
f 1833/1954/1831 1831/1952/1829 1826/1947/1824
f 1828/1949/1826 1833/1954/1831 1826/1947/1824
f 1834/1955/1832 1833/1954/1831 1828/1949/1826
f 1828/1949/1826 1835/1956/1833 1834/1955/1832
f 1829/1950/1827 1835/1956/1833 1828/1949/1826
f 1836/1957/1834 1835/1956/1833 1829/1950/1827
f 1705/1822/1703 1706/1823/1704 1811/1932/1809
f 1683/1800/1681 1811/1932/1809 1706/1823/1704
f 1817/1938/1815 1478/1591/1476 1477/1590/1475
f 1822/1943/1820 1817/1938/1815 1477/1590/1475
f 1477/1590/1475 1474/1587/1472 1822/1943/1820
f 1484/1597/1482 1823/1944/1821 1822/1943/1820
f 1474/1587/1472 1484/1597/1482 1822/1943/1820
f 1823/1944/1821 1484/1597/1482 1483/1596/1481
f 1483/1596/1481 1485/1598/1483 1827/1948/1825
f 1827/1948/1825 1837/1958/1835 1829/1950/1827
f 1827/1948/1825 1485/1598/1483 1837/1958/1835
f 1829/1950/1827 1837/1958/1835 1836/1957/1834
f 1817/1938/1815 1472/1585/1470 1478/1591/1476
f 1510/1624/1508 1511/1625/1509 1773/1894/1771
f 1773/1894/1771 1838/1959/1836 1779/1900/1777
f 1773/1894/1771 1839/1960/1837 1838/1959/1836
f 1511/1625/1509 1839/1960/1837 1773/1894/1771
f 1511/1625/1509 1513/1627/1511 1839/1960/1837
f 1513/1627/1511 1514/1628/1512 1839/1960/1837
f 1839/1960/1837 1514/1628/1512 1838/1959/1836
f 1514/1628/1512 1515/1629/1513 1838/1959/1836
f 1781/1902/1779 1840/1961/1838 1782/1903/1780
f 1840/1961/1838 1516/1630/1514 1518/1632/1516
f 1840/1961/1838 1781/1902/1779 1516/1630/1514
f 1838/1959/1836 1520/1634/1518 1779/1900/1777
f 1779/1900/1777 1520/1634/1518 1787/1908/1785
f 1838/1959/1836 1515/1629/1513 1520/1634/1518
f 1520/1634/1518 1521/1635/1519 1787/1908/1785
f 1787/1908/1785 1521/1635/1519 1786/1907/1784
f 1521/1635/1519 1522/1636/1520 1786/1907/1784
f 1786/1907/1784 1522/1636/1520 1790/1911/1788
f 1532/1646/1530 1789/1910/1787 1790/1911/1788
f 1532/1646/1530 1534/1648/1532 1789/1910/1787
f 1781/1902/1779 1526/1640/1524 1516/1630/1514
f 1524/1638/1522 1526/1640/1524 1781/1902/1779
f 1527/1641/1525 1789/1910/1787 1534/1648/1532
f 1527/1641/1525 1841/1962/1839 1789/1910/1787
f 1841/1962/1839 1781/1902/1779 1789/1910/1787
f 1530/1644/1528 1781/1902/1779 1841/1962/1839
f 1781/1902/1779 1530/1644/1528 1524/1638/1522
f 1527/1641/1525 1530/1644/1528 1841/1962/1839
f 1522/1636/1520 1532/1646/1530 1790/1911/1788
f 1840/1961/1838 1800/1921/1798 1782/1903/1780
f 1536/1650/1534 1800/1921/1798 1840/1961/1838
f 1800/1921/1798 1536/1650/1534 1540/1654/1538
f 1536/1650/1534 1840/1961/1838 1518/1632/1516
f 1536/1650/1534 1537/1651/1535 1540/1654/1538
f 1842/1963/1840 1800/1921/1798 1540/1654/1538
f 1843/1964/1841 1819/1940/1817 1800/1921/1798
f 1842/1963/1840 1843/1964/1841 1800/1921/1798
f 1843/1964/1841 1842/1963/1840 1545/1659/1543
f 1842/1963/1840 1540/1654/1538 1539/1653/1537
f 1842/1963/1840 1539/1653/1537 1541/1655/1539
f 1842/1963/1840 1541/1655/1539 1542/1656/1540
f 1542/1656/1540 1545/1659/1543 1842/1963/1840
f 1542/1656/1540 1543/1657/1541 1545/1659/1543
f 1545/1659/1543 1546/1660/1544 1843/1964/1841
f 1800/1921/1798 1819/1940/1817 1801/1922/1799
f 1843/1964/1841 1554/1668/1552 1819/1940/1817
f 1546/1660/1544 1554/1668/1552 1843/1964/1841
f 1548/1662/1546 1844/1965/1842 1550/1664/1548
f 1548/1662/1546 1805/1926/1803 1844/1965/1842
f 1805/1926/1803 1804/1925/1802 1844/1965/1842
f 1548/1662/1546 1547/1661/1545 1805/1926/1803
f 1547/1661/1545 1803/1924/1801 1805/1926/1803
f 1803/1924/1801 1547/1661/1545 1439/1550/1437
f 1556/1670/1554 1819/1940/1817 1554/1668/1552
f 1553/1667/1551 1556/1670/1554 1554/1668/1552
f 1807/1928/1805 1844/1965/1842 1804/1925/1802
f 1819/1940/1817 1844/1965/1842 1807/1928/1805
f 1556/1670/1554 1557/1671/1555 1819/1940/1817
f 1557/1671/1555 1844/1965/1842 1819/1940/1817
f 1550/1664/1548 1844/1965/1842 1557/1671/1555
f 1791/1912/1789 1845/1966/1843 1735/1853/1733
f 1792/1913/1790 1791/1912/1789 1846/1967/1844
f 1731/1849/1729 1744/1862/1742 1794/1915/1792
f 1791/1912/1789 1729/1847/1727 1846/1967/1844
f 1846/1967/1844 1729/1847/1727 1731/1849/1729
f 1791/1912/1789 1735/1853/1733 1741/1859/1739
f 1791/1912/1789 1741/1859/1739 1729/1847/1727
f 1846/1967/1844 1731/1849/1729 1792/1913/1790
f 1792/1913/1790 1731/1849/1729 1794/1915/1792
f 1847/1968/1845 1737/1855/1735 1736/1854/1734
f 1845/1966/1843 1847/1968/1845 1735/1853/1733
f 1847/1968/1845 1736/1854/1734 1735/1853/1733
f 1794/1915/1792 1743/1861/1741 1793/1914/1791
f 1794/1915/1792 1744/1862/1742 1743/1861/1741
f 1798/1919/1796 1793/1914/1791 1743/1861/1741
f 1798/1919/1796 1743/1861/1741 1742/1860/1740
f 1782/1903/1780 1845/1966/1843 1791/1912/1789
f 1845/1966/1843 1782/1903/1780 1848/1969/1846
f 1845/1966/1843 1848/1969/1846 1847/1968/1845
f 1782/1903/1780 1801/1922/1799 1849/1970/1847
f 1782/1903/1780 1849/1970/1847 1848/1969/1846
f 1737/1855/1735 1847/1968/1845 1850/1971/1848
f 1850/1971/1848 1847/1968/1845 1848/1969/1846
f 1737/1855/1735 1850/1971/1848 1745/1863/1743
f 1745/1863/1743 1850/1971/1848 1747/1865/1745
f 1851/1972/1849 1747/1865/1745 1850/1971/1848
f 1848/1969/1846 1851/1972/1849 1850/1971/1848
f 1752/1870/1750 1771/1889/1769 1851/1972/1849
f 1747/1865/1745 1851/1972/1849 1748/1866/1746
f 1851/1972/1849 1771/1889/1769 1748/1866/1746
f 1771/1889/1769 1752/1870/1750 1754/1872/1752
f 1754/1872/1752 1755/1873/1753 1771/1889/1769
f 1849/1970/1847 1852/1973/1850 1848/1969/1846
f 1848/1969/1846 1852/1973/1850 1851/1972/1849
f 1851/1972/1849 1852/1973/1850 1752/1870/1750
f 1852/1973/1850 1751/1869/1749 1752/1870/1750
f 1852/1973/1850 1749/1867/1747 1751/1869/1749
f 1849/1970/1847 1757/1875/1755 1749/1867/1747
f 1849/1970/1847 1749/1867/1747 1852/1973/1850
f 1849/1970/1847 1853/1974/1851 1757/1875/1755
f 1853/1974/1851 1761/1879/1759 1757/1875/1755
f 1854/1975/1852 1762/1880/1760 1853/1974/1851
f 1801/1922/1799 1853/1974/1851 1849/1970/1847
f 1801/1922/1799 1854/1975/1852 1853/1974/1851
f 1853/1974/1851 1760/1878/1758 1761/1879/1759
f 1760/1878/1758 1853/1974/1851 1762/1880/1760
f 1801/1922/1799 1810/1931/1808 1854/1975/1852
f 1854/1975/1852 1810/1931/1808 1765/1883/1763
f 1810/1931/1808 1766/1884/1764 1765/1883/1763
f 1854/1975/1852 1763/1881/1761 1762/1880/1760
f 1763/1881/1761 1854/1975/1852 1765/1883/1763
f 1810/1931/1808 1678/1795/1676 1766/1884/1764
f 1810/1931/1808 1809/1930/1807 1678/1795/1676
f 1855/1976/1853 1856/1977/1854 1857/1978/1855
f 1857/1978/1855 1858/1979/1856 1859/1980/1857
f 1856/1977/1854 490/513/489 492/515/491
f 1856/1977/1854 492/515/491 1857/1978/1855
f 1857/1978/1855 492/515/491 1858/1979/1856
f 1858/1979/1856 493/516/492 1860/1981/1858
f 492/515/491 493/516/492 1858/1979/1856
f 1860/1981/1858 1861/1982/1859 1862/1983/1860
f 1858/1979/1856 1860/1981/1858 1863/1984/1861
f 1860/1981/1858 493/516/492 1861/1982/1859
f 493/516/492 502/527/501 1861/1982/1859
f 502/527/501 504/529/503 1861/1982/1859
f 1861/1982/1859 1864/1985/1862 1862/1983/1860
f 1861/1982/1859 504/529/503 1864/1985/1862
f 1864/1985/1862 510/536/509 1865/1986/1863
f 504/529/503 510/536/509 1864/1985/1862
f 1865/1986/1863 510/536/509 1866/1987/1864
f 510/540/509 512/539/511 1867/1988/1865
f 1868/1989/1866 1869/1990/1867 1867/1988/1865
f 512/539/511 517/546/516 1867/1988/1865
f 510/540/509 1867/1988/1865 1866/1991/1864
f 1867/1988/1865 517/546/516 1868/1989/1866
f 517/546/516 1870/1992/1868 1868/1989/1866
f 1870/1992/1868 437/460/437 1871/1993/1869
f 1870/1992/1868 517/546/516 437/460/437
f 435/458/435 437/460/437 1872/1994/1870
f 1872/1994/1870 1873/1995/1871 435/458/435
f 435/458/435 1873/1995/1871 473/496/472
f 473/496/472 1873/1995/1871 464/487/463
f 1873/1995/1871 561/591/560 464/487/463
f 517/546/516 516/545/515 1872/1994/1870
f 517/546/516 1872/1994/1870 437/460/437
f 516/545/515 556/586/555 1872/1994/1870
f 1872/1994/1870 559/589/558 1873/1995/1871
f 1872/1994/1870 556/586/555 559/589/558
f 559/589/558 561/591/560 1873/1995/1871
f 561/591/560 479/502/478 464/487/463
f 465/488/464 464/487/463 485/508/484
f 1874/1996/1872 609/651/608 611/653/610
f 1875/1997/1873 1876/1998/1874 620/662/619
f 1874/1996/1872 620/662/619 609/651/608
f 717/766/716 631/673/630 1877/1999/1875
f 631/673/630 644/686/643 1877/1999/1875
f 1878/2000/1876 1877/2001/1875 645/720/644
f 1877/2001/1875 1878/2000/1876 1879/2002/1877
f 645/720/644 678/722/677 1878/2000/1876
f 644/686/643 645/687/644 1877/1999/1875
f 1877/2001/1875 1879/2002/1877 1880/2003/1878
f 1879/2002/1877 1881/2004/1879 1880/2003/1878
f 1879/2002/1877 1878/2000/1876 1881/2004/1879
f 1881/2004/1879 1882/2005/1880 656/2006/655
f 1882/2005/1880 686/2007/685 656/2006/655
f 1878/2000/1876 1883/2008/1881 1881/2004/1879
f 1883/2008/1881 1882/2005/1880 1881/2004/1879
f 680/2009/679 679/2010/678 1881/2004/1879
f 1881/2004/1879 656/2006/655 680/2009/679
f 1881/2004/1879 1884/2011/1882 1880/2003/1878
f 1881/2004/1879 679/2010/678 1884/2011/1882
f 1882/2005/1880 1883/2008/1881 1885/2012/1883
f 679/2010/678 683/729/682 1884/2011/1882
f 1884/2011/1882 683/729/682 575/730/574
f 678/2013/677 686/2007/685 1882/2005/1880
f 1434/1544/1432 1368/1471/1366 700/749/699
f 700/749/699 1368/1471/1366 1886/2014/1884
f 1434/1544/1432 700/749/699 1887/2015/1885
f 1886/2014/1884 1371/1474/1369 700/749/699
f 700/749/699 1371/1474/1369 701/750/700
f 1887/2015/1885 700/749/699 1888/2016/1886
f 700/749/699 699/748/698 1888/2016/1886
f 1371/1474/1369 1316/1417/1315 704/753/703
f 1371/1474/1369 704/753/703 701/750/700
f 1316/1417/1315 702/751/701 704/753/703
f 699/748/698 709/758/708 1888/2016/1886
f 1888/2016/1886 709/758/708 1889/2017/1887
f 717/766/716 1877/1999/1875 1890/2018/1888
f 1889/2017/1887 709/758/708 1891/2019/1889
f 1891/2019/1889 709/758/708 1892/2020/1890
f 709/758/708 707/756/706 1892/2020/1890
f 707/756/706 719/768/718 1892/2020/1890
f 719/770/718 722/772/721 1892/2021/1890
f 1893/2022/1891 1892/2021/1890 1894/2023/1892
f 1893/2022/1891 1894/2023/1892 1895/2024/1893
f 1892/2021/1890 722/772/721 1894/2023/1892
f 722/772/721 1896/2025/1894 1894/2023/1892
f 722/772/721 724/775/723 1896/2025/1894
f 725/776/724 1897/2026/1895 726/777/725
f 717/766/716 1890/2018/1888 725/776/724
f 1890/2018/1888 1897/2026/1895 725/776/724
f 1890/2018/1888 1877/1999/1875 1880/2027/1878
f 1890/2018/1888 1880/2027/1878 1897/2026/1895
f 1897/2026/1895 1898/2028/1896 726/777/725
f 726/777/725 1898/2028/1896 727/778/726
f 1897/2026/1895 1880/2027/1878 1898/2028/1896
f 1880/2027/1878 1899/2029/1897 1898/2028/1896
f 1880/2003/1878 1884/2011/1882 1899/2030/1897
f 1883/2008/1881 1878/2000/1876 1900/2031/1898
f 1900/2032/1898 1899/2033/1897 1883/2034/1881
f 1899/2033/1897 1885/2035/1883 1883/2034/1881
f 727/778/726 1898/2028/1896 733/786/732
f 1898/2028/1896 1899/2029/1897 733/786/732
f 1900/2036/1898 733/789/732 1899/2037/1897
f 1900/2036/1898 736/790/735 733/789/732
f 1899/2030/1897 1884/2011/1882 575/730/574
f 575/605/574 740/794/739 1899/2033/1897
f 1899/2033/1897 743/797/742 1885/2035/1883
f 1899/2033/1897 740/794/739 743/797/742
f 678/722/677 1900/2031/1898 1878/2000/1876
f 1882/2005/1880 744/2038/743 678/2013/677
f 678/798/677 745/800/744 1900/2036/1898
f 1885/2012/1883 743/2039/742 1882/2005/1880
f 743/2039/742 744/2038/743 1882/2005/1880
f 1900/2036/1898 745/800/744 736/790/735
f 1901/2040/1899 1894/2023/1892 1896/2025/1894
f 1901/2040/1899 1896/2025/1894 1902/2041/1900
f 1896/2025/1894 1903/2042/1901 1904/2043/1902
f 724/775/723 1903/2042/1901 1896/2025/1894
f 724/775/723 749/804/748 1903/2042/1901
f 1905/2044/1903 1904/2043/1902 749/804/748
f 1903/2042/1901 749/804/748 1904/2043/1902
f 749/804/748 1906/2045/1904 1905/2044/1903
f 1906/2045/1904 749/804/748 750/805/749
f 1907/2046/1905 1908/2047/926 1909/2048/1906
f 1907/2046/1905 1910/2049/1907 1908/2047/926
f 1906/2045/1904 1907/2046/1905 1909/2048/1906
f 1906/2045/1904 750/805/749 1907/2046/1905
f 1907/2046/1905 777/832/776 782/837/781
f 782/837/781 1910/2049/1907 1907/2046/1905
f 751/806/750 1907/2046/1905 750/805/749
f 751/806/750 777/832/776 1907/2046/1905
f 1910/2049/1907 782/837/781 1911/2050/1908
f 782/837/781 490/513/489 1911/2050/1908
f 1911/2050/1908 1856/1977/1854 1855/1976/1853
f 1911/2050/1908 490/513/489 1856/1977/1854
f 1312/1413/1311 1912/2051/1909 1311/1412/1310
f 1371/1474/1369 1886/2014/1884 1368/1471/1366
f 1369/1472/1367 1317/1418/1316 1316/1417/1315
f 1369/1472/1367 1316/1417/1315 1371/1474/1369
f 1316/1417/1315 1318/1419/1317 702/751/701
f 1913/2052/1910 1319/1420/1318 1321/1422/1320
f 1321/1422/1320 1322/1423/1321 1913/2052/1910
f 1311/1412/1310 1912/2051/1909 1322/1423/1321
f 1322/1423/1321 1912/2051/1909 795/850/794
f 1322/1423/1321 795/850/794 1913/2052/1910
f 1320/1421/1319 702/751/701 1318/1419/1317
f 1319/1420/1318 1913/2052/1910 1320/1421/1319
f 795/850/794 715/764/714 1913/2052/1910
f 1320/1421/1319 1913/2052/1910 714/763/713
f 1320/1421/1319 714/763/713 702/751/701
f 1913/2052/1910 715/764/714 714/763/713
f 1308/1409/1307 1330/1431/1329 1329/1430/1328
f 1312/1413/1311 1329/1430/1328 1914/2053/1911
f 1312/1413/1311 1914/2053/1911 1912/2051/1909
f 1329/1430/1328 799/854/798 1914/2053/1911
f 1331/1432/1330 1326/1427/1325 1330/1431/1329
f 1325/1426/1324 1327/1428/1326 1326/1427/1325
f 1330/1431/1329 799/854/798 1329/1430/1328
f 1330/1431/1329 801/856/800 799/854/798
f 1326/1427/1325 801/856/800 1330/1431/1329
f 1334/1435/1333 1336/1437/1335 1915/2054/1912
f 1333/1434/1332 1332/1433/1331 1335/1436/1334
f 1334/1435/1333 1915/2054/1912 1332/1433/1331
f 1915/2054/1912 1335/1436/1334 1332/1433/1331
f 1336/1437/1335 1874/1996/1872 788/843/787
f 1874/1996/1872 611/653/610 788/843/787
f 788/843/787 1915/2054/1912 1336/1437/1335
f 1915/2054/1912 788/843/787 789/844/788
f 1335/1436/1334 1915/2054/1912 1327/1428/1326
f 1327/1428/1326 790/845/789 1326/1427/1325
f 790/845/789 806/861/805 1326/1427/1325
f 801/856/800 1326/1427/1325 806/861/805
f 1327/1428/1326 1915/2054/1912 790/845/789
f 1915/2054/1912 789/844/788 790/845/789
f 1300/1401/1299 1336/1437/1335 1334/1435/1333
f 1336/1437/1335 1301/1402/1300 1874/1996/1872
f 1914/2053/1911 797/852/796 1912/2051/1909
f 797/852/796 1914/2053/1911 799/854/798
f 1912/2051/1909 797/852/796 796/851/795
f 1912/2051/1909 796/851/795 795/850/794
f 1434/1544/1432 1887/2015/1885 1370/1473/1368
f 1887/2015/1885 1888/2016/1886 1916/2055/1913
f 1888/2016/1886 1889/2017/1887 1917/2056/1914
f 1891/2057/1889 1892/2021/1890 1893/2022/1891
f 1857/1978/1855 1859/1980/1857 1918/2058/1915
f 1859/1980/1857 1858/1979/1856 1918/2058/1915
f 1858/1979/1856 1863/1984/1861 1918/2058/1915
f 1863/1984/1861 1860/1981/1858 1919/2059/1916
f 1919/2059/1916 1860/1981/1858 1862/1983/1860
f 1919/2059/1916 1862/1983/1860 1920/2060/1917
f 1862/1983/1860 1864/1985/1862 1920/2060/1917
f 1920/2060/1917 1864/1985/1862 1921/2061/1918
f 1864/1985/1862 1865/1986/1863 1921/2061/1918
f 1865/1986/1863 1866/1987/1864 1921/2061/1918
f 858/920/857 1866/1991/1864 859/921/858
f 1866/1991/1864 1867/1988/1865 859/921/858
f 1867/1988/1865 1869/1990/1867 1871/1993/1869
f 1867/1988/1865 1871/1993/1869 859/921/858
f 1871/1993/1869 437/460/437 859/921/858
f 1869/1990/1867 1868/1989/1866 1871/1993/1869
f 1868/1989/1866 1870/1992/1868 1871/1993/1869
f 859/921/858 437/460/437 475/498/474
f 474/497/473 464/487/463 466/489/465
f 1922/2062/1919 1902/2041/1900 1896/2025/1894
f 927/995/926 1904/2043/1902 1905/2044/1903
f 927/995/926 1905/2044/1903 1906/2045/1904
f 1908/2047/926 1910/2049/1907 1923/2063/1920
f 1908/2047/926 1906/2045/1904 1909/2048/1906
f 1910/2049/1907 1911/2050/1908 1923/2063/1920
f 1911/2050/1908 1855/1976/1853 1923/2063/1920
f 1924/2064/1921 1925/2065/1922 1926/2066/1923
f 1926/2066/1923 1927/2067/1924 1928/2068/1925
f 1926/2066/1923 1929/2069/1926 1927/2067/1924
f 1926/2066/1923 1925/2065/1922 1930/2070/1927
f 1926/2066/1923 1930/2070/1927 1929/2069/1926
f 1929/2069/1926 1930/2070/1927 1931/2071/1928
f 1930/2070/1927 1932/2072/1929 1931/2071/1928
f 1933/2073/1930 1925/2065/1922 1924/2064/1921
f 1933/2073/1930 1934/2074/1931 1925/2065/1922
f 1930/2070/1927 1925/2065/1922 1935/2075/1932
f 1935/2075/1932 1932/2072/1929 1930/2070/1927
f 1932/2072/1929 1935/2075/1932 1936/2076/1933
f 1932/2072/1929 1936/2076/1933 1937/2077/1934
f 1935/2075/1932 1938/2078/1935 1936/2076/1933
f 839/894/838 1939/2079/1936 1938/2078/1935
f 1935/2075/1932 835/890/834 1938/2078/1935
f 1934/2074/1931 1940/2080/1937 1925/2065/1922
f 1925/2065/1922 1940/2080/1937 1935/2075/1932
f 1940/2080/1937 1941/2081/1938 1935/2075/1932
f 1941/2081/1938 835/890/834 1935/2075/1932
f 839/894/838 1938/2078/1935 835/890/834
f 1936/2076/1933 1938/2078/1935 1937/2077/1934
f 1938/2078/1935 1939/2079/1936 1937/2077/1934
f 839/2082/838 1942/2083/1939 1943/2084/1940
f 1943/2084/1940 1942/2083/1939 1944/2085/1941
f 1939/2079/1936 839/894/838 1943/2086/1940
f 839/2082/838 1945/2087/1942 1942/2083/1939
f 1942/2083/1939 1945/2087/1942 1944/2085/1941
f 1945/2087/1942 1946/2088/1943 1944/2085/1941
f 1934/2074/1931 1947/2089/1944 1940/2080/1937
f 1947/2089/1944 1948/2090/1945 1940/2080/1937
f 1948/2090/1945 1941/2081/1938 1940/2080/1937
f 838/893/837 835/890/834 1941/2081/1938
f 1941/2081/1938 1948/2090/1945 1949/2091/1946
f 1941/2081/1938 1949/2091/1946 1950/2092/1947
f 1949/2091/1946 1951/2093/1948 1950/2092/1947
f 1951/2093/1948 1949/2091/1946 1952/2094/1949
f 1941/2081/1938 1950/2092/1947 838/893/837
f 838/893/837 1950/2092/1947 836/891/835
f 1950/2092/1947 851/913/850 836/891/835
f 1950/2092/1947 1951/2093/1948 851/913/850
f 1951/2093/1948 1953/2095/1950 851/913/850
f 1946/2088/1943 1945/2087/1942 1954/2096/1951
f 839/2082/838 837/909/836 1945/2087/1942
f 837/909/836 1954/2096/1951 1945/2087/1942
f 1946/2088/1943 1954/2096/1951 432/454/432
f 1954/2096/1951 842/899/841 430/452/430
f 837/909/836 842/899/841 1954/2096/1951
f 845/905/844 1955/2097/1952 842/899/841
f 849/910/848 1956/2098/1953 852/914/851
f 1954/2096/1951 430/452/430 432/454/432
f 430/452/430 842/899/841 453/476/452
f 842/899/841 1955/2097/1952 453/476/452
f 453/476/452 1955/2097/1952 1957/2099/1954
f 875/938/874 855/917/854 1955/2097/1952
f 855/917/854 458/481/457 1955/2097/1952
f 458/481/457 444/467/443 1955/2097/1952
f 458/481/457 456/479/455 444/467/443
f 426/448/426 458/481/457 855/917/854
f 428/450/428 460/483/459 426/448/426
f 427/449/427 412/2100/412 415/2101/415
f 857/919/856 412/2100/412 426/448/426
f 857/919/856 858/943/857 412/2100/412
f 412/434/412 858/920/857 475/498/474
f 1855/1976/1853 1857/1978/1855 1918/2058/1915
f 1855/1976/1853 869/932/868 873/936/872
f 1855/1976/1853 1918/2058/1915 869/932/868
f 878/941/877 874/937/873 1918/2058/1915
f 869/932/868 1918/2058/1915 874/937/873
f 1918/2058/1915 1863/1984/1861 1919/2059/1916
f 1918/2058/1915 1919/2059/1916 878/941/877
f 845/905/844 875/938/874 1955/2097/1952
f 1919/2059/1916 1920/2060/1917 878/941/877
f 878/941/877 1920/2060/1917 1921/2061/1918
f 858/943/857 879/942/878 1921/2061/1918
f 878/941/877 1921/2061/1918 879/942/878
f 858/943/857 1921/2061/1918 1866/1987/1864
f 881/945/880 883/947/882 1958/2102/1955
f 881/945/880 1958/2102/1955 882/946/881
f 882/946/881 1958/2102/1955 1959/2103/1956
f 884/948/883 1960/2104/1957 883/947/882
f 883/947/882 1961/2105/1958 1958/2102/1955
f 883/947/882 1960/2104/1957 1961/2105/1958
f 1961/2105/1958 1962/2106/1959 1958/2102/1955
f 1958/2102/1955 1963/2107/1960 1959/2103/1956
f 1961/2105/1958 1964/2108/1961 1962/2106/1959
f 1965/2109/1962 1966/2110/1963 1960/2104/1957
f 1965/2109/1962 1967/2111/1964 1966/2110/1963
f 1961/2105/1958 1960/2104/1957 1968/2112/1965
f 1966/2110/1963 1967/2111/1964 1969/2113/1966
f 1961/2105/1958 1968/2112/1965 1964/2108/1961
f 1952/2094/1949 1970/2114/1967 1951/2093/1948
f 1970/2114/1967 1971/2115/1968 1951/2093/1948
f 1971/2115/1968 1972/2116/1969 1951/2093/1948
f 1972/2116/1969 1953/2095/1950 1951/2093/1948
f 1972/2116/1969 1973/2117/1970 1953/2095/1950
f 851/913/850 1953/2095/1950 849/912/848
f 1972/2116/1969 1974/2118/1971 1973/2117/1970
f 1974/2118/1971 1975/2119/1972 1973/2117/1970
f 1973/2117/1970 1975/2119/1972 1976/2120/1973
f 1976/2120/1973 1977/2121/1974 1973/2117/1970
f 1977/2121/1974 1978/2122/1975 1973/2117/1970
f 884/948/883 850/911/849 1979/2123/1976
f 850/911/849 852/914/851 1979/2123/1976
f 849/912/848 1953/2095/1950 1956/2124/1953
f 852/914/851 1956/2098/1953 1979/2123/1976
f 884/948/883 1965/2109/1962 1960/2104/1957
f 884/948/883 1979/2123/1976 1965/2109/1962
f 1973/2117/1970 1980/2125/1977 1953/2095/1950
f 1953/2095/1950 1980/2125/1977 1956/2124/1953
f 1956/2098/1953 1980/2126/1977 1979/2123/1976
f 1979/2123/1976 1980/2126/1977 1965/2109/1962
f 1965/2109/1962 1981/2127/1978 1982/2128/1979
f 1965/2109/1962 1982/2128/1979 1967/2111/1964
f 1965/2109/1962 1980/2126/1977 1981/2127/1978
f 1973/2117/1970 1978/2122/1975 1980/2125/1977
f 1983/2129/1980 1981/2127/1978 1980/2126/1977
f 1981/2127/1978 1984/2130/1981 1982/2128/1979
f 1967/2111/1964 1982/2128/1979 1985/2131/1982
f 1982/2128/1979 1984/2130/1981 1986/2132/1983
f 1978/2122/1975 1983/2133/1980 1980/2125/1977
f 1981/2127/1978 1987/2134/1984 1984/2130/1981
f 1983/2129/1980 1987/2134/1984 1981/2127/1978
f 1988/2135/1985 1989/2136/1986 893/957/892
f 893/957/892 1989/2136/1986 889/953/888
f 1989/2136/1986 890/954/889 889/953/888
f 1990/2137/1987 1989/2136/1986 1988/2135/1985
f 1991/2138/1988 890/954/889 1989/2136/1986
f 887/951/886 891/955/890 1992/2139/1989
f 1993/2140/1990 1992/2139/1989 1994/2141/1991
f 891/955/890 1994/2141/1991 1992/2139/1989
f 1991/2138/1988 1995/2142/1992 890/954/889
f 1995/2142/1992 1991/2138/1988 1996/2143/1993
f 1996/2143/1993 1997/2144/1994 1995/2142/1992
f 1998/2145/1995 1995/2142/1992 1997/2144/1994
f 1995/2142/1992 1994/2141/1991 891/955/890
f 1994/2141/1991 1995/2142/1992 1998/2145/1995
f 891/955/890 890/954/889 1995/2142/1992
f 1989/2136/1986 1990/2137/1987 1991/2138/1988
f 1990/2137/1987 1996/2143/1993 1991/2138/1988
f 1999/2146/1996 1396/1499/1394 1389/1492/1387
f 1396/1499/1394 1999/2146/1996 1395/1498/1393
f 1999/2146/1996 2000/2147/1997 1395/1498/1393
f 1395/1498/1393 2000/2147/1997 1394/1497/1392
f 1999/2146/1996 2001/2148/1998 2000/2147/1997
f 1999/2146/1996 2002/2149/1999 2001/2148/1998
f 2002/2149/1999 908/974/907 2003/2150/2000
f 2001/2148/1998 2002/2149/1999 2004/2151/2001
f 2002/2149/1999 2003/2150/2000 2005/2152/2002
f 2006/2153/2003 885/949/884 887/951/886
f 908/974/907 2006/2153/2003 2003/2150/2000
f 885/949/884 2006/2153/2003 908/974/907
f 2002/2149/1999 2005/2152/2002 2004/2151/2001
f 2003/2150/2000 2007/2154/2004 2005/2152/2002
f 2007/2154/2004 2006/2153/2003 2008/2155/2005
f 2006/2153/2003 887/951/886 2009/2156/2006
f 2008/2155/2005 2006/2153/2003 2009/2156/2006
f 2009/2156/2006 2010/2157/2007 2008/2155/2005
f 887/951/886 1992/2139/1989 2009/2156/2006
f 1992/2139/1989 2010/2157/2007 2009/2156/2006
f 2003/2150/2000 2006/2153/2003 2007/2154/2004
f 893/957/892 2011/2158/2008 1988/2135/1985
f 2011/2158/2008 893/957/892 897/961/896
f 899/963/898 2011/2158/2008 897/961/896
f 1988/2135/1985 2012/2159/2009 2013/2160/2010
f 1988/2135/1985 2013/2160/2010 1990/2137/1987
f 1988/2135/1985 2011/2158/2008 2012/2159/2009
f 2011/2158/2008 2014/2161/2011 2012/2159/2009
f 2011/2158/2008 2015/2162/2012 2014/2161/2011
f 2011/2158/2008 899/963/898 2015/2162/2012
f 899/963/898 2016/2163/2013 2015/2162/2012
f 2015/2162/2012 2017/2164/2014 2018/2165/2015
f 2015/2162/2012 2016/2163/2013 2017/2164/2014
f 900/964/899 2016/2163/2013 899/963/898
f 900/964/899 2019/2166/2016 2016/2163/2013
f 2016/2163/2013 2019/2166/2016 2020/2167/2017
f 900/964/899 882/946/881 2019/2166/2016
f 2016/2163/2013 2021/2168/2018 2017/2164/2014
f 2022/2169/2019 2020/2167/2017 2019/2166/2016
f 2023/2170/2020 2024/2171/2021 2019/2166/2016
f 2019/2166/2016 2024/2171/2021 2022/2169/2019
f 2019/2166/2016 882/946/881 2023/2170/2020
f 882/946/881 1959/2103/1956 2023/2170/2020
f 1959/2103/1956 1963/2107/1960 2023/2170/2020
f 1564/1679/1562 1565/1681/1563 2025/2172/2022
f 1564/1680/1562 2025/2173/2022 1431/1539/1429
f 1558/1673/1556 1431/1539/1429 2025/2173/2022
f 1565/1681/1563 1566/1682/1564 2025/2172/2022
f 905/969/904 909/975/908 1559/1674/1557
f 1559/1674/1557 909/975/908 1560/1675/1558
f 1560/1675/1558 1389/1492/1387 1562/1677/1560
f 909/975/908 1389/1492/1387 1560/1675/1558
f 1563/1678/1561 1433/1543/1431 1567/1683/1565
f 1566/1682/1564 1567/1683/1565 1433/1543/1431
f 1370/1473/1368 1887/2015/1885 1433/1543/1431
f 1433/1543/1431 1887/2015/1885 2026/2174/2023
f 1887/2015/1885 1916/2055/1913 2026/2174/2023
f 2026/2174/2023 1566/1682/1564 1433/1543/1431
f 1917/2056/1914 1566/1682/1564 2026/2174/2023
f 2026/2174/2023 1916/2055/1913 1917/2056/1914
f 1916/2055/1913 1888/2016/1886 1917/2056/1914
f 1566/1682/1564 1917/2056/1914 2027/2175/2024
f 1917/2056/1914 1889/2017/1887 2027/2175/2024
f 2027/2175/2024 911/2176/910 2025/2172/2022
f 905/969/904 1559/1674/1557 1558/1673/1556
f 2025/2177/2022 911/977/910 901/970/900
f 2025/2173/2022 901/965/900 1558/1673/1556
f 1558/1673/1556 901/965/900 903/967/902
f 903/967/902 905/969/904 1558/1673/1556
f 1389/1492/1387 909/975/908 1999/2146/1996
f 909/975/908 2002/2149/1999 1999/2146/1996
f 908/974/907 2002/2149/1999 909/975/908
f 1566/1682/1564 2027/2175/2024 2025/2172/2022
f 1891/2019/1889 911/2176/910 2027/2175/2024
f 2027/2175/2024 1889/2017/1887 1891/2019/1889
f 911/977/910 1895/2024/1893 912/978/911
f 1891/2057/1889 1895/2024/1893 911/977/910
f 1893/2022/1891 1895/2024/1893 1891/2057/1889
f 912/978/911 1901/2040/1899 1922/2062/1919
f 912/978/911 1895/2024/1893 1901/2040/1899
f 1895/2024/1893 1894/2023/1892 1901/2040/1899
f 912/978/911 1922/2062/1919 924/992/923
f 1901/2040/1899 1902/2041/1900 1922/2062/1919
f 1922/2062/1919 1896/2025/1894 927/995/926
f 1922/2062/1919 927/995/926 924/992/923
f 1896/2025/1894 1904/2043/1902 927/995/926
f 927/995/926 1908/2047/926 925/993/924
f 1908/2047/926 926/994/925 925/993/924
f 927/995/926 1906/2045/1904 1908/2047/926
f 1908/2047/926 934/1003/933 926/994/925
f 934/1003/933 1908/2047/926 1923/2063/1920
f 934/1003/933 1923/2063/1920 873/936/872
f 1923/2063/1920 1855/1976/1853 873/936/872
f 1958/2102/1955 2028/2178/2025 1963/2107/1960
f 1963/2107/1960 2028/2178/2025 2029/2179/2026
f 1958/2102/1955 1962/2106/1959 2028/2178/2025
f 1962/2106/1959 2030/2180/2027 2028/2178/2025
f 1964/2108/1961 2030/2180/2027 1962/2106/1959
f 1964/2108/1961 1968/2112/1965 2030/2180/2027
f 1960/2104/1957 2031/2181/2028 1968/2112/1965
f 1968/2112/1965 2031/2181/2028 2030/2180/2027
f 1960/2104/1957 1966/2110/1963 2031/2181/2028
f 1966/2110/1963 1969/2113/1966 2031/2181/2028
f 2031/2181/2028 1969/2113/1966 2032/2182/2029
f 1969/2113/1966 1967/2111/1964 2032/2182/2029
f 1967/2111/1964 1985/2131/1982 2032/2182/2029
f 1982/2128/1979 2033/2183/2030 1985/2131/1982
f 1982/2128/1979 1986/2132/1983 2033/2183/2030
f 1983/2133/1980 1978/2122/1975 2034/2184/2031
f 1978/2122/1975 2035/2185/2032 2034/2184/2031
f 1983/2129/1980 2034/2186/2031 1987/2134/1984
f 1987/2134/1984 2034/2186/2031 2036/2187/2033
f 1984/2130/1981 2036/2187/2033 1986/2132/1983
f 1986/2132/1983 2036/2187/2033 2033/2183/2030
f 1984/2130/1981 1987/2134/1984 2036/2187/2033
f 2037/2188/2034 2038/2189/2035 2039/2190/2036
f 2037/2188/2034 2040/2191/2037 2038/2189/2035
f 2038/2189/2035 2040/2191/2037 2041/2192/2038
f 2042/2193/2039 2043/2194/2040 2044/2195/2041
f 2045/2196/2042 2046/2197/2043 2041/2192/2038
f 2043/2194/2040 2042/2193/2039 2046/2197/2043
f 2029/2179/2026 2028/2178/2025 970/1046/969
f 2030/2180/2027 2031/2181/2028 2028/2178/2025
f 2032/2182/2029 936/1005/935 2031/2181/2028
f 2028/2178/2025 935/1004/934 970/1046/969
f 2028/2178/2025 2031/2181/2028 935/1004/934
f 936/1005/935 935/1004/934 2031/2181/2028
f 2047/2198/2044 2048/2199/2045 2049/2200/2046
f 2050/2201/2047 2051/2202/2048 2052/2203/2049
f 2053/2204/2050 2050/2201/2047 2052/2203/2049
f 1985/2131/1982 2033/2183/2030 2032/2182/2029
f 2035/2185/2032 2036/2205/2033 2034/2184/2031
f 2035/2185/2032 2049/2200/2046 2036/2205/2033
f 2033/2183/2030 936/1005/935 2032/2182/2029
f 2049/2200/2046 2048/2199/2045 2036/2205/2033
f 2036/2205/2033 2048/2199/2045 2054/2206/2051
f 2036/2187/2033 2054/2207/2051 2033/2183/2030
f 2033/2183/2030 2054/2207/2051 936/1005/935
f 936/1005/935 2054/2207/2051 938/1007/937
f 2047/2198/2044 2055/2208/2052 2048/2199/2045
f 2055/2208/2052 2054/2206/2051 2048/2199/2045
f 2055/2208/2052 2050/2201/2047 2054/2206/2051
f 2055/2208/2052 2051/2202/2048 2050/2201/2047
f 2050/2201/2047 938/2209/937 2054/2206/2051
f 2043/2194/2040 2056/2210/2053 2044/2195/2041
f 2056/2210/2053 2057/2211/2054 2058/2212/2055
f 2058/2212/2055 2059/2213/2056 2060/2214/2057
f 2043/2194/2040 2057/2211/2054 2056/2210/2053
f 2059/2213/2056 2058/2212/2055 2061/2215/2058
f 2059/2213/2056 2061/2215/2058 2062/2216/2059
f 2061/2215/2058 2063/2217/2060 2062/2216/2059
f 2061/2215/2058 942/1011/941 2063/2217/2060
f 2064/2218/2061 2063/2217/2060 2065/2219/2062
f 2063/2217/2060 942/1011/941 2065/2219/2062
f 2065/2219/2062 942/1011/941 2066/2220/2063
f 2067/2221/2064 2068/2222/2065 2069/2223/2066
f 2066/2220/2063 942/1011/941 2069/2223/2066
f 942/1011/941 945/1015/944 2069/2223/2066
f 2069/2223/2066 945/1015/944 2067/2221/2064
f 2067/2221/2064 945/1015/944 2070/2224/2067
f 945/1015/944 2071/2225/2068 2070/2224/2067
f 946/1017/945 2071/2225/2068 945/1015/944
f 2072/2226/2069 2067/2221/2064 2070/2224/2067
f 2070/2224/2067 2071/2225/2068 2072/2226/2069
f 2072/2226/2069 2071/2225/2068 2073/2227/2070
f 2073/2227/2070 2071/2225/2068 2074/2228/2071
f 2073/2227/2070 2074/2228/2071 2075/2229/2072
f 2073/2227/2070 2075/2229/2072 2076/2230/2073
f 2075/2229/2072 2077/2231/2074 2076/2230/2073
f 2076/2230/2073 2077/2231/2074 2078/2232/2075
f 2078/2232/2075 2077/2231/2074 2079/2233/2076
f 2080/2234/2077 2081/2235/2078 2053/2204/2050
f 2081/2235/2078 2082/2236/2079 2053/2204/2050
f 2081/2235/2078 2083/2237/2080 2082/2236/2079
f 2081/2235/2078 2084/2238/2081 2083/2237/2080
f 2084/2238/2081 2079/2233/2076 2083/2237/2080
f 2083/2237/2080 2077/2231/2074 939/1016/938
f 2077/2231/2074 2083/2237/2080 2079/2233/2076
f 938/1007/937 2083/2239/2080 939/1008/938
f 939/1016/938 2077/2231/2074 946/1017/945
f 946/1017/945 2074/2228/2071 2071/2225/2068
f 2074/2228/2071 2077/2231/2074 2075/2229/2072
f 946/1017/945 2077/2231/2074 2074/2228/2071
f 2053/2204/2050 2082/2236/2079 2050/2201/2047
f 2050/2201/2047 2082/2236/2079 2083/2237/2080
f 2050/2201/2047 2083/2237/2080 938/2209/937
f 985/1064/984 2085/2240/2082 2086/2241/2083
f 1992/2139/1989 2085/2240/2082 2087/2242/2084
f 2085/2240/2082 1992/2139/1989 1993/2140/1990
f 2086/2241/2083 2085/2240/2082 1993/2140/1990
f 2086/2241/2083 1993/2140/1990 1994/2141/1991
f 1994/2141/1991 1998/2145/1995 2086/2241/2083
f 2088/2243/2085 1996/2143/1993 1990/2137/1987
f 2088/2243/2085 2089/2244/2086 1996/2143/1993
f 2089/2244/2086 1997/2144/1994 1996/2143/1993
f 2086/2241/2083 2089/2244/2086 985/1064/984
f 1998/2145/1995 1997/2144/1994 2086/2241/2083
f 2086/2241/2083 1997/2144/1994 2089/2244/2086
f 2089/2244/2086 2088/2243/2085 2013/2160/2010
f 2013/2160/2010 950/1021/949 2089/2244/2086
f 2090/2245/2087 947/1018/946 950/1021/949
f 967/1041/966 2057/2211/2054 2045/2196/2042
f 960/1034/959 2057/2211/2054 967/1041/966
f 2057/2246/2054 960/1033/959 968/1042/967
f 2043/2194/2040 2045/2196/2042 2057/2211/2054
f 2061/2215/2058 2058/2212/2055 2057/2211/2054
f 968/1043/967 2061/2215/2058 2057/2211/2054
f 2061/2215/2058 968/1043/967 942/1011/941
f 2000/2147/1997 2091/2247/2088 1417/1523/1415
f 1394/1497/1392 2000/2147/1997 1417/1523/1415
f 2000/2147/1997 2001/2148/1998 2091/2247/2088
f 1411/1517/1409 1413/1519/1411 2092/2248/2089
f 1410/1516/1408 1412/1518/1410 1414/1520/1412
f 1404/1510/1402 1415/1521/1413 1410/1516/1408
f 1405/1511/1403 1406/1512/1404 2093/2249/2090
f 1405/1511/1403 2093/2249/2090 1415/1521/1413
f 1415/1521/1413 974/1050/973 1410/1516/1408
f 2093/2249/2090 2094/2250/2091 974/1050/973
f 1415/1521/1413 2093/2249/2090 974/1050/973
f 1417/1523/1415 2091/2247/2088 1399/1504/1397
f 1399/1504/1397 2091/2247/2088 1416/1522/1414
f 1400/1505/1398 1416/1522/1414 1401/1506/1399
f 2091/2247/2088 2001/2148/1998 2095/2251/2092
f 1401/1506/1399 2093/2249/2090 1406/1512/1404
f 2091/2247/2088 2095/2251/2092 1416/1522/1414
f 2093/2249/2090 1401/1506/1399 2094/2250/2091
f 1401/1506/1399 1416/1522/1414 2094/2250/2091
f 1411/1517/1409 2092/2248/2089 1407/1513/1405
f 1413/1519/1411 1412/1518/1410 2092/2248/2089
f 2092/2248/2089 1412/1518/1410 972/1048/971
f 1410/1516/1408 972/1048/971 1412/1518/1410
f 971/1047/970 2096/2252/2093 972/1048/971
f 972/1048/971 2096/2252/2093 2092/2248/2089
f 974/1050/973 972/1048/971 1410/1516/1408
f 2094/2250/2091 2097/2253/2094 2085/2240/2082
f 974/1050/973 2094/2250/2091 2085/2240/2082
f 2001/2148/1998 2004/2151/2001 2095/2251/2092
f 2094/2250/2091 1416/1522/1414 2095/2251/2092
f 2095/2251/2092 2004/2151/2001 2094/2250/2091
f 2004/2151/2001 2098/2254/2095 2094/2250/2091
f 2005/2152/2002 2098/2254/2095 2004/2151/2001
f 2005/2152/2002 2007/2154/2004 2098/2254/2095
f 2094/2250/2091 2099/2255/2096 2097/2253/2094
f 2098/2254/2095 2099/2255/2096 2094/2250/2091
f 2008/2155/2005 2099/2255/2096 2007/2154/2004
f 2097/2253/2094 2099/2255/2096 2008/2155/2005
f 974/1050/973 2085/2240/2082 985/1064/984
f 2008/2155/2005 2010/2157/2007 2097/2253/2094
f 2097/2253/2094 2087/2242/2084 2085/2240/2082
f 2010/2157/2007 2087/2242/2084 2097/2253/2094
f 1992/2139/1989 2087/2242/2084 2010/2157/2007
f 2007/2154/2004 2099/2255/2096 2098/2254/2095
f 2100/2256/2097 2101/2257/2098 2102/2258/2099
f 2101/2259/2098 2103/2260/2100 2102/2261/2099
f 2104/2262/2101 2105/2263/2102 2100/2256/2097
f 2103/2260/2100 2106/2264/2103 2102/2261/2099
f 2103/2260/2100 2107/2265/2104 2106/2264/2103
f 2100/2256/2097 2105/2263/2102 2101/2257/2098
f 2105/2263/2102 2108/2266/2105 2101/2257/2098
f 2107/2265/2104 2109/2267/2106 2106/2264/2103
f 2107/2265/2104 2110/2268/2107 2109/2267/2106
f 983/2269/982 2111/2270/2108 2107/2265/2104
f 2103/2260/2100 2101/2259/2098 983/2269/982
f 2103/2260/2100 983/2269/982 2107/2265/2104
f 2110/2268/2107 2107/2265/2104 2112/2271/2109
f 2107/2265/2104 2111/2270/2108 2112/2271/2109
f 2111/2270/2108 2113/2272/2110 2112/2271/2109
f 2111/2270/2108 983/2269/982 2114/2273/2111
f 2111/2270/2108 2115/2274/2112 2113/2272/2110
f 2115/2274/2112 2116/2275/2113 2113/2272/2110
f 2111/2270/2108 2114/2273/2111 2115/2274/2112
f 2116/2275/2113 2115/2274/2112 2117/2276/2114
f 2115/2274/2112 2114/2273/2111 2117/2276/2114
f 978/1054/977 2101/2257/2098 2108/2266/2105
f 2101/2277/2098 978/1055/977 980/1058/979
f 2012/2159/2009 2014/2161/2011 2013/2160/2010
f 2015/2162/2012 2090/2245/2087 2014/2161/2011
f 2101/2277/2098 980/1058/979 983/1062/982
f 985/1064/984 2089/2244/2086 950/1021/949
f 950/1021/949 2013/2160/2010 2090/2245/2087
f 1990/2137/1987 2013/2160/2010 2088/2243/2085
f 2014/2161/2011 2090/2245/2087 2013/2160/2010
f 2015/2162/2012 2018/2165/2015 2090/2245/2087
f 2018/2165/2015 2118/2278/2115 2090/2245/2087
f 2018/2165/2015 2017/2164/2014 2118/2278/2115
f 2017/2164/2014 2119/2279/2116 2118/2278/2115
f 2021/2168/2018 2119/2279/2116 2017/2164/2014
f 2016/2163/2013 2020/2167/2017 2021/2168/2018
f 2021/2168/2018 2020/2167/2017 2120/2280/2117
f 2020/2167/2017 2022/2169/2019 2120/2280/2117
f 2119/2279/2116 2021/2168/2018 2120/2280/2117
f 2022/2169/2019 2024/2171/2021 2029/2179/2026
f 2024/2171/2021 2023/2170/2020 2029/2179/2026
f 2022/2169/2019 2029/2179/2026 2120/2280/2117
f 2023/2170/2020 1963/2107/1960 2029/2179/2026
f 987/1068/986 2114/2273/2111 983/2269/982
f 2114/2273/2111 2121/2281/2118 2117/2276/2114
f 2114/2273/2111 2122/2282/2119 2121/2281/2118
f 2122/2282/2119 2123/2283/2120 2124/2284/2121
f 2122/2282/2119 2124/2284/2121 2121/2281/2118
f 2122/2282/2119 2125/2285/2122 2123/2283/2120
f 2122/2282/2119 2126/2286/2123 2125/2285/2122
f 2114/2273/2111 2126/2286/2123 2122/2282/2119
f 2126/2286/2123 2127/2287/2124 2125/2285/2122
f 2127/2287/2124 2128/2288/2125 2125/2285/2122
f 2129/2289/2126 2128/2288/2125 2127/2287/2124
f 2128/2288/2125 2129/2289/2126 2130/2290/2127
f 2130/2290/2127 2129/2289/2126 2131/2291/2128
f 2126/2286/2123 2114/2273/2111 954/1025/953
f 2114/2273/2111 987/1068/986 954/1025/953
f 2126/2286/2123 954/1025/953 990/1070/989
f 2126/2286/2123 990/1070/989 2127/2287/2124
f 2127/2287/2124 990/1070/989 989/1069/988
f 2118/2278/2115 947/1018/946 2090/2245/2087
f 947/1018/946 2118/2278/2115 969/1045/968
f 2118/2278/2115 2119/2279/2116 969/1045/968
f 2131/2291/2128 2132/2292/2129 2130/2290/2127
f 2132/2292/2129 2131/2291/2128 2133/2293/2130
f 2133/2293/2130 2134/2294/2131 2132/2292/2129
f 2134/2294/2131 2133/2293/2130 2135/2295/2132
f 2133/2293/2130 2136/2296/2133 2135/2295/2132
f 2136/2296/2133 2133/2293/2130 2137/2297/2134
f 2137/2297/2134 2133/2293/2130 2138/2298/2135
f 2138/2298/2135 2139/2299/2136 2137/2297/2134
f 2138/2298/2135 2140/2300/2137 2139/2299/2136
f 2140/2300/2137 2138/2298/2135 2037/2188/2034
f 2140/2300/2137 2037/2188/2034 2039/2190/2036
f 2129/2289/2126 2127/2287/2124 989/1069/988
f 967/1041/966 2045/2196/2042 991/1071/990
f 991/1071/990 2045/2196/2042 2138/2298/2135
f 2045/2196/2042 2040/2191/2037 2138/2298/2135
f 2037/2188/2034 2138/2298/2135 2040/2191/2037
f 2041/2192/2038 2040/2191/2037 2045/2196/2042
f 2045/2196/2042 2043/2194/2040 2046/2197/2043
f 991/1071/990 2138/2298/2135 2131/2291/2128
f 2120/2280/2117 992/1072/991 2119/2279/2116
f 2133/2293/2130 2131/2291/2128 2138/2298/2135
f 2029/2179/2026 992/1072/991 2120/2280/2117
f 2029/2179/2026 970/1046/969 992/1072/991
f 2129/2289/2126 989/1069/988 2131/2291/2128
f 989/1069/988 991/1071/990 2131/2291/2128
f 992/1072/991 969/1045/968 2119/2279/2116
f 2141/2301/2138 2142/2302/2139 1703/1820/1701
f 1830/1951/1828 2141/2301/2138 1703/1820/1701
f 2142/2302/2139 2143/2303/2140 1703/1820/1701
f 1831/1952/1829 1833/1954/1831 2144/2304/2141
f 1832/1953/1830 1831/1952/1829 2144/2304/2141
f 2144/2304/2141 1833/1954/1831 1834/1955/1832
f 2141/2301/2138 1830/1951/1828 1832/1953/1830
f 1832/1953/1830 2105/2263/2102 2141/2301/2138
f 2105/2263/2102 1832/1953/1830 2144/2304/2141
f 1834/1955/1832 2105/2263/2102 2144/2304/2141
f 1835/1956/1833 2108/2266/2105 1834/1955/1832
f 1835/1956/1833 1836/1957/1834 2108/2266/2105
f 2145/2305/2142 2108/2266/2105 1836/1957/1834
f 1834/1955/1832 2108/2266/2105 2105/2263/2102
f 2146/2306/2143 2143/2303/2140 2142/2302/2139
f 2147/2307/2144 2148/2308/2145 2142/2302/2139
f 2142/2302/2139 2148/2308/2145 2146/2306/2143
f 2149/2309/2146 2148/2308/2145 2147/2307/2144
f 2147/2307/2144 2105/2263/2102 2104/2262/2101
f 2147/2307/2144 2104/2262/2101 2149/2309/2146
f 2142/2302/2139 2141/2301/2138 2147/2307/2144
f 2147/2307/2144 2141/2301/2138 2105/2263/2102
f 1485/1598/1483 1490/1603/1488 1837/1958/1835
f 1490/1603/1488 1486/1599/1484 2150/2310/2147
f 1487/1600/1485 2150/2310/2147 1486/1599/1484
f 1487/1600/1485 1489/1602/1487 2150/2310/2147
f 2151/2311/2148 2150/2310/2147 1489/1602/1487
f 2150/2310/2147 1837/1958/1835 1490/1603/1488
f 2151/2311/2148 2145/2305/2142 2150/2310/2147
f 1491/1604/1489 1493/1606/1491 2152/2312/2149
f 1494/1607/1492 2152/2312/2149 1493/1606/1491
f 993/1073/992 2152/2312/2149 1494/1607/1492
f 1491/1604/1489 2152/2312/2149 1492/1605/1490
f 1492/1605/1490 2152/2312/2149 2153/2313/2150
f 993/1073/992 2153/2313/2150 2152/2312/2149
f 2151/2311/2148 2154/2314/2151 2153/2313/2150
f 1496/1609/1494 1497/1610/1495 1469/1582/1467
f 1497/1610/1495 1496/1609/1494 1498/1611/1496
f 1499/1612/1497 1497/1610/1495 1498/1611/1496
f 1499/1612/1497 2096/2315/2093 1497/1610/1495
f 2155/2316/2152 993/1073/992 1494/1607/1492
f 2153/2313/2150 993/1073/992 2151/2311/2148
f 993/1073/992 2155/2316/2152 2156/2317/2153
f 971/1074/970 993/1073/992 2156/2317/2153
f 1836/1957/1834 1837/1958/1835 2145/2305/2142
f 2150/2310/2147 2145/2305/2142 1837/1958/1835
f 2151/2311/2148 995/1077/994 2145/2305/2142
f 2151/2311/2148 997/1079/996 995/1077/994
f 995/1077/994 2108/2266/2105 2145/2305/2142
f 2108/2266/2105 995/1077/994 978/1054/977
f 997/1079/996 2151/2311/2148 993/1073/992
f 2154/2314/2151 1489/1602/1487 1492/1605/1490
f 2153/2313/2150 2154/2314/2151 1492/1605/1490
f 1489/1602/1487 2154/2314/2151 2151/2311/2148
f 2155/2316/2152 1507/1620/1505 1502/1615/1500
f 1506/1619/1504 2155/2316/2152 1502/1615/1500
f 2156/2317/2153 2155/2316/2152 1506/1619/1504
f 2156/2317/2153 1506/1619/1504 1508/1621/1506
f 1508/1621/1506 2157/2318/2154 2156/2317/2153
f 1509/1622/1507 2157/2318/2154 1508/1621/1506
f 1497/1610/1495 2096/2315/2093 1503/1616/1501
f 2096/2315/2093 1509/1622/1507 1503/1616/1501
f 1407/1513/1405 2096/2252/2093 1499/1623/1497
f 1407/1513/1405 2092/2248/2089 2096/2252/2093
f 2096/2315/2093 2157/2318/2154 1509/1622/1507
f 971/1074/970 2157/2318/2154 2096/2315/2093
f 1494/1607/1492 1507/1620/1505 2155/2316/2152
f 971/1074/970 2156/2317/2153 2157/2318/2154
f 2158/2319/2155 2159/2320/2156 2160/2321/2157
f 2161/2322/2158 2159/2320/2156 2158/2319/2155
f 2160/2321/2157 2159/2320/2156 2162/2323/2159
f 2162/2323/2159 2159/2320/2156 2163/2324/2160
f 2164/2325/2161 2165/2326/2162 2166/2327/2163
f 2164/2325/2161 2162/2323/2159 2165/2326/2162
f 2162/2323/2159 2163/2324/2160 2165/2326/2162
f 2163/2324/2160 2159/2320/2156 2165/2326/2162
f 2166/2327/2163 2167/2328/2164 2168/2329/2165
f 2166/2327/2163 2165/2326/2162 2167/2328/2164
f 2168/2329/2165 2169/2330/2166 2170/2331/2167
f 2168/2329/2165 2167/2328/2164 2169/2330/2166
f 1928/2068/1925 2171/2332/2168 1924/2064/1921
f 1928/2068/1925 1924/2064/1921 1926/2066/1923
f 2169/2330/2166 2171/2332/2168 1928/2068/1925
f 2169/2330/2166 2167/2328/2164 2171/2332/2168
f 1924/2064/1921 2171/2332/2168 1933/2073/1930
f 2171/2332/2168 1934/2074/1931 1933/2073/1930
f 2165/2326/2162 2172/2333/2169 2167/2328/2164
f 2167/2328/2164 2172/2333/2169 2171/2332/2168
f 1947/2089/1944 1934/2074/1931 2171/2332/2168
f 2172/2333/2169 2173/2334/2170 2171/2332/2168
f 2171/2332/2168 2173/2334/2170 1947/2089/1944
f 1947/2089/1944 2173/2334/2170 1948/2090/1945
f 2173/2334/2170 1949/2091/1946 1948/2090/1945
f 1949/2091/1946 1970/2114/1967 1952/2094/1949
f 2174/2335/2171 2175/2336/2172 2176/2337/2173
f 2175/2338/2172 2177/2339/2174 2178/2340/2175
f 2178/2340/2175 2177/2339/2174 2179/2341/2176
f 2177/2339/2174 2180/2342/2177 2179/2341/2176
f 2177/2339/2174 2181/2343/2178 2180/2342/2177
f 2181/2343/2178 2182/2344/2179 2180/2342/2177
f 2181/2343/2178 2183/2345/2180 2182/2344/2179
f 2184/2346/2181 2183/2345/2180 2181/2343/2178
f 2185/2347/2182 2186/2348/2183 2184/2346/2181
f 2185/2347/2182 2187/2349/2184 2186/2348/2183
f 2185/2347/2182 2188/2350/2185 2187/2349/2184
f 2188/2350/2185 2189/2351/2186 2187/2349/2184
f 2190/2352/2187 2191/2353/2188 2188/2350/2185
f 2188/2350/2185 2191/2353/2188 2189/2351/2186
f 2191/2353/2188 2190/2352/2187 2192/2354/2189
f 2190/2352/2187 2193/2355/2190 2192/2354/2189
f 1949/2091/1946 2173/2334/2170 1970/2114/1967
f 1003/1085/1002 1005/1087/1004 1970/2114/1967
f 1005/1087/1004 2194/2356/2191 1970/2114/1967
f 1970/2114/1967 2194/2356/2191 1971/2115/1968
f 1971/2115/1968 2194/2356/2191 1972/2116/1969
f 1972/2116/1969 2194/2356/2191 1974/2118/1971
f 1974/2118/1971 2194/2356/2191 1975/2119/1972
f 1005/1087/1004 1004/1086/1003 2194/2356/2191
f 2194/2356/2191 1004/1086/1003 1013/1095/1012
f 2194/2356/2191 1976/2120/1973 1975/2119/1972
f 2194/2356/2191 1977/2121/1974 1976/2120/1973
f 2194/2356/2191 1013/1095/1012 1977/2121/1974
f 1977/2121/1974 2035/2185/2032 1978/2122/1975
f 2195/2357/2192 999/1081/998 998/1080/997
f 999/1081/998 2196/2358/2193 1002/1084/1001
f 1002/1084/1001 2196/2358/2193 1010/1092/1009
f 2196/2358/2193 999/1081/998 2195/2357/2192
f 2196/2358/2193 2039/2190/2036 2197/2359/2194
f 2198/2360/2195 1010/1092/1009 2196/2358/2193
f 1011/1093/1010 1010/1092/1009 2199/2361/2196
f 2198/2360/2195 2199/2361/2196 1010/1092/1009
f 2197/2359/2194 2198/2360/2195 2196/2358/2193
f 2039/2190/2036 2038/2189/2035 2197/2359/2194
f 2038/2189/2035 2041/2192/2038 2197/2359/2194
f 2041/2192/2038 2046/2197/2043 2197/2359/2194
f 2046/2197/2043 2198/2360/2195 2197/2359/2194
f 2046/2197/2043 2042/2193/2039 2198/2360/2195
f 2044/2195/2041 2198/2360/2195 2042/2193/2039
f 2200/2362/2197 1977/2121/1974 1013/1095/1012
f 1977/2121/1974 2200/2362/2197 2035/2185/2032
f 2200/2362/2197 2049/2200/2046 2035/2185/2032
f 1015/1097/1014 2200/2362/2197 1013/1095/1012
f 2200/2362/2197 2047/2198/2044 2049/2200/2046
f 1047/1129/1046 2201/2363/2198 1014/1096/1013
f 1014/1096/1013 2201/2363/2198 1016/1098/1015
f 1015/1097/1014 1016/1098/1015 2200/2362/2197
f 2202/2364/2199 2200/2362/2197 1016/1098/1015
f 2202/2364/2199 2047/2198/2044 2200/2362/2197
f 2202/2364/2199 2055/2208/2052 2047/2198/2044
f 1016/1098/1015 2051/2202/2048 2202/2364/2199
f 1016/1098/1015 2052/2203/2049 2051/2202/2048
f 2201/2363/2198 2052/2203/2049 1016/1098/1015
f 2202/2364/2199 2051/2202/2048 2055/2208/2052
f 2052/2203/2049 2080/2234/2077 2053/2204/2050
f 1011/1093/1010 2199/2361/2196 1058/1140/1057
f 2199/2361/2196 2203/2365/2200 1058/1140/1057
f 2062/2216/2059 2203/2365/2200 2199/2361/2196
f 2199/2361/2196 2198/2360/2195 2044/2195/2041
f 2044/2195/2041 2056/2210/2053 2199/2361/2196
f 2199/2361/2196 2056/2210/2053 2060/2214/2057
f 2056/2210/2053 2058/2212/2055 2060/2214/2057
f 2059/2213/2056 2062/2216/2059 2199/2361/2196
f 2059/2213/2056 2199/2361/2196 2060/2214/2057
f 2063/2217/2060 2064/2218/2061 2062/2216/2059
f 2064/2218/2061 2203/2365/2200 2062/2216/2059
f 2203/2365/2200 2065/2219/2062 2204/2366/2201
f 2064/2218/2061 2065/2219/2062 2203/2365/2200
f 1058/1140/1057 2204/2366/2201 1057/1139/1056
f 2203/2365/2200 2204/2366/2201 1058/1140/1057
f 2205/2367/2202 1060/1142/1059 2204/2366/2201
f 2204/2366/2201 2065/2219/2062 2066/2220/2063
f 2204/2366/2201 2069/2223/2066 2205/2367/2202
f 2066/2220/2063 2069/2223/2066 2204/2366/2201
f 2068/2222/2065 2067/2221/2064 2205/2367/2202
f 2205/2367/2202 2069/2223/2066 2068/2222/2065
f 2201/2363/2198 1047/1129/1046 1063/1145/1062
f 2201/2363/2198 1063/1145/1062 2084/2238/2081
f 1060/1142/1059 2206/2368/2203 1062/1144/1061
f 2205/2367/2202 2206/2368/2203 1060/1142/1059
f 1062/1144/1061 2206/2368/2203 1063/1145/1062
f 1063/1145/1062 2206/2368/2203 2207/2369/2204
f 1063/1145/1062 2207/2369/2204 2084/2238/2081
f 2067/2221/2064 2072/2226/2069 2205/2367/2202
f 2073/2227/2070 2205/2367/2202 2072/2226/2069
f 2206/2368/2203 2205/2367/2202 2073/2227/2070
f 2206/2368/2203 2073/2227/2070 2207/2369/2204
f 2076/2230/2073 2078/2232/2075 2207/2369/2204
f 2073/2227/2070 2076/2230/2073 2207/2369/2204
f 2078/2232/2075 2079/2233/2076 2207/2369/2204
f 2079/2233/2076 2084/2238/2081 2207/2369/2204
f 2201/2363/2198 2084/2238/2081 2081/2235/2078
f 2052/2203/2049 2201/2363/2198 2080/2234/2077
f 2081/2235/2078 2080/2234/2077 2201/2363/2198
f 2190/2352/2187 2208/2370/2205 2193/2355/2190
f 2209/2371/2206 2192/2354/2189 2193/2355/2190
f 2193/2355/2190 2210/2372/2207 2209/2371/2206
f 2193/2355/2190 2211/2373/2208 2212/2374/2209
f 2208/2370/2205 2211/2373/2208 2193/2355/2190
f 2213/2375/2210 2214/2376/2211 2208/2370/2205
f 2208/2370/2205 2214/2376/2211 2211/2373/2208
f 2214/2376/2211 2215/2377/2212 2211/2373/2208
f 2213/2375/2210 2216/2378/2213 2214/2376/2211
f 2213/2375/2210 2217/2379/2214 2218/2380/2215
f 2213/2375/2210 2219/2381/2216 2216/2378/2213
f 2218/2380/2215 2219/2381/2216 2213/2375/2210
f 2218/2380/2215 2220/2382/2217 2219/2381/2216
f 2217/2379/2214 2220/2382/2217 2218/2380/2215
f 2217/2379/2214 2221/2383/2218 2220/2382/2217
f 2216/2378/2213 2219/2381/2216 2222/2384/2219
f 2220/2382/2217 2221/2383/2218 2223/2385/2220
f 2221/2386/2218 2224/2387/2221 2223/2388/2220
f 2225/2389/2222 2226/2390/2223 2224/2387/2221
f 2224/2387/2221 2221/2386/2218 2225/2389/2222
f 2224/2387/2221 2226/2390/2223 2223/2388/2220
f 2226/2390/2223 2225/2389/2222 2227/2391/2224
f 2228/2392/2225 2227/2391/2224 2225/2389/2222
f 2225/2389/2222 2229/2393/2226 2228/2392/2225
f 2221/2386/2218 2229/2393/2226 2225/2389/2222
f 2229/2393/2226 2230/2394/2227 2231/2395/2228
f 2229/2393/2226 2232/2396/2229 2228/2392/2225
f 2232/2396/2229 2229/2393/2226 2233/2397/2230
f 2229/2393/2226 2231/2395/2228 2233/2397/2230
f 2231/2395/2228 2234/2398/2231 2233/2397/2230
f 2231/2395/2228 2230/2394/2227 2234/2398/2231
f 2235/2399/2232 2159/2320/2156 2161/2322/2158
f 2235/2399/2232 2236/2400/2233 2159/2320/2156
f 2237/2401/2234 2159/2320/2156 2236/2400/2233
f 2237/2401/2234 1032/1114/1031 2159/2320/2156
f 2237/2401/2234 2236/2400/2233 2238/2402/2235
f 2238/2402/2235 2239/2403/2236 2237/2401/2234
f 2238/2402/2235 2240/2404/2237 2239/2403/2236
f 2240/2404/2237 2241/2405/2238 2239/2403/2236
f 2241/2405/2238 2242/2406/2239 2239/2403/2236
f 1032/1114/1031 2237/2401/2234 2239/2403/2236
f 1033/1115/1032 1032/1114/1031 2243/2407/2240
f 2239/2403/2236 2243/2407/2240 1032/1114/1031
f 2244/2408/2241 2243/2407/2240 2239/2403/2236
f 2159/2320/2156 1032/1114/1031 2165/2326/2162
f 2172/2333/2169 2165/2326/2162 1031/1113/1030
f 1032/1114/1031 1031/1113/1030 2165/2326/2162
f 1031/1113/1030 2173/2334/2170 2172/2333/2169
f 1035/1117/1034 2173/2334/2170 1031/1113/1030
f 2173/2334/2170 1035/1117/1034 1970/2114/1967
f 1035/1117/1034 1003/1085/1002 1970/2114/1967
f 2243/2407/2240 1036/1118/1035 1033/1115/1032
f 2243/2407/2240 1043/1125/1042 1036/1118/1035
f 2239/2403/2236 2242/2406/2239 2244/2408/2241
f 2242/2406/2239 2245/2409/2242 2244/2408/2241
f 2245/2409/2242 2243/2407/2240 2244/2408/2241
f 2245/2409/2242 2242/2406/2239 2246/2410/2243
f 2246/2410/2243 2247/2411/2244 2245/2409/2242
f 2247/2411/2244 2248/2412/2245 2245/2409/2242
f 2245/2409/2242 2248/2412/2245 2249/2413/2246
f 2243/2407/2240 2245/2409/2242 1043/1125/1042
f 2249/2413/2246 2248/2412/2245 2250/2414/2247
f 2250/2414/2247 2251/2415/2248 2249/2413/2246
f 2250/2414/2247 2248/2412/2245 2252/2416/2249
f 2249/2413/2246 2251/2415/2248 2253/2417/2250
f 2251/2415/2248 2250/2414/2247 2253/2417/2250
f 2254/2418/2251 2253/2417/2250 2250/2414/2247
f 2250/2414/2247 2252/2416/2249 2254/2418/2251
f 2255/2419/2252 2254/2418/2251 2252/2416/2249
f 2256/2420/2253 2257/2421/2254 2255/2419/2252
f 2256/2420/2253 2258/2422/2255 2257/2421/2254
f 2257/2421/2254 2254/2418/2251 2255/2419/2252
f 2245/2409/2242 2249/2413/2246 1043/1125/1042
f 2249/2413/2246 2253/2417/2250 1043/1125/1042
f 1043/1125/1042 2253/2417/2250 1045/1127/1044
f 2253/2417/2250 2254/2418/2251 1045/1127/1044
f 2254/2418/2251 1046/1128/1045 1045/1127/1044
f 2257/2421/2254 1061/1143/1060 2254/2418/2251
f 1070/1152/1069 2259/2423/2256 2260/2424/2257
f 2230/2394/2227 2261/2425/2258 2234/2398/2231
f 2262/2426/2259 2261/2425/2258 2230/2394/2227
f 2263/2427/2260 2261/2425/2258 2262/2426/2259
f 2230/2394/2227 2260/2424/2257 2262/2426/2259
f 2260/2424/2257 2263/2427/2260 2262/2426/2259
f 2260/2424/2257 2259/2423/2256 2263/2427/2260
f 2259/2423/2256 1070/1152/1069 2264/2428/2261
f 2263/2427/2260 2259/2423/2256 2265/2429/2262
f 2259/2423/2256 2264/2428/2261 2265/2429/2262
f 2266/2430/2263 2267/2431/2264 2268/2432/2265
f 1070/1152/1069 2269/2433/2266 2264/2428/2261
f 2264/2428/2261 2269/2433/2266 2270/2434/2267
f 1070/1152/1069 1050/1132/1049 2269/2433/2266
f 1050/1132/1049 1049/1131/1048 2269/2433/2266
f 2269/2433/2266 1049/1131/1048 1051/1133/1050
f 2269/2433/2266 2271/2435/2268 2270/2434/2267
f 2272/2436/2269 2270/2434/2267 2271/2435/2268
f 2272/2436/2269 2271/2435/2268 2267/2431/2264
f 2271/2435/2268 1051/1133/1050 2267/2431/2264
f 2269/2433/2266 1051/1133/1050 2271/2435/2268
f 2273/2437/2270 2268/2432/2265 2274/2438/2271
f 2268/2432/2265 2267/2431/2264 2275/2439/2272
f 2267/2431/2264 1051/1133/1050 2275/2439/2272
f 2204/2366/2201 1060/1142/1059 1057/1139/1056
f 2273/2437/2270 2274/2438/2271 2258/2422/2255
f 2258/2422/2255 2274/2438/2271 2257/2421/2254
f 2257/2421/2254 2274/2438/2271 1061/1143/1060
f 2268/2432/2265 1061/1143/1060 2274/2438/2271
f 2268/2432/2265 2275/2439/2272 1061/1143/1060
f 2254/2418/2251 1061/1143/1060 1047/1129/1046
f 2254/2418/2251 1047/1129/1046 1046/1128/1045
f 2275/2439/2272 1062/1144/1061 1061/1143/1060
f 1059/1141/1058 2275/2439/2272 1051/1133/1050
f 1059/1141/1058 1062/1144/1061 2275/2439/2272
f 1582/1698/1580 1583/1699/1581 2276/2440/2273
f 1582/1698/1580 2276/2440/2273 1584/1700/1582
f 2276/2440/2273 2277/2441/2274 1584/1700/1582
f 1583/1699/1581 1650/1766/1648 2276/2440/2273
f 2276/2440/2273 2190/2352/2187 2277/2441/2274
f 1650/1766/1648 2190/2352/2187 2276/2440/2273
f 1650/1766/1648 2278/2442/2275 2190/2352/2187
f 2190/2352/2187 2278/2442/2275 2208/2370/2205
f 2279/2443/2276 2280/2444/2277 2208/2370/2205
f 2208/2370/2205 2280/2444/2277 2213/2375/2210
f 2280/2444/2277 2217/2379/2214 2213/2375/2210
f 2221/2383/2218 2217/2379/2214 2281/2445/2278
f 2229/2446/2226 2221/2383/2218 2281/2445/2278
f 1585/1701/1583 1591/1707/1589 1656/1772/1654
f 1591/1707/1589 1592/1708/1590 2282/2447/2279
f 1592/1708/1590 2283/2448/2280 2282/2447/2279
f 1593/1709/1591 2283/2448/2280 1592/1708/1590
f 1593/1709/1591 2284/2449/2281 2283/2448/2280
f 1593/1709/1591 1586/1702/1584 2284/2449/2281
f 1588/1704/1586 1594/1710/1592 2285/2450/2282
f 2285/2450/2282 1586/1702/1584 1588/1704/1586
f 1586/1702/1584 2285/2450/2282 2284/2449/2281
f 1589/1705/1587 2286/2451/2283 1595/1711/1593
f 2287/2452/2284 2286/2451/2283 1589/1705/1587
f 2286/2451/2283 1594/1710/1592 1595/1711/1593
f 2288/2453/2285 2289/2454/2286 2290/2455/2287
f 1597/1713/1595 2291/2456/2288 1590/1706/1588
f 1590/1706/1588 2291/2456/2288 1599/1715/1597
f 1600/1716/1598 2292/2457/2289 2293/2458/2290
f 1598/1714/1596 2292/2457/2289 1600/1716/1598
f 1600/1716/1598 2293/2458/2290 1597/1713/1595
f 1597/1713/1595 2293/2458/2290 2291/2456/2288
f 2293/2458/2290 2292/2457/2289 2294/2459/2291
f 1602/1718/1600 2295/2460/2292 2296/2461/2293
f 2296/2461/2293 2295/2460/2292 2297/2462/2294
f 2295/2460/2292 2289/2454/2286 2297/2462/2294
f 1603/1719/1601 2298/2463/2295 1598/1714/1596
f 1604/1720/1602 2298/2463/2295 1603/1719/1601
f 1602/1718/1600 2296/2461/2293 1605/1721/1603
f 1605/1721/1603 2296/2461/2293 1606/1722/1604
f 2296/2461/2293 2297/2462/2294 1606/1722/1604
f 2297/2462/2294 2298/2463/2295 1604/1720/1602
f 1606/1722/1604 2297/2462/2294 1604/1720/1602
f 2289/2454/2286 2294/2459/2291 2297/2462/2294
f 2292/2457/2289 2298/2463/2295 2294/2459/2291
f 2292/2457/2289 1598/1714/1596 2298/2463/2295
f 2294/2459/2291 2298/2463/2295 2297/2462/2294
f 1066/2464/1065 2288/2453/2285 2299/2465/2296
f 2294/2459/2291 2289/2454/2286 2288/2453/2285
f 2288/2453/2285 1066/2464/1065 2293/2458/2290
f 2293/2458/2290 2287/2452/2284 2291/2456/2288
f 1599/1715/1597 2287/2452/2284 1589/1705/1587
f 1599/1715/1597 2291/2456/2288 2287/2452/2284
f 2288/2453/2285 2293/2458/2290 2294/2459/2291
f 1066/2464/1065 2287/2452/2284 2293/2458/2290
f 1065/1147/1064 2287/2466/2284 1066/1148/1065
f 1656/1772/1654 1591/1707/1589 2282/2447/2279
f 2283/2448/2280 2300/2467/2297 2282/2447/2279
f 2285/2450/2282 1069/2468/1068 2284/2449/2281
f 1594/1710/1592 2286/2451/2283 2285/2450/2282
f 2285/2450/2282 2286/2451/2283 1069/2468/1068
f 1068/1150/1067 2287/2466/2284 1065/1147/1064
f 1068/2469/1067 2286/2451/2283 2287/2452/2284
f 2286/2451/2283 1068/2469/1067 1069/2468/1068
f 1069/2468/1068 2283/2448/2280 2284/2449/2281
f 2283/2470/2280 1070/1152/1069 2260/2424/2257
f 1069/1151/1068 1070/1152/1069 2283/2470/2280
f 2300/2471/2297 2260/2424/2257 2230/2394/2227
f 2283/2470/2280 2260/2424/2257 2300/2471/2297
f 1618/1734/1616 1620/1736/1618 2301/2472/2298
f 1620/1736/1618 1621/1737/1619 2301/2472/2298
f 1618/1734/1616 2301/2472/2298 1082/1164/1081
f 2302/2473/2299 1618/1734/1616 1082/1164/1081
f 2302/2473/2299 1622/1738/1620 1618/1734/1616
f 1626/1742/1624 2303/2474/2300 1627/1743/1625
f 1627/1743/1625 2303/2474/2300 2304/2475/2301
f 1635/1751/1633 2303/2474/2300 1634/1750/1632
f 1636/1752/1634 2305/2476/2302 1635/1751/1633
f 2306/2477/2303 1635/1751/1633 2305/2476/2302
f 1677/1794/1675 2306/2478/2303 1640/1893/1638
f 1636/1752/1634 1637/1753/1635 2305/2476/2302
f 1641/1757/1639 2305/2476/2302 1637/1753/1635
f 2305/2476/2302 1641/1757/1639 2306/2477/2303
f 2306/2477/2303 1641/1757/1639 1640/1756/1638
f 1627/1743/1625 2304/2475/2301 1628/1744/1626
f 1642/1758/1640 1632/1748/1630 2304/2475/2301
f 2304/2475/2301 2307/2479/2304 1642/1758/1640
f 1621/1737/1619 1642/1758/1640 2308/2480/2305
f 2308/2480/2305 1642/1758/1640 2307/2479/2304
f 1628/1744/1626 2304/2475/2301 1632/1748/1630
f 1621/1737/1619 2308/2480/2305 2301/2472/2298
f 1634/1750/1632 2303/2474/2300 1626/1742/1624
f 2307/2479/2304 2304/2475/2301 2303/2474/2300
f 2303/2474/2300 2306/2477/2303 2307/2479/2304
f 1635/1751/1633 2306/2477/2303 2303/2474/2300
f 2307/2479/2304 2306/2477/2303 1074/1156/1073
f 2306/2477/2303 1072/1154/1071 1074/1156/1073
f 1082/1164/1081 2301/2472/2298 2308/2480/2305
f 2308/2480/2305 1083/1165/1082 1082/1164/1081
f 2307/2479/2304 1083/1165/1082 2308/2480/2305
f 1622/1738/1620 2309/2481/2306 1619/1735/1617
f 2309/2481/2306 1643/1759/1641 1619/1735/1617
f 1623/1739/1621 2309/2481/2306 2310/2482/2307
f 1623/1739/1621 1643/1759/1641 2309/2481/2306
f 1622/1738/1620 2302/2473/2299 2309/2481/2306
f 2302/2473/2299 2311/2483/2308 2309/2481/2306
f 2302/2473/2299 1075/2484/1074 2311/2483/2308
f 2310/2482/2307 1646/1762/1644 1623/1739/1621
f 1646/1762/1644 2310/2482/2307 1645/1761/1643
f 2310/2482/2307 2312/2485/2309 1645/1761/1643
f 1073/1155/1072 2307/2479/2304 1074/1156/1073
f 2307/2479/2304 1073/1155/1072 1083/1165/1082
f 1645/1761/1643 2312/2485/2309 1647/1763/1645
f 2312/2485/2309 2310/2482/2307 2309/2481/2306
f 2309/2481/2306 2313/2486/2310 2312/2485/2309
f 2312/2485/2309 1649/1765/1647 1647/1763/1645
f 2312/2485/2309 2313/2486/2310 1649/1765/1647
f 2302/2473/2299 1082/1164/1081 1079/1166/1078
f 2302/2473/2299 1079/1166/1078 1075/2484/1074
f 1077/2487/1076 2311/2483/2308 1075/2484/1074
f 2314/2488/2311 1077/1159/1076 1076/1158/1075
f 1610/1726/1608 2278/2442/2275 1650/1766/1648
f 1610/1726/1608 1651/1767/1649 2278/2442/2275
f 1578/1694/1576 1650/1766/1648 1583/1699/1581
f 1651/1767/1649 2279/2443/2276 2278/2442/2275
f 1651/1767/1649 1612/1728/1610 2279/2443/2276
f 1612/1728/1610 1611/1727/1609 2279/2443/2276
f 1611/1727/1609 2315/2489/2312 2279/2443/2276
f 2279/2443/2276 2208/2370/2205 2278/2442/2275
f 1611/1727/1609 1613/1729/1611 2315/2489/2312
f 1616/1732/1614 2315/2489/2312 1615/1731/1613
f 2315/2489/2312 1613/1729/1611 1615/1731/1613
f 2315/2489/2312 2316/2490/2313 2279/2443/2276
f 1617/1733/1615 2315/2489/2312 1616/1732/1614
f 2315/2489/2312 1617/1733/1615 2316/2490/2313
f 2279/2443/2276 2316/2490/2313 2280/2444/2277
f 2314/2488/2311 1076/1158/1075 1108/1193/1107
f 2314/2488/2311 1108/1193/1107 1112/1197/1111
f 2314/2491/2311 2317/2492/2314 2318/2493/2315
f 1112/1197/1111 2317/2494/2314 2314/2488/2311
f 1653/1769/1651 1655/1771/1653 2319/2495/2316
f 1654/1770/1652 2320/2496/2317 1655/1771/1653
f 1654/1770/1652 1656/1772/1654 2320/2496/2317
f 1112/1197/1111 1119/1204/1118 2317/2494/2314
f 2317/2494/2314 1119/1204/1118 1064/1146/1063
f 2311/2483/2308 2321/2497/2318 2309/2481/2306
f 2309/2481/2306 2321/2497/2318 2313/2486/2310
f 2318/2493/2315 2313/2486/2310 2321/2497/2318
f 2322/2498/2319 2313/2486/2310 2318/2493/2315
f 1649/1765/1647 2313/2486/2310 1658/1774/1656
f 1659/1775/1657 2323/2499/2320 1662/1778/1660
f 2323/2499/2320 2324/2500/2321 1662/1778/1660
f 1659/1775/1657 1658/1774/1656 2323/2499/2320
f 1658/1774/1656 2313/2486/2310 2323/2499/2320
f 2313/2486/2310 2322/2498/2319 2323/2499/2320
f 2323/2499/2320 2322/2498/2319 2324/2500/2321
f 1077/2487/1076 2314/2491/2311 2311/2483/2308
f 2311/2483/2308 2318/2493/2315 2321/2497/2318
f 2318/2493/2315 2311/2483/2308 2314/2491/2311
f 2318/2493/2315 2288/2453/2285 2322/2498/2319
f 2322/2498/2319 2288/2453/2285 2290/2455/2287
f 2324/2500/2321 1663/1779/1661 1662/1778/1660
f 2322/2498/2319 1664/1780/1662 2324/2500/2321
f 1663/1779/1661 2324/2500/2321 1664/1780/1662
f 1664/1780/1662 2322/2498/2319 1601/1717/1599
f 2322/2498/2319 2295/2460/2292 1601/1717/1599
f 1601/1717/1599 2295/2460/2292 1602/1718/1600
f 2295/2460/2292 2322/2498/2319 2290/2455/2287
f 2289/2454/2286 2295/2460/2292 2290/2455/2287
f 2318/2493/2315 2317/2492/2314 2299/2465/2296
f 2299/2465/2296 2288/2453/2285 2318/2493/2315
f 2317/2492/2314 1064/2501/1063 2299/2465/2296
f 2299/2465/2296 1064/2501/1063 1066/2464/1065
f 1617/1733/1615 1653/1769/1651 2316/2490/2313
f 2316/2490/2313 1653/1769/1651 2319/2495/2316
f 2319/2495/2316 2281/2445/2278 2316/2490/2313
f 2316/2490/2313 2281/2445/2278 2280/2444/2277
f 2280/2444/2277 2281/2445/2278 2217/2379/2214
f 1655/1771/1653 2320/2496/2317 2319/2495/2316
f 2319/2495/2316 2320/2496/2317 2281/2445/2278
f 2320/2496/2317 2282/2447/2279 2281/2445/2278
f 2320/2496/2317 1656/1772/1654 2282/2447/2279
f 2282/2447/2279 2300/2467/2297 2281/2445/2278
f 2300/2467/2297 2229/2446/2226 2281/2445/2278
f 2300/2471/2297 2230/2394/2227 2229/2393/2226
f 2325/2502/2322 1677/1794/1675 1676/1793/1674
f 1677/1794/1675 2325/2502/2322 2306/2478/2303
f 1699/1816/1697 2326/2503/2323 2327/2504/2324
f 2328/2505/2325 2329/2506/2326 2327/2504/2324
f 2327/2504/2324 2330/2507/2327 2328/2505/2325
f 2329/2506/2326 2331/2508/2328 2327/2504/2324
f 2331/2508/2328 2332/2509/2329 2327/2504/2324
f 2327/2504/2324 2332/2509/2329 1702/1819/1700
f 2325/2502/2322 1072/2510/1071 2306/2478/2303
f 2325/2502/2322 2332/2509/2329 2331/2508/2328
f 2325/2502/2322 2331/2508/2328 1072/2510/1071
f 2329/2506/2326 2333/2511/2330 2331/2508/2328
f 2329/2506/2326 2334/2512/2331 2333/2511/2330
f 2331/2513/2328 2335/2514/2332 1072/1210/1071
f 2336/2515/2333 2335/2514/2332 2331/2513/2328
f 2104/2262/2101 2100/2256/2097 2149/2309/2146
f 2149/2309/2146 2100/2256/2097 2328/2505/2325
f 2102/2258/2099 2328/2505/2325 2100/2256/2097
f 2328/2505/2325 2330/2507/2327 2149/2309/2146
f 2102/2258/2099 2334/2512/2331 2328/2505/2325
f 2328/2505/2325 2334/2512/2331 2329/2506/2326
f 2102/2261/2099 2106/2264/2103 2334/2516/2331
f 2327/2504/2324 2337/2517/2334 2330/2507/2327
f 2338/2518/2335 2334/2516/2331 2106/2264/2103
f 2109/2267/2106 2338/2518/2335 2106/2264/2103
f 2110/2268/2107 2338/2518/2335 2109/2267/2106
f 2338/2518/2335 2110/2268/2107 2336/2515/2333
f 2336/2515/2333 2331/2513/2328 2333/2519/2330
f 2334/2516/2331 2338/2518/2335 2333/2519/2330
f 2333/2519/2330 2338/2518/2335 2336/2515/2333
f 1676/1793/1674 1712/1829/1710 2325/2502/2322
f 1710/1827/1708 2332/2509/2329 2325/2502/2322
f 1072/1210/1071 2335/2514/2332 1123/1208/1122
f 1123/1208/1122 2335/2514/2332 2339/2520/2336
f 2110/2268/2107 2112/2271/2109 2336/2515/2333
f 2336/2515/2333 2112/2271/2109 2335/2514/2332
f 2113/2272/2110 2335/2514/2332 2112/2271/2109
f 2113/2272/2110 2339/2520/2336 2335/2514/2332
f 2113/2272/2110 2116/2275/2113 2339/2520/2336
f 2116/2275/2113 2340/2521/2337 2339/2520/2336
f 2340/2521/2337 2116/2275/2113 2117/2276/2114
f 1122/1209/1121 2340/2521/2337 1086/1171/1085
f 1123/1208/1122 2340/2521/2337 1122/1209/1121
f 1123/1208/1122 2339/2520/2336 2340/2521/2337
f 1086/1171/1085 2340/2521/2337 1091/1176/1090
f 1091/1176/1090 2340/2521/2337 1124/1212/1123
f 2340/2521/2337 2341/2522/2338 1124/1212/1123
f 2117/2276/2114 2341/2522/2338 2340/2521/2337
f 1106/1191/1105 1107/1192/1106 2342/2523/2339
f 1106/1191/1105 2342/2523/2339 998/1080/997
f 1124/1212/1123 2343/2524/2340 1110/1195/1109
f 2343/2524/2340 1124/1212/1123 2341/2522/2338
f 2117/2276/2114 2121/2281/2118 2341/2522/2338
f 2121/2281/2118 2124/2284/2121 2341/2522/2338
f 2123/2283/2120 2341/2522/2338 2124/2284/2121
f 1110/1195/1109 2344/2525/2341 1120/1205/1119
f 2345/2526/2342 1120/1205/1119 2344/2525/2341
f 2343/2524/2340 2344/2525/2341 1110/1195/1109
f 2343/2524/2340 2346/2527/2343 2344/2525/2341
f 2123/2283/2120 2343/2524/2340 2341/2522/2338
f 2123/2283/2120 2125/2285/2122 2343/2524/2340
f 2125/2285/2122 2346/2527/2343 2343/2524/2340
f 2128/2288/2125 2346/2527/2343 2125/2285/2122
f 2346/2527/2343 2128/2288/2125 2344/2525/2341
f 2344/2525/2341 2128/2288/2125 2345/2526/2342
f 2128/2288/2125 2130/2290/2127 2345/2526/2342
f 1120/1205/1119 2345/2526/2342 2347/2528/2344
f 1121/1206/1120 1120/1205/1119 2347/2528/2344
f 1121/1206/1120 2347/2528/2344 1107/1192/1106
f 1107/1192/1106 2347/2528/2344 2342/2523/2339
f 2130/2290/2127 2132/2292/2129 2345/2526/2342
f 2345/2526/2342 2132/2292/2129 2347/2528/2344
f 2132/2292/2129 2134/2294/2131 2347/2528/2344
f 2347/2528/2344 2134/2294/2131 2342/2523/2339
f 2134/2294/2131 2135/2295/2132 2342/2523/2339
f 2342/2523/2339 2195/2357/2192 998/1080/997
f 2135/2295/2132 2136/2296/2133 2342/2523/2339
f 2342/2523/2339 2136/2296/2133 2137/2297/2134
f 2342/2523/2339 2137/2297/2134 2195/2357/2192
f 2137/2297/2134 2139/2299/2136 2195/2357/2192
f 2139/2299/2136 2140/2300/2137 2195/2357/2192
f 2140/2300/2137 2196/2358/2193 2195/2357/2192
f 2196/2358/2193 2140/2300/2137 2039/2190/2036
f 1696/1813/1694 2326/2503/2323 1693/1810/1691
f 1700/1817/1698 1693/1810/1691 2326/2503/2323
f 1695/1812/1693 2326/2503/2323 1696/1813/1694
f 1700/1817/1698 2326/2503/2323 1698/1815/1696
f 1698/1815/1696 2326/2503/2323 1697/1814/1695
f 1699/1816/1697 1697/1814/1695 2326/2503/2323
f 1704/1821/1702 2327/2504/2324 2326/2503/2323
f 1704/1821/1702 2337/2517/2334 2327/2504/2324
f 1702/1819/1700 2332/2509/2329 1713/1830/1711
f 2327/2504/2324 1702/1819/1700 1699/1816/1697
f 1695/1812/1693 1704/1821/1702 2326/2503/2323
f 1703/1820/1701 2143/2303/2140 1704/1821/1702
f 1704/1821/1702 2143/2303/2140 2146/2306/2143
f 2146/2306/2143 2337/2517/2334 1704/1821/1702
f 2330/2507/2327 2148/2308/2145 2149/2309/2146
f 2337/2517/2334 2146/2306/2143 2330/2507/2327
f 2148/2308/2145 2330/2507/2327 2146/2306/2143
f 1710/1827/1708 1713/1830/1711 2332/2509/2329
f 1712/1829/1710 1710/1827/1708 2325/2502/2322
f 1287/1387/1286 169/170/169 200/201/200
f 2348/2529/2345 169/170/169 168/169/168
f 1281/1380/1280 2349/2530/2346 1282/1381/1281
f 1281/1380/1280 1283/1382/1282 2349/2530/2346
f 2350/2531/2347 2349/2530/2346 1283/1382/1282
f 1283/1382/1282 1284/1383/1283 2350/2531/2347
f 1720/1837/1718 1286/1386/1285 1722/1839/1720
f 1722/1839/1720 2351/2532/2348 1720/1837/1718
f 1279/1378/1278 1280/1379/1279 1287/1387/1286
f 1287/1387/1286 1280/1379/1279 1282/1381/1281
f 169/170/169 1287/1387/1286 2352/2533/2349
f 1287/1387/1286 1282/1381/1281 2353/2534/2350
f 2349/2530/2346 2174/2335/2171 1282/1381/1281
f 2174/2335/2171 2349/2530/2346 2350/2531/2347
f 1287/1387/1286 2353/2534/2350 2352/2533/2349
f 2353/2534/2350 2174/2335/2171 2354/2535/2351
f 1282/1381/1281 2174/2335/2171 2353/2534/2350
f 2350/2531/2347 2175/2336/2172 2174/2335/2171
f 2350/2536/2347 1284/1385/1283 1720/1837/1718
f 2350/2536/2347 2177/2339/2174 2175/2338/2172
f 1722/1839/1720 2355/2537/2352 2351/2532/2348
f 1722/1839/1720 1721/1838/1719 2355/2537/2352
f 1724/1841/1722 2355/2537/2352 1721/1838/1719
f 1584/1700/1582 2356/2538/2353 1723/1840/1721
f 2277/2441/2274 2356/2538/2353 1584/1700/1582
f 1723/1840/1721 2356/2538/2353 1724/1841/1722
f 2177/2339/2174 2184/2346/2181 2181/2343/2178
f 1720/1837/1718 2351/2532/2348 2350/2536/2347
f 2350/2536/2347 2351/2532/2348 2177/2339/2174
f 2351/2532/2348 2184/2346/2181 2177/2339/2174
f 2355/2537/2352 2356/2538/2353 2351/2532/2348
f 1724/1841/1722 2356/2538/2353 2355/2537/2352
f 2351/2532/2348 2356/2538/2353 2184/2346/2181
f 2356/2538/2353 2185/2347/2182 2184/2346/2181
f 2185/2347/2182 2356/2538/2353 2277/2441/2274
f 2277/2441/2274 2188/2350/2185 2185/2347/2182
f 2277/2441/2274 2190/2352/2187 2188/2350/2185
f 2357/2539/2354 2358/2540/2355 2359/2541/2356
f 2358/2540/2355 2357/2539/2354 2360/2542/142
f 2360/2542/142 2361/2543/2357 2362/2544/2358
f 2360/2542/142 2357/2539/2354 2361/2543/2357
f 2362/2544/2358 2361/2543/2357 468/491/467
f 2363/2545/2359 2364/2546/2360 2365/2547/2361
f 2366/2548/2362 2365/2547/2361 2364/2546/2360
f 2363/2545/2359 2170/2331/2167 2364/2546/2360
f 2366/2549/2362 2357/2539/2354 2359/2541/2356
f 2366/2549/2362 2364/2550/2360 2357/2539/2354
f 2170/2331/2167 2367/2551/2363 2364/2546/2360
f 2169/2330/2166 2367/2551/2363 2170/2331/2167
f 2169/2330/2166 1928/2068/1925 2367/2551/2363
f 2364/2550/2360 2367/2552/2363 2357/2539/2354
f 2168/2329/2165 2170/2331/2167 2363/2545/2359
f 1928/2068/1925 1927/2067/1924 2367/2551/2363
f 2367/2552/2363 1927/2553/1924 2357/2539/2354
f 1929/2069/1926 1931/2071/1928 1927/2067/1924
f 2357/2539/2354 1125/1213/1124 2361/2543/2357
f 1125/1213/1124 423/445/423 2361/2543/2357
f 1927/2553/1924 1125/1213/1124 2357/2539/2354
f 1931/2071/1928 1126/2554/1125 1927/2067/1924
f 1927/2553/1924 1126/1214/1125 1125/1213/1124
f 1931/2071/1928 1932/2072/1929 1126/2554/1125
f 1126/2554/1125 1932/2072/1929 1937/2077/1934
f 468/491/467 2361/2543/2357 423/445/423
f 1937/2077/1934 1939/2079/1936 1943/2086/1940
f 1937/2077/1934 1943/2086/1940 1126/2554/1125
f 1126/2555/1125 1943/2084/1940 420/442/420
f 420/442/420 1943/2084/1940 418/440/418
f 1944/2085/1941 418/440/418 1943/2084/1940
f 1944/2085/1941 1946/2088/1943 418/440/418
f 1946/2088/1943 432/454/432 418/440/418
f 1957/2099/1954 444/467/443 453/476/452
f 1955/2097/1952 444/467/443 1957/2099/1954
f 454/477/453 444/467/443 446/469/445
f 1135/1226/1134 2368/2556/2364 1132/1221/1131
f 2368/2556/2364 1134/1225/1133 1132/1221/1131
f 1134/1225/1133 2368/2556/2364 2369/2557/2365
f 1129/1224/1128 1134/1225/1133 2370/2558/2366
f 2164/2325/2161 2369/2557/2365 2160/2321/2157
f 2371/2559/2367 2166/2327/2163 2168/2329/2165
f 2371/2559/2367 2369/2557/2365 2164/2325/2161
f 2371/2559/2367 2164/2325/2161 2166/2327/2163
f 2368/2556/2364 1135/1226/1134 2372/2560/2368
f 2158/2319/2155 2160/2321/2157 2368/2556/2364
f 2160/2321/2157 2369/2557/2365 2368/2556/2364
f 2372/2560/2368 2158/2319/2155 2368/2556/2364
f 2372/2560/2368 2161/2322/2158 2158/2319/2155
f 2162/2323/2159 2164/2325/2161 2160/2321/2157
f 1137/1228/1136 1129/1218/1128 2373/2561/2369
f 2373/2561/2369 2374/2562/2370 1137/1228/1136
f 1129/1218/1128 2370/2563/2366 2373/2561/2369
f 2371/2559/2367 2370/2558/2366 1134/1225/1133
f 2370/2563/2366 2359/2541/2356 2373/2561/2369
f 2370/2563/2366 2366/2549/2362 2359/2541/2356
f 2374/2562/2370 2362/2544/2358 1137/1228/1136
f 2362/2544/2358 2374/2562/2370 2360/2542/142
f 2373/2561/2369 2359/2541/2356 2358/2540/2355
f 2373/2561/2369 2358/2540/2355 2374/2562/2370
f 2374/2562/2370 2358/2540/2355 2360/2542/142
f 2369/2557/2365 2371/2559/2367 1134/1225/1133
f 1137/1228/1136 468/491/467 409/431/409
f 409/431/409 468/491/467 476/499/475
f 2362/2544/2358 468/491/467 1137/1228/1136
f 2370/2558/2366 2371/2559/2367 2365/2547/2361
f 2363/2545/2359 2365/2547/2361 2371/2559/2367
f 2370/2558/2366 2365/2547/2361 2366/2548/2362
f 2371/2559/2367 2168/2329/2165 2363/2545/2359
f 477/500/476 476/499/475 478/501/477
f 2375/2564/2371 167/168/167 224/225/224
f 2354/2535/2351 182/183/182 167/168/167
f 2353/2534/2350 2354/2535/2351 167/168/167
f 2174/2335/2171 2176/2337/2173 2354/2535/2351
f 2175/2336/2172 2376/2565/2372 2176/2337/2173
f 2178/2340/2175 2376/2566/2372 2175/2338/2172
f 2176/2337/2173 182/183/182 2354/2535/2351
f 2176/2337/2173 1139/1230/1138 182/183/182
f 2376/2565/2372 1139/1230/1138 2176/2337/2173
f 2178/2340/2175 2179/2341/2176 2377/2567/2373
f 2180/2342/2177 2377/2567/2373 2179/2341/2176
f 2180/2342/2177 2182/2344/2179 2377/2567/2373
f 2178/2340/2175 2377/2567/2373 2376/2566/2372
f 2182/2344/2179 1146/1240/1145 2377/2567/2373
f 2376/2565/2372 1141/1232/1140 1139/1230/1138
f 2376/2566/2372 2377/2567/2373 1141/1238/1140
f 2377/2567/2373 1145/1239/1144 1141/1238/1140
f 1146/1240/1145 1145/1239/1144 2377/2567/2373
f 2182/2344/2179 2183/2345/2180 1146/1240/1145
f 2183/2345/2180 1147/1241/1146 1146/1240/1145
f 2184/2346/2181 2186/2348/2183 2183/2345/2180
f 2186/2348/2183 1150/1245/1149 2183/2345/2180
f 2186/2348/2183 2187/2349/2184 1150/1245/1149
f 1150/1245/1149 1147/1241/1146 2183/2345/2180
f 2187/2349/2184 2189/2351/2186 1151/1246/1150
f 2187/2349/2184 1151/1246/1150 1150/1245/1149
f 2189/2351/2186 2191/2353/2188 1151/1246/1150
f 2191/2353/2188 2192/2354/2189 1151/1246/1150
f 2192/2354/2189 2209/2371/2206 1151/1246/1150
f 1151/1246/1150 2209/2371/2206 2210/2372/2207
f 2210/2372/2207 1152/1247/1151 1151/1246/1150
f 1135/1226/1134 2378/2568/2374 2372/2560/2368
f 2212/2374/2209 2210/2372/2207 2193/2355/2190
f 2212/2374/2209 2215/2377/2212 2210/2372/2207
f 2212/2374/2209 2211/2373/2208 2215/2377/2212
f 2214/2376/2211 2379/2569/2375 2215/2377/2212
f 2214/2376/2211 2222/2384/2219 2379/2569/2375
f 2214/2376/2211 2216/2378/2213 2222/2384/2219
f 2210/2372/2207 2379/2569/2375 1152/1247/1151
f 1149/1244/1148 2378/2568/2374 1135/1226/1134
f 2210/2372/2207 2215/2377/2212 2379/2569/2375
f 1152/1247/1151 2378/2570/2374 1149/1243/1148
f 2379/2569/2375 2378/2570/2374 1152/1247/1151
f 2222/2384/2219 2380/2571/2376 2379/2569/2375
f 2379/2569/2375 2380/2571/2376 2378/2570/2374
f 2380/2572/2376 2381/2573/2377 2378/2568/2374
f 2222/2384/2219 2219/2381/2216 2380/2571/2376
f 2380/2571/2376 2219/2381/2216 2382/2574/2378
f 2220/2382/2217 2382/2574/2378 2219/2381/2216
f 2380/2571/2376 2382/2574/2378 2383/2575/2379
f 2383/2576/2379 2384/2577/2380 2380/2572/2376
f 2383/2576/2379 2385/2578/2381 2384/2577/2380
f 2380/2572/2376 2384/2577/2380 2381/2573/2377
f 2220/2382/2217 2223/2385/2220 2382/2574/2378
f 2223/2385/2220 2383/2575/2379 2382/2574/2378
f 2223/2388/2220 2385/2578/2381 2383/2576/2379
f 2223/2388/2220 2226/2390/2223 2385/2578/2381
f 2385/2578/2381 2386/2579/2382 2384/2577/2380
f 2384/2577/2380 2386/2579/2382 2387/2580/2383
f 2385/2578/2381 2388/2581/2384 2386/2579/2382
f 2226/2390/2223 2388/2581/2384 2385/2578/2381
f 2226/2390/2223 2227/2391/2224 2388/2581/2384
f 2227/2391/2224 2389/2582/2385 2388/2581/2384
f 2228/2392/2225 2389/2582/2385 2227/2391/2224
f 2388/2581/2384 2390/2583/2386 2386/2579/2382
f 2232/2396/2229 2389/2582/2385 2228/2392/2225
f 2232/2396/2229 2391/2584/2387 2389/2582/2385
f 2388/2581/2384 2389/2582/2385 2390/2583/2386
f 2232/2396/2229 2233/2397/2230 2391/2584/2387
f 2389/2582/2385 2392/2585/2388 2390/2583/2386
f 2392/2585/2388 2389/2582/2385 2391/2584/2387
f 2233/2397/2230 2234/2398/2231 2391/2584/2387
f 2392/2585/2388 2391/2584/2387 2393/2586/2389
f 2392/2585/2388 2393/2586/2389 2394/2587/2390
f 2378/2568/2374 2235/2399/2232 2372/2560/2368
f 2372/2560/2368 2235/2399/2232 2161/2322/2158
f 2378/2568/2374 2236/2400/2233 2235/2399/2232
f 2378/2568/2374 2381/2573/2377 2236/2400/2233
f 2381/2573/2377 2238/2402/2235 2236/2400/2233
f 2381/2573/2377 2395/2588/2391 2238/2402/2235
f 2396/2589/2392 2381/2573/2377 2384/2577/2380
f 2395/2588/2391 2381/2573/2377 2396/2589/2392
f 2384/2577/2380 2387/2580/2383 2396/2589/2392
f 2395/2588/2391 2240/2404/2237 2238/2402/2235
f 2395/2588/2391 2241/2405/2238 2240/2404/2237
f 2387/2580/2383 2395/2588/2391 2396/2589/2392
f 2395/2588/2391 2387/2580/2383 2241/2405/2238
f 2387/2580/2383 2397/2590/2393 2241/2405/2238
f 2242/2406/2239 2241/2405/2238 2397/2590/2393
f 2397/2590/2393 2246/2410/2243 2242/2406/2239
f 2386/2579/2382 2397/2590/2393 2387/2580/2383
f 2397/2590/2393 2386/2579/2382 2390/2583/2386
f 2390/2583/2386 2246/2410/2243 2397/2590/2393
f 2246/2410/2243 2248/2412/2245 2247/2411/2244
f 2398/2591/2394 2246/2410/2243 2390/2583/2386
f 2392/2585/2388 2399/2592/2395 2390/2583/2386
f 2392/2585/2388 2400/2593/2396 2399/2592/2395
f 2394/2587/2390 2400/2593/2396 2392/2585/2388
f 2390/2583/2386 2399/2592/2395 2398/2591/2394
f 2400/2593/2396 2273/2437/2270 2399/2592/2395
f 2273/2437/2270 2258/2422/2255 2399/2592/2395
f 2246/2410/2243 2398/2591/2394 2248/2412/2245
f 2398/2591/2394 2252/2416/2249 2248/2412/2245
f 2398/2591/2394 2255/2419/2252 2252/2416/2249
f 2398/2591/2394 2256/2420/2253 2255/2419/2252
f 2398/2591/2394 2399/2592/2395 2256/2420/2253
f 2258/2422/2255 2256/2420/2253 2399/2592/2395
f 2391/2584/2387 2234/2398/2231 2393/2586/2389
f 2261/2425/2258 2393/2586/2389 2234/2398/2231
f 2261/2425/2258 2401/2594/2397 2393/2586/2389
f 2261/2425/2258 2263/2427/2260 2401/2594/2397
f 2401/2594/2397 2394/2587/2390 2393/2586/2389
f 2401/2594/2397 2402/2595/2398 2394/2587/2390
f 2401/2594/2397 2265/2429/2262 2402/2595/2398
f 2401/2594/2397 2263/2427/2260 2265/2429/2262
f 2265/2429/2262 2264/2428/2261 2402/2595/2398
f 2400/2593/2396 2394/2587/2390 2266/2430/2263
f 2272/2436/2269 2394/2587/2390 2402/2595/2398
f 2400/2593/2396 2268/2432/2265 2273/2437/2270
f 2266/2430/2263 2268/2432/2265 2400/2593/2396
f 2264/2428/2261 2270/2434/2267 2402/2595/2398
f 2270/2434/2267 2272/2436/2269 2402/2595/2398
f 2266/2430/2263 2394/2587/2390 2272/2436/2269
f 2272/2436/2269 2267/2431/2264 2266/2430/2263
f 2352/2533/2349 167/168/167 169/170/169
f 167/168/167 2352/2533/2349 2353/2534/2350
f 124/124/124 123/123/123 2403/2596/2399
f 132/132/132 2404/2597/2400 131/131/131
f 26/26/26 28/28/28 2404/2597/2400
f 35/35/35 693/742/692 2405/2598/2401
f 74/74/74 90/90/90 72/72/72
f 282/294/282 286/300/286 2406/2599/2402
f 1356/1457/1354 1340/1441/471 1354/1455/1352
f 70/70/70 72/72/72 68/68/68
f 1206/1301/1205 1208/1303/1207 1207/1302/1206
f 2407/2600/2403 300/314/300 288/302/288
f 2408/2601/2404 304/318/304 300/314/300
f 24/24/24 2409/2602/2405 32/32/32
f 355/369/355 359/373/359 358/372/358
f 2406/2599/2402 290/304/290 282/294/282
f 292/306/292 298/312/298 288/302/288
f 1296/1397/1295 1298/1399/1297 1300/1401/1299
f 620/662/619 1876/1998/1874 619/661/618
f 120/120/120 612/654/611 609/651/608
f 673/715/672 691/740/690 162/163/162
f 309/323/309 313/327/313 303/317/303
f 116/116/116 108/108/108 114/114/114
f 353/367/353 360/374/360 350/364/350
f 288/302/288 287/301/287 2407/2600/2403
f 1191/1286/1190 1207/1302/1206 116/116/116
f 311/325/311 314/328/314 312/326/312
f 1301/1402/1300 2410/2603/2406 1874/1996/1872
f 1874/1996/1872 1875/1997/1873 620/662/619
f 613/655/612 610/652/609 609/651/608
f 65/65/65 694/743/693 137/137/137
f 23/23/23 2409/2602/2405 24/24/24
f 32/32/32 539/569/538 33/33/33
f 34/34/34 2411/2604/2407 30/30/30
f 35/35/35 2405/2598/2401 36/36/36
f 38/38/38 2412/2605/2408 39/39/39
f 47/47/47 104/104/104 48/48/48
f 54/54/54 2412/2605/2408 38/38/38
f 56/56/56 2411/2604/2407 34/34/34
f 62/62/62 42/42/42 60/60/60
f 64/64/64 695/744/694 65/65/65
f 68/68/68 62/62/62 67/67/67
f 98/98/98 134/134/134 99/99/99
f 77/77/77 90/90/90 101/101/101
f 107/107/107 106/106/106 77/77/77
f 119/119/119 621/663/620 120/120/120
f 122/122/122 136/136/136 123/123/123
f 125/125/125 139/139/139 126/126/126
f 131/131/131 133/133/133 98/98/98
f 135/135/135 697/746/696 136/136/136
f 137/137/137 696/745/695 135/135/135
f 100/100/100 627/669/626 138/138/138
f 140/140/140 608/2606/607 141/141/141
f 142/142/142 149/149/149 143/143/143
f 148/148/148 574/604/573 149/149/149
f 124/151/124 2403/2607/2399 151/152/151
f 153/154/153 573/603/572 150/150/150
f 155/156/155 156/157/156 154/155/154
f 165/166/165 618/660/617 166/167/166
f 167/168/167 2375/2564/2371 168/169/168
f 170/171/170 1153/1248/1152 171/172/171
f 173/174/173 249/253/249 174/175/174
f 47/47/47 49/49/49 46/46/46
f 43/43/43 42/42/42 176/177/176
f 42/42/42 51/51/51 53/53/53
f 178/179/178 200/201/200 179/180/179
f 172/173/172 183/184/183 181/182/181
f 184/185/184 243/244/243 185/186/185
f 178/179/178 180/181/180 187/188/187
f 189/190/189 417/439/417 190/191/190
f 194/195/194 198/199/198 192/193/192
f 198/199/198 467/490/466 192/193/192
f 198/199/198 194/195/194 196/197/196
f 169/170/169 2348/2529/2345 199/200/199
f 201/202/201 253/257/253 202/203/202
f 45/45/45 44/44/44 52/52/52
f 191/192/191 1240/1335/1239 205/206/205
f 173/174/173 203/204/203 202/203/202
f 207/208/207 247/249/247 208/209/208
f 213/214/213 223/224/223 214/215/214
f 188/189/188 272/284/272 222/223/222
f 182/183/182 1138/1229/1137 224/225/224
f 219/220/219 221/222/221 217/218/217
f 185/186/185 243/244/243 216/217/216
f 220/221/220 219/220/219 207/208/207
f 247/249/247 175/248/175 246/247/246
f 253/257/253 201/202/201 254/258/254
f 254/258/254 210/211/210 212/213/212
f 211/212/211 210/211/210 213/214/213
f 280/292/280 282/294/282 285/298/285
f 292/306/292 290/304/290 293/307/293
f 301/315/301 303/317/303 304/318/304
f 316/330/316 315/329/315 313/327/313
f 319/333/319 321/335/321 311/325/311
f 323/337/323 345/359/345 325/339/325
f 327/341/327 329/343/329 323/337/323
f 345/359/345 321/335/321 320/334/320
f 350/364/350 347/361/347 349/363/349
f 356/370/356 355/369/355 360/374/360
f 283/295/283 285/297/285 358/372/358
f 409/431/409 476/499/475 410/432/410
f 189/190/189 184/185/184 416/438/416
f 418/440/418 1128/1217/1127 419/441/419
f 421/443/421 442/465/441 422/444/422
f 426/448/426 412/2100/412 427/449/427
f 423/445/423 434/457/434 429/451/429
f 430/452/430 483/506/482 431/453/431
f 420/455/420 1127/1215/1126 433/456/433
f 435/458/435 472/495/471 436/459/436
f 438/461/438 405/427/405 408/430/408
f 422/444/422 443/466/442 447/470/446
f 444/467/443 456/479/455 448/471/447
f 142/142/142 2413/2608/2409 450/473/449
f 405/427/405 449/472/448 452/475/451
f 453/476/452 444/467/443 454/477/453
f 456/479/455 458/481/457 457/480/456
f 458/481/457 426/448/426 460/483/459
f 2413/2608/2409 142/142/142 463/486/462
f 142/142/142 144/144/144 463/486/462
f 468/491/467 423/445/423 425/447/425
f 435/458/435 473/496/472 471/494/470
f 473/496/472 464/487/463 474/497/473
f 436/459/436 486/509/485 475/498/474
f 476/499/475 468/491/467 469/492/468
f 479/502/478 438/461/438 480/503/479
f 430/452/430 453/476/452 482/505/481
f 484/507/483 441/464/440 412/434/412
f 479/502/478 489/512/488 485/508/484
f 432/454/432 488/511/487 487/510/486
f 538/568/537 540/570/539 33/33/33
f 542/572/541 145/145/145 540/570/539
f 555/585/554 57/57/57 145/145/145
f 596/631/595 66/66/66 37/37/37
f 129/129/129 128/128/128 152/153/152
f 58/58/58 25/25/25 141/649/141
f 165/166/165 610/652/609 615/657/614
f 120/120/120 620/662/619 619/661/618
f 690/739/689 673/715/672 127/127/127
f 55/55/55 162/163/162 164/165/164
f 1153/1248/1152 170/171/170 195/196/195
f 1293/1394/1292 329/343/329 330/344/330
f 1297/1398/1296 1296/1397/1295 1293/1394/1292
f 1301/1402/1300 1300/1401/1299 1299/1400/1298
f 348/362/348 347/361/347 1340/1441/471
f 1347/1448/1345 1208/1303/1207 1348/1449/1346
f 1350/1451/1348 1351/1452/1349 1347/1448/1345
f 1355/1456/1353 1354/1455/1352 1351/1452/1349
f 132/132/132 26/26/26 2404/2597/2400
f 35/35/35 40/40/40 693/742/692
f 74/74/74 101/101/101 90/90/90
f 1356/1457/1354 1341/1442/1339 1340/1441/471
f 70/70/70 75/75/75 72/72/72
f 1206/1301/1205 1348/1449/1346 1208/1303/1207
f 2407/2600/2403 2408/2601/2404 300/314/300
f 2408/2601/2404 305/319/305 304/318/304
f 355/369/355 354/368/354 359/373/359
f 2406/2599/2402 293/307/293 290/304/290
f 292/306/292 294/308/294 298/312/298
f 1296/1397/1295 1295/1396/1294 1298/1399/1297
f 120/120/120 622/664/621 612/654/611
f 673/715/672 690/739/689 691/740/690
f 309/323/309 317/331/317 313/327/313
f 116/116/116 106/106/106 108/108/108
f 353/367/353 361/375/361 360/374/360
f 1191/1286/1190 1205/1300/1204 1207/1302/1206
f 311/325/311 315/329/315 314/328/314
f 1301/1402/1300 1303/1404/1302 2410/2603/2406
f 1874/1996/1872 2410/2603/2406 1875/1997/1873
f 613/655/612 615/657/614 610/652/609

