# This file uses centimeters as units for non-parametric coordinates.

mtllib psk_Lowpoly_lantern.mtl
g default
v -1.773322 1.605699 -0.295066
v -2.129786 1.454553 -0.159562
v -2.747184 3.406919 -0.295066
v -2.129786 1.454553 0.159563
v -2.317164 1.366277 0.620883
v -1.773323 1.605699 0.295066
v -3.161974 3.340486 -0.158293
v -3.161974 3.340486 0.158293
v -1.400787 1.767539 0.000353
v -1.316329 1.794261 -0.352709
v 0.620883 0.970544 -2.317164
v 1.696281 0.970544 -1.696282
v 2.037088 0.758919 -2.037088
v 0.745627 0.758919 -2.782715
v -2.317164 0.970544 0.620883
v -2.782715 0.758919 0.745627
v -2.037088 0.758919 2.037088
v -1.696282 0.970544 1.696281
v -2.747184 3.406919 0.295066
v -1.316329 1.794261 0.352710
v 0.274198 0.173750 -0.274198
v 0.274198 0.173750 0.274199
v -0.274199 0.173750 0.274199
v -0.274199 0.173750 -0.274198
v -0.274198 0.173750 1.023322
v -0.749124 0.173750 0.749123
v -1.023322 0.173750 0.274199
v 1.023322 0.173750 -0.274198
v 0.274199 0.173750 -1.023322
v 0.749123 0.173750 -0.749124
v 0.620883 1.366277 -2.317164
v 0.000000 1.366277 -2.317164
v 0.000000 1.794261 -1.316329
v 0.352710 1.794261 -1.316329
v -1.316329 1.794261 0.000422
v -2.376292 3.447528 0.000353
v -0.963620 1.794261 -0.963620
v -0.938314 1.961105 -0.938314
v -0.343446 1.961105 -1.281760
v -0.352710 1.794261 -1.316329
v -1.281760 1.961105 -0.343446
v 1.696281 1.366277 -1.696282
v -1.696282 1.366277 1.696281
v -0.945030 2.737671 -0.832187
v -0.863677 2.898010 -1.111930
v -0.821917 2.840523 -1.126185
v -0.877589 2.713054 -0.822323
v -0.756034 2.813911 -1.111930
v -0.985231 2.797153 -0.822323
v 0.000000 1.961105 -1.281760
v -1.281760 1.961105 0.000410
v -0.856852 2.952698 -1.077514
v -0.887878 2.665092 -0.887877
v -0.948305 2.695259 -0.722399
v -0.889918 2.701154 -0.764917
v -1.212863 2.665092 -0.324986
v -0.827113 2.714841 -0.755532
v -0.822414 2.737722 -0.798508
v -0.974643 2.856657 -0.798508
v -0.968072 2.700608 -0.652884
v -0.704622 2.833764 -1.077514
v -0.680776 1.964595 -0.680776
v -0.249181 1.964595 -0.929957
v -0.929957 1.964595 -0.249181
v -0.919469 2.881325 -0.774693
v -0.697797 2.888452 -1.043098
v -0.805439 2.972551 -1.043098
v -0.937639 2.714069 -0.597094
v -0.713807 2.768278 -0.713807
v -0.811827 2.797225 -0.774693
v -0.739557 2.945939 -1.028843
v -0.852028 2.856708 -0.764828
v -0.796680 2.728302 -0.699742
v -0.498127 0.006475 1.859033
v -1.360907 0.006475 1.360906
v 1.360906 0.006475 -1.360907
v 1.859033 0.006475 -0.498127
v -0.874834 2.727756 -0.587709
v -0.816446 2.733651 -0.630227
v -0.975079 2.768278 -0.261272
v 1.023322 0.173750 0.274199
v 0.000000 1.964595 -0.929957
v -0.929957 1.964595 0.000298
v 0.343446 1.961105 -1.281760
v -1.281760 1.961105 0.343446
v -1.564609 4.558873 -1.246048
v -1.256680 4.526254 -1.555454
v -1.540823 4.501375 -1.230276
v -1.265193 4.588470 -1.575396
v -1.219661 4.500045 -1.507311
v -0.924507 4.492658 -1.812652
v -0.905055 4.460964 -1.756548
v -1.489831 4.483777 -1.192197
v -0.914540 4.556330 -1.835891
v -0.745626 0.006475 2.782715
v -2.037088 0.006475 2.037088
v 2.037088 0.006475 -2.037088
v 2.782715 0.006475 -0.745626
v -1.787916 4.503873 -0.862243
v -1.544358 4.624158 -1.230276
v -0.581617 4.373448 -1.990628
v -0.288992 4.134684 -2.017175
v -0.023502 3.862488 -2.081604
v -0.049558 3.849886 -2.017175
v -1.753175 4.451888 -0.851328
v -0.580968 4.342128 -1.929015
v -0.273063 4.158445 -2.081604
v 0.031877 3.902543 -2.108291
v -1.237700 4.651000 -1.555454
v -0.552203 4.433184 -2.016149
v -0.866139 4.479066 -1.700444
v -1.438725 4.515764 -1.154118
v -0.031027 3.872119 -1.952747
v -0.226252 4.207889 -2.108291
v -1.773503 4.570765 -0.851328
v -0.549871 4.356992 -1.867403
v -1.692668 4.442971 -0.824978
v -1.173683 4.524448 -1.459167
v -0.879136 4.614727 -1.812652
v -0.264509 4.150310 -1.952747
v -0.963620 1.794261 0.963620
v 0.963620 1.794261 -0.963620
v 0.084140 3.946588 -2.081604
v -1.489115 4.658308 -1.192197
v -0.508918 4.486010 -1.990628
v -0.853567 2.500677 -0.853567
v -0.853751 2.561754 -0.853751
v -0.312494 2.561754 -1.166245
v -0.312427 2.500677 -1.165994
v -1.165994 2.500677 -0.312427
v -1.166245 2.561754 -0.312494
v -1.188152 4.676420 -1.507311
v -1.638556 4.481902 -0.798629
v -1.923821 4.456199 -0.440753
v -0.701005 3.106220 -1.405828
v -0.657160 3.051402 -1.423851
v -1.143173 4.585817 -1.439226
v -0.175689 4.253805 -2.081604
v 0.021236 3.916164 -1.926060
v -1.414529 4.580026 -1.138346
v -0.593363 3.022121 -1.405828
v -1.882646 4.408417 -0.435174
v -1.715024 4.612869 -0.824978
v -0.828716 4.536347 -1.677205
v -0.680535 2.500677 -0.680535
v -0.249093 2.500677 -0.929627
v -0.929627 2.500677 -0.249093
v -0.505515 4.408983 -1.841882
v -0.837594 4.632864 -1.756548
v -1.196278 2.614820 -0.320542
v -0.875737 2.614820 -0.875737
v -0.320542 2.614820 -1.196278
v -1.913198 4.523866 -0.435174
v 0.102671 3.968821 -2.017175
v -0.213669 4.195922 -1.926060
v -1.434177 4.639685 -1.154118
v -1.171677 2.673608 0.366182
v -1.072503 2.697826 0.450517
v -0.973141 2.759762 0.312985
v -0.324986 2.665092 -1.212864
v -1.148116 4.649050 -1.459167
v -0.476357 4.500394 -1.929015
v -1.619450 4.547989 -0.787714
v -0.816123 4.600053 -1.700444
v 0.249181 1.964595 -0.929957
v -0.929957 1.964595 0.249181
v -0.699215 3.154464 -1.362316
v 0.076616 3.956219 -1.952747
v -0.150797 4.269083 -2.017175
v -1.649825 4.603148 -0.798629
v -1.816843 4.405744 -0.421705
v -0.474637 4.468238 -1.867403
v -1.761350 4.449447 -0.408235
v -0.166449 4.245018 -1.952747
v -0.546986 3.035530 -1.362316
v -1.853303 4.571419 -0.421705
v -0.997467 2.741465 0.421295
v -0.936900 2.679618 0.755155
v -1.745552 4.516501 -0.402656
v -0.504327 3.357959 -1.638285
v -0.457960 3.306368 -1.659288
v -0.044440 3.946588 -1.881365
v 0.265952 4.207889 -1.905485
v 0.007823 3.902544 -1.905485
v -1.782324 4.568131 -0.408235
v -0.937387 2.739440 0.580248
v 0.312763 4.158446 -1.881365
v 0.063202 3.862489 -1.881365
v -0.396684 3.273860 -1.638285
v -1.969224 4.437767 -0.000000
v -0.652838 3.167872 -1.318803
v 0.633064 3.022120 -1.555454
v 0.805635 2.885061 -1.240475
v 0.586686 3.035529 -1.507311
v -0.062971 3.968821 -1.823135
v 0.215389 4.253805 -1.881365
v 0.696861 3.051401 -1.575396
v -1.925946 4.391538 -0.000000
v -0.865682 2.746972 0.587546
v 0.755582 2.908636 -1.202709
v 0.584896 3.083772 -1.459167
v -0.782556 2.734059 0.690826
v -0.975079 2.768278 0.261272
v 0.328692 4.134684 -1.823135
v 0.089258 3.849887 -1.823135
v -0.985338 2.715669 0.617065
v -0.545196 3.083773 -1.318803
v -1.959915 4.505656 -0.000000
v -0.508624 3.398411 -1.587578
v -0.036916 3.956219 -1.764904
v 0.206149 4.245018 -1.764904
v 0.070727 3.872120 -1.764904
v 0.274198 0.173750 1.023322
v 0.749124 0.173750 0.749123
v -0.900332 2.673608 0.836165
v 0.740706 3.106220 -1.555454
v 0.875711 2.902292 -1.249960
v 0.000000 2.500677 -0.929627
v -0.929627 2.500677 0.000298
v -0.356394 3.279476 -1.587578
v 0.018464 3.916164 -1.740784
v 0.253369 4.195923 -1.740784
v 0.304209 4.150310 -1.764904
v -0.589041 3.138592 -1.300780
v -1.802606 4.436509 -0.000000
v 0.754873 2.959208 -1.158785
v 0.628741 3.138591 -1.439225
v -0.812227 2.733851 0.634684
v -1.899656 4.555133 -0.000000
v -1.858470 4.391116 -0.000000
v 0.000000 2.561754 -1.166245
v 0.000000 2.500677 -1.165994
v -1.166245 2.561754 0.000373
v -1.165994 2.500677 0.000373
v -0.981446 2.710260 0.676430
v -0.261272 2.768278 -0.975079
v 0.190497 4.269083 -1.823135
v 0.738916 3.154463 -1.507311
v 0.924760 2.950237 -1.225608
v -1.787956 4.503860 -0.000000
v -1.826839 4.554173 -0.000000
v -0.468334 3.404027 -1.536870
v 0.803921 3.007153 -1.134434
v 0.692538 3.167871 -1.459167
v 0.000000 2.614820 -1.196278
v -1.196278 2.614820 0.000383
v 0.000000 0.006475 1.859033
v 0.000000 0.173750 1.023322
v -0.967625 2.843856 0.825706
v -0.713807 2.768278 0.713807
v -0.912450 2.868524 0.801891
v 0.924050 3.000809 -1.181685
v 0.000000 2.665092 -1.212863
v -1.212863 2.665092 0.000388
v -0.360692 3.319928 -1.536870
v -0.978212 2.784353 0.849521
v 0.869407 2.769580 -0.844367
v -0.938011 2.724870 0.859385
v 0.924102 2.734869 -0.856641
v -0.407058 3.371519 -1.515867
v -0.845009 2.843907 0.792026
v 0.873997 3.024384 -1.143919
v -0.897339 2.957302 -0.897339
v -1.176058 3.581043 -1.176058
v -0.430467 3.581043 -1.606525
v -0.328449 2.957302 -1.225788
v -1.225788 2.957302 -0.328449
v -1.606525 3.581043 -0.430467
v -1.882646 4.408417 0.435173
v -0.887877 2.665092 0.887878
v -0.870570 2.700253 0.849521
v -0.804808 2.784425 0.801891
v -0.815396 2.724922 0.825706
v -1.923821 4.456199 0.440752
v -1.816842 4.405743 0.421704
v 0.992754 2.736710 -0.833043
v -0.282236 3.642222 -1.799141
v -0.233022 3.594276 -1.822206
v 0.860710 2.820512 -0.803411
v -0.174594 3.558123 -1.799141
v -0.745626 0.758919 2.782715
v 2.782715 0.758919 -0.745626
v 0.938314 1.961105 -0.938314
v -0.938314 1.961105 0.938314
v -1.913198 4.523866 0.435173
v 0.591903 4.433184 -1.822206
v 0.249093 2.500677 -0.929627
v 0.887878 2.665092 -0.887877
v 0.713807 2.768278 -0.713807
v 0.847752 2.740005 -0.656714
v -0.929627 2.500677 0.249093
v -0.293407 3.673876 -1.743455
v 0.548618 4.486010 -1.799141
v 1.035148 2.774026 -0.787396
v 0.874227 2.714533 -0.719744
v 0.932163 2.687589 -0.728850
v 0.621317 4.373449 -1.799141
v 0.903104 2.857828 -0.757764
v -1.761350 4.449447 0.408235
v -0.863678 2.898009 1.111930
v -0.821918 2.840522 1.126186
v 1.859033 0.006475 0.498127
v 0.516057 4.500394 -1.743455
v -1.853303 4.571419 0.421704
v -0.141178 3.554941 -1.743455
v -0.856852 2.952697 1.077515
v 0.987624 2.677471 -0.678699
v -0.756035 2.813910 1.111930
v 0.589571 4.356992 -1.687769
v 1.026451 2.824957 -0.746439
v -1.745552 4.516501 0.402656
v 0.000000 2.768278 -0.975079
v -0.975079 2.768278 0.000312
v 0.545215 4.408983 -1.664703
v 0.514337 4.468239 -1.687769
v 0.861796 2.745059 -0.576683
v -0.697798 2.888451 1.043099
v -0.805440 2.972550 1.043099
v -0.739558 2.945938 1.028844
v -0.259991 3.670694 -1.687769
v 0.971756 2.859669 -0.734166
v 0.312427 2.500677 -1.165994
v 0.312494 2.561754 -1.166245
v -1.165994 2.500677 0.312427
v -1.166245 2.561754 0.312494
v 1.316329 1.794261 -0.352709
v 1.773322 1.605699 -0.295066
v 2.317164 1.366277 -0.620882
v -0.152349 3.586595 -1.687769
v 1.400787 1.767539 0.000353
v 1.316329 1.794261 0.000422
v -1.253161 4.062877 -1.253161
v -0.458689 4.062877 -1.711849
v -1.711849 4.062877 -0.458689
v 0.620668 4.342128 -1.743455
v 0.680776 1.964595 -0.680776
v -0.680776 1.964595 0.680776
v -1.782324 4.568131 0.408235
v 0.320542 2.614820 -1.196278
v -1.196278 2.614820 0.320542
v 1.008121 2.683246 -0.598668
v -0.704623 2.833763 1.077515
v -0.201563 3.634542 -1.664703
v 1.212863 2.665092 -0.324986
v 0.923710 2.739331 -0.526532
v 0.324986 2.665092 -1.212864
v -1.212864 2.665092 0.324986
v 0.975079 2.768278 -0.261272
v 0.981647 2.708869 -0.535638
v 0.000000 2.957302 -1.225788
v -1.225788 2.957302 0.000393
v -1.753175 4.451888 0.851328
v 0.498127 0.006475 1.859033
v -1.692668 4.442971 0.824978
v 2.129786 1.454553 -0.159562
v -1.787916 4.503873 0.862242
v 0.000000 3.581043 -1.606525
v -1.606525 3.581043 0.000514
v 1.316329 1.794261 0.352710
v -1.773503 4.570765 0.851328
v -1.638556 4.481902 0.798628
v -1.715024 4.612869 0.824978
v -1.619450 4.547990 0.787714
v 0.261272 2.768278 -0.975079
v 0.964207 4.492658 -1.638285
v 0.954240 4.556330 -1.659289
v 0.214294 3.558123 -1.990628
v 0.180878 3.554941 -1.929015
v 1.773323 1.605699 0.295066
v 0.905839 4.479066 -1.536871
v 0.918836 4.614727 -1.638285
v -0.620882 0.970544 2.317164
v 2.317164 0.970544 -0.620882
v 0.272722 3.594275 -2.016149
v 0.877294 4.632864 -1.587578
v 0.868415 4.536347 -1.515867
v 0.855823 4.600053 -1.536871
v 0.192049 3.586595 -1.867403
v 0.436385 3.273859 -1.812652
v 0.396095 3.279475 -1.756548
v -1.649824 4.603148 0.798628
v 0.497660 3.306367 -1.835891
v 0.680535 2.500677 -0.680535
v -0.680535 2.500677 0.680535
v 0.944755 4.460964 -1.587578
v 0.321936 3.642222 -1.990628
v 0.328449 2.957302 -1.225788
v -1.225788 2.957302 0.328449
v 0.400392 3.319927 -1.700444
v 0.000000 4.062877 -1.711849
v -1.711849 4.062877 0.000548
v 0.241263 3.634541 -1.841882
v 0.544027 3.357958 -1.812652
v 1.360907 0.006475 1.360906
v -1.489830 4.483776 1.192196
v -1.540822 4.501375 1.230275
v 2.317164 1.366277 0.620883
v -1.564609 4.558873 1.246048
v 0.333107 3.673875 -1.929015
v 0.000000 0.006475 2.782715
v -0.620882 1.366277 2.317164
v 0.446759 3.371518 -1.677204
v -1.438725 4.515764 1.154118
v 0.430467 3.581043 -1.606525
v -1.606525 3.581043 0.430467
v -1.544358 4.624159 1.230275
v 2.129786 1.454553 0.159563
v 0.299692 3.670694 -1.867403
v -1.414529 4.580026 1.138345
v -1.489115 4.658308 1.192196
v 0.548324 3.398410 -1.756548
v -0.853567 2.500677 0.853567
v -0.853751 2.561754 0.853751
v 0.853567 2.500677 -0.853567
v 0.853751 2.561754 -0.853751
v 1.296380 4.526254 -1.405828
v 0.508034 3.404027 -1.700444
v 2.376292 3.447528 0.000353
v 1.213382 4.524448 -1.318804
v 1.304893 4.588470 -1.423851
v 1.182872 4.585817 -1.300780
v -0.875737 2.614820 0.875737
v 0.875737 2.614820 -0.875737
v 1.277400 4.651000 -1.405828
v 1.187816 4.649050 -1.318804
v 1.227851 4.676420 -1.362316
v 2.747184 3.406919 -0.295066
v 0.975079 2.768278 0.261272
v 0.876040 2.766951 0.560581
v 0.713807 2.768278 0.713807
v 0.819864 2.776158 0.610672
v 0.937934 2.736821 0.561497
v -1.434177 4.639685 1.154118
v -1.721584 7.764097 -0.295066
v 0.969289 2.703416 0.612883
v 1.212864 2.665092 0.324986
v 1.259361 4.500045 -1.362316
v 0.802314 2.759048 0.682427
v -0.352709 1.794261 1.316329
v 0.833669 2.725644 0.733813
v 0.951739 2.686306 0.684638
v 0.887877 2.665092 0.887878
v 0.835361 2.841725 0.855293
v 0.796076 2.789952 0.887691
v 0.904342 2.857559 0.839037
v 0.895563 2.695513 0.734729
v 0.867769 2.703186 0.926659
v 0.962611 2.828178 0.848445
v 2.782715 0.006475 0.745627
v -1.219661 4.500045 1.507310
v 0.936750 2.719020 0.910403
v 0.809500 2.732567 0.917251
v -1.173683 4.524448 1.459167
v 0.976035 2.770793 0.878005
v -1.256680 4.526254 1.555453
v -0.343446 1.961105 1.281760
v 1.281760 1.961105 -0.343446
v -0.249181 1.964595 0.929957
v 0.929957 1.964595 -0.249181
v -1.265193 4.588470 1.575395
v 0.458689 4.062877 -1.711849
v -1.711849 4.062877 0.458689
v -1.143173 4.585817 1.439225
v -1.237700 4.651000 1.555453
v -1.188152 4.676420 1.507310
v 0.754194 2.915160 1.134393
v 1.529530 4.483776 -1.077514
v 0.761019 2.860472 1.172472
v 1.478425 4.515764 -1.043099
v 2.747184 3.406919 0.295066
v -0.897339 2.957302 0.897339
v 0.897339 2.957302 -0.897339
v 1.454229 4.580026 -1.028843
v 0.795954 2.972648 1.118621
v 1.604308 4.558873 -1.126186
v -1.721584 7.764097 0.295066
v 0.878314 2.867231 1.226323
v -1.092108 5.301242 -1.092108
v -0.399739 5.301242 -1.491848
v -1.491848 5.301242 -0.399739
v 1.473876 4.639685 -1.043099
v 1.584058 4.624159 -1.111930
v 0.812431 2.840620 1.210551
v 1.528814 4.658308 -1.077514
v -1.148116 4.649050 1.459167
v 0.861836 2.999259 1.134393
v 0.920074 2.924719 1.210551
v 1.580522 4.501375 -1.111930
v -1.477913 6.361656 -0.396005
v -1.106012 6.358741 -0.296355
v -1.478611 6.359748 0.000473
v 0.913248 2.979407 1.172472
v -0.249093 2.500677 0.929627
v 0.929627 2.500677 -0.249093
v -1.477913 6.479042 -0.396005
v -1.478611 6.477134 0.000473
v -1.230358 6.474873 -0.329673
v -2.118048 7.955802 -0.136193
v 0.584895 3.083773 1.459166
v 0.586686 3.035530 1.507310
v 0.745626 0.006475 2.782715
v 0.628741 3.138592 1.439225
v -0.866139 4.479066 1.700443
v -0.905055 4.460964 1.756547
v -1.106012 6.358742 0.000354
v -0.924507 4.492658 1.812651
v -1.230358 6.474873 0.000394
v 0.696860 3.051402 1.575395
v 0.692538 3.167872 1.459166
v 0.633063 3.022121 1.555453
v -0.828716 4.536347 1.677204
v 1.678256 4.481902 -0.721805
v 1.732368 4.442971 -0.745620
v -0.914540 4.556330 1.835890
v 1.176058 3.581043 -1.176058
v -1.176058 3.581043 1.176058
v 0.740705 3.106220 1.555453
v -0.816123 4.600053 1.700443
v 1.659149 4.547990 -0.711941
v -0.879136 4.614727 1.812651
v 0.738915 3.154464 1.507310
v 1.827615 4.503873 -0.779300
v 3.161974 3.340486 -0.158293
v 0.000000 0.758919 2.782715
v 1.689524 4.603148 -0.721805
v -1.106012 6.358741 0.296355
v -1.477913 6.361656 0.396005
v 1.813203 4.570765 -0.769435
v -1.230358 6.474873 0.329673
v 1.754724 4.612869 -0.745620
v -2.118048 7.955802 0.136194
v 1.792874 4.451888 -0.769435
v -1.477913 6.479042 0.396005
v -0.837594 4.632864 1.756547
v 0.000000 5.301242 -1.491848
v -1.491848 5.301242 0.000478
v -0.312427 2.500677 1.165994
v 1.165994 2.500677 -0.312427
v -0.265639 1.642477 1.671274
v -0.307358 1.581257 1.814434
v -0.151658 1.687293 1.566473
v -0.549871 4.356992 1.867402
v 0.000000 1.961105 1.281760
v 0.000000 1.964595 0.929957
v 0.929957 1.964595 0.000298
v 1.281760 1.961105 0.000410
v -0.580968 4.342128 1.929014
v -0.312494 2.561754 1.166245
v 1.166245 2.561754 -0.312494
v -0.505515 4.408983 1.841881
v -0.581617 4.373449 1.990627
v -0.265639 1.520038 1.957595
v 1.801049 4.449447 -0.368965
v 0.000000 1.794261 1.316329
v 1.856542 4.405743 -0.381139
v 3.161974 3.340486 0.158293
v -0.320542 2.614820 1.196278
v 1.196278 2.614820 -0.320542
v 1.785252 4.516501 -0.363923
v -0.474637 4.468239 1.867402
v -0.552203 4.433184 2.016148
v 0.000000 2.500677 0.929627
v 0.929627 2.500677 0.000298
v 1.963520 4.456199 -0.398355
v -0.508918 4.486010 1.990627
v 1.822024 4.568131 -0.368965
v 0.000000 0.970544 2.317164
v -0.324986 2.665092 1.212863
v -0.264509 4.150310 1.952746
v 1.952898 4.523866 -0.393312
v 1.922346 4.408417 -0.393312
v 1.893003 4.571419 -0.381139
v -0.288992 4.134684 2.017174
v -0.476358 4.500394 1.929014
v -0.261272 2.768278 0.975079
v -0.151658 1.475222 2.062396
v -0.049558 3.849887 2.017174
v -0.031027 3.872120 1.952746
v -0.213669 4.195923 1.926059
v 0.021236 3.916164 1.926059
v 0.018464 3.916164 1.740785
v -0.036916 3.956219 1.764905
v 0.253369 4.195922 1.740785
v 0.159742 1.687293 1.566473
v 0.004042 1.703696 1.528113
v -0.023502 3.862489 2.081603
v 0.070726 3.872119 1.764905
v 0.304209 4.150310 1.764905
v -0.273064 4.158446 2.081603
v -0.062972 3.968821 1.823135
v 0.206148 4.245018 1.764905
v 2.782715 0.758919 0.745627
v 0.000000 1.366277 2.317164
v 2.037088 0.006475 2.037088
v 0.089258 3.849886 1.823135
v 0.328691 4.134684 1.823135
v 0.076615 3.956219 1.952746
v -0.166449 4.245018 1.952746
v 0.063202 3.862488 1.881366
v 0.215388 4.253805 1.881366
v -0.044440 3.946588 1.881366
v 1.253161 4.062877 -1.253161
v -1.253161 4.062877 1.253161
v 0.343446 1.961105 1.281760
v 0.249181 1.964595 0.929957
v 1.281760 1.961105 0.343446
v 0.929957 1.964595 0.249181
v -2.313404 8.399894 -0.094333
v -2.112088 8.317758 -0.093582
v -2.075154 7.989617 -0.094333
v 0.031877 3.902544 2.108290
v -0.226252 4.207889 2.108290
v 0.312763 4.158445 1.881366
v 0.007822 3.902543 1.905486
v 0.265952 4.207889 1.905486
v 1.842306 4.436509 0.000000
v -1.597792 8.393642 -0.171546
v -0.175689 4.253805 2.081603
v 0.102671 3.968821 2.017174
v 1.898170 4.391116 0.000000
v -2.026407 8.304420 -0.091959
v -0.150797 4.269083 2.017174
v -1.640686 8.359828 -0.094862
v 1.827656 4.503860 0.000000
v 1.225788 2.957302 -0.328449
v -0.328449 2.957302 1.225788
v -2.326489 8.476688 -0.094371
v -2.163224 8.387773 -0.095767
v 0.190497 4.269083 1.823135
v 0.084140 3.946588 2.081603
v 0.249093 2.500677 0.929627
v 0.929627 2.500677 0.249093
v -1.956372 8.355575 -0.091837
v 1.965646 4.391538 0.000000
v 0.399739 5.301242 -1.491848
v -1.491848 5.301242 0.399739
v -1.101202 7.749389 -0.295066
v -1.350692 7.654253 0.000353
v -2.149858 8.473452 -0.097259
v -2.286045 8.543267 -0.094465
v -2.313404 8.399894 0.094333
v -2.075154 7.989617 0.094333
v -2.112584 8.317342 0.095256
v 0.273722 1.642477 1.671274
v 1.866539 4.554173 0.000000
v 1.999615 4.505656 0.000000
v 0.352709 1.794261 1.316329
v 1.939356 4.555133 0.000000
v -2.026904 8.304006 0.096979
v -2.326489 8.476688 0.094371
v -2.163719 8.387358 0.093114
v -2.150358 8.473040 0.091834
v -1.640685 8.359828 0.094862
v -1.426973 8.374940 -0.229179
v 2.008924 4.437767 0.000000
v -2.132776 8.664091 -0.094733
v -1.956871 8.355163 0.097263
v 0.000000 2.500677 1.165994
v 1.165994 2.500677 0.000373
v 2.317164 0.970544 0.620883
v -2.079822 8.524605 -0.097156
v -2.286045 8.543267 0.094466
v 0.545215 4.408983 1.664704
v 0.514337 4.468238 1.687770
v -2.080325 8.524198 0.092137
v 0.589570 4.356992 1.687770
v -1.128996 7.676983 -0.302513
v -1.128996 7.676984 0.000362
v 1.856542 4.405744 0.381139
v 0.004042 1.458819 2.100755
v 0.159742 1.475222 2.062396
v 1.801049 4.449447 0.368966
v -1.140405 7.727793 0.000353
v 0.516057 4.500394 1.743456
v 0.938314 1.961105 0.938314
v 0.680776 1.964595 0.680776
v -1.597791 8.393642 0.171546
v -1.994141 8.511268 -0.095519
v -2.059188 8.688628 -0.094826
v -1.943007 8.441254 -0.093305
v -1.943509 8.440845 0.095959
v -0.701006 3.106220 1.405829
v -0.657161 3.051401 1.423852
v 0.315442 1.581257 1.814434
v -0.699216 3.154463 1.362316
v 1.922346 4.408417 0.393313
v -0.593364 3.022120 1.405829
v -2.132776 8.664091 0.094733
v -1.986857 8.660605 -0.094862
v 0.680535 2.500677 0.680535
v 0.621317 4.373448 1.799142
v -0.652839 3.167871 1.318804
v -0.546987 3.035529 1.362316
v 1.822024 4.568131 0.368966
v 0.548618 4.486010 1.799142
v 0.591902 4.433184 1.822207
v -1.101203 7.749389 0.295066
v -0.589042 3.138591 1.300781
v -0.545196 3.083772 1.318804
v 1.785252 4.516501 0.363923
v 0.745626 0.758919 2.782715
v 1.963521 4.456199 0.398355
v 0.620668 4.342128 1.743456
v 0.000000 2.561754 1.166245
v 1.166245 2.561754 0.000373
v 0.273722 1.520038 1.957595
v 1.893003 4.571419 0.381139
v 1.952898 4.523866 0.393313
v -1.994645 8.510861 0.093845
v -2.059188 8.688628 0.094826
v -1.986856 8.660605 0.094862
v -1.107378 8.325067 -0.296721
v 0.000000 2.614820 1.196278
v 1.196278 2.614820 0.000383
v 1.678256 4.481902 0.721805
v 0.868415 4.536347 1.515868
v 1.732368 4.442971 0.745621
v 0.963620 1.794261 0.963620
v 0.905839 4.479066 1.536871
v 0.855823 4.600053 1.536871
v 0.000000 2.665092 1.212863
v 0.000000 2.768278 0.975079
v 0.975079 2.768278 0.000312
v 1.212863 2.665092 0.000388
v -1.128995 7.676983 0.302513
v 1.659150 4.547989 0.711941
v 1.792875 4.451888 0.769436
v 0.312427 2.500677 1.165994
v 1.165994 2.500677 0.312427
v -1.426972 8.374940 0.229179
v 0.964207 4.492658 1.638286
v 0.944755 4.460964 1.587579
v 0.877294 4.632864 1.587579
v 1.689524 4.603148 0.721805
v 1.754724 4.612869 0.745621
v 0.620882 0.970544 2.317164
v 1.827616 4.503873 0.779300
v 0.954240 4.556330 1.659289
v 1.478425 4.515764 1.043099
v 0.918836 4.614727 1.638286
v 1.813203 4.570765 0.769436
v 1.529531 4.483777 1.077515
v 1.182872 4.585817 1.300781
v -0.430467 3.581043 1.606525
v 1.606525 3.581043 -0.430467
v 1.213382 4.524448 1.318804
v 0.620882 1.366277 2.317164
v 1.454229 4.580026 1.028844
v 1.187816 4.649050 1.318804
v 0.000000 2.957302 1.225788
v 1.225788 2.957302 0.000393
v 1.580522 4.501375 1.111930
v 1.259361 4.500045 1.362317
v 1.473877 4.639685 1.043099
v 0.312494 2.561754 1.166245
v 1.166245 2.561754 0.312494
v -0.928811 6.180901 -0.928811
v -0.339969 6.180901 -1.268780
v -1.268780 6.180901 -0.339968
v 1.296380 4.526254 1.405829
v 1.528815 4.658308 1.077515
v 1.227851 4.676420 1.362317
v 1.604309 4.558873 1.126186
v 1.304893 4.588470 1.423852
v 1.584058 4.624158 1.111930
v -1.107379 8.325067 0.296721
v 1.277400 4.651000 1.405829
v 0.320542 2.614820 1.196278
v 1.196278 2.614820 0.320542
v 0.853567 2.500677 0.853567
v 0.324986 2.665092 1.212863
v 0.261272 2.768278 0.975079
v 1.696282 1.366277 1.696281
v 1.477913 6.361656 -0.396005
v 1.478611 6.359748 0.000473
v 1.106012 6.358741 -0.296355
v 1.106012 6.358742 0.000354
v 1.092108 5.301242 -1.092108
v -1.092108 5.301242 1.092108
v 0.328449 2.957302 1.225788
v 1.225788 2.957302 0.328449
v 0.853751 2.561754 0.853751
v -0.508624 3.398410 1.587578
v -0.504327 3.357958 1.638285
v -0.468334 3.404027 1.536871
v 1.477913 6.479042 -0.396005
v 1.230358 6.474873 -0.329673
v 1.478611 6.477134 0.000473
v -0.457960 3.306367 1.659289
v -0.407059 3.371518 1.515868
v -0.396685 3.273859 1.638285
v -0.360692 3.319927 1.536871
v 0.000000 6.180901 -1.268780
v -1.268780 6.180901 0.000406
v -0.356395 3.279475 1.587578
v 1.230358 6.474873 0.000394
v 1.106012 6.358741 0.296355
v 2.037088 0.758919 2.037088
v 0.875737 2.614820 0.875737
v 1.230358 6.474873 0.329673
v 1.477913 6.361656 0.396005
v 1.696282 0.970544 1.696281
v 0.897339 2.957302 0.897339
v -1.081907 6.361656 -1.081907
v -1.081907 6.479042 -1.081907
v -0.396005 6.479042 -1.477913
v -0.396005 6.361656 -1.477913
v 1.477913 6.479042 0.396005
v -0.458689 4.062877 1.711849
v 1.711849 4.062877 -0.458689
v 0.000000 3.581043 1.606525
v 1.606525 3.581043 0.000514
v 0.339969 6.180901 -1.268780
v -1.268780 6.180901 0.339969
v -0.809657 6.358741 -0.809657
v -0.296355 6.358741 -1.106012
v 1.721584 7.764097 -0.295066
v -0.329673 6.474873 -1.230358
v -0.900685 6.474873 -0.900684
v 1.128996 7.676983 -0.302513
v 1.101202 7.749389 -0.295066
v 1.128996 7.676984 0.000362
v 0.000000 6.479042 -1.477913
v 0.000000 6.361656 -1.477913
v 1.140405 7.727793 0.000353
v -0.201564 3.634541 1.664704
v -0.259992 3.670694 1.687770
v -0.293408 3.673875 1.743456
v -0.152349 3.586595 1.687770
v -0.282236 3.642222 1.799141
v 1.350692 7.654253 0.000353
v -0.141178 3.554941 1.743456
v -0.233022 3.594275 1.822207
v -0.174594 3.558123 1.799141
v -0.887520 6.593437 -0.887519
v -0.324855 6.593437 -1.212374
v -1.212374 6.593437 -0.324855
v 0.430467 3.581043 1.606525
v 1.606525 3.581043 0.430467
v 1.101203 7.749389 0.295066
v 1.721584 7.764097 0.295066
v 0.000000 6.358741 -1.106012
v 1.128995 7.676983 0.302513
v 0.000000 6.474873 -1.230358
v 1.107378 8.325067 -0.296721
v 1.426973 8.374940 -0.229179
v 2.118048 7.955802 -0.136193
v 0.396005 6.361656 -1.477913
v 0.396005 6.479042 -1.477913
v 0.000000 6.593437 -1.212374
v -1.212374 6.593437 0.000388
v -0.695364 6.663015 -0.695364
v -0.254521 6.663015 -0.949885
v -0.949885 6.663015 -0.254521
v 1.176058 3.581043 1.176058
v 1.597792 8.393642 -0.171546
v 2.118048 7.955802 0.136194
v 0.928811 6.180901 -0.928811
v -0.928811 6.180901 0.928811
v 0.296355 6.358741 -1.106012
v 0.000000 4.062877 1.711849
v 1.711849 4.062877 0.000548
v -0.399739 5.301242 1.491848
v 1.491848 5.301242 -0.399739
v 0.396094 3.279476 1.756547
v 0.400391 3.319928 1.700443
v 1.107379 8.325067 0.296721
v 1.426972 8.374940 0.229179
v 0.329673 6.474873 -1.230358
v 0.446758 3.371519 1.677204
v 0.436384 3.273860 1.812651
v 0.000000 6.663015 -0.949885
v -0.949885 6.663015 0.000304
v 0.508034 3.404027 1.700443
v 1.640686 8.359828 -0.094862
v 0.497660 3.306368 1.835890
v 0.000000 1.459245 2.099760
v -0.410074 10.245881 -0.091381
v -0.189986 10.490785 -0.072979
v -0.285314 10.215807 -0.091381
v 2.075154 7.989617 -0.094333
v 0.324855 6.593437 -1.212374
v -1.212374 6.593437 0.324855
v 1.597791 8.393642 0.171546
v 1.956372 8.355575 -0.091837
v 0.548324 3.398411 1.756547
v 0.544026 3.357959 1.812651
v -0.120236 10.383792 -0.091382
v 0.180878 3.554941 1.929014
v 0.192049 3.586595 1.867402
v -0.410074 10.245881 0.091382
v -0.285314 10.215807 0.091382
v -0.189986 10.490785 0.072979
v 1.943007 8.441254 -0.093305
v 2.026407 8.304420 -0.091959
v 0.241263 3.634542 1.841881
v 2.075154 7.989617 0.094333
v 1.640685 8.359828 0.094862
v 2.112088 8.317758 -0.093582
v 0.214293 3.558123 1.990626
v 1.956871 8.355163 0.097263
v 1.986857 8.660605 -0.094862
v -0.120236 10.383792 0.091382
v 0.000000 10.490785 -0.072979
v 0.000000 10.384758 -0.091382
v 2.313404 8.399894 -0.094333
v 0.299691 3.670694 1.867402
v 1.943509 8.440845 0.095959
v 2.026904 8.304006 0.096979
v 2.112584 8.317342 0.095256
v 0.254521 6.663015 -0.949885
v -0.949885 6.663015 0.254521
v -0.952974 7.321054 -0.255349
v -0.697625 7.321054 -0.697625
v -0.255349 7.321054 -0.952974
v 0.120236 10.383792 -0.091382
v 0.272722 3.594276 2.016148
v 0.458689 4.062877 1.711849
v 1.711849 4.062877 0.458689
v 1.994141 8.511268 -0.095519
v -1.005073 7.321893 -1.005073
v -0.826482 7.544411 -0.826482
v -0.302514 7.544411 -1.128995
v -0.367882 7.321893 -1.372956
v -1.372955 7.321893 -0.367882
v -1.128996 7.544411 -0.302513
v 0.000000 10.490785 0.072979
v 1.986856 8.660605 0.094862
v 0.000000 10.384758 0.091382
v 2.163224 8.387773 -0.095767
v 0.189986 10.490785 -0.072979
v 0.285314 10.215807 -0.091381
v 2.313404 8.399894 0.094333
v 0.333107 3.673876 1.929014
v 2.059188 8.688628 -0.094826
v 2.079822 8.524605 -0.097156
v 0.410074 10.245881 -0.091381
v 0.120236 10.383792 0.091382
v 0.321936 3.642222 1.990626
v 2.149858 8.473452 -0.097259
v 2.326489 8.476688 -0.094371
v 2.150358 8.473040 0.091834
v 2.080325 8.524198 0.092137
v 2.132776 8.664091 -0.094733
v 2.163719 8.387358 0.093114
v 1.994645 8.510861 0.093845
v 0.809657 6.358741 -0.809657
v -0.809657 6.358741 0.809657
v 0.189986 10.490785 0.072979
v 0.285314 10.215807 0.091382
v 2.286045 8.543267 -0.094465
v 0.410074 10.245881 0.091382
v -1.081907 6.361656 1.081907
v -1.081907 6.479042 1.081907
v 1.081907 6.361656 -1.081907
v 1.081907 6.479042 -1.081907
v 2.059188 8.688628 0.094826
v 2.326489 8.476688 0.094371
v 0.000000 7.321054 -0.952974
v -0.952974 7.321054 0.000305
v 2.132776 8.664091 0.094733
v 2.286045 8.543267 0.094466
v -0.900684 6.474873 0.900685
v 0.900685 6.474873 -0.900684
v 0.000000 7.321893 -1.372956
v -1.372956 7.321893 0.000440
v 0.000000 7.544411 -1.128996
v -1.128996 7.544411 0.000362
v -0.826482 7.676983 -0.826482
v -0.302513 7.676983 -1.128995
v 0.000000 5.301242 1.491848
v 1.491848 5.301242 0.000478
v 0.887520 6.593437 -0.887519
v -0.887519 6.593437 0.887520
v 1.253161 4.062877 1.253161
v 0.255349 7.321054 -0.952974
v -0.952974 7.321054 0.255349
v -0.806136 7.749389 -0.806136
v -0.295066 7.749389 -1.101203
v 0.695364 6.663015 -0.695364
v -0.695364 6.663015 0.695364
v -0.339968 6.180901 1.268780
v 1.268780 6.180901 -0.339968
v 0.367882 7.321893 -1.372956
v -1.372956 7.321893 0.367882
v 0.000000 7.676984 -1.128995
v 0.302514 7.544411 -1.128995
v -1.128995 7.544411 0.302514
v 0.000000 7.749389 -1.101203
v 0.399739 5.301242 1.491848
v 1.491848 5.301242 0.399739
v -0.810657 8.325067 -0.810657
v -0.296721 8.325067 -1.107379
v 0.302513 7.676983 -1.128995
v 0.697625 7.321054 -0.697625
v -0.697625 7.321054 0.697625
v -0.296355 6.358741 1.106012
v 0.295066 7.749389 -1.101203
v 0.000000 8.325067 -1.107379
v -0.396005 6.361656 1.477913
v 1.092108 5.301242 1.092108
v 1.005073 7.321893 -1.005073
v -1.005073 7.321893 1.005073
v 0.000000 6.180901 1.268780
v 1.268780 6.180901 0.000406
v -0.396005 6.479042 1.477913
v -0.329673 6.474873 1.230358
v 0.826482 7.544411 -0.826482
v -0.826482 7.544411 0.826482
v -0.324855 6.593437 1.212374
v 1.212374 6.593437 -0.324855
v -0.254521 6.663015 0.949885
v 0.949885 6.663015 -0.254521
v -0.646412 8.476548 -0.646412
v -0.236603 8.476548 -0.883016
v -0.883016 8.476548 -0.236603
v 0.296721 8.325067 -1.107379
v 0.826482 7.676983 -0.826482
v -0.826482 7.676983 0.826482
v -0.958761 8.521275 -0.256899
v -0.701862 8.521275 -0.701862
v -0.256899 8.521275 -0.958761
v 0.000000 8.476548 -0.883016
v 0.000000 6.358741 1.106012
v -0.806136 7.749389 0.806136
v 0.806136 7.749389 -0.806136
v 0.339968 6.180901 1.268780
v 1.268780 6.180901 0.339969
v -0.255349 7.321054 0.952974
v 0.952974 7.321054 -0.255349
v -0.936093 9.072022 -0.936093
v -0.930614 9.124837 -0.930614
v -0.340629 9.124837 -1.271242
v -0.342634 9.072022 -1.278727
v -1.278726 9.072022 -0.342634
v -1.271242 9.124837 -0.340628
v -0.839921 8.689292 -0.225056
v -0.614865 8.689292 -0.614865
v -0.225056 8.689292 -0.839921
v -0.883016 8.476548 0.236603
v 0.000000 8.521275 -0.958761
v 0.000000 6.361656 1.477913
v 0.236603 8.476548 -0.883016
v 0.000000 6.593437 1.212374
v 0.000000 6.663015 0.949885
v 0.949885 6.663015 0.000304
v 1.212374 6.593437 0.000388
v -0.958761 8.521275 0.256899
v 0.000000 8.689292 -0.839921
v 0.000000 6.474873 1.230358
v 0.296355 6.358741 1.106012
v -0.613170 9.063790 -0.613170
v -0.224436 9.063790 -0.837606
v -0.837606 9.063790 -0.224436
v 0.928811 6.180901 0.928811
v 0.810657 8.325067 -0.810657
v -0.810657 8.325067 0.810657
v 0.000000 6.479042 1.477913
v 0.000000 9.124837 -1.271242
v 0.000000 9.072022 -1.278726
v 0.256899 8.521275 -0.958761
v -0.839921 8.689292 0.225056
v -0.367882 7.321893 1.372955
v 1.372955 7.321893 -0.367882
v 0.000000 7.321054 0.952974
v 0.952974 7.321054 0.000305
v -1.278727 9.072022 0.342634
v -1.271242 9.124837 0.340629
v 0.396005 6.361656 1.477913
v 0.225056 8.689292 -0.839921
v 0.324855 6.593437 1.212374
v 0.254521 6.663015 0.949885
v 1.212374 6.593437 0.324855
v 0.949885 6.663015 0.254521
v 0.000000 9.063790 -0.837606
v -0.302513 7.544411 1.128996
v 1.128996 7.544411 -0.302513
v 0.809657 6.358741 0.809657
v 0.329673 6.474873 1.230358
v -0.496210 9.392768 -0.496210
v -0.181626 9.392768 -0.677836
v -0.677836 9.392768 -0.181626
v 0.342634 9.072022 -1.278727
v 0.340629 9.124837 -1.271242
v -0.837606 9.063790 0.224436
v 0.396005 6.479042 1.477913
v -0.302513 7.676983 1.128996
v 0.646412 8.476548 -0.646412
v -0.646412 8.476548 0.646412
v 0.255349 7.321054 0.952974
v 0.952974 7.321054 0.255349
v 0.887519 6.593437 0.887520
v 0.695364 6.663015 0.695364
v -0.295066 7.749389 1.101203
v 1.081907 6.361656 1.081907
v 0.224436 9.063790 -0.837606
v 0.000000 9.392768 -0.677836
v -0.701862 8.521275 0.701862
v 0.701862 8.521275 -0.701862
v 0.900684 6.474873 0.900685
v -0.614865 8.689292 0.614865
v 0.614865 8.689292 -0.614865
v -0.677836 9.392768 0.181626
v 0.697625 7.321054 0.697625
v 1.081907 6.479042 1.081907
v 0.000000 7.321893 1.372956
v 1.372956 7.321893 0.000440
v 0.181626 9.392768 -0.677836
v -0.296721 8.325067 1.107378
v 0.000000 7.544411 1.128996
v 1.128996 7.544411 0.000362
v -0.644317 9.513013 -0.172644
v -0.471673 9.513013 -0.471673
v -0.172644 9.513013 -0.644317
v -0.613170 9.063790 0.613170
v 0.613170 9.063790 -0.613170
v 0.000000 7.676984 1.128995
v -0.936093 9.072022 0.936093
v -0.930614 9.124837 0.930614
v 0.936093 9.072022 -0.936093
v 0.930614 9.124837 -0.930614
v 0.367882 7.321893 1.372955
v 1.372956 7.321893 0.367882
v 0.000000 7.749389 1.101203
v 0.000000 9.513013 -0.644317
v -0.236603 8.476548 0.883016
v 0.883016 8.476548 -0.236603
v -0.644317 9.513013 0.172644
v -0.256899 8.521275 0.958761
v 0.958761 8.521275 -0.256899
v -0.341041 9.513013 -0.091382
v -0.249659 9.513013 -0.249659
v -0.091382 9.513013 -0.341041
v 0.302513 7.544411 1.128996
v 1.128995 7.544411 0.302514
v 0.172644 9.513013 -0.644317
v 0.302513 7.676983 1.128996
v -0.496210 9.392768 0.496210
v 0.496210 9.392768 -0.496210
v 1.005073 7.321893 1.005073
v -0.225056 8.689292 0.839921
v 0.839921 8.689292 -0.225056
v 0.000000 9.513013 -0.341041
v 0.295066 7.749389 1.101203
v 0.000000 8.325067 1.107379
v -0.341041 9.513013 0.091382
v 0.091382 9.513013 -0.341041
v 0.826482 7.544411 0.826482
v -0.341041 9.710397 -0.091382
v -0.249659 9.710397 -0.249659
v -0.091382 9.710397 -0.341041
v 0.826482 7.676983 0.826482
v -0.224436 9.063790 0.837606
v 0.837606 9.063790 -0.224436
v -0.471673 9.513013 0.471673
v 0.471673 9.513013 -0.471673
v 0.000000 9.710397 -0.341041
v 0.806136 7.749389 0.806136
v 0.000000 8.476548 0.883016
v -0.341041 9.710397 0.091382
v 0.296721 8.325067 1.107378
v 0.000000 8.521275 0.958761
v -0.199306 9.710397 -0.091381
v 0.091382 9.710397 -0.341041
v -0.249659 9.513013 0.249659
v 0.249659 9.513013 -0.249659
v 0.000000 8.689292 0.839921
v 0.883016 8.476548 0.236603
v 0.958761 8.521275 0.256899
v 0.000000 9.710397 -0.091382
v -0.199306 9.710397 0.091382
v -0.342634 9.072022 1.278726
v 1.278726 9.072022 -0.342634
v -0.249659 9.710397 0.249659
v 0.249659 9.710397 -0.249659
v 0.839921 8.689292 0.225056
v -0.410074 9.923116 0.091382
v -0.410074 9.923116 -0.091381
v -0.283259 9.980296 -0.091381
v -0.115275 9.815218 -0.091382
v 0.236603 8.476548 0.883016
v 0.256899 8.521275 0.958761
v 0.810657 8.325067 0.810657
v -0.340628 9.124837 1.271242
v 1.271242 9.124837 -0.340628
v 0.199306 9.710397 -0.091381
v 0.000000 9.063790 0.837606
v -0.181626 9.392768 0.677836
v 0.677836 9.392768 -0.181626
v 0.225056 8.689292 0.839921
v -0.091382 9.710397 0.341041
v -0.172644 9.513013 0.644317
v -0.091382 9.513013 0.341041
v 0.644317 9.513013 -0.172644
v 0.341041 9.513013 -0.091382
v -0.115275 9.815218 0.091382
v -0.283259 9.980296 0.091382
v 0.837606 9.063790 0.224436
v 0.341041 9.710397 -0.091382
v 0.646412 8.476548 0.646412
v 0.701862 8.521275 0.701862
v 0.000000 9.816223 0.091382
v 0.000000 9.816224 -0.091382
v 0.224436 9.063790 0.837606
v 0.614865 8.689292 0.614865
v 0.000000 9.710397 0.341041
v 0.000000 9.710397 0.091382
v 0.115275 9.815218 -0.091382
v 0.115275 9.815218 0.091382
v 0.000000 9.513013 0.341041
v 0.000000 9.513013 0.644317
v 0.341041 9.513013 0.091382
v 0.341041 9.710397 0.091382
v 0.199306 9.710397 0.091382
v 0.000000 9.072022 1.278726
v 0.091382 9.513013 0.341041
v 0.091382 9.710397 0.341041
v 0.644317 9.513013 0.172644
v 0.410074 9.923116 -0.091381
v 0.283259 9.980296 -0.091381
v 0.613170 9.063790 0.613170
v 0.000000 9.392768 0.677836
v 0.172644 9.513013 0.644317
v 0.249659 9.513013 0.249659
v 0.249659 9.710397 0.249659
v 0.283259 9.980296 0.091382
v 0.000000 9.124837 1.271242
v 0.677836 9.392768 0.181626
v 0.410074 9.923116 0.091382
v 1.278727 9.072022 0.342634
v 0.471673 9.513013 0.471673
v 0.181626 9.392768 0.677836
v 1.271242 9.124837 0.340629
v 0.342634 9.072022 1.278726
v 0.496210 9.392768 0.496210
v 0.340628 9.124837 1.271242
v 0.936093 9.072022 0.936093
v 0.930614 9.124837 0.930614
v -0.000000 9.811283 -0.091382
v 0.000000 9.811283 0.091382
v -0.620883 1.366277 -2.317164
v -2.317164 1.366277 -0.620882
v 0.498127 0.006475 -1.859033
v -1.859033 0.006475 0.498127
v 0.745627 0.006475 -2.782715
v -2.782715 0.006475 0.745627
v -1.023322 0.173750 -0.274198
v 0.000000 0.970544 -2.317164
v -1.696281 1.366277 -1.696282
v -0.274199 0.173750 -1.023322
v 0.000000 0.173750 -1.023322
v -2.317164 0.970544 -0.620882
v -0.749123 0.173750 -0.749124
v 0.000000 0.006475 -1.859033
v 0.000000 0.758919 -2.782715
v -1.859033 0.006475 -0.498127
v -0.620883 0.970544 -2.317164
v -0.498127 0.006475 -1.859033
v -2.782715 0.758919 -0.745626
v -1.360906 0.006475 -1.360907
v -1.696281 0.970544 -1.696282
v 0.000000 0.006475 -2.782715
v -0.745627 0.758919 -2.782715
v -2.782715 0.006475 -0.745626
v -2.037088 0.758919 -2.037088
v -0.745627 0.006475 -2.782715
v -2.037088 0.006475 -2.037088
v 0.351034 1.789133 1.685075
v 0.204377 1.846322 1.550029
v 0.004042 1.867255 1.500599
v -0.196294 1.846322 1.550029
v -0.342950 1.789133 1.685075
v -0.396630 1.711011 1.869551
v -0.342950 1.632890 2.054027
v -0.196294 1.575700 2.189073
v 0.004042 1.554768 2.238503
v 0.204377 1.575700 2.189073
v 0.351034 1.632890 2.054027
v 0.404713 1.711011 1.869551
v 0.301428 1.880452 1.754848
v 0.175738 1.929465 1.639109
v 0.004042 1.947406 1.596745
v -0.167654 1.929465 1.639109
v -0.293344 1.880452 1.754848
v -0.339350 1.813498 1.912952
v -0.293344 1.746545 2.071055
v -0.167654 1.697532 2.186795
v 0.004042 1.679592 2.229159
v 0.175738 1.697532 2.186795
v 0.301428 1.746545 2.071055
v 0.347434 1.813498 1.912952
v 0.351033 1.714001 1.653506
v 0.204377 1.771190 1.518461
v 0.004042 1.792122 1.469031
v -0.196294 1.771190 1.518461
v -0.342950 1.714001 1.653506
v -0.396629 1.635879 1.837982
v -0.342950 1.557757 2.022458
v -0.196294 1.500568 2.157503
v 0.004042 1.479635 2.206934
v 0.204377 1.500568 2.157504
v 0.351033 1.557757 2.022458
v 0.404713 1.635879 1.837983
v 0.273722 1.696595 1.692284
v 0.159742 1.741042 1.587327
v 0.004042 1.757311 1.548910
v -0.151658 1.741042 1.587327
v -0.265639 1.696595 1.692284
v -0.307358 1.635879 1.835658
v -0.265639 1.575163 1.979032
v -0.151658 1.530716 2.083989
v 0.004042 1.514447 2.122406
v 0.159742 1.530716 2.083989
v 0.273722 1.575163 1.979032
v 0.315442 1.635879 1.835658
v 0.175738 1.813498 1.912953
v 0.004042 1.813498 1.912952
v -0.167654 1.813498 1.912953
v 1.998145 10.851482 0.084920
v 2.023955 10.851482 0.110730
v 2.059213 10.851482 0.120177
v 2.094470 10.851482 0.110730
v 2.120280 10.851482 0.084920
v 2.129727 10.851482 0.049663
v 2.120280 10.851482 0.014405
v 2.094470 10.851482 -0.011405
v 2.059213 10.851482 -0.020852
v 2.023955 10.851482 -0.011405
v 1.998145 10.851482 0.014405
v 1.988698 10.851482 0.049663
v 1.961003 11.243505 0.084920
v 1.986354 11.248352 0.110730
v 2.020984 11.254973 0.120177
v 2.055614 11.261595 0.110730
v 2.080965 11.266442 0.084920
v 2.090244 11.268217 0.049663
v 2.080965 11.266442 0.014405
v 2.055614 11.261595 -0.011405
v 2.020984 11.254973 -0.020852
v 1.986354 11.248352 -0.011405
v 1.961003 11.243505 0.014405
v 1.951724 11.241731 0.049663
v 1.850897 11.621576 0.084920
v 1.874887 11.631099 0.110730
v 1.907657 11.644106 0.120177
v 1.940427 11.657113 0.110730
v 1.964417 11.666636 0.084920
v 1.973197 11.670120 0.049663
v 1.964417 11.666636 0.014405
v 1.940427 11.657113 -0.011405
v 1.907657 11.644106 -0.020852
v 1.874887 11.631099 -0.011405
v 1.850897 11.621576 0.014405
v 1.842116 11.618091 0.049663
v 1.671747 11.972242 0.084920
v 1.693521 11.986100 0.110730
v 1.723266 12.005031 0.120177
v 1.753010 12.023961 0.110730
v 1.774784 12.037819 0.084920
v 1.782754 12.042891 0.049663
v 1.774784 12.037819 0.014405
v 1.753010 12.023961 -0.011405
v 1.723266 12.005031 -0.020852
v 1.693521 11.986100 -0.011405
v 1.671747 11.972242 0.014405
v 1.663777 11.967170 0.049663
v 1.429928 12.283023 0.084920
v 1.448712 12.300723 0.110730
v 1.474372 12.324903 0.120177
v 1.500032 12.349083 0.110730
v 1.518816 12.366783 0.084920
v 1.525692 12.373262 0.049663
v 1.518816 12.366783 0.014405
v 1.500032 12.349083 -0.011405
v 1.474372 12.324903 -0.020852
v 1.448712 12.300723 -0.011405
v 1.429928 12.283023 0.014405
v 1.423052 12.276544 0.049663
v 1.134045 12.542858 0.084920
v 1.149171 12.563772 0.110730
v 1.169833 12.592340 0.120177
v 1.190495 12.620909 0.110730
v 1.205621 12.641823 0.084920
v 1.211158 12.649477 0.049663
v 1.205621 12.641823 0.014405
v 1.190495 12.620909 -0.011405
v 1.169833 12.592340 -0.020852
v 1.149171 12.563772 -0.011405
v 1.134045 12.542858 0.014405
v 1.128509 12.535204 0.049663
v 0.794629 12.742502 0.084920
v 0.805558 12.765884 0.110730
v 0.820487 12.797825 0.120177
v 0.835416 12.829765 0.110730
v 0.846345 12.853148 0.084920
v 0.850346 12.861706 0.049663
v 0.846345 12.853148 0.014405
v 0.835416 12.829765 -0.011405
v 0.820487 12.797825 -0.020852
v 0.805558 12.765884 -0.011405
v 0.794629 12.742502 0.014405
v 0.790629 12.733944 0.049663
v 0.390059 12.803971 0.084920
v 0.388388 12.829727 0.110730
v 0.386105 12.864910 0.120177
v 0.383823 12.900093 0.110730
v 0.382152 12.925850 0.084920
v 0.381540 12.935277 0.049663
v 0.382152 12.925850 0.014405
v 0.383823 12.900093 -0.011405
v 0.386105 12.864910 -0.020852
v 0.388388 12.829727 -0.011405
v 0.390059 12.803971 0.014405
v 0.390671 12.794543 0.049663
v 1.998145 8.845571 0.098846
v 2.023955 8.856320 0.122311
v 2.059213 8.860255 0.130899
v 2.094470 8.856320 0.122311
v 2.120280 8.845571 0.098846
v 2.129727 8.830885 0.066792
v 2.120280 8.816199 0.034739
v 2.094470 8.805449 0.011274
v 2.059213 8.801515 0.002685
v 2.023955 8.805449 0.011274
v 1.998145 8.816199 0.034739
v 1.988698 8.830885 0.066792
v 1.998145 8.728943 0.214474
v 2.023955 8.743615 0.235708
v 2.059213 8.748986 0.243480
v 2.094470 8.743615 0.235708
v 2.120280 8.728943 0.214474
v 2.129727 8.708899 0.185468
v 2.120280 8.688857 0.156462
v 2.094470 8.674184 0.135228
v 2.059213 8.668814 0.127456
v 2.023955 8.674184 0.135228
v 1.998145 8.688857 0.156462
v 1.988698 8.708899 0.185468
v 0.000000 12.803848 0.084920
v 0.000000 12.829656 0.110730
v 0.000000 12.864910 0.120177
v 0.000000 12.900165 0.110730
v 0.000000 12.925974 0.084920
v 0.000000 12.935420 0.049663
v 0.000000 12.925974 0.014405
v 0.000000 12.900165 -0.011405
v 0.000000 12.864910 -0.020852
v 0.000000 12.829656 -0.011405
v 0.000000 12.803848 0.014405
v 0.000000 12.794400 0.049663
v 1.998145 8.580435 0.242592
v 2.023955 8.581012 0.268396
v 2.059213 8.581224 0.277841
v 2.094470 8.581012 0.268396
v 2.120280 8.580435 0.242592
v 2.129727 8.579646 0.207343
v 2.120280 8.578858 0.172095
v 2.094470 8.578280 0.146291
v 2.059213 8.578069 0.136846
v 2.023955 8.578280 0.146291
v 1.998145 8.578858 0.172095
v 1.988698 8.579646 0.207343
v 1.998145 8.450064 0.199699
v 2.023955 8.436577 0.221705
v 2.059213 8.431642 0.229760
v 2.094470 8.436577 0.221705
v 2.120280 8.450064 0.199699
v 2.129727 8.468488 0.169638
v 2.120280 8.486914 0.139579
v 2.094470 8.500401 0.117572
v 2.059213 8.505336 0.109517
v 2.023955 8.500401 0.117572
v 1.998145 8.486914 0.139579
v 1.988698 8.468488 0.169638
v 1.998145 8.374214 0.067935
v 2.023955 8.348725 0.071996
v 2.059213 8.339396 0.073483
v 2.094470 8.348725 0.071996
v 2.120280 8.374214 0.067935
v 2.129727 8.409032 0.062389
v 2.120280 8.443851 0.056844
v 2.094470 8.469340 0.052783
v 2.059213 8.478669 0.051296
v 2.023955 8.469340 0.052783
v 1.998145 8.443851 0.056844
v 1.988698 8.409032 0.062389
v 1.998145 8.374218 -0.051756
v 2.023955 8.348732 -0.055834
v 2.059213 8.339403 -0.057326
v 2.094470 8.348732 -0.055834
v 2.120280 8.374218 -0.051756
v 2.129727 8.409032 -0.046184
v 2.120280 8.443847 -0.040611
v 2.094470 8.469334 -0.036533
v 2.059213 8.478662 -0.035041
v 2.023955 8.469334 -0.036533
v 1.998145 8.443847 -0.040611
v 1.988698 8.409032 -0.046184
v 1.998145 8.435625 -0.174127
v 2.023955 8.419137 -0.193983
v 2.059213 8.413100 -0.201251
v 2.094470 8.419137 -0.193983
v 2.120280 8.435625 -0.174127
v 2.129727 8.458149 -0.147002
v 2.120280 8.480672 -0.119876
v 2.094470 8.497161 -0.100018
v 2.059213 8.503197 -0.092751
v 2.023955 8.497161 -0.100018
v 1.998145 8.480672 -0.119876
v 1.988698 8.458149 -0.147002
v 1.998145 8.546826 -0.219715
v 2.023955 8.539831 -0.244559
v 2.059213 8.537270 -0.253652
v 2.094470 8.539831 -0.244559
v 2.120280 8.546826 -0.219715
v 2.129727 8.556381 -0.185778
v 2.120280 8.565936 -0.151839
v 2.094470 8.572932 -0.126994
v 2.059213 8.575493 -0.117901
v 2.023955 8.572932 -0.126994
v 1.998145 8.565936 -0.151839
v 1.988698 8.556381 -0.185778
v 1.998145 8.706928 -0.216705
v 2.023955 8.714945 -0.241238
v 2.059213 8.717878 -0.250218
v 2.094470 8.714945 -0.241238
v 2.120280 8.706928 -0.216705
v 2.129727 8.695975 -0.183192
v 2.120280 8.685021 -0.149679
v 2.094470 8.677006 -0.125144
v 2.059213 8.674071 -0.116165
v 2.023955 8.677006 -0.125144
v 1.998145 8.685021 -0.149679
v 1.988698 8.695975 -0.183192
v 1.998145 8.802763 -0.159448
v 2.023955 8.818488 -0.179915
v 2.059213 8.824243 -0.187407
v 2.094470 8.818488 -0.179915
v 2.120280 8.802763 -0.159448
v 2.129727 8.781283 -0.131491
v 2.120280 8.759801 -0.103532
v 2.094470 8.744077 -0.083064
v 2.059213 8.738322 -0.075573
v 2.023955 8.744077 -0.083064
v 1.998145 8.759801 -0.103532
v 1.988698 8.781283 -0.131491
v 1.998145 8.865995 -0.091080
v 2.023955 8.886377 -0.106916
v 2.059213 8.893836 -0.112713
v 2.094470 8.886377 -0.106916
v 2.120280 8.865995 -0.091080
v 2.129727 8.838155 -0.069449
v 2.120280 8.810311 -0.047817
v 2.094470 8.789930 -0.031980
v 2.059213 8.782472 -0.026184
v 2.023955 8.789930 -0.031980
v 1.998145 8.810311 -0.047817
v 1.988698 8.838155 -0.069449
v 2.129727 8.907147 0.049663
v 2.120280 8.907147 0.014405
v 2.094470 8.907147 -0.011405
v 2.059213 8.907147 -0.020852
v 2.023955 8.907147 -0.011405
v 1.998145 8.907147 0.014405
v 1.988698 8.907147 0.049663
v 1.998145 8.907147 0.084920
v 2.023955 8.907147 0.110730
v 2.059213 8.907147 0.120177
v 2.094470 8.907147 0.110730
v 2.120280 8.907147 0.084920
v 2.094470 8.838155 -0.069449
v 2.059213 8.838155 -0.069449
v 2.023955 8.838155 -0.069449
v -1.998145 10.851482 0.084920
v -2.023955 10.851482 0.110730
v -2.059213 10.851482 0.120177
v -2.094470 10.851482 0.110730
v -2.120280 10.851482 0.084920
v -2.129727 10.851482 0.049663
v -2.120280 10.851482 0.014405
v -2.094470 10.851482 -0.011405
v -2.059213 10.851482 -0.020852
v -2.023955 10.851482 -0.011405
v -1.998145 10.851482 0.014405
v -1.988698 10.851482 0.049663
v -1.961003 11.243505 0.084920
v -1.986354 11.248352 0.110730
v -2.020984 11.254973 0.120177
v -2.055614 11.261595 0.110730
v -2.080965 11.266442 0.084920
v -2.090244 11.268217 0.049663
v -2.080965 11.266442 0.014405
v -2.055614 11.261595 -0.011405
v -2.020984 11.254973 -0.020852
v -1.986354 11.248352 -0.011405
v -1.961003 11.243505 0.014405
v -1.951724 11.241731 0.049663
v -1.850897 11.621576 0.084920
v -1.874887 11.631099 0.110730
v -1.907657 11.644106 0.120177
v -1.940427 11.657113 0.110730
v -1.964417 11.666636 0.084920
v -1.973197 11.670120 0.049663
v -1.964417 11.666636 0.014405
v -1.940427 11.657113 -0.011405
v -1.907657 11.644106 -0.020852
v -1.874887 11.631099 -0.011405
v -1.850897 11.621576 0.014405
v -1.842116 11.618091 0.049663
v -1.671747 11.972242 0.084920
v -1.693521 11.986100 0.110730
v -1.723266 12.005031 0.120177
v -1.753010 12.023961 0.110730
v -1.774784 12.037819 0.084920
v -1.782754 12.042891 0.049663
v -1.774784 12.037819 0.014405
v -1.753010 12.023961 -0.011405
v -1.723266 12.005031 -0.020852
v -1.693521 11.986100 -0.011405
v -1.671747 11.972242 0.014405
v -1.663777 11.967170 0.049663
v -1.429928 12.283023 0.084920
v -1.448712 12.300723 0.110730
v -1.474372 12.324903 0.120177
v -1.500032 12.349083 0.110730
v -1.518816 12.366783 0.084920
v -1.525692 12.373262 0.049663
v -1.518816 12.366783 0.014405
v -1.500032 12.349083 -0.011405
v -1.474372 12.324903 -0.020852
v -1.448712 12.300723 -0.011405
v -1.429928 12.283023 0.014405
v -1.423052 12.276544 0.049663
v -1.134045 12.542858 0.084920
v -1.149171 12.563772 0.110730
v -1.169833 12.592340 0.120177
v -1.190495 12.620909 0.110730
v -1.205621 12.641823 0.084920
v -1.211158 12.649477 0.049663
v -1.205621 12.641823 0.014405
v -1.190495 12.620909 -0.011405
v -1.169833 12.592340 -0.020852
v -1.149171 12.563772 -0.011405
v -1.134045 12.542858 0.014405
v -1.128509 12.535204 0.049663
v -0.794629 12.742502 0.084920
v -0.805558 12.765884 0.110730
v -0.820487 12.797825 0.120177
v -0.835416 12.829765 0.110730
v -0.846345 12.853148 0.084920
v -0.850346 12.861706 0.049663
v -0.846345 12.853148 0.014405
v -0.835416 12.829765 -0.011405
v -0.820487 12.797825 -0.020852
v -0.805558 12.765884 -0.011405
v -0.794629 12.742502 0.014405
v -0.790629 12.733944 0.049663
v -0.390059 12.803971 0.084920
v -0.388388 12.829727 0.110730
v -0.386105 12.864910 0.120177
v -0.383823 12.900093 0.110730
v -0.382152 12.925850 0.084920
v -0.381540 12.935277 0.049663
v -0.382152 12.925850 0.014405
v -0.383823 12.900093 -0.011405
v -0.386105 12.864910 -0.020852
v -0.388388 12.829727 -0.011405
v -0.390059 12.803971 0.014405
v -0.390671 12.794543 0.049663
v -1.998145 8.845571 0.098846
v -2.023955 8.856320 0.122311
v -2.059213 8.860255 0.130899
v -2.094470 8.856320 0.122311
v -2.120280 8.845571 0.098846
v -2.129727 8.830885 0.066792
v -2.120280 8.816199 0.034739
v -2.094470 8.805449 0.011274
v -2.059213 8.801515 0.002685
v -2.023955 8.805449 0.011274
v -1.998145 8.816199 0.034739
v -1.988698 8.830885 0.066792
v -1.998145 8.728943 0.214474
v -2.023955 8.743615 0.235708
v -2.059213 8.748986 0.243480
v -2.094470 8.743615 0.235708
v -2.120280 8.728943 0.214474
v -2.129727 8.708899 0.185468
v -2.120280 8.688857 0.156462
v -2.094470 8.674184 0.135228
v -2.059213 8.668814 0.127456
v -2.023955 8.674184 0.135228
v -1.998145 8.688857 0.156462
v -1.988698 8.708899 0.185468
v -1.998145 8.580435 0.242592
v -2.023955 8.581012 0.268396
v -2.059213 8.581224 0.277841
v -2.094470 8.581012 0.268396
v -2.120280 8.580435 0.242592
v -2.129727 8.579646 0.207343
v -2.120280 8.578858 0.172095
v -2.094470 8.578280 0.146291
v -2.059213 8.578069 0.136846
v -2.023955 8.578280 0.146291
v -1.998145 8.578858 0.172095
v -1.988698 8.579646 0.207343
v -1.998145 8.450064 0.199699
v -2.023955 8.436577 0.221705
v -2.059213 8.431642 0.229760
v -2.094470 8.436577 0.221705
v -2.120280 8.450064 0.199699
v -2.129727 8.468488 0.169638
v -2.120280 8.486914 0.139579
v -2.094470 8.500401 0.117572
v -2.059213 8.505336 0.109517
v -2.023955 8.500401 0.117572
v -1.998145 8.486914 0.139579
v -1.988698 8.468488 0.169638
v -1.998145 8.374214 0.067935
v -2.023955 8.348725 0.071996
v -2.059213 8.339396 0.073483
v -2.094470 8.348725 0.071996
v -2.120280 8.374214 0.067935
v -2.129727 8.409032 0.062389
v -2.120280 8.443851 0.056844
v -2.094470 8.469340 0.052783
v -2.059213 8.478669 0.051296
v -2.023955 8.469340 0.052783
v -1.998145 8.443851 0.056844
v -1.988698 8.409032 0.062389
v -1.998145 8.374218 -0.051756
v -2.023955 8.348732 -0.055834
v -2.059213 8.339403 -0.057326
v -2.094470 8.348732 -0.055834
v -2.120280 8.374218 -0.051756
v -2.129727 8.409032 -0.046184
v -2.120280 8.443847 -0.040611
v -2.094470 8.469334 -0.036533
v -2.059213 8.478662 -0.035041
v -2.023955 8.469334 -0.036533
v -1.998145 8.443847 -0.040611
v -1.988698 8.409032 -0.046184
v -1.998145 8.435625 -0.174127
v -2.023955 8.419137 -0.193983
v -2.059213 8.413100 -0.201251
v -2.094470 8.419137 -0.193983
v -2.120280 8.435625 -0.174127
v -2.129727 8.458149 -0.147002
v -2.120280 8.480672 -0.119876
v -2.094470 8.497161 -0.100018
v -2.059213 8.503197 -0.092751
v -2.023955 8.497161 -0.100018
v -1.998145 8.480672 -0.119876
v -1.988698 8.458149 -0.147002
v -1.998145 8.546826 -0.219715
v -2.023955 8.539831 -0.244559
v -2.059213 8.537270 -0.253652
v -2.094470 8.539831 -0.244559
v -2.120280 8.546826 -0.219715
v -2.129727 8.556381 -0.185778
v -2.120280 8.565936 -0.151839
v -2.094470 8.572932 -0.126994
v -2.059213 8.575493 -0.117901
v -2.023955 8.572932 -0.126994
v -1.998145 8.565936 -0.151839
v -1.988698 8.556381 -0.185778
v -1.998145 8.706928 -0.216705
v -2.023955 8.714945 -0.241238
v -2.059213 8.717878 -0.250218
v -2.094470 8.714945 -0.241238
v -2.120280 8.706928 -0.216705
v -2.129727 8.695975 -0.183192
v -2.120280 8.685021 -0.149679
v -2.094470 8.677006 -0.125144
v -2.059213 8.674071 -0.116165
v -2.023955 8.677006 -0.125144
v -1.998145 8.685021 -0.149679
v -1.988698 8.695975 -0.183192
v -1.998145 8.802763 -0.159448
v -2.023955 8.818488 -0.179915
v -2.059213 8.824243 -0.187407
v -2.094470 8.818488 -0.179915
v -2.120280 8.802763 -0.159448
v -2.129727 8.781283 -0.131491
v -2.120280 8.759801 -0.103532
v -2.094470 8.744077 -0.083064
v -2.059213 8.738322 -0.075573
v -2.023955 8.744077 -0.083064
v -1.998145 8.759801 -0.103532
v -1.988698 8.781283 -0.131491
v -1.998145 8.865995 -0.091080
v -2.023955 8.886377 -0.106916
v -2.059213 8.893836 -0.112713
v -2.094470 8.886377 -0.106916
v -2.120280 8.865995 -0.091080
v -2.129727 8.838155 -0.069449
v -2.120280 8.810311 -0.047817
v -2.094470 8.789930 -0.031980
v -2.059213 8.782472 -0.026184
v -2.023955 8.789930 -0.031980
v -1.998145 8.810311 -0.047817
v -1.988698 8.838155 -0.069449
v -2.129727 8.907147 0.049663
v -2.120280 8.907147 0.014405
v -2.094470 8.907147 -0.011405
v -2.059213 8.907147 -0.020852
v -2.023955 8.907147 -0.011405
v -1.998145 8.907147 0.014405
v -1.988698 8.907147 0.049663
v -1.998145 8.907147 0.084920
v -2.023955 8.907147 0.110730
v -2.059213 8.907147 0.120177
v -2.094470 8.907147 0.110730
v -2.120280 8.907147 0.084920
v -2.094470 8.838155 -0.069449
v -2.059213 8.838155 -0.069449
v -2.023955 8.838155 -0.069449
v 0.785862 2.175056 0.387738
v 0.805942 2.206441 0.363617
v 0.813292 2.249314 0.354788
v 0.805942 2.292186 0.363617
v 0.785863 2.323571 0.387738
v 0.758433 2.335058 0.420687
v 0.731003 2.323571 0.453636
v 0.710923 2.292186 0.477757
v 0.703573 2.249314 0.486585
v 0.710923 2.206441 0.477757
v 0.731003 2.175056 0.453636
v 0.758433 2.163569 0.420687
v 1.472887 2.175056 0.959675
v 1.492967 2.206441 0.935555
v 1.500317 2.249314 0.926726
v 1.492967 2.292186 0.935555
v 1.472888 2.323571 0.959675
v 1.445458 2.335058 0.992625
v 1.418028 2.323571 1.025574
v 1.397948 2.292186 1.049694
v 1.390598 2.249314 1.058523
v 1.397948 2.206441 1.049694
v 1.418028 2.175056 1.025574
v 1.445458 2.163569 0.992625
v 1.541655 2.042577 0.917402
v 1.597559 2.129954 0.850249
v 1.618021 2.249314 0.825669
v 1.597559 2.368673 0.850249
v 1.541655 2.456049 0.917402
v 1.465289 2.488032 1.009134
v 1.388923 2.456049 1.100867
v 1.333020 2.368673 1.168019
v 1.312557 2.249314 1.192599
v 1.333020 2.129954 1.168019
v 1.388923 2.042577 1.100867
v 1.465289 2.010596 1.009134
v 1.607782 2.042577 0.972452
v 1.663686 2.129954 0.905299
v 1.684148 2.249314 0.880719
v 1.663686 2.368673 0.905299
v 1.607782 2.456049 0.972452
v 1.531416 2.488032 1.064184
v 1.455050 2.456049 1.155916
v 1.399147 2.368673 1.223069
v 1.378685 2.249314 1.247649
v 1.399147 2.129954 1.223069
v 1.455050 2.042577 1.155916
v 1.531416 2.010595 1.064184
v 1.556927 2.169634 1.025564
v 1.578474 2.203310 0.999682
v 1.586360 2.249314 0.990209
v 1.578474 2.295316 0.999682
v 1.556927 2.328993 1.025564
v 1.527495 2.341319 1.060919
v 1.498062 2.328993 1.096274
v 1.476516 2.295316 1.122156
v 1.468629 2.249314 1.131630
v 1.476516 2.203310 1.122156
v 1.498062 2.169634 1.096274
v 1.527495 2.157308 1.060919
v 1.556928 2.249314 1.025565
v 1.527495 2.249314 1.060920
v 1.498063 2.249314 1.096275
vt 0.494146 0.089474
vt 0.456725 0.078736
vt 0.467723 0.037582
vt 0.505216 0.053746
vt 0.486496 0.126398
vt 0.448464 0.118248
vt 0.505208 0.129799
vt 0.512365 0.094482
vt 0.522003 0.061663
vt 0.433609 0.073237
vt 0.442900 0.029905
vt 0.425438 0.113650
vt 0.515093 0.037842
vt 0.529854 0.047514
vt 0.484424 0.145606
vt 0.502589 0.148990
vt 0.477197 0.016183
vt 0.445884 0.137889
vt 0.431422 0.472255
vt 0.498831 0.168394
vt 0.479561 0.164496
vt 0.447850 0.005537
vt 0.421634 0.133264
vt 0.390661 0.474621
vt 0.441245 0.157057
vt 0.364710 0.473345
vt 0.418215 0.152803
vt 0.492142 0.206968
vt 0.472744 0.203510
vt 0.452072 0.436421
vt 0.433239 0.434896
vt 0.371659 0.063521
vt 0.375902 0.021959
vt 0.365814 0.103395
vt 0.394401 0.432187
vt 0.434294 0.196447
vt 0.376137 0.001167
vt 0.362124 0.123055
vt 0.370799 0.429448
vt 0.411564 0.192357
vt 0.457426 0.400786
vt 0.438679 0.397582
vt 0.485502 0.245570
vt 0.466299 0.242566
vt 0.299034 0.457897
vt 0.359499 0.142818
vt 0.427678 0.235827
vt 0.400153 0.392233
vt 0.482674 0.265532
vt 0.464372 0.262305
vt 0.443301 0.378823
vt 0.461528 0.381857
vt 0.323561 0.058568
vt 0.326679 0.020892
vt 0.318423 0.096615
vt 0.309262 0.417391
vt 0.352844 0.182085
vt 0.478504 0.285257
vt 0.459431 0.281512
vt 0.464634 0.362338
vt 0.445192 0.359410
vt 0.325906 0.002365
vt 0.314453 0.115634
vt 0.471540 0.323802
vt 0.452130 0.320417
vt 0.404553 0.231735
vt 0.376943 0.388678
vt 0.425436 0.255439
vt 0.404447 0.372894
vt 0.252415 0.442064
vt 0.311976 0.134969
vt 0.309926 0.057090
vt 0.313337 0.021082
vt 0.304697 0.094108
vt 0.420835 0.274635
vt 0.406643 0.353295
vt 0.312868 0.003381
vt 0.300889 0.113339
vt 0.413583 0.313903
vt 0.262371 0.405595
vt 0.305048 0.173998
vt 0.239942 0.437323
vt 0.298073 0.133008
vt 0.401026 0.251135
vt 0.380077 0.368946
vt 0.345804 0.221234
vt 0.317408 0.377922
vt 0.397705 0.270572
vt 0.383547 0.349416
vt 0.249053 0.402320
vt 0.291065 0.171569
vt 0.341725 0.240679
vt 0.320664 0.358185
vt 0.390825 0.309973
vt 0.298269 0.213036
vt 0.270556 0.368085
vt 0.338907 0.260346
vt 0.324957 0.338717
vt 0.284385 0.210212
vt 0.256800 0.365746
vt 0.332134 0.299542
vt 0.294009 0.232265
vt 0.273330 0.348855
vt 0.280372 0.229861
vt 0.259799 0.346372
vt 0.291435 0.251791
vt 0.277616 0.329839
vt 0.277423 0.249697
vt 0.263881 0.326927
vt 0.284454 0.290794
vt 0.270484 0.288294
vt 0.449904 0.470558
vt 0.452442 0.486538
vt 0.435263 0.490578
vt 0.392245 0.497969
vt 0.361027 0.497937
vt 0.291745 0.478613
vt 0.245352 0.459210
vt 0.233448 0.453796
vt 0.546573 0.367893
vt 0.526582 0.374913
vt 0.515908 0.350065
vt 0.572343 0.365639
vt 0.572176 0.401377
vt 0.546463 0.399089
vt 0.567178 0.383485
vt 0.571849 0.383500
vt 0.178555 0.693228
vt 0.234345 0.661074
vt 0.253756 0.680473
vt 0.673045 0.506891
vt 0.793700 0.888019
vt 0.793667 0.867489
vt 0.639740 0.507462
vt 0.185859 0.719643
vt 0.026505 0.541086
vt 0.000005 0.533965
vt 0.348097 0.867343
vt 0.639740 0.450732
vt 0.657692 0.450581
vt 0.549352 0.293037
vt 0.590653 0.334371
vt 0.730249 0.473873
vt 0.689021 0.432490
vt 0.763642 0.416889
vt 0.707303 0.401377
vt 0.733015 0.399090
vt 0.752960 0.392075
vt 0.712300 0.383485
vt 0.707629 0.383499
vt 0.707138 0.365638
vt 0.348099 0.828311
vt 0.039299 0.465988
vt 0.342736 0.888217
vt 0.058687 0.485399
vt 0.425452 0.828311
vt 0.732908 0.367897
vt 0.342764 0.867688
vt 0.425454 0.867343
vt 0.107193 0.426839
vt 0.763576 0.350075
vt 0.407180 0.867770
vt 0.752900 0.374919
vt 0.407158 0.888299
vt 0.606330 0.259890
vt 0.114473 0.453222
vt 0.812287 0.867320
vt 0.621881 0.316018
vt 0.673175 0.259852
vt 0.471594 0.867827
vt 0.730151 0.293034
vt 0.688833 0.334361
vt 0.657605 0.315997
vt 0.639726 0.259362
vt 0.639722 0.271695
vt 0.631675 0.273863
vt 0.266534 0.605398
vt 0.648218 0.273857
vt 0.639932 0.271637
vt 0.471582 0.888355
vt 0.606435 0.506891
vt 0.293042 0.612490
vt 0.621788 0.450581
vt 0.146521 0.426306
vt 0.729280 0.888120
vt 0.734919 0.867310
vt 0.146521 0.452970
vt 0.266537 0.541086
vt 0.734921 0.828271
vt 0.293037 0.533965
vt 0.178568 0.453222
vt 0.729248 0.867591
vt 0.503798 0.867836
vt 0.515835 0.416887
vt 0.526520 0.392070
vt 0.590459 0.432490
vt 0.549230 0.473873
vt 0.197352 0.931310
vt 0.197443 0.937400
vt 0.683331 0.649273
vt 0.665536 0.638958
vt 0.229157 0.937049
vt 0.089666 0.483164
vt 0.080263 0.473761
vt 0.527868 0.955773
vt 0.625653 0.964824
vt 0.797993 0.373856
vt 0.878634 0.239406
vt 0.878251 0.345904
vt 0.857311 0.344929
vt 0.856499 0.242227
vt 0.948666 0.345217
vt 0.927719 0.346060
vt 0.928017 0.239600
vt 0.950128 0.242603
vt 0.903345 0.238107
vt 0.902991 0.347651
vt 0.854479 0.009528
vt 0.118016 0.516287
vt 0.153237 0.516193
vt 0.165508 0.537163
vt 0.904255 0.014063
vt 0.084895 0.508865
vt 0.086811 0.499659
vt 0.102363 0.536505
vt 0.083607 0.513578
vt 0.120262 0.484296
vt 0.135565 0.486751
vt 0.187624 0.513310
vt 0.168982 0.536334
vt 0.186314 0.508602
vt 0.090416 0.482898
vt 0.184356 0.499403
vt 0.150819 0.484218
vt 0.180654 0.482659
vt 0.883438 0.368583
vt 0.908525 0.366329
vt 0.909698 0.473174
vt 0.884709 0.471848
vt 0.861634 0.370308
vt 0.861240 0.469011
vt 0.933632 0.368098
vt 0.934701 0.471597
vt 0.955471 0.369352
vt 0.958192 0.468536
vt 0.909860 0.693367
vt 0.205381 0.319634
vt 0.217377 0.340763
vt 0.170061 0.319232
vt 0.959342 0.698931
vt 0.188059 0.289982
vt 0.203380 0.287647
vt 0.172834 0.287294
vt 0.233241 0.286437
vt 0.236719 0.303227
vt 0.238530 0.312458
vt 0.139133 0.302056
vt 0.143019 0.285357
vt 0.239780 0.317182
vt 0.220861 0.339976
vt 0.137097 0.311238
vt 0.154057 0.339193
vt 0.135726 0.315928
vt 0.986153 0.118434
vt 0.969710 0.118443
vt 0.969639 0.006929
vt 0.986210 0.006970
vt 0.970856 0.363522
vt 0.984996 0.363510
vt 0.993458 0.469565
vt 0.962657 0.469594
vt 0.966147 0.452802
vt 0.989937 0.452779
vt 0.969130 0.443881
vt 0.986937 0.443864
vt 0.973108 0.441042
vt 0.982954 0.441032
vt 0.982826 0.366336
vt 0.973034 0.366353
vt 0.973084 0.417241
vt 0.982932 0.417230
vt 0.982868 0.390960
vt 0.973076 0.390976
vt 0.982925 0.413204
vt 0.973082 0.413215
vt 0.973081 0.395019
vt 0.982877 0.395004
vt 0.982915 0.409178
vt 0.973083 0.409190
vt 0.973082 0.399061
vt 0.982888 0.399047
vt 0.984857 0.840787
vt 0.984513 0.949164
vt 0.968426 0.949103
vt 0.968898 0.840727
vt 0.970912 0.602203
vt 0.984642 0.602254
vt 0.972050 0.600084
vt 0.972916 0.572375
vt 0.983685 0.572327
vt 0.983758 0.599964
vt 0.972894 0.567928
vt 0.983669 0.567880
vt 0.972869 0.563481
vt 0.983654 0.563433
vt 0.972804 0.552341
vt 0.983620 0.552291
vt 0.972778 0.547913
vt 0.983605 0.547863
vt 0.972756 0.543485
vt 0.983586 0.543435
vt 0.983461 0.517255
vt 0.972631 0.517308
vt 0.987823 0.514115
vt 0.968237 0.514212
vt 0.991065 0.504289
vt 0.964899 0.504419
vt 0.994827 0.485805
vt 0.960951 0.485975
vt 0.229235 0.943278
vt 0.679660 0.624834
vt 0.156369 0.938066
vt 0.195527 0.944637
vt 0.098058 0.463446
vt 0.692991 0.632530
vt 0.156269 0.931976
vt 0.238444 0.930766
vt 0.706289 0.640208
vt 0.104494 0.474602
vt 0.119288 0.466061
vt 0.195047 0.938426
vt 0.263216 0.937577
vt 0.701119 0.659502
vt 0.238497 0.936857
vt 0.263020 0.943822
vt 0.115847 0.453217
vt 0.259036 0.936666
vt 0.174765 0.596307
vt 0.156934 0.606561
vt 0.259044 0.930580
vt 0.737037 0.525455
vt 0.742207 0.506161
vt 0.178798 0.946558
vt 0.178072 0.940379
vt 0.153493 0.593716
vt 0.135826 0.938406
vt 0.576687 0.365987
vt 0.590774 0.369766
vt 0.590723 0.396162
vt 0.760038 0.516414
vt 0.280054 0.944556
vt 0.135726 0.932316
vt 0.168322 0.585155
vt 0.576640 0.399885
vt 0.593592 0.336611
vt 0.603916 0.346874
vt 0.597255 0.407593
vt 0.585023 0.414655
vt 0.280122 0.938375
vt 0.615307 0.340238
vt 0.608257 0.328001
vt 0.593623 0.429300
vt 0.603889 0.418966
vt 0.623009 0.319633
vt 0.626727 0.333719
vt 0.279597 0.930835
vt 0.183115 0.576614
vt 0.279522 0.936927
vt 0.192518 0.586016
vt 0.750367 0.533151
vt 0.763666 0.540829
vt 0.568035 0.944636
vt 0.623003 0.446209
vt 0.626774 0.432119
vt 0.656904 0.319687
vt 0.653127 0.333770
vt 0.777790 0.526705
vt 0.072563 0.546991
vt 0.296983 0.937987
vt 0.686282 0.336585
vt 0.676021 0.346913
vt 0.656896 0.446256
vt 0.653170 0.432185
vt 0.664287 0.598206
vt 0.608154 0.938066
vt 0.694884 0.351227
vt 0.682653 0.358288
vt 0.664612 0.425638
vt 0.671684 0.437861
vt 0.297076 0.944223
vt 0.059719 0.550433
vt 0.644993 0.603375
vt 0.320688 0.931536
vt 0.703263 0.365997
vt 0.689189 0.369720
vt 0.686308 0.429270
vt 0.675968 0.419007
vt 0.534405 0.937049
vt 0.059720 0.509345
vt 0.703209 0.399889
vt 0.689124 0.396118
vt 0.644993 0.562288
vt 0.320585 0.937624
vt 0.534328 0.943278
vt 0.072564 0.512786
vt 0.639953 0.303640
vt 0.278347 0.867591
vt 0.278316 0.888120
vt 0.117300 0.867337
vt 0.117267 0.887866
vt 0.600416 0.867770
vt 0.568326 0.673714
vt 0.550998 0.703127
vt 0.528188 0.689651
vt 0.545590 0.660282
vt 0.505412 0.676117
vt 0.522888 0.646792
vt 0.494041 0.669322
vt 0.511554 0.640019
vt 0.562434 0.709845
vt 0.579724 0.680410
vt 0.757788 0.821826
vt 0.591095 0.687090
vt 0.573841 0.716546
vt 0.751413 0.779114
vt 0.734679 0.808869
vt 0.613899 0.700409
vt 0.596719 0.729908
vt 0.636735 0.713670
vt 0.619629 0.743212
vt 0.728412 0.766140
vt 0.711603 0.795853
vt 0.648170 0.720272
vt 0.631102 0.749836
vt 0.700068 0.789308
vt 0.716914 0.759617
vt 0.659605 0.726874
vt 0.642574 0.756459
vt 0.705444 0.753109
vt 0.688561 0.782779
vt 0.682508 0.740020
vt 0.665551 0.769648
vt 0.774447 0.792030
vt 0.785980 0.798459
vt 0.769358 0.828276
vt 0.630281 0.662703
vt 0.633769 0.660615
vt 0.640145 0.675108
vt 0.304870 0.565316
vt 0.319361 0.559929
vt 0.318063 0.556071
vt 0.491094 0.561498
vt 0.506981 0.565127
vt 0.505809 0.569004
vt 0.490359 0.564108
vt 0.474673 0.560549
vt 0.475744 0.556609
vt 0.632450 0.618925
vt 0.619249 0.630671
vt 0.595402 0.607625
vt 0.606348 0.593695
vt 0.655336 0.648476
vt 0.639655 0.657025
vt 0.334499 0.693867
vt 0.312712 0.699705
vt 0.312712 0.661536
vt 0.581735 0.597955
vt 0.334499 0.667374
vt 0.591792 0.584534
vt 0.347746 0.716811
vt 0.301129 0.556420
vt 0.662316 0.666049
vt 0.613951 0.635333
vt 0.590794 0.612862
vt 0.610887 0.638083
vt 0.588142 0.615975
vt 0.331796 0.732760
vt 0.577705 0.603317
vt 0.322254 0.645008
vt 0.568550 0.587681
vt 0.309880 0.532977
vt 0.315929 0.549480
vt 0.575309 0.606493
vt 0.589347 0.658126
vt 0.568789 0.638675
vt 0.607547 0.682125
vt 0.564785 0.593545
vt 0.562522 0.596946
vt 0.557093 0.630612
vt 0.341123 0.655902
vt 0.547622 0.555477
vt 0.348344 0.742314
vt 0.539886 0.571217
vt 0.345470 0.526037
vt 0.347892 0.543317
vt 0.578627 0.667815
vt 0.559639 0.649391
vt 0.305601 0.613463
vt 0.545953 0.621815
vt 0.536793 0.577533
vt 0.348940 0.550295
vt 0.548689 0.641827
vt 0.349537 0.554383
vt 0.534963 0.581206
vt 0.323919 0.588614
vt 0.328636 0.602453
vt 0.538208 0.633614
vt 0.521527 0.607489
vt 0.353122 0.583890
vt 0.359232 0.723442
vt 0.380323 0.523664
vt 0.347746 0.644430
vt 0.380219 0.541258
vt 0.514336 0.541629
vt 0.509266 0.558626
vt 0.380646 0.548272
vt 0.514814 0.620423
vt 0.354879 0.598134
vt 0.380777 0.552383
vt 0.331796 0.628480
vt 0.494727 0.596191
vt 0.381890 0.582101
vt 0.370690 0.730058
vt 0.396846 0.525539
vt 0.396659 0.542023
vt 0.492963 0.554874
vt 0.497434 0.538811
vt 0.396593 0.548778
vt 0.364852 0.751845
vt 0.396558 0.552798
vt 0.370690 0.631183
vt 0.382286 0.596548
vt 0.490338 0.609939
vt 0.413336 0.524169
vt 0.413103 0.541675
vt 0.481697 0.532963
vt 0.477245 0.549800
vt 0.412563 0.548666
vt 0.364852 0.609395
vt 0.412375 0.552764
vt 0.396300 0.583029
vt 0.447639 0.527080
vt 0.445358 0.544157
vt 0.444377 0.551115
vt 0.443791 0.555178
vt 0.396152 0.597047
vt 0.410752 0.582438
vt 0.468257 0.589653
vt 0.464842 0.603612
vt 0.410078 0.596914
vt 0.439630 0.584765
vt 0.437823 0.599100
vt 0.191765 0.891066
vt 0.192083 0.895508
vt 0.167707 0.897574
vt 0.167255 0.893143
vt 0.143102 0.900489
vt 0.142809 0.896007
vt 0.192840 0.905952
vt 0.168802 0.907986
vt 0.144984 0.910798
vt 0.130933 0.902436
vt 0.130297 0.897884
vt 0.216269 0.889678
vt 0.216476 0.894123
vt 0.133237 0.912825
vt 0.411992 0.900489
vt 0.216971 0.904573
vt 0.170781 0.927601
vt 0.147530 0.930292
vt 0.194243 0.925669
vt 0.410111 0.910798
vt 0.136042 0.931974
vt 0.217898 0.924371
vt 0.407565 0.930292
vt 0.240721 0.888826
vt 0.240851 0.893266
vt 0.387840 0.893143
vt 0.387388 0.897575
vt 0.241141 0.903710
vt 0.386292 0.907986
vt 0.241702 0.923560
vt 0.384314 0.927601
vt 0.265079 0.888287
vt 0.265477 0.892724
vt 0.363330 0.891066
vt 0.363012 0.895508
vt 0.265303 0.903228
vt 0.362255 0.905952
vt 0.265609 0.923102
vt 0.360852 0.925669
vt 0.277547 0.888120
vt 0.277547 0.892691
vt 0.277547 0.903340
vt 0.338826 0.889678
vt 0.338619 0.894123
vt 0.338124 0.904573
vt 0.289618 0.892724
vt 0.290015 0.888287
vt 0.277547 0.923072
vt 0.289791 0.903228
vt 0.337197 0.924371
vt 0.314374 0.888827
vt 0.314244 0.893266
vt 0.289486 0.923102
vt 0.313954 0.903710
vt 0.313392 0.923560
vt 0.125130 0.407899
vt 0.123217 0.405857
vt 0.141633 0.374137
vt 0.144335 0.374875
vt 0.092171 0.426770
vt 0.091530 0.424041
vt 0.022888 0.945303
vt 0.000000 0.951436
vt 0.000000 0.915884
vt 0.142447 0.356199
vt 0.145253 0.356199
vt 0.054169 0.426689
vt 0.054981 0.424006
vt 0.022888 0.922017
vt 0.098758 0.381326
vt 0.108105 0.365432
vt 0.082642 0.390505
vt 0.144323 0.337524
vt 0.141622 0.338264
vt 0.034531 0.965469
vt 0.017776 0.982224
vt 0.108012 0.356205
vt 0.064013 0.390493
vt 0.108097 0.346977
vt 0.357804 0.981561
vt 0.616030 0.357898
vt 0.607068 0.373376
vt 0.021290 0.407771
vt 0.023312 0.405833
vt 0.125105 0.304508
vt 0.123193 0.306550
vt 0.008887 0.900490
vt 0.028709 0.911934
vt 0.354694 0.975861
vt 0.607100 0.391233
vt 0.369762 0.966176
vt 0.611185 0.399124
vt 0.373655 0.971371
vt 0.383289 0.954433
vt 0.047834 0.381294
vt 0.098730 0.331081
vt 0.631485 0.348891
vt 0.627700 0.369449
vt 0.623002 0.377586
vt 0.622919 0.386915
vt 0.387886 0.959018
vt 0.615976 0.406609
vt 0.625353 0.390957
vt 0.054698 0.977112
vt 0.002158 0.374822
vt 0.048565 1.000000
vt 0.092150 0.285634
vt 0.004851 0.374130
vt 0.091509 0.288362
vt 0.038223 0.365470
vt 0.082622 0.321904
vt 0.635871 0.364887
vt 0.627614 0.395050
vt 0.389142 0.947654
vt 0.649399 0.348806
vt 0.394043 0.951887
vt 0.631432 0.415565
vt 0.034531 0.901851
vt 0.001170 0.356197
vt 0.645225 0.364763
vt 0.635738 0.399655
vt 0.038286 0.356191
vt 0.665029 0.357672
vt 0.653471 0.369245
vt 0.003976 0.356197
vt 0.063997 0.321895
vt 0.017776 0.885096
vt 0.054147 0.285699
vt 0.649323 0.415554
vt 0.645106 0.399603
vt 0.038208 0.346912
vt 0.054958 0.288383
vt 0.077983 0.977112
vt 0.002145 0.337571
vt 0.047808 0.331085
vt 0.004839 0.338261
vt 0.084116 1.000000
vt 0.021265 0.304613
vt 0.023286 0.306552
vt 0.800893 0.939949
vt 0.153492 0.535101
vt 0.153067 0.525504
vt 0.800893 0.950189
vt 0.148131 0.517592
vt 0.791412 0.950188
vt 0.144121 0.515197
vt 0.791412 0.939949
vt 0.781930 0.950188
vt 0.148871 0.543222
vt 0.146501 0.531650
vt 0.781931 0.939948
vt 0.140008 0.512903
vt 0.136945 0.527632
vt 0.142247 0.538958
vt 0.777190 0.950188
vt 0.140348 0.547739
vt 0.777190 0.939948
vt 0.130699 0.512603
vt 0.128684 0.521381
vt 0.130871 0.547676
vt 0.810374 0.939950
vt 0.810374 0.950189
vt 0.122160 0.517018
vt 0.126588 0.545524
vt 0.133860 0.532900
vt 0.886224 0.950188
vt 0.117454 0.525089
vt 0.124406 0.528679
vt 0.819855 0.939950
vt 0.122582 0.542894
vt 0.819855 0.950190
vt 0.117782 0.534723
vt 0.171997 0.354770
vt 0.672974 0.946694
vt 0.690055 0.945739
vt 0.165520 0.356331
vt 0.690055 0.938167
vt 0.672974 0.937213
vt 0.063600 0.376827
vt 0.052173 0.364112
vt 0.699911 0.945739
vt 0.176946 0.369046
vt 0.180568 0.363491
vt 0.709767 0.945739
vt 0.699911 0.938167
vt 0.058651 0.362550
vt 0.186810 0.369046
vt 0.726848 0.946694
vt 0.067221 0.371272
vt 0.709767 0.938167
vt 0.073464 0.376827
vt 0.726848 0.937213
vt 0.640695 0.937214
vt 0.656229 0.937213
vt 0.656229 0.946694
vt 0.640695 0.946695
vt 0.186810 0.363541
vt 0.193053 0.363491
vt 0.073464 0.371322
vt 0.079707 0.371272
vt 0.743593 0.946694
vt 0.759127 0.946695
vt 0.196674 0.369046
vt 0.201624 0.354770
vt 0.759127 0.937214
vt 0.743593 0.937213
vt 0.083328 0.376827
vt 0.088278 0.362550
vt 0.208101 0.356331
vt 0.165520 0.339573
vt 0.172104 0.342542
vt 0.094755 0.364112
vt 0.063116 0.336310
vt 0.067479 0.341752
vt 0.058757 0.350323
vt 0.052173 0.347354
vt 0.083812 0.336310
vt 0.094755 0.347354
vt 0.088171 0.350323
vt 0.079449 0.341752
vt 0.073464 0.336310
vt 0.073464 0.341547
vt 0.073464 0.341804
vt 0.180825 0.333971
vt 0.176463 0.328529
vt 0.208101 0.339573
vt 0.197158 0.328529
vt 0.192796 0.333971
vt 0.201517 0.342542
vt 0.186810 0.334024
vt 0.186810 0.333767
vt 0.186810 0.328529
vt 0.130382 0.129335
vt 0.158467 0.129335
vt 0.158467 0.156022
vt 0.130381 0.156022
vt 0.196977 0.156748
vt 0.183465 0.181086
vt 0.158819 0.194296
vt 0.130029 0.091061
vt 0.091857 0.128611
vt 0.105388 0.104271
vt 0.239934 0.169201
vt 0.215968 0.213933
vt 0.072880 0.071423
vt 0.118570 0.047425
vt 0.158819 0.091061
vt 0.287892 0.182705
vt 0.251030 0.250166
vt 0.037820 0.035190
vt 0.105818 0.000001
vt 0.196977 0.128610
vt 0.183465 0.104271
vt 0.239910 0.142678
vt 0.195368 0.142678
vt 0.170279 0.047425
vt 0.239934 0.116156
vt 0.215968 0.071423
vt 0.288850 0.142678
vt 0.183030 0.000000
vt 0.287892 0.102651
vt 0.251029 0.035189
vt 0.048918 0.116156
vt 0.170279 0.237932
vt 0.130029 0.194297
vt 0.000958 0.102652
vt 0.183032 0.285357
vt 0.091857 0.156748
vt 0.093504 0.142677
vt 0.105388 0.181085
vt 0.048938 0.142679
vt 0.118571 0.237932
vt 0.048918 0.169201
vt 0.072881 0.213934
vt 0.000000 0.142678
vt 0.105819 0.285357
vt 0.000957 0.182706
vt 0.037821 0.250167
vt 0.475786 0.916223
vt 0.722830 0.698237
vt 0.741081 0.703128
vt 0.475992 0.925068
vt 0.440398 0.927497
vt 0.741081 0.728982
vt 0.722830 0.733872
vt 0.439330 0.918712
vt 0.740647 0.667377
vt 0.512234 0.917020
vt 0.697896 0.200420
vt 0.701985 0.199354
vt 0.707456 0.203794
vt 0.671859 0.198743
vt 0.704269 0.198234
vt 0.704156 0.190531
vt 0.464416 0.888427
vt 0.464456 0.916237
vt 0.438612 0.916278
vt 0.693949 0.198545
vt 0.691189 0.195030
vt 0.699396 0.196430
vt 0.696136 0.191615
vt 0.675002 0.183289
vt 0.692362 0.192270
vt 0.438562 0.888468
vt 0.490269 0.888393
vt 0.754008 0.680738
vt 0.747545 0.740176
vt 0.731738 0.749302
vt 0.765216 0.674267
vt 0.084019 0.609031
vt 0.084217 0.612205
vt 0.051501 0.613892
vt 0.051453 0.610715
vt 0.116838 0.606565
vt 0.116947 0.609730
vt 0.012262 0.776087
vt 0.000000 0.779373
vt 0.000000 0.746957
vt 0.117158 0.612894
vt 0.084413 0.615375
vt 0.051422 0.617083
vt 0.651006 0.178680
vt 0.641554 0.188273
vt 0.640577 0.182393
vt 0.644953 0.177982
vt 0.725586 0.183626
vt 0.490301 0.916204
vt 0.425690 0.916303
vt 0.630930 0.168134
vt 0.628178 0.164675
vt 0.638727 0.172075
vt 0.636458 0.173734
vt 0.640441 0.169638
vt 0.653572 0.179488
vt 0.638304 0.164061
vt 0.639741 0.161034
vt 0.635993 0.169583
vt 0.012262 0.750243
vt 0.025184 0.798469
vt 0.639682 0.166633
vt 0.051394 0.619838
vt 0.084585 0.618111
vt 0.117337 0.615634
vt 0.035119 0.613038
vt 0.714032 0.176570
vt 0.035289 0.609888
vt 0.133658 0.609698
vt 0.734281 0.166326
vt 0.656489 0.193832
vt 0.626199 0.162951
vt 0.756096 0.658458
vt 0.740647 0.764732
vt 0.511747 0.925882
vt 0.016208 0.807445
vt 0.739672 0.115559
vt 0.753235 0.120329
vt 0.738936 0.122475
vt 0.736171 0.114698
vt 0.008104 0.732921
vt 0.744177 0.115594
vt 0.747541 0.114843
vt 0.746614 0.111852
vt 0.736341 0.094825
vt 0.717776 0.157828
vt 0.661276 0.180748
vt 0.134047 0.606560
vt 0.034918 0.616179
vt 0.133279 0.612780
vt 0.034746 0.618920
vt 0.425636 0.888493
vt 0.503238 0.916191
vt 0.132942 0.615481
vt 0.743828 0.148898
vt 0.642158 0.191352
vt 0.726394 0.105067
vt 0.736113 0.111637
vt 0.743149 0.109521
vt 0.738773 0.109136
vt 0.730477 0.142480
vt 0.018723 0.739052
vt 0.030261 0.815559
vt 0.920377 0.921032
vt 0.150629 0.610795
vt 0.149802 0.613853
vt 0.919758 0.924164
vt 0.148868 0.616900
vt 0.919184 0.926858
vt 0.692135 0.088815
vt 0.706204 0.095154
vt 0.688876 0.089379
vt 0.681602 0.089836
vt 0.686489 0.084795
vt 0.693073 0.086273
vt 0.691910 0.082554
vt 0.709775 0.081051
vt 0.681393 0.083208
vt 0.677597 0.077395
vt 0.688276 0.080555
vt 0.684244 0.082082
vt 0.754008 0.751371
vt 0.771508 0.649560
vt 0.776398 0.667811
vt 0.422819 0.930573
vt 0.503211 0.888381
vt 0.036389 0.804938
vt 0.025184 0.727861
vt 0.148065 0.619535
vt 0.182040 0.620306
vt 0.771508 0.782549
vt 0.722901 0.916278
vt 0.516123 0.888369
vt 0.421292 0.921869
vt 0.181247 0.623380
vt 0.889706 0.909188
vt 0.776398 0.764298
vt 0.807142 0.649560
vt 0.888820 0.912243
vt 0.180457 0.626461
vt 0.016208 0.718884
vt 0.047566 0.811391
vt 0.639305 0.135169
vt 0.652265 0.142603
vt 0.802252 0.667811
vt 0.516145 0.916179
vt 0.529784 0.927356
vt 0.697097 0.888427
vt 0.044280 0.823653
vt 0.047566 0.714938
vt 0.838002 0.667377
vt 0.530196 0.918582
vt 0.887936 0.915294
vt 0.179772 0.629121
vt 0.824641 0.680738
vt 0.697057 0.916237
vt 0.044281 0.702677
vt 0.887170 0.917926
vt 0.213709 0.627172
vt 0.213243 0.630306
vt 0.858216 0.899618
vt 0.807142 0.782549
vt 0.650038 0.117039
vt 0.667048 0.126428
vt 0.716639 0.100385
vt 0.723244 0.088028
vt 0.857419 0.902682
vt 0.212910 0.633476
vt 0.856522 0.905724
vt 0.855749 0.908358
vt 0.212572 0.636209
vt 0.229563 0.627732
vt 0.742897 0.898762
vt 0.659265 0.098811
vt 0.671628 0.106070
vt 0.841118 0.899003
vt 0.841423 0.895855
vt 0.676888 0.101369
vt 0.671426 0.125370
vt 0.680128 0.118192
vt 0.684165 0.116208
vt 0.671964 0.129376
vt 0.678676 0.122450
vt 0.688424 0.117660
vt 0.704125 0.112994
vt 0.680662 0.126487
vt 0.674996 0.132049
vt 0.684453 0.135665
vt 0.684921 0.127939
vt 0.688477 0.135743
vt 0.688959 0.125954
vt 0.690410 0.121697
vt 0.691627 0.133238
vt 0.710713 0.138354
vt 0.718043 0.146907
vt 0.693957 0.141835
vt 0.708664 0.134349
vt 0.714993 0.139736
vt 0.722039 0.146304
vt 0.710046 0.130068
vt 0.705139 0.114413
vt 0.718998 0.137686
vt 0.724663 0.143230
vt 0.728126 0.133715
vt 0.720381 0.133404
vt 0.718331 0.129399
vt 0.728139 0.129691
vt 0.714051 0.128017
vt 0.725583 0.126582
vt 0.664595 0.158967
vt 0.671111 0.174023
vt 0.644726 0.160575
vt 0.660750 0.156630
vt 0.668966 0.157902
vt 0.678632 0.151452
vt 0.659684 0.152259
vt 0.659642 0.140995
vt 0.671303 0.154059
vt 0.678535 0.147428
vt 0.662020 0.148416
vt 0.663061 0.138839
vt 0.670236 0.149688
vt 0.675895 0.144391
vt 0.666392 0.147351
vt 0.667056 0.139452
vt 0.691130 0.146785
vt 0.676560 0.172567
vt 0.691865 0.166733
vt 0.694366 0.162993
vt 0.692741 0.171146
vt 0.698788 0.181052
vt 0.698778 0.162115
vt 0.710051 0.162529
vt 0.696481 0.173646
vt 0.702811 0.181128
vt 0.702518 0.164615
vt 0.712057 0.166037
vt 0.700893 0.172769
vt 0.705959 0.178621
vt 0.703394 0.169028
vt 0.711273 0.170002
vt 0.542746 0.379635
vt 0.542249 0.381958
vt 0.535309 0.378946
vt 0.540103 0.373898
vt 0.542441 0.383767
vt 0.535544 0.385936
vt 0.547092 0.373831
vt 0.544697 0.380920
vt 0.552136 0.385508
vt 0.545732 0.383443
vt 0.545834 0.382254
vt 0.552013 0.378696
vt 0.547372 0.390427
vt 0.543951 0.382590
vt 0.543456 0.384518
vt 0.540460 0.390616
vt 0.075380 0.354249
vt 0.073427 0.355535
vt 0.071033 0.348446
vt 0.078023 0.348513
vt 0.072292 0.356868
vt 0.072394 0.358058
vt 0.065989 0.360123
vt 0.066113 0.353310
vt 0.082817 0.353561
vt 0.075877 0.356573
vt 0.074175 0.357204
vt 0.070753 0.365042
vt 0.082581 0.360551
vt 0.075684 0.358381
vt 0.074669 0.359133
vt 0.077665 0.365231
vt 0.781327 0.703299
vt 0.789940 0.699295
vt 0.791030 0.704535
vt 0.784883 0.707339
vt 0.799331 0.700110
vt 0.797526 0.705128
vt 0.807022 0.705538
vt 0.802861 0.708878
vt 0.811063 0.714118
vt 0.805751 0.714979
vt 0.810288 0.723566
vt 0.805301 0.721771
vt 0.804750 0.731238
vt 0.801233 0.727204
vt 0.796174 0.735160
vt 0.795111 0.729949
vt 0.786889 0.734276
vt 0.788669 0.729325
vt 0.779232 0.728971
vt 0.783355 0.725635
vt 0.775168 0.720476
vt 0.780446 0.719594
vt 0.775850 0.711045
vt 0.780844 0.712819
vt 0.778533 0.700078
vt 0.789120 0.695111
vt 0.800798 0.696045
vt 0.810361 0.702824
vt 0.815276 0.713441
vt 0.814235 0.725062
vt 0.807449 0.734502
vt 0.796904 0.739291
vt 0.785471 0.738204
vt 0.775998 0.731699
vt 0.771001 0.721245
vt 0.771864 0.709653
vt 0.775399 0.696051
vt 0.788369 0.690071
vt 0.802484 0.691420
vt 0.814171 0.699450
vt 0.820266 0.712371
vt 0.819099 0.726618
vt 0.810882 0.738327
vt 0.797923 0.744358
vt 0.783655 0.743187
vt 0.771963 0.734920
vt 0.765911 0.721969
vt 0.767138 0.707718
vt 0.772401 0.692777
vt 0.787463 0.685779
vt 0.804027 0.687176
vt 0.817625 0.696745
vt 0.824667 0.711789
vt 0.823240 0.728365
vt 0.813656 0.741966
vt 0.798583 0.748933
vt 0.782104 0.747447
vt 0.768518 0.738002
vt 0.761447 0.722974
vt 0.762843 0.706394
vt 0.798906 0.719419
vt 0.787246 0.715151
vt 0.793079 0.717278
vt 0.479971 0.488881
vt 0.483795 0.489000
vt 0.483546 0.505805
vt 0.480065 0.505121
vt 0.487581 0.489162
vt 0.487000 0.506344
vt 0.476526 0.488845
vt 0.476871 0.504662
vt 0.482968 0.511802
vt 0.480144 0.514726
vt 0.486503 0.509495
vt 0.490284 0.506544
vt 0.490928 0.489342
vt 0.477192 0.516711
vt 0.489987 0.509123
vt 0.473665 0.504662
vt 0.473099 0.488912
vt 0.494265 0.489567
vt 0.466864 0.506662
vt 0.473579 0.516761
vt 0.466993 0.512303
vt 0.469321 0.489071
vt 0.470179 0.505375
vt 0.469975 0.514960
vt 0.804860 0.375067
vt 0.808722 0.353365
vt 0.812008 0.353965
vt 0.808213 0.375724
vt 0.801549 0.374390
vt 0.805349 0.352738
vt 0.802285 0.396851
vt 0.805770 0.397439
vt 0.798949 0.396237
vt 0.815818 0.332323
vt 0.812487 0.331891
vt 0.815632 0.354641
vt 0.811892 0.376375
vt 0.801253 0.418105
vt 0.804899 0.418494
vt 0.802314 0.458778
vt 0.798765 0.459111
vt 0.797800 0.438421
vt 0.801365 0.438514
vt 0.809060 0.331431
vt 0.797814 0.417692
vt 0.806120 0.458542
vt 0.805172 0.438667
vt 0.809525 0.397929
vt 0.824125 0.398179
vt 0.826317 0.377633
vt 0.829931 0.356568
vt 0.795236 0.459564
vt 0.823871 0.437647
vt 0.819396 0.332850
vt 0.823449 0.418218
vt 0.808716 0.418755
vt 0.809983 0.458340
vt 0.809016 0.438754
vt 0.819482 0.355396
vt 0.815688 0.376997
vt 0.813296 0.398283
vt 0.833689 0.334665
vt 0.818177 0.310659
vt 0.814842 0.310427
vt 0.480019 0.469018
vt 0.483854 0.469064
vt 0.822633 0.377432
vt 0.820403 0.398200
vt 0.821132 0.457176
vt 0.820115 0.437992
vt 0.826337 0.356207
vt 0.487678 0.469124
vt 0.811334 0.310183
vt 0.823334 0.333517
vt 0.819715 0.418414
vt 0.812456 0.418847
vt 0.821764 0.310960
vt 0.813708 0.458090
vt 0.812707 0.438689
vt 0.823015 0.355944
vt 0.819199 0.377352
vt 0.816856 0.398360
vt 0.830169 0.334343
vt 0.476604 0.468993
vt 0.817365 0.457701
vt 0.816363 0.438422
vt 0.816064 0.418714
vt 0.826917 0.334062
vt 0.836148 0.312067
vt 0.491071 0.469176
vt 0.825766 0.311358
vt 0.832653 0.311897
vt 0.479623 0.449095
vt 0.483449 0.449169
vt 0.487031 0.390468
vt 0.484524 0.409800
vt 0.480690 0.409553
vt 0.483266 0.390026
vt 0.829447 0.311712
vt 0.490800 0.390905
vt 0.488328 0.410029
vt 0.487270 0.449238
vt 0.818750 0.288968
vt 0.815418 0.288894
vt 0.473215 0.468988
vt 0.812987 0.520448
vt 0.816131 0.518928
vt 0.824067 0.536932
vt 0.821044 0.538513
vt 0.477265 0.409247
vt 0.479921 0.389539
vt 0.819729 0.517711
vt 0.827708 0.535959
vt 0.811910 0.288816
vt 0.837484 0.512392
vt 0.818552 0.540829
vt 0.494173 0.391378
vt 0.491709 0.410285
vt 0.494430 0.469196
vt 0.822353 0.289053
vt 0.476219 0.449026
vt 0.473909 0.408817
vt 0.476623 0.388846
vt 0.466563 0.407738
vt 0.497511 0.392020
vt 0.823461 0.516773
vt 0.831487 0.535480
vt 0.490669 0.449283
vt 0.470225 0.408253
vt 0.473030 0.387900
vt 0.469460 0.468997
vt 0.836881 0.289366
vt 0.834048 0.514028
vt 0.841604 0.532457
vt 0.826436 0.289146
vt 0.826955 0.516063
vt 0.834962 0.535072
vt 0.833389 0.289304
vt 0.830190 0.289234
vt 0.472846 0.448962
vt 0.830430 0.515232
vt 0.838305 0.534129
vt 0.661376 0.048304
vt 0.672105 0.042079
vt 0.671028 0.045018
vt 0.663586 0.050856
vt 0.659386 0.045594
vt 0.670797 0.038874
vt 0.494045 0.449288
vt 0.670851 0.050335
vt 0.666107 0.053667
vt 0.667920 0.036276
vt 0.657549 0.042383
vt 0.830239 0.558023
vt 0.833528 0.557230
vt 0.669384 0.054806
vt 0.668418 0.056729
vt 0.837171 0.557360
vt 0.469102 0.448909
vt 0.827645 0.560180
vt 0.664373 0.034828
vt 0.655948 0.039039
vt 0.815454 0.267264
vt 0.818783 0.267206
vt 0.676430 0.062372
vt 0.669432 0.059996
vt 0.822409 0.267096
vt 0.811939 0.267317
vt 0.840787 0.557617
vt 0.479571 0.429218
vt 0.483395 0.429391
vt 0.849747 0.553200
vt 0.487214 0.429554
vt 0.836836 0.266759
vt 0.826437 0.266904
vt 0.491587 0.371347
vt 0.495191 0.372117
vt 0.476169 0.429049
vt 0.487875 0.370587
vt 0.844117 0.557267
vt 0.498435 0.372908
vt 0.847030 0.555597
vt 0.833340 0.266723
vt 0.650000 0.058327
vt 0.652153 0.061487
vt 0.833406 0.564546
vt 0.836717 0.563873
vt 0.654155 0.064673
vt 0.484487 0.369868
vt 0.830135 0.266743
vt 0.490619 0.429692
vt 0.648040 0.055492
vt 0.831742 0.567922
vt 0.655808 0.067597
vt 0.501692 0.373953
vt 0.840607 0.565315
vt 0.481320 0.368975
vt 0.646127 0.052668
vt 0.477961 0.367712
vt 0.642216 0.046298
vt 0.644107 0.049497
vt 0.854463 0.563785
vt 0.472801 0.428863
vt 0.844568 0.567553
vt 0.494003 0.429808
vt 0.851693 0.567130
vt 0.469074 0.428655
vt 0.848449 0.568573
vt 0.814877 0.245428
vt 0.818204 0.245202
vt 0.811412 0.245646
vt 0.821830 0.244883
vt 0.836179 0.243999
vt 0.825786 0.244440
vt 0.832644 0.244048
vt 0.829411 0.244114
vt 0.501889 0.353432
vt 0.504973 0.354577
vt 0.498493 0.352365
vt 0.805509 0.479020
vt 0.802017 0.479829
vt 0.508103 0.356068
vt 0.494872 0.351347
vt 0.809283 0.478295
vt 0.491420 0.350421
vt 0.485141 0.347808
vt 0.488264 0.349347
vt 0.827844 0.475285
vt 0.810178 0.499002
vt 0.806822 0.500164
vt 0.813873 0.497951
vt 0.813104 0.477696
vt 0.803522 0.501381
vt 0.824095 0.476099
vt 0.817630 0.497126
vt 0.809457 0.223898
vt 0.812863 0.223471
vt 0.816191 0.223036
vt 0.834156 0.221443
vt 0.819848 0.222531
vt 0.816747 0.477224
vt 0.828405 0.495006
vt 0.830587 0.221504
vt 0.823743 0.221960
vt 0.820348 0.476735
vt 0.827296 0.221573
vt 0.821196 0.496511
vt 0.510688 0.335163
vt 0.513607 0.336646
vt 0.824712 0.495884
vt 0.516612 0.338504
vt 0.507522 0.333813
vt 0.494316 0.328602
vt 0.504009 0.332557
vt 0.497270 0.330252
vt 0.500458 0.331438
vt 0.822792 0.020985
vt 0.824822 0.007569
vt 0.803329 0.006240
vt 0.799121 0.016837
vt 0.805075 0.009277
vt 0.802000 0.018417
vt 0.819351 0.019604
vt 0.822152 0.004551
vt 0.818691 0.003465
vt 0.816093 0.018643
vt 0.808811 0.009386
vt 0.805276 0.018847
vt 0.815345 0.004855
vt 0.812712 0.018339
vt 0.807624 0.202130
vt 0.810975 0.201494
vt 0.812491 0.007625
vt 0.808995 0.018535
vt 0.832340 0.199140
vt 0.814358 0.200850
vt 0.828730 0.199210
vt 0.818054 0.200203
vt 0.825357 0.199230
vt 0.821868 0.199575
vt 0.795026 0.032304
vt 0.798237 0.033414
vt 0.523663 0.319171
vt 0.520804 0.317441
vt 0.801459 0.034635
vt 0.526619 0.321229
vt 0.504568 0.310255
vt 0.819548 0.036604
vt 0.517809 0.315896
vt 0.815860 0.036319
vt 0.805133 0.035583
vt 0.507464 0.311889
vt 0.514404 0.314464
vt 0.510754 0.313166
vt 0.812403 0.036432
vt 0.808918 0.036221
vt 0.790956 0.054723
vt 0.794240 0.055685
vt 0.797616 0.056500
vt 0.816149 0.057557
vt 0.829768 0.177209
vt 0.804829 0.180775
vt 0.808164 0.179953
vt 0.826133 0.177399
vt 0.811624 0.179138
vt 0.801388 0.057017
vt 0.812385 0.057248
vt 0.822638 0.177463
vt 0.537117 0.303900
vt 0.534086 0.301853
vt 0.531173 0.300056
vt 0.815349 0.178391
vt 0.808815 0.057228
vt 0.805244 0.057232
vt 0.819099 0.177772
vt 0.514862 0.292571
vt 0.528241 0.298454
vt 0.517779 0.294126
vt 0.524909 0.296941
vt 0.521181 0.295491
vt 0.826494 0.156171
vt 0.801195 0.160008
vt 0.822838 0.156460
vt 0.804582 0.159154
vt 0.819226 0.156623
vt 0.808165 0.158296
vt 0.547230 0.286166
vt 0.544034 0.284319
vt 0.540973 0.282648
vt 0.524475 0.275188
vt 0.815634 0.156954
vt 0.811926 0.157537
vt 0.538009 0.281140
vt 0.527449 0.276631
vt 0.823876 0.135977
vt 0.798131 0.139859
vt 0.530925 0.278079
vt 0.534699 0.279641
vt 0.820176 0.136305
vt 0.801648 0.139112
vt 0.820718 0.116417
vt 0.794681 0.119726
vt 0.816949 0.116755
vt 0.816440 0.136550
vt 0.569813 0.120415
vt 0.580049 0.101924
vt 0.583144 0.103831
vt 0.573218 0.121797
vt 0.798237 0.119266
vt 0.566392 0.119092
vt 0.600303 0.116130
vt 0.585894 0.105653
vt 0.576237 0.123230
vt 0.805372 0.138286
vt 0.588686 0.130339
vt 0.597470 0.114220
vt 0.813191 0.117076
vt 0.812789 0.136925
vt 0.594697 0.112211
vt 0.585680 0.128715
vt 0.588637 0.107623
vt 0.579165 0.124874
vt 0.802023 0.118687
vt 0.809144 0.137512
vt 0.591667 0.109917
vt 0.582415 0.126800
vt 0.556382 0.267779
vt 0.552956 0.266276
vt 0.809540 0.117481
vt 0.549707 0.264872
vt 0.532944 0.257682
vt 0.805846 0.118049
vt 0.535990 0.258999
vt 0.546629 0.263549
vt 0.539504 0.260504
vt 0.543298 0.262125
vt 0.562759 0.140274
vt 0.559203 0.139517
vt 0.566215 0.141179
vt 0.582466 0.147942
vt 0.560414 0.247460
vt 0.563941 0.248517
vt 0.540264 0.239781
vt 0.569298 0.142317
vt 0.632463 0.068151
vt 0.634680 0.071253
vt 0.630469 0.065410
vt 0.557096 0.246414
vt 0.636856 0.074383
vt 0.572476 0.143719
vt 0.579343 0.146739
vt 0.628495 0.062695
vt 0.638761 0.077216
vt 0.543373 0.240924
vt 0.575943 0.145270
vt 0.626356 0.059653
vt 0.624320 0.056556
vt 0.553957 0.245338
vt 0.546835 0.242403
vt 0.550582 0.244013
vt 0.570036 0.228551
vt 0.546222 0.221160
vt 0.558091 0.160881
vt 0.554463 0.160516
vt 0.566460 0.227878
vt 0.578184 0.167096
vt 0.561533 0.161472
vt 0.549413 0.222084
vt 0.563138 0.227133
vt 0.564733 0.162467
vt 0.559930 0.226238
vt 0.575015 0.166229
vt 0.568091 0.163764
vt 0.552811 0.223459
vt 0.556494 0.225004
vt 0.571634 0.165087
vt 0.574651 0.208078
vt 0.550878 0.201716
vt 0.571098 0.207664
vt 0.554552 0.181526
vt 0.578202 0.187574
vt 0.574714 0.187207
vt 0.554153 0.202410
vt 0.557916 0.182067
vt 0.567831 0.207069
vt 0.561176 0.183109
vt 0.571527 0.186563
vt 0.564578 0.206236
vt 0.557480 0.203614
vt 0.564672 0.184438
vt 0.561082 0.205051
vt 0.568214 0.185644
vt 0.613650 0.076665
vt 0.615851 0.079217
vt 0.611471 0.074144
vt 0.618313 0.082108
vt 0.609084 0.071328
vt 0.620757 0.085026
vt 0.606767 0.068466
vt 0.622928 0.087679
vt 0.593316 0.085361
vt 0.596042 0.087825
vt 0.598504 0.090058
vt 0.590620 0.082873
vt 0.600977 0.092332
vt 0.609003 0.099871
vt 0.603747 0.094914
vt 0.606512 0.097515
vt 0.792180 0.077318
vt 0.788742 0.076831
vt 0.814335 0.077618
vt 0.795692 0.077744
vt 0.810565 0.077581
vt 0.799520 0.077964
vt 0.806996 0.077775
vt 0.803385 0.077954
vt 0.792247 0.098777
vt 0.788734 0.098748
vt 0.814526 0.097317
vt 0.795823 0.098767
vt 0.810757 0.097582
vt 0.799656 0.098620
vt 0.807153 0.097937
vt 0.803507 0.098322
vt 0.546110 0.965170
vt 0.533892 0.965227
vt 0.533848 0.955746
vt 0.546066 0.955689
vt 0.527912 0.965254
vt 0.625613 0.955343
vt 0.558285 0.955633
vt 0.558327 0.965114
vt 0.619633 0.955368
vt 0.619673 0.964849
vt 0.607455 0.964900
vt 0.607415 0.955419
vt 0.570503 0.955578
vt 0.570545 0.965059
vt 0.576741 0.955551
vt 0.576782 0.965032
vt 0.595197 0.955471
vt 0.595237 0.964952
vt 0.582978 0.955523
vt 0.583020 0.965004
vt 0.576958 0.100013
vt 0.611482 0.102230
vt 0.625042 0.090361
vt 0.640589 0.080078
vt 0.547269 0.201298
vt 0.550914 0.181263
vt 0.581592 0.167642
vt 0.542686 0.220431
vt 0.585759 0.148865
vt 0.536840 0.238685
vt 0.657438 0.070528
vt 0.529644 0.256229
vt 0.591802 0.131752
vt 0.521345 0.273442
vt 0.511858 0.290597
vt 0.501617 0.308174
vt 0.491305 0.326576
vt 0.481963 0.346029
vt 0.495081 0.410622
vt 0.465362 0.428494
vt 0.474572 0.366344
vt 0.465377 0.448899
vt 0.670294 0.063335
vt 0.469455 0.386960
vt 0.679023 0.064430
vt 0.465724 0.469009
vt 0.465619 0.489151
vt 0.493591 0.506340
vt 0.492372 0.511519
vt 0.791127 0.120113
vt 0.818335 0.097193
vt 0.818124 0.077894
vt 0.819856 0.058258
vt 0.794636 0.140433
vt 0.797702 0.160665
vt 0.801291 0.181396
vt 0.804024 0.202559
vt 0.823200 0.037187
vt 0.826247 0.022363
vt 0.805791 0.224197
vt 0.686489 0.084795
vt 0.826368 0.011306
vt 0.681602 0.089836
vt 0.810040 0.522180
vt 0.832079 0.493892
vt 0.807704 0.245833
vt 0.798596 0.480714
vt 0.824926 0.456629
vt 0.808213 0.267338
vt 0.855542 0.559442
vt 0.852257 0.550570
vt 0.808141 0.288752
vt 0.844443 0.530069
vt 0.807585 0.309960
vt 0.805348 0.330973
vt 0.801751 0.352178
vt 0.794301 0.438463
vt 0.794303 0.417488
vt 0.795424 0.395853
vt 0.656446 0.287815
vt 0.654346 0.279737
vt 0.654058 0.295830
vt 0.625564 0.279750
vt 0.623463 0.287829
vt 0.625847 0.295842
vt 0.185849 0.426839
vt 0.234355 0.485399
vt 0.253743 0.465988
vt 0.812294 0.828281
vt 0.146521 0.693499
vt 0.464129 0.828307
vt 0.928339 0.867344
vt 0.116036 0.828289
vt 0.116035 0.867320
vt 0.038680 0.867321
vt 0.038679 0.828289
vt 0.193391 0.828294
vt 0.193388 0.867325
vt 0.000000 0.828289
vt 0.000001 0.867322
vt 0.270745 0.828303
vt 0.270741 0.867334
vt 0.889656 0.867336
vt 0.580174 0.828282
vt 0.580181 0.867319
vt 0.502808 0.828298
vt 0.889664 0.828299
vt 0.928348 0.828308
vt 0.146521 0.720166
vt 0.026508 0.605398
vt 0.000000 0.612490
vt 0.107183 0.719643
vt 0.114487 0.693228
vt 0.058696 0.661074
vt 0.039285 0.680473
vt 0.464135 0.867340
vt 0.657549 0.867309
vt 0.639750 0.315672
vt 0.648016 0.301594
vt 0.657546 0.828271
vt 0.502816 0.867333
vt 0.631889 0.301603
vt 0.890296 0.867336
vt 0.858087 0.867387
vt 0.503798 0.888366
vt 0.664859 0.888217
vt 0.858119 0.887917
vt 0.890328 0.887866
vt 0.213928 0.867489
vt 0.213896 0.888019
vt 0.149476 0.887916
vt 0.149509 0.867387
vt 0.664831 0.867687
vt 0.536013 0.888355
vt 0.536001 0.867826
vt 0.600438 0.888299
vt 0.081114 0.561803
vt 0.664287 0.567458
vt 0.655265 0.544496
vt 0.567172 0.931310
vt 0.330959 0.937843
vt 0.584764 0.946558
vt 0.585491 0.940379
vt 0.671974 0.554143
vt 0.679661 0.540829
vt 0.665537 0.526705
vt 0.737037 0.640208
vt 0.742207 0.659502
vt 0.706289 0.525455
vt 0.701119 0.506161
vt 0.763665 0.624834
vt 0.777790 0.638958
vt 0.771353 0.611520
vt 0.788061 0.621167
vt 0.779040 0.598206
vt 0.798333 0.603375
vt 0.779040 0.567458
vt 0.798333 0.562288
vt 0.567079 0.937400
vt 0.526079 0.930766
vt 0.526025 0.936857
vt 0.361756 0.932263
vt 0.361677 0.938350
vt 0.505488 0.936666
vt 0.505478 0.930580
vt 0.382261 0.932409
vt 0.382261 0.938504
vt 0.484926 0.930835
vt 0.485001 0.936927
vt 0.402767 0.932263
vt 0.402845 0.938350
vt 0.443833 0.931536
vt 0.443940 0.937624
vt 0.608253 0.931976
vt 0.628797 0.932316
vt 0.628697 0.938406
vt 0.069991 0.568225
vt 0.089666 0.576613
vt 0.080263 0.586016
vt 0.156935 0.453218
vt 0.153493 0.466062
vt 0.119288 0.593716
vt 0.115847 0.606560
vt 0.192518 0.473761
vt 0.183115 0.483164
vt 0.202790 0.491553
vt 0.191667 0.497975
vt 0.200218 0.512786
vt 0.213062 0.509345
vt 0.200217 0.546991
vt 0.213062 0.550433
vt 0.330914 0.944071
vt 0.364918 0.938446
vt 0.364743 0.944697
vt 0.500347 0.937577
vt 0.500542 0.943822
vt 0.381781 0.939079
vt 0.381781 0.945260
vt 0.483509 0.944557
vt 0.483441 0.938375
vt 0.398645 0.938447
vt 0.398819 0.944696
vt 0.466580 0.937986
vt 0.466486 0.944223
vt 0.432604 0.937843
vt 0.432649 0.944071
vt 0.568516 0.938427
vt 0.397183 0.730058
vt 0.403021 0.751845
vt 0.420127 0.716811
vt 0.436077 0.732760
vt 0.397184 0.631183
vt 0.403021 0.609395
vt 0.426751 0.705339
vt 0.445619 0.716233
vt 0.419569 0.618949
vt 0.408669 0.637814
vt 0.433374 0.693867
vt 0.455162 0.699705
vt 0.420128 0.644430
vt 0.436077 0.628480
vt 0.433374 0.667374
vt 0.455162 0.661536
vt 0.578846 0.573347
vt 0.296355 0.602181
vt 0.594024 0.688240
vt 0.646364 0.672138
vt 0.303903 0.562748
vt 0.293167 0.541310
vt 0.637742 0.676423
vt 0.412285 0.896007
vt 0.424798 0.897884
vt 0.424162 0.902436
vt 0.421858 0.912825
vt 0.419053 0.931974
vt 0.054697 0.890209
vt 0.048564 0.867320
vt 0.098150 0.965469
vt 0.114905 0.982225
vt 0.077983 0.890209
vt 0.084116 0.867321
vt 0.103971 0.955387
vt 0.123793 0.966831
vt 0.098149 0.901852
vt 0.114904 0.885096
vt 0.109792 0.945303
vt 0.132680 0.951436
vt 0.109792 0.922018
vt 0.132680 0.915885
vt 0.340657 0.989377
vt 0.338394 0.983291
vt 0.669850 0.365255
vt 0.655707 0.373414
vt 0.664835 0.406649
vt 0.653223 0.394917
vt 0.674008 0.373222
vt 0.658212 0.377457
vt 0.673875 0.391188
vt 0.657970 0.386830
vt 0.205923 0.953948
vt 0.322568 0.994659
vt 0.876742 0.939949
vt 0.876743 0.950188
vt 0.829337 0.939950
vt 0.829337 0.950190
vt 0.867261 0.939949
vt 0.867262 0.950189
vt 0.834077 0.939950
vt 0.834077 0.950190
vt 0.857780 0.939950
vt 0.857780 0.950189
vt 0.838818 0.939950
vt 0.838818 0.950190
vt 0.848299 0.939950
vt 0.848299 0.950190
vt 0.886223 0.939948
vt 0.890964 0.939948
vt 0.890965 0.950188
vt 0.321200 0.988313
vt 0.215465 0.970937
vt 0.219387 0.965763
vt 0.303911 0.997301
vt 0.303464 0.990823
vt 0.231262 0.981212
vt 0.234402 0.975530
vt 0.294489 0.997274
vt 0.294507 0.990798
vt 0.248365 0.989122
vt 0.250661 0.983049
vt 0.285067 0.997248
vt 0.285550 0.990774
vt 0.266424 0.994504
vt 0.267828 0.988165
vt 0.201302 0.958508
vt 0.195182 0.951343
vt 0.200107 0.947137
vt 0.929688 0.013684
vt 0.135597 0.498294
vt 0.878809 0.013725
vt 0.954041 0.009589
vt 0.105841 0.537317
vt 0.157521 0.340067
vt 0.935513 0.694328
vt 0.187919 0.301526
vt 0.884183 0.694340
vt 0.860385 0.698974
vt 0.802252 0.764298
vt 0.846911 0.682807
vt 0.831105 0.691933
vt 0.813460 0.757827
vt 0.822591 0.773630
vt 0.835792 0.927497
vt 0.855819 0.698238
vt 0.837568 0.703128
vt 0.838002 0.764732
vt 0.824641 0.751371
vt 0.548135 0.918788
vt 0.547916 0.927642
vt 0.855819 0.733872
vt 0.837568 0.728982
vt 0.800405 0.916223
vt 0.800199 0.925068
vt 0.584337 0.920432
vt 0.853372 0.930572
vt 0.854899 0.921870
vt 0.583844 0.929260
vt 0.620412 0.922808
vt 0.619778 0.931682
vt 0.763957 0.917021
vt 0.764444 0.925882
vt 0.638096 0.924051
vt 0.638095 0.932786
vt 0.746407 0.927357
vt 0.745995 0.918582
vt 0.655779 0.922808
vt 0.656413 0.931682
vt 0.728056 0.918789
vt 0.728275 0.927642
vt 0.691854 0.920433
vt 0.692347 0.929260
vt 0.836862 0.918712
vt 0.541976 0.888352
vt 0.541990 0.916163
vt 0.567830 0.888344
vt 0.567834 0.916154
vt 0.671244 0.888393
vt 0.671213 0.916204
vt 0.580757 0.888344
vt 0.580757 0.916154
vt 0.658275 0.916191
vt 0.658301 0.888381
vt 0.593683 0.888344
vt 0.593679 0.916154
vt 0.645390 0.888369
vt 0.645368 0.916179
vt 0.619537 0.888352
vt 0.619523 0.916163
vt 0.722951 0.888468
vt 0.735877 0.888493
vt 0.735823 0.916303
vt 0.073411 0.811391
vt 0.076696 0.823653
vt 0.095792 0.798469
vt 0.104769 0.807445
vt 0.073411 0.714938
vt 0.076696 0.702677
vt 0.102254 0.787278
vt 0.112873 0.793409
vt 0.090749 0.710790
vt 0.084615 0.721407
vt 0.108715 0.776087
vt 0.120977 0.779373
vt 0.095792 0.727861
vt 0.104769 0.718884
vt 0.108715 0.750243
vt 0.120977 0.746957
vt 0.742209 0.901834
vt 0.840815 0.902093
vt 0.741610 0.904515
vt 0.840554 0.904803
vt 0.759183 0.898581
vt 0.758954 0.901741
vt 0.824317 0.896368
vt 0.824456 0.899533
vt 0.758587 0.904907
vt 0.824703 0.902710
vt 0.758321 0.907649
vt 0.824912 0.905457
vt 0.791588 0.898794
vt 0.791690 0.901966
vt 0.791788 0.905146
vt 0.791877 0.907891
vt 0.921118 0.917943
vt 0.937073 0.920664
vt 0.936550 0.923775
vt 0.936061 0.926884
vt 0.935631 0.929597
vt 0.229563 0.634052
vt 0.229563 0.636799
vt 0.229563 0.630904
vt 0.743589 0.895667
vt 0.269923 0.706957
vt 0.271743 0.706988
vt 0.270450 0.799347
vt 0.268632 0.799399
vt 0.268083 0.706938
vt 0.541611 0.177392
vt 0.560431 0.088717
vt 0.539881 0.176941
vt 0.558679 0.088274
vt 0.538160 0.176393
vt 0.556933 0.087817
vt 0.536441 0.175805
vt 0.555187 0.087342
vt 0.534715 0.175232
vt 0.553444 0.086857
vt 0.532980 0.174710
vt 0.551698 0.086373
vt 0.277786 0.799128
vt 0.277212 0.707200
vt 0.275956 0.799122
vt 0.275398 0.707114
vt 0.274129 0.799172
vt 0.273574 0.707041
vt 0.272296 0.799253
vt 0.271696 0.685717
vt 0.273619 0.686034
vt 0.569495 0.069962
vt 0.567761 0.069104
vt 0.566026 0.068251
vt 0.564288 0.067399
vt 0.562546 0.066550
vt 0.560797 0.065704
vt 0.281236 0.687366
vt 0.279354 0.687030
vt 0.277460 0.686696
vt 0.275542 0.686361
vt 0.276868 0.664520
vt 0.278714 0.665167
vt 0.580610 0.052062
vt 0.579077 0.050867
vt 0.577544 0.049670
vt 0.576009 0.048471
vt 0.574473 0.047270
vt 0.572933 0.046068
vt 0.286011 0.667734
vt 0.284208 0.667104
vt 0.282394 0.666466
vt 0.280557 0.665817
vt 0.286099 0.644392
vt 0.287768 0.645412
vt 0.595318 0.036755
vt 0.594095 0.035244
vt 0.592873 0.033729
vt 0.591650 0.032212
vt 0.590427 0.030691
vt 0.589201 0.029168
vt 0.294355 0.649445
vt 0.292730 0.648455
vt 0.291095 0.647452
vt 0.289437 0.646436
vt 0.299874 0.626758
vt 0.301248 0.628152
vt 0.613262 0.025545
vt 0.612470 0.023770
vt 0.611677 0.021993
vt 0.610884 0.020214
vt 0.610090 0.018432
vt 0.609295 0.016646
vt 0.306661 0.633654
vt 0.305329 0.632300
vt 0.303986 0.630933
vt 0.302623 0.629548
vt 0.317794 0.613153
vt 0.318782 0.614838
vt 0.633630 0.019653
vt 0.633321 0.017728
vt 0.633009 0.015801
vt 0.632696 0.013871
vt 0.632386 0.011937
vt 0.632081 0.010000
vt 0.322645 0.621509
vt 0.321696 0.619862
vt 0.320740 0.618203
vt 0.319765 0.616525
vt 0.338471 0.604371
vt 0.339190 0.606209
vt 0.655308 0.018960
vt 0.655240 0.017017
vt 0.655221 0.015077
vt 0.655290 0.013138
vt 0.655464 0.011207
vt 0.655734 0.009294
vt 0.341164 0.613698
vt 0.340799 0.611844
vt 0.340364 0.609972
vt 0.339826 0.608079
vt 0.361705 0.599795
vt 0.361745 0.601756
vt 0.678938 0.022870
vt 0.679651 0.021047
vt 0.680296 0.019195
vt 0.680811 0.017298
vt 0.681165 0.015369
vt 0.681381 0.013418
vt 0.363182 0.609378
vt 0.362676 0.607522
vt 0.362235 0.605641
vt 0.361916 0.603714
vt 0.383505 0.598583
vt 0.383505 0.600531
vt 0.698760 0.029053
vt 0.699457 0.027223
vt 0.700156 0.025386
vt 0.700858 0.023545
vt 0.701563 0.021693
vt 0.702269 0.019838
vt 0.383505 0.608322
vt 0.383505 0.606375
vt 0.383505 0.604432
vt 0.383505 0.602480
vt 0.268136 0.802359
vt 0.269994 0.802814
vt 0.266451 0.811079
vt 0.264623 0.810875
vt 0.541316 0.180138
vt 0.262765 0.810770
vt 0.539405 0.179978
vt 0.539048 0.189388
vt 0.537498 0.179860
vt 0.537286 0.188877
vt 0.535576 0.179755
vt 0.535505 0.188464
vt 0.533637 0.179586
vt 0.533733 0.188015
vt 0.531675 0.179369
vt 0.532010 0.187395
vt 0.277604 0.804651
vt 0.530288 0.186668
vt 0.275684 0.804156
vt 0.271923 0.811735
vt 0.273763 0.803733
vt 0.270082 0.811622
vt 0.271864 0.803293
vt 0.268264 0.811364
vt 0.269006 0.818965
vt 0.267394 0.819936
vt 0.265805 0.820958
vt 0.532552 0.196484
vt 0.531472 0.194940
vt 0.530347 0.193449
vt 0.529233 0.191972
vt 0.528240 0.190414
vt 0.527461 0.188622
vt 0.273781 0.816165
vt 0.272246 0.817158
vt 0.270635 0.818054
vt 0.275140 0.823140
vt 0.274344 0.824871
vt 0.273691 0.826669
vt 0.524151 0.198211
vt 0.524129 0.196295
vt 0.524011 0.194394
vt 0.523897 0.192496
vt 0.523941 0.190589
vt 0.524319 0.188652
vt 0.277634 0.818022
vt 0.276900 0.819770
vt 0.276023 0.821453
vt 0.283300 0.822431
vt 0.283935 0.824249
vt 0.284489 0.826088
vt 0.515573 0.193843
vt 0.516898 0.192424
vt 0.518216 0.191045
vt 0.519504 0.189672
vt 0.520788 0.188270
vt 0.522195 0.186800
vt 0.281431 0.817069
vt 0.282026 0.818852
vt 0.282649 0.820632
vt 0.288571 0.818984
vt 0.289688 0.820602
vt 0.290915 0.822134
vt 0.511650 0.188246
vt 0.513329 0.187219
vt 0.514969 0.186132
vt 0.516588 0.185055
vt 0.518233 0.184084
vt 0.520008 0.183277
vt 0.285389 0.814135
vt 0.286491 0.815698
vt 0.287520 0.817333
vt 0.293062 0.813499
vt 0.294819 0.814339
vt 0.296538 0.815202
vt 0.509514 0.180356
vt 0.511467 0.180338
vt 0.513425 0.180329
vt 0.515377 0.180307
vt 0.517309 0.180264
vt 0.519220 0.180208
vt 0.287794 0.810995
vt 0.289525 0.811833
vt 0.291290 0.812668
vt 0.294473 0.807472
vt 0.296421 0.807775
vt 0.298358 0.808026
vt 0.510896 0.173715
vt 0.512795 0.174275
vt 0.514684 0.174803
vt 0.516555 0.175301
vt 0.518413 0.175789
vt 0.520290 0.176384
vt 0.288766 0.806457
vt 0.290638 0.806803
vt 0.292539 0.807145
vt 0.294480 0.799170
vt 0.296357 0.798592
vt 0.298232 0.798151
vt 0.514956 0.165485
vt 0.516413 0.166814
vt 0.517914 0.168154
vt 0.519500 0.169418
vt 0.521151 0.170560
vt 0.522759 0.171653
vt 0.288615 0.800512
vt 0.290583 0.800199
vt 0.292553 0.799740
vt 0.292602 0.793833
vt 0.294138 0.792600
vt 0.295635 0.791464
vt 0.519594 0.161067
vt 0.520453 0.162847
vt 0.521498 0.164586
vt 0.522798 0.166146
vt 0.524319 0.167449
vt 0.525841 0.168657
vt 0.287150 0.796315
vt 0.289072 0.795801
vt 0.290914 0.794954
vt 0.289750 0.790293
vt 0.290471 0.788715
vt 0.290984 0.787080
vt 0.524601 0.159164
vt 0.524573 0.160905
vt 0.525035 0.162512
vt 0.525915 0.163912
vt 0.527228 0.164970
vt 0.528733 0.165630
vt 0.285622 0.792814
vt 0.287252 0.792428
vt 0.288644 0.791541
vt 0.526723 0.161676
vt 0.286424 0.788690
vt 0.287489 0.790068
vt 0.495254 0.707004
vt 0.493390 0.686041
vt 0.495313 0.685724
vt 0.497081 0.706973
vt 0.497240 0.685417
vt 0.760752 0.164779
vt 0.769921 0.146103
vt 0.762346 0.165623
vt 0.771785 0.146620
vt 0.763949 0.166458
vt 0.773649 0.147141
vt 0.765557 0.167278
vt 0.775514 0.147665
vt 0.767177 0.168085
vt 0.777383 0.148197
vt 0.768800 0.168883
vt 0.779258 0.148741
vt 0.487954 0.707312
vt 0.487655 0.687035
vt 0.489781 0.707218
vt 0.489548 0.686701
vt 0.491596 0.707131
vt 0.491466 0.686367
vt 0.493421 0.707058
vt 0.488295 0.665170
vt 0.490141 0.664523
vt 0.491992 0.663880
vt 0.773604 0.124959
vt 0.775545 0.125085
vt 0.777489 0.125211
vt 0.779435 0.125337
vt 0.781385 0.125463
vt 0.783342 0.125592
vt 0.482802 0.667107
vt 0.484615 0.666468
vt 0.486452 0.665820
vt 0.479241 0.645414
vt 0.480911 0.644393
vt 0.482589 0.643371
vt 0.772786 0.103304
vt 0.774705 0.102986
vt 0.776628 0.102666
vt 0.778553 0.102345
vt 0.780482 0.102023
vt 0.782417 0.101701
vt 0.474278 0.648456
vt 0.475915 0.647453
vt 0.477573 0.646436
vt 0.465761 0.628153
vt 0.467136 0.626758
vt 0.468518 0.625357
vt 0.766700 0.082512
vt 0.768474 0.081713
vt 0.770250 0.080913
vt 0.772029 0.080111
vt 0.773810 0.079306
vt 0.775598 0.078498
vt 0.461681 0.632300
vt 0.463024 0.630933
vt 0.464388 0.629548
vt 0.448227 0.614839
vt 0.449216 0.613153
vt 0.450207 0.611455
vt 0.755151 0.064130
vt 0.756667 0.062900
vt 0.758185 0.061667
vt 0.759701 0.060429
vt 0.761218 0.059185
vt 0.762737 0.057936
vt 0.445313 0.619862
vt 0.446268 0.618204
vt 0.447244 0.616525
vt 0.427819 0.606209
vt 0.428538 0.604371
vt 0.429302 0.602562
vt 0.739259 0.049018
vt 0.740564 0.047582
vt 0.741802 0.046089
vt 0.742957 0.044531
vt 0.744028 0.042924
vt 0.745047 0.041278
vt 0.426210 0.611844
vt 0.426645 0.609972
vt 0.427183 0.608080
vt 0.405264 0.601756
vt 0.405305 0.599795
vt 0.405269 0.597830
vt 0.718352 0.035787
vt 0.719103 0.033975
vt 0.719981 0.032217
vt 0.720999 0.030541
vt 0.722136 0.028941
vt 0.723338 0.027386
vt 0.404334 0.607522
vt 0.404774 0.605641
vt 0.405093 0.603714
vt 0.498425 0.799657
vt 0.496598 0.799614
vt 0.717400 0.244366
vt 0.718992 0.245180
vt 0.720641 0.245915
vt 0.722316 0.246619
vt 0.723986 0.247339
vt 0.725629 0.248103
vt 0.489253 0.799425
vt 0.491082 0.799418
vt 0.492916 0.799452
vt 0.494759 0.799533
vt 0.498952 0.802607
vt 0.502663 0.811031
vt 0.500843 0.811258
vt 0.497096 0.803074
vt 0.500829 0.802140
vt 0.709611 0.254379
vt 0.717329 0.247766
vt 0.711344 0.255047
vt 0.718831 0.248947
vt 0.712999 0.255839
vt 0.720335 0.250147
vt 0.714602 0.256718
vt 0.721896 0.251310
vt 0.716223 0.257564
vt 0.723506 0.252452
vt 0.717922 0.258252
vt 0.725127 0.253623
vt 0.493517 0.812104
vt 0.491415 0.804470
vt 0.495395 0.811980
vt 0.493332 0.804023
vt 0.497230 0.811839
vt 0.495226 0.803566
vt 0.499039 0.811562
vt 0.500103 0.820181
vt 0.498498 0.819224
vt 0.709617 0.265184
vt 0.711443 0.264682
vt 0.713273 0.264249
vt 0.715099 0.263886
vt 0.716907 0.263524
vt 0.718682 0.263027
vt 0.492275 0.815265
vt 0.493768 0.816465
vt 0.495290 0.817438
vt 0.496883 0.818324
vt 0.493130 0.825191
vt 0.492365 0.823460
vt 0.715373 0.273126
vt 0.716550 0.271609
vt 0.717830 0.270195
vt 0.719167 0.268855
vt 0.720495 0.267515
vt 0.721715 0.266065
vt 0.489603 0.816438
vt 0.489988 0.818353
vt 0.490681 0.820095
vt 0.491518 0.821775
vt 0.483458 0.824269
vt 0.484171 0.822492
vt 0.725938 0.276000
vt 0.725934 0.274043
vt 0.725850 0.272111
vt 0.725741 0.270214
vt 0.725648 0.268341
vt 0.725586 0.266444
vt 0.487044 0.815443
vt 0.486274 0.817258
vt 0.485601 0.819003
vt 0.484901 0.820740
vt 0.477856 0.820273
vt 0.479072 0.818734
vt 0.733373 0.274117
vt 0.732615 0.272337
vt 0.731983 0.270483
vt 0.731415 0.268609
vt 0.730855 0.266759
vt 0.730202 0.264970
vt 0.484003 0.812722
vt 0.482575 0.814113
vt 0.481361 0.815595
vt 0.480225 0.817156
vt 0.473222 0.813531
vt 0.475037 0.812848
vt 0.740805 0.268747
vt 0.739336 0.267506
vt 0.737821 0.266285
vt 0.736297 0.265072
vt 0.734787 0.263850
vt 0.733305 0.262622
vt 0.482239 0.810111
vt 0.480474 0.810802
vt 0.478683 0.811490
vt 0.476865 0.812172
vt 0.472244 0.806801
vt 0.474210 0.806686
vt 0.744202 0.261973
vt 0.742332 0.261335
vt 0.740486 0.260633
vt 0.738667 0.259906
vt 0.736879 0.259165
vt 0.735100 0.258428
vt 0.481917 0.806122
vt 0.479987 0.806213
vt 0.478087 0.806380
vt 0.476163 0.806543
vt 0.473300 0.797653
vt 0.475105 0.798421
vt 0.745821 0.252089
vt 0.743903 0.252202
vt 0.741947 0.252418
vt 0.739952 0.252613
vt 0.737930 0.252692
vt 0.735926 0.252640
vt 0.482685 0.800831
vt 0.480799 0.800348
vt 0.478875 0.799837
vt 0.476961 0.799182
vt 0.476164 0.791938
vt 0.477561 0.793322
vt 0.744353 0.245019
vt 0.742676 0.245886
vt 0.740943 0.246826
vt 0.739083 0.247623
vt 0.737117 0.248124
vt 0.735119 0.248293
vt 0.484552 0.796963
vt 0.482727 0.796350
vt 0.480869 0.795640
vt 0.479125 0.794609
vt 0.480221 0.788459
vt 0.480774 0.790102
vt 0.740488 0.239893
vt 0.739694 0.241421
vt 0.738704 0.242851
vt 0.737392 0.243884
vt 0.735860 0.244506
vt 0.734176 0.244597
vt 0.486247 0.793150
vt 0.484620 0.793035
vt 0.483040 0.792481
vt 0.481746 0.791457
vt 0.736504 0.242220
vt 0.484249 0.788850
vt 0.483047 0.790112
vt 0.479879 0.786780
vt 0.735689 0.240663
vt 0.732567 0.244260
vt 0.500240 0.799631
vt 0.715795 0.246616
vt 0.727235 0.248921
vt 0.489503 0.804994
vt 0.733175 0.248395
vt 0.474797 0.790651
vt 0.733978 0.252586
vt 0.471482 0.797016
vt 0.733229 0.257778
vt 0.470295 0.806858
vt 0.731841 0.261393
vt 0.471440 0.814235
vt 0.729345 0.263212
vt 0.476533 0.821715
vt 0.725489 0.264403
vt 0.482831 0.826075
vt 0.722725 0.264374
vt 0.493758 0.826990
vt 0.720462 0.262223
vt 0.501698 0.821182
vt 0.719692 0.258860
vt 0.504518 0.810890
vt 0.770427 0.169683
vt 0.498917 0.706952
vt 0.403827 0.609378
vt 0.702975 0.017983
vt 0.717672 0.037623
vt 0.383505 0.596623
vt 0.425845 0.613698
vt 0.737916 0.050423
vt 0.444364 0.621509
vt 0.753641 0.065361
vt 0.460348 0.633655
vt 0.764928 0.083311
vt 0.472654 0.649446
vt 0.770867 0.103619
vt 0.480999 0.667736
vt 0.771665 0.124831
vt 0.485772 0.687370
vt 0.768056 0.145591
vt 0.528293 0.160885
vt 0.283992 0.792759
vt 0.524845 0.157458
vt 0.266818 0.799379
vt 0.266255 0.801912
vt 0.531237 0.174253
vt 0.529685 0.179169
vt 0.285272 0.796730
vt 0.518732 0.159384
vt 0.286691 0.800789
vt 0.513465 0.164265
vt 0.286862 0.806170
vt 0.509016 0.173097
vt 0.286099 0.810151
vt 0.507583 0.180418
vt 0.284079 0.812647
vt 0.509923 0.189134
vt 0.280759 0.815225
vt 0.514287 0.195324
vt 0.278054 0.816106
vt 0.524023 0.200131
vt 0.275251 0.814919
vt 0.533579 0.198079
vt 0.273803 0.811803
vt 0.540786 0.190045
vt 0.279033 0.707294
vt 0.562182 0.089148
vt 0.681517 0.011457
vt 0.361740 0.597830
vt 0.656068 0.007388
vt 0.337707 0.602562
vt 0.631778 0.008057
vt 0.316803 0.611455
vt 0.608497 0.014853
vt 0.298492 0.625356
vt 0.587970 0.027639
vt 0.284420 0.643370
vt 0.571386 0.044862
vt 0.275017 0.663877
vt 0.559035 0.064862
vt 0.269769 0.685410
vt 0.640515 0.386098
vt 0.642732 0.385507
vt 0.646755 0.392460
vt 0.640522 0.394131
vt 0.644356 0.383886
vt 0.651317 0.387897
vt 0.644953 0.381671
vt 0.652986 0.381664
vt 0.644362 0.379454
vt 0.651315 0.375431
vt 0.642741 0.377830
vt 0.646751 0.370869
vt 0.640526 0.377233
vt 0.640519 0.369200
vt 0.638309 0.377825
vt 0.634286 0.370871
vt 0.636685 0.379445
vt 0.629724 0.375435
vt 0.636088 0.381660
vt 0.628055 0.381668
vt 0.636680 0.383877
vt 0.629726 0.387900
vt 0.638300 0.385501
vt 0.634290 0.392462
vt 0.633695 0.298688
vt 0.639888 0.300347
vt 0.629160 0.294154
vt 0.627501 0.287960
vt 0.629160 0.281766
vt 0.633694 0.277232
vt 0.639888 0.275572
vt 0.646082 0.277232
vt 0.650616 0.281766
vt 0.652276 0.287960
vt 0.650616 0.294154
vt 0.646082 0.298688
vt 0.637502 0.292093
vt 0.639888 0.292733
vt 0.635755 0.290346
vt 0.635116 0.287960
vt 0.635755 0.285573
vt 0.637502 0.283826
vt 0.639888 0.283187
vt 0.642275 0.283827
vt 0.644022 0.285574
vt 0.644661 0.287960
vt 0.644021 0.290346
vt 0.642274 0.292093
vt 0.637822 0.289153
vt 0.639888 0.287960
vt 0.641955 0.286767
vt 0.724306 0.958499
vt 0.724100 0.954040
vt 0.717903 0.958796
vt 0.717696 0.954337
vt 0.711499 0.959093
vt 0.711293 0.954634
vt 0.705096 0.959390
vt 0.704889 0.954931
vt 0.698693 0.959687
vt 0.698485 0.955229
vt 0.692289 0.959985
vt 0.692082 0.955526
vt 0.685886 0.960284
vt 0.685678 0.955825
vt 0.679482 0.960582
vt 0.679274 0.956123
vt 0.673079 0.960881
vt 0.672871 0.956422
vt 0.666675 0.961180
vt 0.666467 0.956721
vt 0.743517 0.957610
vt 0.737113 0.957906
vt 0.736907 0.953447
vt 0.743311 0.953151
vt 0.730503 0.953744
vt 0.730710 0.958203
vt 0.152430 0.562398
vt 0.151785 0.564608
vt 0.107270 0.551608
vt 0.151139 0.566818
vt 0.106624 0.553818
vt 0.150494 0.569028
vt 0.105979 0.556028
vt 0.149848 0.571239
vt 0.105333 0.558238
vt 0.149203 0.573449
vt 0.104688 0.560448
vt 0.148557 0.575659
vt 0.104042 0.562658
vt 0.147912 0.577869
vt 0.103397 0.564869
vt 0.147266 0.580079
vt 0.102751 0.567079
vt 0.146621 0.582290
vt 0.102106 0.569289
vt 0.145975 0.584500
vt 0.101460 0.571499
vt 0.153076 0.560188
vt 0.153721 0.557977
vt 0.108561 0.547187
vt 0.109206 0.544977
vt 0.107915 0.549397
vt 0.753493 0.120456
vt 0.738936 0.122475
vn -0.320207 0.008707 -0.947308
vn -0.289102 -0.156965 -0.944342
vn -0.289102 -0.156965 -0.944342
vn -0.319765 0.005958 -0.947478
vn -0.388120 0.921292 0.024186
vn -0.410817 0.911655 0.010733
vn -0.350310 0.921073 0.170023
vn -0.344780 0.921468 0.178954
vn -0.877211 -0.480105 -0.000001
vn -0.877211 -0.480105 -0.000001
vn -0.877211 -0.480105 -0.000001
vn -0.877211 -0.480105 -0.000001
vn -0.344784 0.921471 -0.178928
vn -0.388112 0.921295 -0.024180
vn -0.371174 0.928563 -0.000002
vn -0.371174 0.928563 0.000009
vn 0.138649 0.915036 -0.378796
vn 0.284280 0.915625 -0.284280
vn 0.284280 0.915625 -0.284280
vn 0.138649 0.915036 -0.378796
vn -0.388334 0.915625 0.104054
vn -0.388334 0.915625 0.104054
vn -0.284280 0.915625 0.284280
vn -0.284280 0.915625 0.284280
vn -0.289101 -0.156965 0.944342
vn -0.289101 -0.156965 0.944342
vn -0.320207 0.008707 0.947308
vn -0.319765 0.005958 0.947478
vn 0.000000 -1.000000 0.000000
vn 0.000000 -1.000000 0.000000
vn 0.000000 -1.000000 0.000000
vn 0.000000 -1.000000 0.000000
vn 0.000000 -1.000000 0.000000
vn 0.000000 -1.000000 0.000000
vn 0.000000 -1.000000 0.000000
vn 0.000000 -1.000000 0.000000
vn 0.000000 -1.000000 -0.000000
vn 0.000000 -1.000000 -0.000000
vn 0.131669 0.923720 -0.359727
vn 0.000000 0.919459 -0.393186
vn 0.000000 0.919459 -0.393186
vn 0.131669 0.923720 -0.359727
vn 0.541020 0.302954 -0.784549
vn 0.541020 0.302954 -0.784549
vn 0.541020 0.302954 -0.784549
vn 0.541020 0.302954 -0.784549
vn -0.691380 0.209732 -0.691380
vn -0.691380 0.209732 -0.691380
vn -0.336137 0.208937 -0.918345
vn -0.336137 0.208937 -0.918345
vn -0.918392 0.208940 -0.336008
vn -0.918392 0.208940 -0.336008
vn 0.540223 0.302508 0.785269
vn 0.540223 0.302508 0.785269
vn 0.540223 0.302508 0.785269
vn 0.540223 0.302508 0.785269
vn 0.343724 0.000000 -0.939071
vn 0.707107 0.000000 -0.707107
vn 0.707107 0.000000 -0.707107
vn 0.343724 0.000000 -0.939071
vn -0.965926 0.000000 0.258819
vn -0.965926 0.000000 0.258819
vn -0.707107 0.000000 0.707107
vn -0.707107 0.000000 0.707107
vn -0.730476 -0.392010 -0.559225
vn -0.728023 -0.388899 -0.564571
vn -0.789611 -0.461672 -0.404195
vn -0.785651 -0.457844 -0.416091
vn -0.213833 -0.818200 -0.533689
vn -0.211390 -0.815062 -0.539433
vn -0.253447 -0.881973 -0.397351
vn -0.253486 -0.881920 -0.397443
vn 0.000000 0.202885 -0.979203
vn 0.000000 0.202885 -0.979203
vn -0.979202 0.202887 -0.000000
vn -0.979202 0.202887 -0.000000
vn -0.911603 0.291843 -0.289495
vn -0.911459 0.292141 -0.289648
vn -0.960243 0.270860 -0.067589
vn -0.956648 0.273796 -0.099303
vn -0.523519 0.790806 -0.317102
vn -0.468072 0.830558 -0.301799
vn -0.219313 0.914159 -0.340904
vn -0.370471 0.926088 -0.071499
vn -0.833227 -0.510431 -0.212586
vn -0.833227 -0.510431 -0.212586
vn -0.220130 -0.921525 -0.319897
vn -0.220130 -0.921525 -0.319897
vn -0.311381 0.928573 -0.201975
vn -0.213416 0.917373 -0.335977
vn 0.429028 -0.892218 -0.141000
vn 0.428750 -0.892276 -0.141484
vn 0.479187 -0.850641 -0.216311
vn 0.479471 -0.850302 -0.217013
vn -0.934517 0.221001 0.278994
vn -0.934516 0.221001 0.278994
vn -0.004961 0.999951 -0.008592
vn -0.004961 0.999951 -0.008592
vn -0.004961 0.999951 -0.008592
vn -0.004961 0.999951 -0.008592
vn -0.008593 0.999951 -0.004961
vn -0.008593 0.999951 -0.004961
vn -0.008593 0.999951 -0.004961
vn -0.008593 0.999951 -0.004961
vn 0.362218 -0.898022 -0.249709
vn 0.362218 -0.898022 -0.249709
vn -0.294698 0.948366 -0.117282
vn -0.312162 0.934458 -0.171300
vn -0.478693 0.851280 0.214886
vn -0.434864 0.835247 0.336535
vn -0.433806 0.829495 0.351781
vn -0.478998 0.850918 0.215637
vn 0.940002 -0.283771 0.189397
vn 0.910918 -0.292674 0.290812
vn 0.911036 -0.292394 0.290721
vn 0.934455 -0.284733 0.213826
vn -0.394992 0.688617 0.608101
vn -0.394992 0.688617 0.608101
vn 0.934804 -0.235322 -0.266017
vn 0.934804 -0.235322 -0.266017
vn 0.795751 0.456689 0.397762
vn 0.727558 0.388317 0.565570
vn 0.730245 0.391722 0.559729
vn 0.784220 0.449783 0.427428
vn 0.265591 0.829525 0.491273
vn 0.211801 0.815704 0.538301
vn 0.214539 0.819219 0.531839
vn 0.264907 0.842585 0.468908
vn 0.019128 -0.998450 -0.052258
vn 0.039194 -0.998463 -0.039194
vn 0.134225 -0.981818 -0.134225
vn 0.065497 -0.981677 -0.178941
vn -0.039194 -0.998463 0.039194
vn -0.053540 -0.998463 0.014346
vn -0.183355 -0.981818 0.049130
vn -0.134225 -0.981818 0.134225
vn -0.325987 0.091341 -0.940951
vn -0.306535 0.090050 -0.947590
vn 0.841325 0.484311 0.240032
vn 0.841325 0.484311 0.240032
vn 0.266441 0.762567 0.589493
vn 0.266441 0.762567 0.589493
vn -0.445613 0.890098 -0.095680
vn -0.426091 0.868168 -0.254422
vn -0.370003 0.925841 -0.076916
vn -0.361814 0.906363 -0.218165
vn 0.000000 -1.000000 0.000000
vn 0.000000 0.999951 -0.009922
vn 0.000000 0.999951 -0.009922
vn 0.000000 0.999951 -0.009922
vn 0.000000 0.999951 -0.009922
vn -0.009922 0.999951 -0.000000
vn -0.009922 0.999951 0.000000
vn -0.009922 0.999951 0.000000
vn -0.009922 0.999951 -0.000000
vn 0.336137 0.208937 -0.918345
vn 0.336137 0.208937 -0.918345
vn -0.918298 0.208934 0.336268
vn -0.918298 0.208934 0.336267
vn -0.306535 0.090050 0.947590
vn -0.325986 0.091341 0.940952
vn 0.608034 -0.145634 -0.780440
vn 0.608034 -0.145634 -0.780439
vn 0.608034 -0.145634 -0.780439
vn 0.608034 -0.145634 -0.780439
vn -0.643665 -0.317672 -0.696262
vn -0.702998 -0.441582 -0.557493
vn -0.701248 -0.436254 -0.563856
vn -0.638514 -0.309782 -0.704510
vn -0.174155 -0.959654 -0.220759
vn -0.285076 -0.915941 -0.282459
vn -0.278264 -0.919009 -0.279270
vn -0.171028 -0.960696 -0.218662
vn -0.552377 -0.219472 -0.804184
vn -0.543840 -0.213462 -0.811586
vn -0.413030 -0.847825 -0.332565
vn -0.403275 -0.853751 -0.329362
vn 0.000000 -1.000000 0.000000
vn 0.000000 -1.000000 0.000000
vn 0.000000 -1.000000 0.000000
vn 0.000000 -1.000000 0.000000
vn -0.731231 -0.557141 -0.393568
vn -0.731517 -0.559152 -0.390169
vn -0.590926 0.464565 -0.659535
vn -0.768528 0.366293 -0.524589
vn -0.760804 0.371895 -0.531856
vn -0.578279 0.469655 -0.667096
vn -0.441349 -0.174744 -0.880156
vn -0.433583 -0.174114 -0.884133
vn -0.683413 -0.614239 -0.394535
vn -0.683117 -0.614582 -0.394513
vn -0.654865 -0.648301 -0.388403
vn -0.657892 -0.644919 -0.388919
vn -0.089634 -0.984442 -0.151125
vn -0.088750 -0.984664 -0.150199
vn -0.536784 -0.760266 -0.365866
vn -0.545496 -0.753156 -0.367682
vn -0.216810 -0.316605 -0.923447
vn -0.217615 -0.315607 -0.923599
vn -0.331698 -0.202224 -0.921456
vn -0.327841 -0.204771 -0.922274
vn -0.362375 0.516761 -0.775656
vn -0.346902 0.517696 -0.782080
vn 0.215718 -0.938171 0.270742
vn -0.026076 -0.943897 0.329209
vn -0.021103 -0.944372 0.328201
vn 0.217630 -0.937885 0.270201
vn 0.399405 -0.892939 0.207690
vn 0.399444 -0.892926 0.207674
vn -0.585799 -0.701783 0.405390
vn -0.740000 -0.540420 0.400434
vn -0.741324 -0.538769 0.400208
vn -0.584651 -0.702773 0.405332
vn -0.889293 0.263445 -0.373838
vn -0.892704 0.259967 -0.368099
vn -0.311245 -0.871754 0.378381
vn -0.305184 -0.874258 0.377539
vn -0.096663 0.483118 -0.870203
vn -0.083972 0.478963 -0.873809
vn -0.269952 0.924257 0.269952
vn -0.269952 0.924257 0.269952
vn 0.269952 0.924257 -0.269952
vn 0.269952 0.924257 -0.269952
vn 0.350768 0.144578 -0.925235
vn 0.348476 0.147544 -0.925632
vn 0.160800 0.340261 -0.926480
vn 0.167513 0.334547 -0.927372
vn -0.223247 0.936332 -0.271004
vn -0.405972 0.889939 -0.207837
vn -0.397854 0.892806 -0.211208
vn -0.213492 0.937808 -0.273747
vn -0.707102 -0.004255 -0.707099
vn -0.707102 -0.004255 -0.707099
vn -0.343721 -0.004236 -0.939062
vn -0.343722 -0.004236 -0.939062
vn -0.939111 -0.004239 -0.343587
vn -0.939111 -0.004239 -0.343587
vn 0.018698 0.943923 -0.329635
vn 0.026547 0.943182 -0.331215
vn 0.524989 -0.839278 0.141419
vn 0.525437 -0.839049 0.141111
vn -0.739924 -0.641622 -0.202072
vn -0.739937 -0.641973 -0.200906
vn -0.652107 -0.291472 -0.699857
vn -0.652078 -0.291435 -0.699899
vn 0.569086 -0.497437 0.654750
vn 0.579117 -0.494077 0.648469
vn 0.353606 -0.532577 0.768977
vn 0.341395 -0.532748 0.774357
vn -0.163679 -0.339555 0.926235
vn -0.349612 -0.146059 0.925439
vn -0.351742 -0.143299 0.925064
vn -0.169215 -0.334744 0.926991
vn 0.748677 -0.415163 0.516839
vn 0.754833 -0.411304 0.510936
vn -0.125024 -0.703215 -0.699898
vn -0.125053 -0.703252 -0.699856
vn -0.037099 -0.996365 -0.076688
vn -0.036982 -0.996388 -0.076437
vn -0.530620 0.835770 -0.141178
vn -0.526110 0.838089 -0.144277
vn 0.091873 -0.488775 0.867559
vn 0.081926 -0.485202 0.870556
vn -0.707107 0.000636 -0.707107
vn -0.707107 0.000636 -0.707107
vn -0.343723 0.000634 -0.939071
vn -0.343723 0.000634 -0.939071
vn -0.939119 0.000634 -0.343591
vn -0.939119 0.000634 -0.343591
vn 0.305863 0.873329 -0.379137
vn 0.309544 0.871810 -0.379644
vn -0.811093 -0.504050 -0.296751
vn -0.811093 -0.504050 -0.296751
vn -0.610094 -0.505541 -0.610094
vn -0.610094 -0.505541 -0.610093
vn -0.296867 -0.504046 -0.811053
vn -0.296866 -0.504046 -0.811054
vn -0.964311 0.180399 -0.193804
vn -0.965131 0.179381 -0.190642
vn 0.739544 0.540875 -0.400660
vn 0.738155 0.542593 -0.400899
vn 0.580108 0.706152 -0.405985
vn 0.582002 0.704537 -0.406080
vn 0.284142 0.916194 0.282580
vn 0.175476 0.959340 0.221077
vn 0.177216 0.958747 0.222260
vn 0.283624 0.916430 0.282337
vn -0.387509 0.898866 0.204637
vn -0.396499 0.897236 0.194311
vn -0.421287 0.888656 0.181131
vn -0.308505 0.943763 0.118893
vn -0.325408 -0.322063 -0.889036
vn -0.325408 -0.322063 -0.889036
vn -0.669152 -0.323211 -0.669156
vn -0.669153 -0.323211 -0.669155
vn -0.889080 -0.322068 -0.325284
vn -0.889080 -0.322068 -0.325283
vn 0.646457 0.272562 0.712604
vn 0.651968 0.278796 0.705132
vn 0.551853 0.197358 0.810252
vn 0.543762 0.193067 0.816730
vn 0.723862 0.382755 0.574040
vn 0.726195 0.387267 0.568036
vn 0.875508 -0.322341 0.359975
vn 0.878244 -0.319929 0.355434
vn 0.407282 0.851113 0.331252
vn 0.410937 0.848890 0.332439
vn 0.607148 -0.145422 0.781168
vn 0.607148 -0.145422 0.781168
vn 0.607148 -0.145422 0.781168
vn 0.607148 -0.145422 0.781168
vn -0.000000 0.999951 -0.009922
vn -0.000000 0.999951 -0.009922
vn -0.009922 0.999951 -0.000000
vn -0.009922 0.999951 -0.000000
vn -0.888929 0.324529 -0.323244
vn -0.888892 0.324576 -0.323297
vn 0.331214 0.199974 0.922121
vn 0.218392 0.314523 0.923786
vn 0.217664 0.315427 0.923649
vn 0.327779 0.202384 0.922823
vn 0.438630 0.166160 0.883173
vn 0.431728 0.166207 0.886559
vn 0.095264 0.983565 0.153378
vn 0.093490 0.984030 0.151474
vn 0.771302 0.492248 0.403466
vn 0.771891 0.494063 0.400109
vn 0.539156 0.758299 0.366460
vn 0.543683 0.754611 0.367383
vn 0.598119 -0.798188 0.071755
vn 0.598297 -0.798078 0.071493
vn 0.654180 0.649140 0.388157
vn 0.683415 0.614256 0.394504
vn 0.683705 0.613920 0.394525
vn 0.656146 0.646948 0.388497
vn 0.529979 -0.783966 -0.323295
vn 0.529942 -0.784013 -0.323242
vn -0.601149 0.795762 -0.073371
vn -0.602411 0.794977 -0.071504
vn -0.454905 0.853364 0.254620
vn -0.386880 0.893455 0.228173
vn 0.000000 -1.000000 -0.000002
vn 0.000000 -1.000000 -0.000002
vn 0.000000 -1.000000 -0.000002
vn 0.000000 -1.000000 -0.000002
vn 0.000000 -1.000000 0.000000
vn 0.000000 -1.000000 0.000000
vn 0.000000 -1.000000 0.000000
vn 0.000000 -1.000000 0.000000
vn 0.950016 -0.251162 0.185438
vn 0.950679 -0.250455 0.182983
vn -0.554041 -0.165808 -0.815810
vn -0.554012 -0.165771 -0.815838
vn -0.146721 0.312057 -0.938666
vn -0.319478 0.134737 -0.937966
vn -0.320993 0.132803 -0.937724
vn -0.153991 0.305787 -0.939564
vn 0.043540 0.995979 0.078299
vn 0.042909 0.996115 0.076908
vn -0.280858 0.952300 0.119348
vn -0.704015 0.659031 0.264654
vn 0.303839 -0.185467 -0.934497
vn 0.199659 -0.288817 -0.936334
vn 0.198357 -0.290455 -0.936104
vn 0.300667 -0.187514 -0.935114
vn -0.026818 -0.577660 -0.815837
vn -0.026847 -0.577697 -0.815810
vn -0.740894 -0.671622 -0.000001
vn -0.740894 -0.671622 -0.000001
vn -0.529942 0.784011 0.323245
vn -0.529979 0.783965 0.323298
vn -0.507511 -0.831647 -0.225379
vn -0.514217 -0.823979 -0.237990
vn -0.493489 -0.858221 -0.141161
vn -0.498193 -0.855234 -0.142753
vn 0.793982 0.571145 0.208293
vn 0.794056 0.571479 0.207090
vn -0.568040 0.694852 -0.441035
vn -0.725703 0.532467 -0.435699
vn -0.726146 0.531929 -0.435619
vn -0.573086 0.690523 -0.441305
vn 0.178281 -0.876307 -0.447551
vn 0.136312 -0.772428 -0.620302
vn 0.137128 -0.773776 -0.618439
vn 0.175923 -0.880690 -0.439813
vn -0.019314 -0.999814 -0.000001
vn -0.019314 -0.999814 -0.000001
vn -0.024311 0.998079 0.056979
vn -0.875008 -0.349521 0.334958
vn -0.875460 -0.350656 0.332582
vn -0.908532 -0.306527 0.283919
vn -0.923076 -0.288323 0.254561
vn -0.397514 0.917012 0.032727
vn -0.411494 0.883524 0.223734
vn -0.220873 0.917245 0.331477
vn 0.644537 -0.637070 -0.422745
vn 0.671720 -0.603872 -0.429104
vn 0.671534 -0.604089 -0.429089
vn 0.646435 -0.634911 -0.423095
vn 0.888892 -0.324577 0.323295
vn 0.888929 -0.324531 0.323243
vn -0.988776 0.149406 0.000001
vn -0.988776 0.149406 0.000000
vn -0.843613 0.382616 -0.376726
vn -0.843576 0.382663 -0.376761
vn -0.919577 0.152100 0.362277
vn -0.671828 0.603777 0.429069
vn -0.672015 0.603559 0.429084
vn -0.643872 0.637919 0.422478
vn -0.644763 0.636909 0.422644
vn 0.727937 -0.529875 0.435132
vn 0.727537 -0.530365 0.435204
vn 0.573620 -0.690658 0.440398
vn 0.575724 -0.688833 0.440513
vn 0.000000 -1.000000 -0.000000
vn 0.000000 -1.000000 -0.000000
vn 0.742025 -0.441259 -0.504668
vn 0.676443 -0.314782 -0.665836
vn 0.681456 -0.324791 -0.655842
vn 0.752008 -0.459045 -0.473035
vn 0.000000 0.000615 -1.000000
vn 0.000000 0.000615 -1.000000
vn -1.000000 0.000615 0.000000
vn -1.000000 0.000615 0.000000
vn 0.575377 -0.725943 -0.376760
vn 0.575340 -0.725990 -0.376726
vn -0.199133 0.289366 0.936276
vn -0.200364 0.287814 0.936492
vn -0.303371 0.183386 0.935059
vn -0.300572 0.185307 0.935584
vn 0.321897 -0.131634 0.937579
vn 0.320529 -0.133382 0.937801
vn 0.149347 -0.311445 0.938455
vn 0.155557 -0.305976 0.939245
vn 0.125054 0.703251 0.699857
vn 0.125025 0.703214 0.699899
vn 0.622072 -0.782960 -0.000000
vn 0.622072 -0.782960 -0.000000
vn -0.682271 0.326193 0.654297
vn -0.676254 0.314203 0.666301
vn -0.740979 0.438174 0.508874
vn -0.751718 0.456184 0.476252
vn 0.144474 0.989481 0.007446
vn -0.625782 0.779998 -0.000000
vn -0.625782 0.779998 -0.000000
vn 0.652079 0.291436 0.699899
vn 0.652108 0.291473 0.699856
vn 0.000000 -0.004107 -0.999992
vn 0.000000 -0.004107 -0.999992
vn -0.999992 -0.004110 -0.000000
vn -0.999992 -0.004110 -0.000000
vn -0.133325 0.921709 -0.364249
vn -0.133325 0.921709 -0.364249
vn 0.924327 0.283808 -0.255095
vn 0.878312 0.346708 -0.329184
vn 0.878538 0.344943 -0.330432
vn 0.939334 0.261925 -0.221464
vn 0.974446 -0.224623 0.000000
vn 0.974446 -0.224623 0.000000
vn 0.025855 0.999666 -0.000000
vn 0.025855 0.999666 0.000000
vn -0.575339 0.725989 0.376728
vn -0.575376 0.725942 0.376762
vn -0.138509 0.776090 0.615223
vn -0.137028 0.773649 0.618620
vn -0.177794 0.876839 0.446702
vn -0.175627 0.881094 0.439123
vn 0.000000 -0.492548 -0.870285
vn 0.000000 -0.492548 -0.870285
vn -0.870286 -0.492548 0.000000
vn -0.870286 -0.492548 0.000000
vn 0.000000 -0.997418 -0.071816
vn 0.000000 -0.980551 -0.196265
vn -0.953433 0.229684 0.195477
vn -0.994706 0.102767 0.000128
vn -0.994705 0.102767 0.000128
vn -0.958785 0.219844 0.180001
vn 0.800253 0.599663 0.000000
vn 0.800253 0.599663 -0.000000
vn -0.511792 0.816090 -0.268451
vn -0.566934 0.730559 -0.380616
vn -0.566934 0.730559 -0.380616
vn -0.515293 0.811664 -0.275091
vn 0.505232 0.846065 0.170042
vn 0.515753 0.822550 0.239606
vn 0.510305 0.828898 0.229166
vn 0.510727 0.842015 0.173690
vn -0.000000 -0.313299 -0.949655
vn -0.000000 -0.313299 -0.949655
vn -0.949655 -0.313299 -0.000000
vn -0.949655 -0.313299 -0.000000
vn 0.843575 -0.382664 0.376761
vn 0.843612 -0.382617 0.376727
vn -0.776915 -0.459177 0.430767
vn -0.812803 -0.532809 0.235515
vn -0.812803 -0.532809 0.235515
vn -0.780718 -0.465255 0.417153
vn 0.098652 0.874704 -0.474510
vn 0.098652 0.874705 -0.474510
vn 0.178448 0.861961 -0.474530
vn 0.174815 0.862669 -0.474597
vn -0.529668 -0.827266 -0.187306
vn -0.527260 -0.826175 -0.198574
vn 0.000000 -1.000000 0.000000
vn 0.000000 -1.000000 0.000000
vn 0.000000 -1.000000 0.000000
vn 0.000000 -1.000000 0.000000
vn 0.000000 -1.000000 0.000000
vn 0.000000 -1.000000 0.000000
vn 0.000000 -1.000000 0.000000
vn 0.000000 -1.000000 0.000000
vn -0.284728 -0.827530 0.483865
vn -0.551655 -0.645008 0.528811
vn -0.551655 -0.645008 0.528811
vn -0.276120 -0.831707 0.481687
vn 0.162098 -0.904026 -0.395553
vn 0.158325 -0.909431 -0.384536
vn 0.000000 -1.000000 0.000000
vn 0.026847 0.577698 0.815809
vn 0.026817 0.577661 0.815836
vn -0.959957 -0.250662 0.125105
vn -0.964486 -0.250204 0.084646
vn 0.693203 0.650419 -0.310522
vn 0.693203 0.650419 -0.310522
vn 0.737166 0.508345 -0.445166
vn 0.735595 0.516316 -0.438540
vn -0.565987 -0.599431 -0.565987
vn -0.650482 -0.392105 -0.650482
vn -0.316391 -0.390788 -0.864396
vn -0.275518 -0.597905 -0.752728
vn -0.752764 -0.597910 -0.275410
vn -0.864440 -0.390793 -0.316268
vn 0.554014 0.165771 0.815836
vn 0.554043 0.165809 0.815809
vn -0.739941 -0.641968 0.200908
vn -0.739928 -0.641617 0.202075
vn -0.214724 0.919175 0.330169
vn 0.938194 0.344658 0.031674
vn 0.938194 0.344658 0.031674
vn 0.964750 -0.145006 -0.219615
vn 0.956326 -0.175516 -0.233742
vn 0.481046 -0.862999 0.154362
vn 0.485051 -0.861459 0.150383
vn -0.965131 0.179378 0.190644
vn -0.964311 0.180397 0.193806
vn -0.554289 -0.807241 -0.202795
vn -0.416273 -0.808353 -0.416272
vn -0.202875 -0.807238 -0.554265
vn -0.036980 -0.996388 0.076436
vn -0.037098 -0.996365 0.076687
vn 0.774672 -0.512986 -0.369768
vn 0.779510 -0.536662 -0.323045
vn -0.443194 -0.023819 -0.896109
vn -0.443172 -0.023791 -0.896121
vn -0.783809 0.503724 0.363188
vn -0.796033 0.516126 0.316140
vn 0.084128 -0.435766 -0.896120
vn 0.084107 -0.435794 -0.896108
vn 0.598301 -0.798076 -0.071493
vn 0.598123 -0.798186 -0.071755
vn -0.707107 0.000000 0.707107
vn -0.707107 0.000000 0.707107
vn -0.343724 0.000000 0.939071
vn -0.343724 0.000000 0.939071
vn 0.707107 0.000000 -0.707107
vn 0.965926 0.000000 -0.258819
vn 0.965926 0.000000 -0.258819
vn 0.707107 0.000000 -0.707107
vn 0.691380 0.209732 -0.691381
vn 0.691380 0.209732 -0.691380
vn -0.691380 0.209731 0.691380
vn -0.691380 0.209731 0.691380
vn -0.602409 0.794979 0.071503
vn -0.601147 0.795764 0.073370
vn 0.400687 -0.160677 -0.902016
vn 0.406774 -0.161242 -0.899186
vn 0.343723 0.000634 -0.939071
vn 0.343723 0.000634 -0.939071
vn 0.290514 0.932163 -0.216040
vn 0.210699 0.918493 -0.334630
vn 0.211143 0.921123 -0.327035
vn 0.283854 0.942035 -0.178876
vn -0.939022 0.000634 0.343856
vn -0.939022 0.000634 0.343856
vn -0.792416 0.448212 -0.413743
vn -0.792389 0.448247 -0.413757
vn 0.075572 0.441867 -0.893892
vn 0.091173 0.447308 -0.889721
vn 0.979299 0.194459 -0.056216
vn 0.983061 0.183182 -0.006043
vn 0.358697 0.903019 -0.236418
vn 0.423458 0.868754 -0.256807
vn 0.535096 -0.743948 -0.400267
vn 0.530847 -0.747500 -0.399307
vn -0.184840 0.889266 0.418378
vn -0.197556 0.881350 0.429179
vn 0.950678 -0.250456 -0.182982
vn 0.950016 -0.251163 -0.185437
vn -0.721290 -0.381487 0.578108
vn -0.720304 -0.380227 0.580163
vn -0.501215 -0.810537 -0.303006
vn -0.501215 -0.810537 -0.303006
vn -0.202300 -0.801910 0.562152
vn -0.200752 -0.799904 0.565554
vn -0.053540 -0.998463 -0.014346
vn -0.183355 -0.981818 -0.049130
vn -0.309748 0.855873 -0.414171
vn -0.295709 0.861823 -0.412088
vn 0.042911 0.996114 -0.076908
vn 0.043541 0.995979 -0.078299
vn 0.626629 -0.660408 -0.413760
vn 0.626601 -0.660444 -0.413745
vn -0.912730 0.290929 0.286854
vn -0.912705 0.290970 0.286889
vn -0.959451 -0.239598 -0.148482
vn -0.959451 -0.239598 -0.148482
vn 0.432385 0.865313 -0.253528
vn 0.388339 0.919407 -0.062323
vn 0.487892 -0.838988 0.240955
vn 0.488648 -0.838023 0.242777
vn 0.305494 -0.858463 0.411964
vn 0.300903 -0.860412 0.411277
vn 0.146720 -0.924915 -0.350722
vn 0.146720 -0.924915 -0.350722
vn -0.533365 0.745352 0.399965
vn -0.533148 0.745533 0.399917
vn 0.537334 0.781748 0.316452
vn 0.538843 0.785870 0.303408
vn 0.794055 0.571481 -0.207090
vn 0.793980 0.571147 -0.208293
vn 0.000000 0.917350 -0.398082
vn 0.000000 0.917350 -0.398082
vn -0.398083 0.917350 -0.000000
vn -0.398083 0.917350 -0.000000
vn -0.487715 0.839252 -0.240395
vn -0.488513 0.838233 -0.242325
vn -0.073738 -0.447815 0.891081
vn -0.086809 -0.452809 0.887371
vn -0.398791 0.153256 0.904145
vn -0.404073 0.153292 0.901791
vn 0.912204 -0.291453 -0.287993
vn 0.912182 -0.291492 -0.288022
vn 0.201949 0.801452 -0.562931
vn 0.200242 0.799237 -0.566678
vn 0.720168 0.380199 -0.580350
vn 0.719114 0.378851 -0.582535
vn -0.819053 0.543178 0.184690
vn -0.819053 0.543178 0.184690
vn -0.626602 0.660444 0.413743
vn -0.626630 0.660408 0.413758
vn 0.343722 -0.004236 -0.939062
vn 0.343721 -0.004236 -0.939062
vn -0.939014 -0.004235 0.343853
vn -0.939014 -0.004235 0.343853
vn 0.350310 0.921073 -0.170023
vn 0.344784 0.921471 -0.178928
vn 0.388112 0.921295 -0.024180
vn 0.410817 0.911655 -0.010734
vn 0.781520 -0.595191 -0.187013
vn 0.781520 -0.595191 -0.187013
vn 0.792388 -0.448248 0.413758
vn 0.792415 -0.448213 0.413743
vn 0.371174 0.928563 -0.000002
vn 0.371174 0.928563 0.000009
vn -0.705541 0.066508 -0.705541
vn -0.342969 0.066245 -0.937008
vn -0.937056 0.066246 -0.342837
vn 0.004961 0.999951 -0.008592
vn 0.004961 0.999951 -0.008592
vn 0.004961 0.999951 -0.008592
vn 0.004961 0.999951 -0.008592
vn -0.008593 0.999951 0.004961
vn -0.008593 0.999951 0.004961
vn -0.008593 0.999951 0.004961
vn -0.008593 0.999951 0.004961
vn 0.296866 -0.504046 -0.811053
vn 0.296867 -0.504046 -0.811053
vn -0.811014 -0.504042 0.296982
vn -0.811014 -0.504042 0.296982
vn -0.234235 0.856560 0.459825
vn -0.234235 0.856560 0.459825
vn -0.084107 0.435794 0.896108
vn -0.084129 0.435766 0.896120
vn 0.963995 0.121808 0.236384
vn 0.963995 0.121808 0.236384
vn 0.000000 -1.000000 0.000000
vn 0.000000 -1.000000 0.000000
vn 0.000000 -1.000000 0.000000
vn 0.000000 -1.000000 0.000000
vn 0.443175 0.023792 0.896119
vn 0.443197 0.023820 0.896108
vn 0.325409 -0.322064 -0.889036
vn 0.325408 -0.322064 -0.889036
vn -0.888991 -0.322059 0.325536
vn -0.888991 -0.322060 0.325536
vn 0.385186 0.920550 -0.064963
vn 0.328525 0.927015 -0.180875
vn 0.501739 0.700689 0.507241
vn 0.501739 0.700689 0.507241
vn 0.000000 -0.598392 -0.801203
vn 0.000000 -0.798479 -0.602022
vn -0.801204 -0.598392 -0.000000
vn -0.602022 -0.798480 0.000000
vn -0.731518 -0.559150 0.390170
vn -0.731232 -0.557139 0.393569
vn -0.019128 -0.998450 -0.052258
vn -0.065497 -0.981677 -0.178941
vn -0.088750 -0.984664 0.150201
vn -0.089634 -0.984442 0.151126
vn -0.892704 0.259967 0.368098
vn -0.889293 0.263445 0.373837
vn 0.000000 -0.390566 -0.920575
vn -0.920575 -0.390566 -0.000000
vn 0.334130 0.923441 -0.188714
vn 0.358088 0.914429 -0.188661
vn 0.525440 -0.839048 -0.141112
vn 0.524991 -0.839276 -0.141419
vn 0.344780 0.921468 0.178954
vn 0.388119 0.921292 0.024186
vn -0.530615 0.835773 0.141179
vn -0.526105 0.838091 0.144278
vn 0.878245 -0.319928 -0.355433
vn 0.875509 -0.322340 -0.359974
vn 0.093491 0.984030 -0.151474
vn 0.095266 0.983565 -0.153379
vn 0.771889 0.494065 -0.400109
vn 0.771300 0.492251 -0.403466
vn 0.133325 0.921709 -0.364249
vn 0.133325 0.921709 -0.364249
vn -0.393822 0.918999 0.018574
vn -0.975361 0.220614 -0.000000
vn -0.975361 0.220614 -0.000000
vn -0.975361 0.220614 -0.000000
vn -0.975361 0.220614 -0.000000
vn 0.404556 -0.839708 -0.362249
vn 0.401417 -0.841697 -0.361125
vn 0.508678 -0.199958 -0.837415
vn 0.515326 -0.204494 -0.832239
vn -0.637714 -0.669761 -0.380449
vn -0.635766 -0.672139 -0.379515
vn 0.027480 -0.932440 0.360278
vn 0.018612 -0.933408 0.358334
vn 0.322492 0.485540 -0.812558
vn 0.342766 0.484997 -0.804543
vn -0.138649 0.915036 0.378796
vn -0.138649 0.915036 0.378796
vn 0.388334 0.915625 -0.104054
vn 0.388334 0.915625 -0.104054
vn -0.091973 -0.470764 -0.877452
vn -0.090236 -0.472891 -0.876488
vn -0.032875 0.931026 -0.363469
vn -0.011451 0.933341 -0.358810
vn -0.317739 -0.500116 0.805559
vn -0.334886 -0.500482 0.798354
vn -0.405299 0.838974 0.363117
vn -0.402537 0.840725 0.362140
vn -0.508210 0.180616 0.842081
vn -0.514315 0.183785 0.837677
vn -0.804144 -0.456738 0.380451
vn -0.805980 -0.454273 0.379517
vn -0.584381 -0.733931 -0.346186
vn -0.581752 -0.737047 -0.343986
vn 0.027487 -0.615104 -0.787967
vn 0.029723 -0.617768 -0.785798
vn 0.707107 0.000636 -0.707107
vn 0.707107 0.000636 -0.707107
vn -0.707107 0.000636 0.707107
vn -0.707107 0.000636 0.707107
vn 0.480674 -0.026847 -0.876488
vn 0.479030 -0.024646 -0.877452
vn 0.202875 -0.807238 -0.554265
vn 0.275518 -0.597905 -0.752728
vn -0.554241 -0.807234 0.202955
vn -0.752693 -0.597900 0.275625
vn -0.853506 -0.389467 0.346183
vn -0.855893 -0.386163 0.343984
vn 0.000000 0.063704 -0.997969
vn -0.997969 0.063704 -0.000000
vn -0.479029 0.024647 0.877453
vn -0.480673 0.026847 0.876489
vn 0.592227 -0.178293 -0.785798
vn 0.590182 -0.175480 -0.787967
vn -0.039194 -0.998463 -0.039194
vn -0.134225 -0.981818 -0.134225
vn -0.171032 -0.960694 0.218668
vn -0.174160 -0.959652 0.220765
vn -0.702997 -0.441586 0.557492
vn -0.701247 -0.436257 0.563854
vn 0.399446 -0.892924 -0.207676
vn 0.399407 -0.892938 -0.207692
vn 0.350310 0.921073 0.170023
vn 0.410817 0.911655 0.010733
vn -0.768530 0.366293 0.524587
vn -0.760806 0.371895 0.531854
vn 0.805980 0.454273 -0.379517
vn 0.804144 0.456738 -0.380450
vn 0.000000 -1.000000 0.000000
vn 0.000000 -1.000000 0.000000
vn -0.343724 0.000000 0.939071
vn -0.343724 0.000000 0.939071
vn 0.965926 0.000000 -0.258819
vn 0.965926 0.000000 -0.258819
vn -0.590181 0.175479 0.787968
vn -0.592226 0.178293 0.785799
vn 0.754834 -0.411304 -0.510935
vn 0.748678 -0.415163 -0.516837
vn 0.316391 -0.390788 -0.864396
vn -0.864353 -0.390784 0.316513
vn -0.405967 0.889940 0.207839
vn -0.397849 0.892808 0.211210
vn 0.090236 0.472890 0.876489
vn 0.091973 0.470763 0.877453
vn 0.726194 0.387269 -0.568037
vn 0.723861 0.382757 -0.574041
vn 0.175475 0.959340 -0.221078
vn 0.177215 0.958747 -0.222261
vn 0.635766 0.672138 0.379517
vn 0.637713 0.669760 0.380451
vn 0.855893 0.386162 -0.343985
vn 0.853505 0.389467 -0.346185
vn -0.707100 -0.004254 0.707100
vn -0.707100 -0.004254 0.707100
vn 0.707101 -0.004255 -0.707099
vn 0.707102 -0.004255 -0.707099
vn 0.000000 -1.000000 -0.000001
vn 0.000000 -1.000000 -0.000001
vn 0.000000 -1.000000 -0.000001
vn 0.000000 -1.000000 -0.000001
vn 0.000000 -1.000000 0.000000
vn 0.000000 -1.000000 0.000000
vn 0.000000 -1.000000 0.000000
vn 0.000000 -1.000000 0.000000
vn 0.278884 -0.909633 -0.307882
vn 0.279069 -0.909544 -0.307977
vn -0.029723 0.617767 0.785799
vn -0.027487 0.615103 0.787967
vn -0.541020 0.302954 -0.784549
vn -0.541020 0.302954 -0.784549
vn -0.541020 0.302954 -0.784549
vn -0.541020 0.302954 -0.784549
vn -0.209910 -0.931082 0.298368
vn -0.220462 -0.929674 0.295132
vn 0.606649 -0.295181 -0.738137
vn 0.610455 -0.300508 -0.732830
vn 0.581752 0.737047 0.343986
vn 0.584381 0.733931 0.346186
vn -0.540846 -0.475875 0.693563
vn -0.556253 -0.471559 0.684262
vn -0.610094 -0.505541 0.610093
vn -0.610094 -0.505541 0.610093
vn 0.610094 -0.505541 -0.610093
vn 0.610094 -0.505541 -0.610093
vn 0.548661 0.448786 -0.705381
vn 0.566723 0.442497 -0.694997
vn -0.613583 0.259365 0.745819
vn -0.617457 0.263441 0.741179
vn -0.284283 0.906809 0.311256
vn -0.278004 0.909853 0.308030
vn 0.205742 0.930786 -0.302171
vn 0.227852 0.927796 -0.295429
vn 0.289102 -0.156965 -0.944342
vn 0.289102 -0.156965 -0.944342
vn 0.320207 0.008707 -0.947308
vn 0.319765 0.005958 -0.947478
vn 0.325179 0.939025 0.111760
vn 0.392133 0.917862 0.061330
vn -0.067308 0.997700 -0.008046
vn 0.194062 0.922938 0.332455
vn 0.074776 0.988639 0.130390
vn 0.391159 0.904421 0.170346
vn -0.669154 -0.323211 0.669155
vn -0.669153 -0.323211 0.669156
vn 0.669153 -0.323211 -0.669155
vn 0.669152 -0.323211 -0.669156
vn 0.395628 0.894960 0.206217
vn 0.395434 0.915838 0.069799
vn -0.426054 0.870614 0.245988
vn -0.540223 0.302508 0.785269
vn -0.540223 0.302508 0.785269
vn -0.540223 0.302508 0.785269
vn -0.540223 0.302508 0.785269
vn -0.180592 0.920909 0.345417
vn -0.183552 0.920661 0.344517
vn 0.299801 0.912091 0.279659
vn 0.212169 0.917219 0.337186
vn 0.404656 0.882466 0.239806
vn -0.833621 0.493133 -0.248790
vn -0.835660 0.540313 -0.098663
vn -0.835660 0.540312 -0.098663
vn -0.830152 0.480285 -0.283151
vn -0.947066 -0.317124 -0.049978
vn -0.887663 -0.459831 -0.024692
vn -0.887663 -0.459831 -0.024692
vn -0.954828 -0.292185 -0.054139
vn -0.231703 0.902597 -0.362813
vn -0.191085 0.944818 -0.266093
vn -0.191085 0.944818 -0.266093
vn -0.239299 0.892991 -0.381185
vn 0.443045 0.840456 -0.312002
vn 0.443045 0.840456 -0.312002
vn 0.472811 0.824552 -0.310747
vn 0.471034 0.825536 -0.310832
vn 0.383196 0.902103 0.198422
vn -0.441841 -0.896708 -0.026298
vn -0.441841 -0.896708 -0.026298
vn -0.480200 -0.861522 0.164886
vn -0.483481 -0.855148 0.186998
vn 0.932887 0.328551 -0.147567
vn 0.932887 0.328551 -0.147567
vn 0.963757 0.264801 -0.032443
vn 0.966279 0.256825 -0.018586
vn 0.000000 -1.000000 0.000000
vn 0.000000 -1.000000 0.000000
vn -0.278266 -0.919007 0.279273
vn -0.285078 -0.915940 0.282462
vn 0.108899 -0.988308 0.106715
vn 0.108899 -0.988308 0.106715
vn 0.205190 -0.927033 0.313860
vn 0.231384 -0.899110 0.371568
vn 0.217631 -0.937885 -0.270201
vn 0.215719 -0.938171 -0.270742
vn 0.847080 -0.517788 0.119799
vn 0.847080 -0.517788 0.119799
vn 0.836185 -0.481049 0.263415
vn 0.830814 -0.470635 0.297070
vn -0.643665 -0.317672 0.696262
vn -0.638515 -0.309782 0.704510
vn -0.336138 0.208937 0.918345
vn -0.336137 0.208937 0.918345
vn 0.918392 0.208940 -0.336008
vn 0.918392 0.208940 -0.336008
vn 0.579117 -0.494077 -0.648468
vn 0.569086 -0.497438 -0.654750
vn -0.004961 0.999951 0.008592
vn -0.004961 0.999951 0.008592
vn -0.004961 0.999951 0.008592
vn -0.004961 0.999951 0.008592
vn 0.008593 0.999951 -0.004961
vn 0.008593 0.999951 -0.004961
vn 0.008593 0.999951 -0.004961
vn 0.008593 0.999951 -0.004961
vn -0.590926 0.464563 0.659536
vn -0.578280 0.469654 0.667097
vn 0.342969 0.066245 -0.937008
vn -0.936960 0.066245 0.343101
vn 0.651966 0.278797 -0.705133
vn 0.646455 0.272562 -0.712605
vn -0.223245 0.936332 0.271005
vn -0.213490 0.937808 0.273748
vn 0.284141 0.916195 -0.282581
vn 0.283622 0.916430 -0.282338
vn -0.939442 -0.279603 -0.198167
vn -0.934430 -0.286083 -0.212124
vn 0.172695 -0.954643 -0.242555
vn 0.170277 -0.955529 -0.240770
vn -0.483732 -0.838886 0.249549
vn -0.481720 -0.842370 0.241577
vn -0.393405 -0.889991 0.230541
vn -0.402053 -0.887127 0.226627
vn 0.320207 0.008707 0.947308
vn 0.289101 -0.156965 0.944342
vn 0.289101 -0.156965 0.944342
vn 0.319764 0.005958 0.947478
vn -0.416273 -0.808353 0.416273
vn -0.565987 -0.599431 0.565987
vn 0.416273 -0.808353 -0.416272
vn 0.565987 -0.599431 -0.565987
vn -0.725193 -0.404347 0.557314
vn -0.735712 -0.398652 0.547543
vn -0.772393 0.408527 -0.486328
vn -0.772174 0.408342 -0.486830
vn 0.678120 -0.422981 -0.601033
vn 0.679165 -0.425582 -0.598009
vn -0.235589 0.834846 -0.497523
vn -0.231992 0.833133 -0.502065
vn 0.230969 -0.831761 0.504804
vn 0.233946 -0.833215 0.501021
vn -0.691671 0.207807 -0.691670
vn -0.336278 0.207019 -0.918728
vn -0.918775 0.207021 -0.336148
vn -0.699298 0.370661 0.611222
vn -0.700551 0.372764 0.608502
vn 0.735694 0.361934 -0.572502
vn 0.747948 0.354145 -0.561387
vn -0.178764 0.952525 0.246454
vn -0.171623 0.955203 0.241107
vn 0.391774 0.889712 -0.234365
vn 0.408545 0.884113 -0.226792
vn 0.484783 0.836478 -0.255518
vn 0.482188 0.840993 -0.245408
vn 0.776234 -0.411887 0.477294
vn 0.775209 -0.411004 0.479715
vn -0.004897 -0.999988 0.000001
vn -0.004897 -0.999984 -0.002755
vn -0.004897 -0.999984 -0.002755
vn -0.004897 -0.999988 0.000000
vn 0.945705 0.270634 0.180000
vn 0.939904 0.278718 0.197222
vn -0.343723 0.000634 0.939071
vn -0.343723 0.000634 0.939071
vn 0.939119 0.000634 -0.343591
vn 0.939119 0.000634 -0.343591
vn 0.012614 0.999917 0.002638
vn 0.012614 0.999917 0.002638
vn 0.012613 0.999920 0.000000
vn 0.012613 0.999921 0.000002
vn -0.888409 -0.338812 -0.309735
vn -0.886720 -0.341321 -0.311813
vn -0.513167 -0.817816 0.260455
vn -0.518551 -0.811965 0.267991
vn 0.000000 -1.000000 0.000000
vn 0.000000 -1.000000 0.000000
vn -0.691150 0.315692 -0.650115
vn -0.686590 0.309234 -0.658003
vn -0.021102 -0.944371 -0.328205
vn -0.026075 -0.943896 -0.329213
vn -0.403275 -0.853751 0.329361
vn -0.413030 -0.847825 0.332564
vn 0.353606 -0.532578 -0.768975
vn 0.341395 -0.532750 -0.774356
vn -0.552377 -0.219473 0.804184
vn -0.543840 -0.213463 0.811586
vn 0.146387 -0.756377 0.637546
vn 0.147264 -0.757382 0.636150
vn -0.147700 0.757986 -0.635328
vn -0.148445 0.758839 -0.634135
vn 0.551851 0.197358 -0.810253
vn 0.543760 0.193067 -0.816732
vn -0.521779 -0.838388 0.157643
vn -0.526572 -0.836055 0.154062
vn 0.089963 -0.981771 -0.167430
vn 0.087760 -0.982401 -0.164884
vn -0.362375 0.516761 0.775656
vn -0.346902 0.517697 0.782080
vn 0.512480 0.818587 -0.259385
vn 0.517962 0.812645 -0.267065
vn 0.650482 -0.392105 -0.650482
vn -0.650482 -0.392105 0.650482
vn 0.690651 -0.315028 0.650968
vn 0.686303 -0.308873 0.658472
vn 0.407282 0.851114 -0.331249
vn 0.410937 0.848892 -0.332436
vn -0.861971 -0.318573 0.394357
vn -0.867197 -0.314629 0.385977
vn 0.018698 0.943923 0.329635
vn 0.026547 0.943182 0.331215
vn 0.888741 0.338413 0.309219
vn 0.887018 0.340962 0.311359
vn 0.719098 -0.548761 -0.426333
vn 0.719120 -0.548858 -0.426170
vn 0.000000 0.000000 1.000000
vn 0.000000 0.000000 1.000000
vn -0.757999 0.484465 0.436729
vn -0.758026 0.484529 0.436610
vn -0.004896 -0.999984 0.002763
vn -0.004896 -0.999984 0.002763
vn 0.874555 0.260388 -0.409087
vn 0.880615 0.255066 -0.399323
vn -0.096422 0.980555 0.170924
vn -0.091620 0.981990 0.165230
vn 0.012612 0.999917 -0.002643
vn 0.012612 0.999917 -0.002643
vn 0.522826 0.837137 -0.160793
vn 0.531776 0.832748 -0.154095
vn 0.000000 0.202219 -0.979340
vn -0.979340 0.202219 -0.000000
vn 0.000000 -1.000000 0.000000
vn 0.000000 -1.000000 0.000000
vn 0.000000 -1.000000 0.000000
vn 0.000000 -1.000000 0.000000
vn 0.000000 -1.000000 0.000000
vn 0.000000 -1.000000 0.000000
vn 0.000000 -1.000000 0.000000
vn 0.000000 -1.000000 0.000000
vn -0.305181 -0.874257 -0.377544
vn -0.311243 -0.871752 -0.378386
vn 0.000000 0.999951 0.009922
vn 0.000000 0.999951 0.009922
vn -0.000000 0.999951 0.009922
vn -0.000000 0.999951 0.009922
vn 0.009922 0.999951 0.000000
vn 0.009922 0.999951 0.000000
vn 0.009922 0.999951 0.000000
vn 0.009922 0.999951 0.000000
vn 0.091872 -0.488777 -0.867558
vn 0.081925 -0.485204 -0.870555
vn -0.536785 -0.760265 0.365867
vn -0.545497 -0.753155 0.367683
vn -0.343720 -0.004239 0.939063
vn -0.343720 -0.004239 0.939062
vn 0.939111 -0.004239 -0.343588
vn 0.939111 -0.004239 -0.343588
vn 0.438630 0.166161 -0.883173
vn 0.431729 0.166208 -0.886558
vn -0.441349 -0.174746 0.880156
vn -0.433582 -0.174116 0.884132
vn -0.597236 -0.798044 0.080217
vn -0.598579 -0.797251 0.078061
vn 0.000000 0.202885 0.979203
vn 0.000000 0.202885 0.979203
vn 0.979202 0.202887 -0.000000
vn 0.979202 0.202887 -0.000000
vn 0.037364 -0.995639 -0.085481
vn 0.036604 -0.995820 -0.083683
vn -0.296867 -0.504046 0.811054
vn -0.296867 -0.504046 0.811054
vn 0.811094 -0.504050 -0.296751
vn 0.811094 -0.504050 -0.296751
vn -0.946070 -0.250472 0.205465
vn -0.947453 -0.249229 0.200543
vn 0.539156 0.758301 -0.366457
vn 0.543684 0.754613 -0.367380
vn -0.096662 0.483120 0.870202
vn -0.083972 0.478965 0.873809
vn 0.000000 0.000615 1.000000
vn 0.000000 0.000615 1.000000
vn 1.000000 0.000615 0.000000
vn 1.000000 0.000615 0.000000
vn 0.736609 -0.639045 -0.221424
vn 0.736571 -0.638759 -0.222374
vn 0.305864 0.873329 0.379136
vn 0.309545 0.871810 0.379644
vn -0.790251 0.568713 0.228187
vn -0.790165 0.568449 0.229138
vn 0.000000 0.910358 0.413820
vn 0.000000 0.910358 0.413820
vn 0.889080 -0.322068 -0.325284
vn 0.889080 -0.322068 -0.325284
vn -0.325410 -0.322062 0.889036
vn -0.325409 -0.322063 0.889036
vn -0.584651 -0.702774 -0.405329
vn -0.585798 -0.701785 -0.405387
vn -0.043911 0.995192 0.087550
vn -0.042413 0.995572 0.083888
vn 0.959960 0.179969 -0.214682
vn 0.961560 0.178295 -0.208839
vn -0.163679 -0.339555 -0.926235
vn -0.169215 -0.334745 -0.926991
vn 0.600234 0.795609 -0.082011
vn 0.602704 0.794140 -0.078031
vn -0.654865 -0.648300 0.388406
vn -0.657892 -0.644918 0.388921
vn -0.133325 0.921709 0.364250
vn -0.133325 0.921709 0.364249
vn -0.741324 -0.538770 -0.400206
vn -0.739999 -0.540421 -0.400432
vn -0.351743 -0.143300 -0.925063
vn -0.349613 -0.146060 -0.925439
vn 0.331218 0.199976 -0.922119
vn 0.327783 0.202386 -0.922821
vn -0.303371 0.183386 -0.935059
vn -0.200366 0.287814 -0.936492
vn -0.199135 0.289367 -0.936276
vn -0.300572 0.185307 -0.935584
vn -0.683116 -0.614580 0.394517
vn -0.683411 -0.614238 0.394538
vn 0.149347 -0.311446 -0.938454
vn 0.320529 -0.133383 -0.937801
vn 0.321897 -0.131635 -0.937579
vn 0.155558 -0.305977 -0.939244
vn -0.643872 0.637919 -0.422479
vn -0.672015 0.603558 -0.429084
vn -0.671828 0.603777 -0.429070
vn -0.644763 0.636908 -0.422645
vn 0.965926 0.000000 0.258819
vn 0.965926 0.000000 0.258819
vn -0.331698 -0.202225 0.921456
vn -0.327841 -0.204772 0.922274
vn 0.000000 0.000000 1.000000
vn 0.000000 0.000000 1.000000
vn 0.000000 -1.000000 0.000000
vn 0.000000 -1.000000 0.000000
vn 0.000000 -1.000000 0.000000
vn 0.000000 -1.000000 0.000000
vn 0.573618 -0.690657 -0.440403
vn 0.727536 -0.530364 -0.435208
vn 0.727936 -0.529874 -0.435136
vn 0.575721 -0.688832 -0.440517
vn 0.217667 0.315428 -0.923648
vn 0.218395 0.314524 -0.923785
vn 0.654180 0.649141 -0.388154
vn 0.656147 0.646949 -0.388494
vn 0.671535 -0.604090 0.429087
vn 0.671721 -0.603873 0.429101
vn 0.644537 -0.637070 0.422745
vn 0.646436 -0.634911 0.423094
vn -0.726146 0.531929 0.435619
vn -0.725703 0.532467 0.435700
vn -0.568041 0.694853 0.441032
vn -0.573087 0.690524 0.441302
vn 0.705541 0.066508 -0.705541
vn -0.705541 0.066508 0.705541
vn 0.000000 0.999951 0.009922
vn 0.000000 0.999951 0.009922
vn 0.009922 0.999951 0.000000
vn 0.009922 0.999951 0.000000
vn 0.009386 0.003345 -0.999950
vn 0.009386 0.003345 -0.999950
vn 0.009386 0.003345 -0.999950
vn 0.009386 0.003345 -0.999950
vn -0.217616 -0.315607 0.923599
vn -0.216811 -0.316605 0.923447
vn 0.160800 0.340262 0.926480
vn 0.167513 0.334547 0.927371
vn 0.198358 -0.290456 0.936103
vn 0.199659 -0.288818 0.936333
vn 0.303841 -0.185467 0.934496
vn 0.300669 -0.187514 0.935113
vn -0.320995 0.132803 0.937724
vn -0.319479 0.134738 0.937965
vn -0.146721 0.312057 0.938666
vn -0.153991 0.305787 0.939564
vn -0.622073 -0.782959 0.000000
vn -0.622073 -0.782959 0.000000
vn -0.268829 0.236081 -0.933808
vn -0.135433 0.126662 -0.982657
vn 0.580108 0.706153 0.405983
vn 0.582003 0.704538 0.406078
vn 0.683704 0.613921 -0.394524
vn 0.683414 0.614258 -0.394503
vn 0.019314 -0.999814 0.000001
vn 0.019314 -0.999813 0.000001
vn -0.646038 0.763305 0.000000
vn -0.646038 0.763305 0.000000
vn -0.646038 0.763305 0.000000
vn -0.646038 0.763305 0.000000
vn -0.974445 -0.224625 -0.000000
vn -0.974445 -0.224625 -0.000000
vn 0.554289 -0.807241 -0.202795
vn 0.752764 -0.597910 -0.275410
vn -0.202875 -0.807238 0.554265
vn -0.275517 -0.597905 0.752728
vn -0.011161 -0.020017 -0.999737
vn -0.011161 -0.020017 -0.999737
vn -0.011161 -0.020017 -0.999737
vn -0.011161 -0.020017 -0.999737
vn 0.348475 0.147544 0.925633
vn 0.350767 0.144578 0.925235
vn 0.343723 0.000634 0.939071
vn 0.343723 0.000634 0.939071
vn 0.939022 0.000634 0.343856
vn 0.939022 0.000634 0.343856
vn -0.800252 0.599664 0.000000
vn -0.800252 0.599664 0.000000
vn -0.008923 0.009717 -0.999913
vn -0.008923 0.009717 -0.999913
vn -0.008923 0.009717 -0.999913
vn -0.008923 0.009717 -0.999913
vn 0.740894 -0.671622 0.000000
vn 0.740894 -0.671622 0.000000
vn 0.336278 0.207019 -0.918728
vn -0.918681 0.207016 0.336408
vn 0.738156 0.542593 0.400896
vn 0.739545 0.540875 0.400658
vn 0.068348 -0.965035 -0.253053
vn 0.068348 -0.965035 -0.253054
vn 0.068348 -0.965035 -0.253053
vn 0.068348 -0.965035 -0.253053
vn -0.016435 -0.004612 -0.999854
vn -0.016435 -0.004612 -0.999854
vn -0.016435 -0.004612 -0.999854
vn -0.016435 -0.004612 -0.999854
vn -0.010580 -0.004024 0.999936
vn -0.010580 -0.004024 0.999936
vn -0.010580 -0.004024 0.999936
vn -0.010580 -0.004024 0.999936
vn -0.025856 0.999666 -0.000000
vn -0.025856 0.999666 -0.000000
vn 0.153760 0.988105 0.002573
vn 0.153760 0.988105 0.002573
vn 0.153760 0.988105 0.002573
vn 0.153760 0.988105 0.002573
vn 0.988776 0.149404 -0.000000
vn 0.988776 0.149404 -0.000000
vn 0.336138 0.208937 0.918345
vn 0.336137 0.208937 0.918345
vn 0.918298 0.208934 0.336268
vn 0.918298 0.208934 0.336267
vn 0.625781 0.779999 0.000000
vn 0.625781 0.779999 0.000000
vn 0.009697 0.018572 0.999781
vn 0.009697 0.018572 0.999780
vn 0.009697 0.018572 0.999780
vn 0.009697 0.018572 0.999781
vn 0.988057 -0.154070 0.002264
vn 0.988057 -0.154070 0.002264
vn 0.988057 -0.154070 0.002264
vn 0.988057 -0.154070 0.002264
vn -0.646038 0.763305 0.000003
vn -0.646038 0.763305 0.000003
vn -0.646038 0.763305 0.000003
vn -0.646038 0.763305 0.000003
vn -0.599856 0.056756 -0.798092
vn -0.546820 0.031840 -0.836645
vn -0.011752 0.014304 -0.999829
vn -0.011752 0.014304 -0.999829
vn -0.011752 0.014304 -0.999829
vn -0.011752 0.014304 -0.999829
vn 0.006963 -0.010266 0.999923
vn 0.006963 -0.010266 0.999923
vn 0.006963 -0.010266 0.999923
vn 0.006963 -0.010266 0.999923
vn 0.000000 -1.000000 -0.000001
vn 0.000000 -1.000000 -0.000001
vn 0.000000 -1.000000 -0.000001
vn 0.000000 -1.000000 -0.000001
vn 0.000000 -1.000000 -0.000000
vn 0.000000 -1.000000 -0.000000
vn 0.000000 -1.000000 -0.000000
vn 0.000000 -1.000000 -0.000000
vn 0.388334 0.915625 0.104054
vn 0.388334 0.915625 0.104054
vn 0.014459 0.002678 0.999892
vn 0.014459 0.002678 0.999892
vn 0.014459 0.002678 0.999892
vn 0.014459 0.002678 0.999892
vn -0.589843 0.807518 0.000211
vn -0.589843 0.807518 0.000211
vn -0.589843 0.807518 0.000211
vn -0.589843 0.807518 0.000211
vn -0.073739 -0.447815 -0.891081
vn -0.086810 -0.452809 -0.887372
vn -0.398790 0.153256 -0.904146
vn -0.404073 0.153291 -0.901791
vn 0.589840 -0.807520 -0.000185
vn 0.589840 -0.807520 -0.000185
vn 0.589840 -0.807520 -0.000185
vn 0.589840 -0.807520 -0.000185
vn 0.305495 -0.858463 -0.411963
vn 0.300904 -0.860412 -0.411276
vn -0.989015 0.135124 -0.059927
vn -0.930083 0.103053 -0.352599
vn -0.999075 0.043008 0.000002
vn -0.990795 0.135373 -0.000004
vn -0.598576 -0.797254 -0.078060
vn -0.597232 -0.798047 -0.080216
vn -0.947453 -0.249228 -0.200544
vn -0.946070 -0.250471 -0.205465
vn -0.533365 0.745351 -0.399968
vn -0.533147 0.745532 -0.399920
vn 0.004961 0.999951 0.008592
vn 0.004961 0.999951 0.008592
vn 0.004961 0.999951 0.008592
vn 0.004961 0.999951 0.008592
vn 0.008593 0.999951 0.004961
vn 0.008593 0.999951 0.004961
vn 0.008593 0.999951 0.004961
vn 0.008593 0.999951 0.004961
vn -0.268829 0.236081 0.933808
vn -0.135433 0.126662 0.982657
vn 0.008776 0.013104 -0.999876
vn 0.008776 0.013104 -0.999876
vn 0.008776 0.013104 -0.999876
vn 0.008776 0.013104 -0.999876
vn -0.988057 0.154069 -0.002283
vn -0.988057 0.154069 -0.002283
vn -0.988057 0.154069 -0.002283
vn -0.988057 0.154069 -0.002283
vn -0.652107 -0.291473 0.699857
vn -0.652078 -0.291436 0.699899
vn -0.008036 -0.010721 -0.999910
vn -0.008036 -0.010721 -0.999910
vn -0.008036 -0.010721 -0.999910
vn -0.008036 -0.010721 -0.999910
vn 0.965926 0.000000 0.258819
vn 0.965926 0.000000 0.258819
vn -0.888929 0.324530 0.323243
vn -0.888893 0.324577 0.323295
vn 0.036606 -0.995820 0.083685
vn 0.037366 -0.995639 0.085483
vn -0.125025 -0.703214 0.699899
vn -0.125054 -0.703251 0.699857
vn 0.009830 -0.016075 0.999822
vn 0.009830 -0.016075 0.999822
vn 0.009830 -0.016075 0.999822
vn 0.009830 -0.016075 0.999822
vn -0.309749 0.855873 0.414170
vn -0.295709 0.861824 0.412088
vn 0.020327 0.003403 -0.999788
vn 0.020327 0.003403 -0.999788
vn 0.020327 0.003403 -0.999788
vn 0.020327 0.003403 -0.999788
vn 0.707107 0.000636 0.707107
vn 0.707107 0.000636 0.707107
vn 0.535095 -0.743946 0.400271
vn 0.530846 -0.747498 0.399311
vn -0.529942 0.784012 -0.323245
vn -0.529978 0.783965 -0.323298
vn -0.608034 -0.145634 -0.780439
vn -0.608034 -0.145634 -0.780440
vn -0.608034 -0.145634 -0.780439
vn -0.608034 -0.145634 -0.780439
vn 0.529980 -0.783965 0.323297
vn 0.529943 -0.784011 0.323244
vn -0.790251 0.568712 -0.228188
vn -0.790166 0.568448 -0.229139
vn 0.075574 0.441866 0.893892
vn 0.091175 0.447307 0.889721
vn 0.400689 -0.160676 0.902015
vn 0.406776 -0.161240 0.899186
vn 0.068338 -0.964887 0.253621
vn 0.068338 -0.964887 0.253621
vn 0.068338 -0.964887 0.253621
vn 0.068338 -0.964887 0.253621
vn 0.125054 0.703252 -0.699856
vn 0.125025 0.703215 -0.699898
vn 0.888892 -0.324577 -0.323296
vn 0.888929 -0.324531 -0.323243
vn 0.343724 0.000000 0.939071
vn 0.343724 0.000000 0.939071
vn 0.736606 -0.639050 0.221422
vn 0.736568 -0.638764 0.222372
vn 0.000000 -0.004109 0.999992
vn 0.000000 -0.004109 0.999992
vn 0.999992 -0.004110 -0.000000
vn 0.999992 -0.004110 -0.000000
vn 0.652078 0.291436 -0.699900
vn 0.652107 0.291473 -0.699857
vn -0.042411 0.995572 -0.083888
vn -0.043909 0.995192 -0.087550
vn 0.961560 0.178297 0.208838
vn 0.959960 0.179971 0.214681
vn 0.602708 0.794138 0.078032
vn 0.600237 0.795606 0.082012
vn -0.010252 -0.015035 0.999834
vn -0.010252 -0.015035 0.999834
vn -0.010252 -0.015035 0.999834
vn -0.010252 -0.015035 0.999834
vn 0.005876 0.008434 0.999947
vn 0.005876 0.008434 0.999947
vn 0.005876 0.008434 0.999947
vn 0.005876 0.008434 0.999947
vn -0.021900 -0.005654 0.999744
vn -0.021900 -0.005654 0.999744
vn -0.021900 -0.005654 0.999744
vn -0.021900 -0.005654 0.999744
vn 0.000000 -0.492548 0.870285
vn 0.000000 -0.492548 0.870285
vn 0.870286 -0.492547 0.000000
vn 0.870286 -0.492547 0.000000
vn -0.989005 0.135134 0.060070
vn -0.929979 0.103097 0.352860
vn -0.867197 -0.314627 -0.385978
vn -0.861971 -0.318570 -0.394358
vn -0.317739 -0.500114 -0.805560
vn -0.334886 -0.500480 -0.798355
vn -0.526568 -0.836058 -0.154060
vn -0.521775 -0.838391 -0.157641
vn 0.691380 0.209731 0.691380
vn 0.691380 0.209731 0.691380
vn 0.027482 -0.932441 -0.360276
vn 0.018614 -0.933409 -0.358332
vn -0.508212 0.180616 -0.842080
vn -0.514317 0.183785 -0.837676
vn 0.000000 0.917349 0.398083
vn 0.000000 0.917349 0.398083
vn 0.398083 0.917350 -0.000000
vn 0.398083 0.917350 -0.000000
vn -0.758027 0.484528 -0.436609
vn -0.758000 0.484463 -0.436728
vn 0.087761 -0.982401 0.164884
vn 0.089964 -0.981771 0.167429
vn -0.000000 -0.313298 0.949655
vn -0.000000 -0.313298 0.949655
vn 0.949655 -0.313298 -0.000000
vn 0.949655 -0.313298 -0.000000
vn -0.405299 0.838973 -0.363121
vn -0.402537 0.840724 -0.362143
vn 0.000000 -1.000000 -0.000001
vn 0.000000 -1.000000 -0.000001
vn 0.000000 -1.000000 0.000000
vn 0.000000 -1.000000 0.000000
vn -0.599856 0.056756 0.798093
vn -0.546820 0.031840 0.836645
vn 0.719119 -0.548862 0.426168
vn 0.719096 -0.548765 0.426330
vn 0.306535 0.090050 -0.947590
vn 0.325987 0.091341 -0.940951
vn 0.404555 -0.839707 0.362252
vn 0.401417 -0.841695 0.361128
vn -0.607148 -0.145422 0.781168
vn -0.607148 -0.145422 0.781168
vn -0.607148 -0.145422 0.781168
vn -0.607148 -0.145422 0.781168
vn -0.032875 0.931026 0.363470
vn -0.011450 0.933340 0.358810
vn -0.091617 0.981990 -0.165231
vn -0.096420 0.980555 -0.170924
vn 0.138649 0.915036 0.378796
vn 0.138649 0.915036 0.378796
vn 0.880614 0.255069 0.399323
vn 0.874554 0.260391 0.409088
vn 0.508679 -0.199957 0.837414
vn 0.515327 -0.204494 0.832238
vn -0.735712 -0.398649 -0.547546
vn -0.725193 -0.404344 -0.557316
vn 0.322492 0.485539 0.812558
vn 0.342765 0.484996 0.804544
vn 0.531781 0.832744 0.154096
vn 0.522832 0.837134 0.160793
vn -0.402049 -0.887129 -0.226623
vn -0.393401 -0.889993 -0.230537
vn -0.540846 -0.475872 -0.693564
vn -0.556253 -0.471557 -0.684264
vn -0.316391 -0.390788 0.864397
vn 0.864440 -0.390793 -0.316268
vn -0.209908 -0.931083 -0.298366
vn -0.220459 -0.929675 -0.295130
vn 0.343724 0.000000 0.939071
vn 0.343724 0.000000 0.939071
vn -0.700554 0.372763 -0.608500
vn -0.699301 0.370660 -0.611219
vn -0.613585 0.259364 -0.745818
vn -0.617458 0.263440 -0.741178
vn 0.000000 -0.798480 0.602022
vn 0.000000 -0.598392 0.801203
vn 0.801204 -0.598392 -0.000000
vn 0.602022 -0.798480 -0.000000
vn 0.170274 -0.955531 0.240764
vn 0.172692 -0.954645 0.242548
vn -0.284283 0.906810 -0.311255
vn -0.278004 0.909853 -0.308029
vn 0.343720 -0.004239 0.939063
vn 0.343720 -0.004239 0.939063
vn 0.939014 -0.004235 0.343854
vn 0.939014 -0.004235 0.343853
vn -0.667244 0.331016 -0.667244
vn -0.324487 0.329847 -0.886515
vn -0.886560 0.329850 -0.324362
vn 0.278883 -0.909635 0.307876
vn 0.279068 -0.909546 0.307972
vn 0.679164 -0.425581 0.598011
vn 0.678118 -0.422981 0.601035
vn -0.171624 0.955203 -0.241106
vn -0.178765 0.952525 -0.246452
vn 0.205745 0.930785 0.302173
vn 0.227855 0.927795 0.295431
vn 0.747947 0.354148 0.561387
vn 0.735693 0.361937 0.572501
vn 0.606648 -0.295180 0.738138
vn 0.610453 -0.300507 0.732832
vn 0.408551 0.884110 0.226793
vn 0.391780 0.889708 0.234367
vn 0.548661 0.448787 0.705380
vn 0.566723 0.442499 0.694996
vn 0.296866 -0.504046 0.811054
vn 0.296866 -0.504046 0.811054
vn 0.811014 -0.504041 0.296982
vn 0.811014 -0.504041 0.296982
vn 0.000000 -1.000000 -0.000000
vn 0.000000 -1.000000 -0.000000
vn 0.000000 -1.000000 -0.000000
vn 0.000000 -1.000000 -0.000000
vn 0.000000 -1.000000 -0.000000
vn 0.000000 -1.000000 -0.000000
vn 0.000000 -1.000000 -0.000000
vn 0.000000 -1.000000 -0.000000
vn 0.325986 0.091341 0.940952
vn 0.306535 0.090050 0.947590
vn 0.133325 0.921709 0.364250
vn 0.133325 0.921709 0.364249
vn 0.325409 -0.322062 0.889036
vn 0.325409 -0.322062 0.889036
vn 0.888990 -0.322060 0.325536
vn 0.888991 -0.322060 0.325536
vn 0.180785 0.920893 0.345358
vn 0.269952 0.924257 0.269952
vn 0.269952 0.924257 0.269953
vn 0.183870 0.920634 0.344420
vn 0.004897 -0.999984 -0.002755
vn 0.004897 -0.999984 -0.002755
vn 0.004897 -0.999988 0.000001
vn 0.004897 -0.999988 0.000000
vn 0.691671 0.207807 -0.691671
vn -0.691670 0.207807 0.691671
vn 0.202875 -0.807238 0.554264
vn 0.275517 -0.597905 0.752728
vn 0.554241 -0.807234 0.202955
vn 0.752693 -0.597900 0.275625
vn 0.707100 -0.004254 0.707101
vn 0.707100 -0.004254 0.707101
vn -0.843613 0.382616 0.376726
vn -0.843576 0.382663 0.376760
vn -0.575340 0.725989 -0.376727
vn -0.575377 0.725942 -0.376761
vn -0.012613 0.999921 0.000001
vn -0.012614 0.999917 0.002639
vn -0.012614 0.999917 0.002639
vn -0.012613 0.999921 0.000002
vn -0.554041 -0.165809 0.815810
vn -0.554012 -0.165771 0.815838
vn 0.026847 0.577697 -0.815810
vn 0.026818 0.577659 -0.815837
vn -0.026817 -0.577660 0.815837
vn -0.026846 -0.577697 0.815810
vn 0.554011 0.165771 -0.815838
vn 0.554041 0.165809 -0.815810
vn 0.000000 0.331703 -0.943384
vn -0.943384 0.331703 -0.000000
vn 0.575376 -0.725942 0.376763
vn 0.575340 -0.725989 0.376728
vn 0.843576 -0.382663 -0.376761
vn 0.843613 -0.382616 -0.376726
vn 0.004896 -0.999984 0.002763
vn 0.004896 -0.999984 0.002763
vn 0.707107 0.000000 0.707107
vn 0.707107 0.000000 0.707107
vn 0.610094 -0.505541 0.610094
vn 0.610094 -0.505541 0.610093
vn 0.669153 -0.323211 0.669156
vn 0.669154 -0.323211 0.669154
vn -0.012612 0.999917 -0.002643
vn -0.012612 0.999917 -0.002643
vn 0.707107 0.000000 0.707107
vn 0.707107 0.000000 0.707107
vn 0.284280 0.915625 0.284280
vn 0.284280 0.915625 0.284280
vn 0.416273 -0.808353 0.416273
vn 0.565987 -0.599431 0.565987
vn -0.707106 0.000000 -0.707107
vn -0.707106 0.000000 -0.707107
vn -0.343723 0.000000 -0.939071
vn -0.343723 0.000000 -0.939071
vn -0.939048 -0.000000 -0.343787
vn -0.938800 -0.000000 -0.344464
vn -0.342969 0.066245 0.937008
vn 0.937056 0.066246 -0.342837
vn 0.000000 -0.390566 0.920575
vn 0.920575 -0.390566 -0.000000
vn 0.324487 0.329847 -0.886515
vn -0.886471 0.329843 0.324613
vn -0.003918 -0.999969 -0.006785
vn -0.003918 -0.999969 -0.006785
vn -0.003918 -0.999969 -0.006785
vn -0.003918 -0.999969 -0.006785
vn -0.006786 -0.999969 -0.003918
vn -0.006786 -0.999969 -0.003918
vn -0.006786 -0.999969 -0.003918
vn -0.006786 -0.999969 -0.003918
vn 0.008418 0.999858 0.014582
vn 0.008418 0.999858 0.014582
vn 0.008418 0.999858 0.014582
vn 0.008418 0.999858 0.014582
vn 0.014581 0.999858 0.008420
vn 0.014581 0.999858 0.008420
vn 0.014581 0.999858 0.008420
vn 0.014581 0.999858 0.008420
vn -0.513283 0.687807 -0.513285
vn -0.249974 0.686366 -0.682946
vn -0.682976 0.686371 -0.249878
vn 0.999075 0.043008 0.000002
vn 0.930083 0.103053 -0.352599
vn 0.989015 0.135123 -0.059928
vn 0.990795 0.135373 -0.000005
vn -1.000000 -0.000000 -0.000000
vn -1.000000 -0.000000 -0.000000
vn 0.000000 0.000000 -1.000000
vn 0.000000 0.000000 -1.000000
vn -0.084107 0.435793 -0.896109
vn -0.084129 0.435765 -0.896120
vn -0.626604 0.660443 -0.413743
vn -0.626631 0.660408 -0.413757
vn 0.443174 0.023792 -0.896120
vn 0.443195 0.023820 -0.896109
vn -0.792415 0.448211 0.413746
vn -0.792387 0.448246 0.413760
vn -0.068348 -0.965035 -0.253053
vn -0.068348 -0.965035 -0.253053
vn -0.068348 -0.965035 -0.253053
vn -0.068348 -0.965035 -0.253053
vn 0.792388 -0.448247 -0.413758
vn 0.792416 -0.448212 -0.413743
vn -0.443195 -0.023819 0.896109
vn -0.443173 -0.023791 0.896120
vn 0.626629 -0.660409 0.413759
vn 0.626601 -0.660444 0.413745
vn 0.084130 -0.435766 0.896119
vn 0.084108 -0.435794 0.896108
vn -0.698547 0.155129 -0.698547
vn -0.698546 0.155129 -0.698547
vn -0.339594 0.154528 -0.927791
vn -0.339594 0.154528 -0.927791
vn -0.927839 0.154531 -0.339463
vn -0.927839 0.154531 -0.339463
vn 0.316391 -0.390788 0.864397
vn 0.864353 -0.390784 0.316514
vn 0.989005 0.135134 0.060069
vn 0.929979 0.103098 0.352860
vn 0.000000 -0.999969 -0.007837
vn 0.000000 -0.999969 -0.007837
vn 0.000000 -0.999969 -0.007837
vn 0.000000 -0.999969 -0.007837
vn 0.000000 0.675155 -0.737676
vn -0.737676 0.675155 0.000000
vn -0.068338 -0.964887 0.253621
vn -0.068338 -0.964887 0.253621
vn -0.068338 -0.964887 0.253621
vn -0.068338 -0.964887 0.253621
vn 0.000000 0.999858 0.016837
vn 0.000000 0.999858 0.016837
vn -0.000000 0.999858 0.016837
vn -0.000000 0.999858 0.016837
vn 0.599856 0.056756 -0.798092
vn 0.546820 0.031840 -0.836645
vn 0.135433 0.126662 -0.982657
vn 0.877211 -0.480105 -0.000001
vn 0.877211 -0.480105 -0.000001
vn 0.877211 -0.480105 -0.000001
vn 0.877211 -0.480105 -0.000001
vn -0.938951 0.000000 0.344051
vn -0.938702 0.000000 0.344730
vn 0.343723 0.000000 -0.939071
vn 0.343723 0.000000 -0.939071
vn -0.000000 0.149964 -0.988692
vn -0.000000 0.149964 -0.988692
vn -0.988691 0.149965 -0.000001
vn -0.988691 0.149965 -0.000001
vn -0.175388 0.968751 -0.175389
vn -0.175388 0.968751 -0.175389
vn -0.085574 0.968513 -0.233793
vn -0.085574 0.968513 -0.233793
vn -0.233803 0.968514 -0.085542
vn -0.233803 0.968514 -0.085542
vn 0.650482 -0.392105 0.650482
vn 0.268829 0.236081 -0.933808
vn 0.667244 0.331016 -0.667244
vn -0.667244 0.331016 0.667244
vn 0.000000 -0.999969 -0.007837
vn 0.000000 -0.999969 -0.007837
vn 0.249975 0.686366 -0.682946
vn -0.682914 0.686362 0.250072
vn 0.000000 0.063704 0.997969
vn 0.997969 0.063704 -0.000000
vn -0.336278 0.207019 0.918728
vn 0.918775 0.207021 -0.336148
vn -0.853505 -0.389467 -0.346185
vn -0.855893 -0.386163 -0.343985
vn 0.135433 0.126662 0.982657
vn 0.546820 0.031840 0.836645
vn 0.599856 0.056756 0.798093
vn 0.000000 0.999858 0.016837
vn 0.000000 0.999858 0.016837
vn -0.590181 0.175480 -0.787968
vn -0.592225 0.178294 -0.785800
vn -0.584381 -0.733931 0.346184
vn -0.581753 -0.737047 0.343984
vn 0.000000 0.966619 -0.256219
vn 0.000000 0.966619 -0.256219
vn -0.256221 0.966618 -0.000001
vn -0.256221 0.966618 -0.000001
vn -0.029723 0.617768 -0.785799
vn -0.027488 0.615104 -0.787967
vn 0.646038 0.763305 -0.000002
vn 0.646038 0.763305 -0.000002
vn 0.646038 0.763305 -0.000002
vn 0.646038 0.763305 -0.000002
vn 0.027487 -0.615103 0.787967
vn 0.029723 -0.617767 0.785799
vn -0.037986 0.079831 -0.996084
vn -0.037986 0.079831 -0.996084
vn -0.037986 0.079831 -0.996084
vn -0.037986 0.079831 -0.996084
vn 0.339594 0.154528 -0.927791
vn 0.339594 0.154528 -0.927791
vn -0.927743 0.154527 0.339727
vn -0.927743 0.154527 0.339727
vn 0.268829 0.236081 0.933808
vn 0.008923 0.009717 -0.999913
vn 0.008923 0.009717 -0.999913
vn 0.008923 0.009717 -0.999913
vn 0.008923 0.009717 -0.999913
vn 0.581752 0.737047 -0.343987
vn 0.584381 0.733931 -0.346186
vn 0.592225 -0.178293 0.785800
vn 0.590181 -0.175479 0.787968
vn -0.804143 -0.456738 -0.380453
vn -0.805979 -0.454273 -0.379519
vn -0.037985 0.079831 0.996084
vn -0.037985 0.079831 0.996084
vn -0.037985 0.079831 0.996084
vn -0.037985 0.079831 0.996084
vn 0.855893 0.386162 0.343985
vn 0.853506 0.389466 0.346185
vn 0.008036 -0.010721 -0.999910
vn 0.008036 -0.010721 -0.999910
vn 0.008036 -0.010721 -0.999910
vn 0.008036 -0.010721 -0.999910
vn -0.479030 0.024646 -0.877452
vn -0.480674 0.026846 -0.876489
vn 0.646038 0.763305 0.000000
vn 0.646038 0.763305 0.000000
vn 0.646038 0.763305 0.000000
vn 0.646038 0.763305 0.000000
vn -0.009386 0.003345 -0.999950
vn -0.009386 0.003345 -0.999950
vn -0.009386 0.003345 -0.999950
vn -0.009386 0.003345 -0.999950
vn -0.637712 -0.669760 0.380453
vn -0.635764 -0.672138 0.379519
vn -0.006963 -0.010266 0.999923
vn -0.006963 -0.010266 0.999923
vn -0.006963 -0.010266 0.999923
vn -0.006963 -0.010266 0.999923
vn -0.000530 0.170091 -0.985428
vn -0.000530 0.170091 -0.985428
vn -0.000000 0.170091 -0.985429
vn -0.000000 0.170091 -0.985429
vn 0.589843 0.807518 0.000211
vn 0.589843 0.807518 0.000211
vn 0.589843 0.807518 0.000211
vn 0.589843 0.807518 0.000211
vn 0.090238 0.472890 -0.876488
vn 0.091975 0.470763 -0.877452
vn -0.005876 0.008434 0.999947
vn -0.005876 0.008434 0.999947
vn -0.005876 0.008434 0.999947
vn -0.005876 0.008434 0.999947
vn 0.988057 0.154069 -0.002283
vn 0.988057 0.154069 -0.002283
vn 0.988057 0.154069 -0.002283
vn 0.988057 0.154069 -0.002283
vn -0.153760 0.988105 0.002573
vn -0.153760 0.988105 0.002573
vn -0.153760 0.988105 0.002573
vn -0.153760 0.988105 0.002573
vn 0.085574 0.968513 -0.233793
vn 0.085574 0.968513 -0.233793
vn -0.233784 0.968513 0.085607
vn -0.233784 0.968512 0.085607
vn -0.939108 -0.004839 -0.343587
vn -0.939108 -0.004839 -0.343587
vn -0.707099 -0.004859 -0.707098
vn -0.707099 -0.004859 -0.707098
vn -0.343720 -0.004839 -0.939060
vn -0.343720 -0.004839 -0.939060
vn 0.010580 -0.004024 0.999936
vn 0.010580 -0.004024 0.999936
vn 0.010580 -0.004024 0.999936
vn 0.010580 -0.004024 0.999936
vn 0.000530 0.170090 -0.985428
vn 0.000530 0.170090 -0.985428
vn -0.091975 -0.470765 0.877452
vn -0.090238 -0.472892 0.876488
vn 0.342969 0.066245 0.937008
vn 0.936960 0.066245 0.343101
vn -0.020327 0.003403 -0.999788
vn -0.020327 0.003403 -0.999788
vn -0.020327 0.003403 -0.999788
vn -0.020327 0.003403 -0.999788
vn -0.467442 0.750331 -0.467442
vn -0.560843 0.609025 -0.560843
vn -0.273026 0.607502 -0.745921
vn -0.227731 0.749026 -0.622173
vn -0.622200 0.749030 -0.227641
vn -0.745956 0.607507 -0.272919
vn 0.000000 0.170091 0.985428
vn -0.000530 0.170091 0.985428
vn -0.000530 0.170091 0.985428
vn 0.000000 0.170091 0.985429
vn -0.000999 -0.999998 -0.001732
vn -0.000999 -0.999998 -0.001732
vn -0.000999 -0.999998 -0.001732
vn -0.000999 -0.999998 -0.001732
vn -0.001731 -0.999998 -0.000999
vn -0.001731 -0.999998 -0.000999
vn -0.001731 -0.999998 -0.000999
vn -0.001731 -0.999998 -0.000999
vn 0.011161 -0.020017 -0.999737
vn 0.011161 -0.020017 -0.999737
vn 0.011161 -0.020017 -0.999737
vn 0.011161 -0.020017 -0.999737
vn 0.037986 0.079831 -0.996084
vn 0.037986 0.079832 -0.996084
vn 0.037986 0.079831 -0.996084
vn 0.037986 0.079831 -0.996084
vn 0.635764 0.672139 -0.379518
vn 0.637712 0.669761 -0.380452
vn -0.008776 0.013104 -0.999876
vn -0.008776 0.013104 -0.999876
vn -0.008776 0.013104 -0.999876
vn -0.008776 0.013104 -0.999876
vn 0.000530 0.170091 0.985428
vn 0.000530 0.170091 0.985428
vn 0.480672 -0.026846 0.876489
vn 0.479029 -0.024645 0.877453
vn 0.016435 -0.004612 -0.999854
vn 0.016435 -0.004612 -0.999854
vn 0.016435 -0.004612 -0.999854
vn 0.016435 -0.004612 -0.999854
vn -0.988057 -0.154071 0.002265
vn -0.988057 -0.154071 0.002265
vn -0.988057 -0.154071 0.002265
vn -0.988057 -0.154071 0.002265
vn -0.589840 -0.807520 -0.000185
vn -0.589840 -0.807520 -0.000185
vn -0.589840 -0.807520 -0.000185
vn -0.589840 -0.807520 -0.000185
vn 0.011752 0.014304 -0.999829
vn 0.011752 0.014304 -0.999829
vn 0.011752 0.014304 -0.999829
vn 0.011752 0.014304 -0.999829
vn 0.021899 -0.005654 0.999744
vn 0.021899 -0.005654 0.999744
vn 0.021899 -0.005654 0.999744
vn 0.021899 -0.005654 0.999744
vn 0.805981 0.454272 0.379515
vn 0.804146 0.456737 0.380449
vn 0.513283 0.687807 -0.513285
vn -0.513284 0.687808 0.513284
vn 0.037985 0.079831 0.996084
vn 0.037985 0.079831 0.996084
vn 0.037985 0.079831 0.996084
vn 0.037985 0.079831 0.996084
vn -0.009697 0.018572 0.999781
vn -0.009697 0.018572 0.999781
vn -0.009697 0.018572 0.999780
vn -0.009697 0.018572 0.999781
vn -0.619090 0.785320 0.000000
vn -0.619090 0.785320 0.000000
vn -0.619090 0.785320 0.000000
vn -0.619090 0.785320 0.000000
vn -0.707108 0.000000 0.707106
vn -0.707108 0.000000 0.707106
vn 0.707106 0.000000 -0.707107
vn 0.707106 0.000000 -0.707107
vn 0.010252 -0.015035 0.999834
vn 0.010252 -0.015035 0.999834
vn 0.010252 -0.015035 0.999834
vn 0.010252 -0.015035 0.999834
vn -0.006786 -0.999969 0.003918
vn -0.006786 -0.999969 0.003918
vn -0.006786 -0.999969 0.003918
vn -0.006786 -0.999969 0.003918
vn 0.003918 -0.999969 -0.006785
vn 0.003918 -0.999969 -0.006785
vn 0.003918 -0.999969 -0.006785
vn 0.003918 -0.999969 -0.006785
vn -0.014459 0.002678 0.999892
vn -0.014459 0.002678 0.999892
vn -0.014459 0.002678 0.999892
vn -0.014459 0.002678 0.999892
vn 0.000000 -0.004693 -0.999989
vn 0.000000 -0.004693 -0.999989
vn -0.999989 -0.004693 0.000000
vn -0.999989 -0.004693 0.000000
vn -0.009830 -0.016075 0.999822
vn -0.009830 -0.016075 0.999822
vn -0.009830 -0.016075 0.999822
vn -0.009830 -0.016075 0.999822
vn 0.014581 0.999858 -0.008418
vn 0.014581 0.999858 -0.008418
vn 0.014581 0.999858 -0.008418
vn 0.014581 0.999858 -0.008418
vn -0.008418 0.999858 0.014580
vn -0.008418 0.999858 0.014580
vn -0.008418 0.999858 0.014580
vn -0.008418 0.999858 0.014580
vn -0.864767 -0.502173 0.000000
vn -0.888673 -0.458541 0.000000
vn -0.888673 -0.458541 0.000000
vn -0.864767 -0.502173 0.000000
vn 0.000000 -0.999998 -0.001998
vn 0.000000 -0.999998 -0.001998
vn 0.000000 -0.999998 -0.001998
vn 0.000000 -0.999998 -0.001998
vn -0.001998 -0.999998 0.000002
vn -0.001998 -0.999998 0.000002
vn -0.001998 -0.999998 0.000002
vn -0.001998 -0.999998 0.000002
vn 0.000000 0.580540 -0.814232
vn 0.000000 0.738829 -0.673893
vn -0.814231 0.580541 0.000000
vn -0.673892 0.738830 0.000000
vn -0.700878 0.132441 -0.700877
vn -0.340720 0.131925 -0.930863
vn 0.000000 0.202219 0.979340
vn 0.979340 0.202219 -0.000000
vn 0.698546 0.155129 -0.698547
vn 0.698546 0.155129 -0.698547
vn -0.698546 0.155129 0.698547
vn -0.698546 0.155129 0.698547
vn 0.705541 0.066508 0.705541
vn -0.985792 -0.167973 0.000000
vn -0.985792 -0.167973 0.000000
vn 0.343720 -0.004839 -0.939060
vn 0.343720 -0.004839 -0.939060
vn -0.939011 -0.004839 0.343852
vn -0.939011 -0.004839 0.343852
vn -0.706615 0.037297 -0.706614
vn -0.343487 0.037149 -0.938422
vn -0.695116 0.718898 0.000000
vn -0.695116 0.718898 0.000000
vn -0.854663 0.519182 0.000000
vn -0.854663 0.519182 0.000000
vn 0.807500 0.589858 0.003415
vn 0.807500 0.589858 0.003415
vn 0.807500 0.589858 0.003415
vn 0.807500 0.589858 0.003415
vn 0.175388 0.968751 -0.175389
vn 0.175388 0.968751 -0.175390
vn -0.175388 0.968751 0.175388
vn -0.175388 0.968751 0.175388
vn -0.324487 0.329847 0.886515
vn 0.886560 0.329850 -0.324362
vn -0.000000 -0.999998 -0.001998
vn -0.000000 -0.999998 -0.001998
vn -0.000000 -0.999998 -0.001998
vn -0.000000 -0.999998 -0.001998
vn -0.001998 -0.999998 0.000000
vn -0.001998 -0.999998 0.000000
vn -0.001998 -0.999998 0.000000
vn -0.001998 -0.999998 0.000000
vn -0.000000 0.133305 -0.991075
vn 0.227731 0.749026 -0.622173
vn 0.273026 0.607502 -0.745921
vn -0.622145 0.749022 0.227820
vn -0.745886 0.607497 0.273132
vn -0.539298 0.842115 0.000000
vn -0.539299 0.842115 0.000000
vn -0.000000 0.033718 -0.999431
vn -0.153755 -0.988106 -0.002534
vn -0.153755 -0.988106 -0.002534
vn -0.153755 -0.988106 -0.002534
vn -0.153755 -0.988106 -0.002534
vn 0.336278 0.207019 0.918728
vn 0.918681 0.207016 0.336408
vn -0.807497 -0.589862 -0.003419
vn -0.807497 -0.589862 -0.003419
vn -0.807497 -0.589862 -0.003419
vn -0.807497 -0.589862 -0.003419
vn -0.707063 -0.011106 -0.707063
vn -0.343703 -0.011062 -0.939013
vn -0.316320 0.948653 0.000000
vn -0.316320 0.948653 0.000000
vn 0.340720 0.131925 -0.930863
vn 0.707099 -0.004859 -0.707098
vn 0.707099 -0.004859 -0.707098
vn -0.707098 -0.004859 0.707098
vn -0.707098 -0.004859 0.707099
vn 0.361256 0.932467 0.000000
vn 0.361256 0.932467 0.000000
vn 0.617811 0.786327 -0.000002
vn 0.617811 0.786327 -0.000002
vn 0.655880 0.754865 -0.000002
vn 0.655880 0.754866 -0.000002
vn -0.249975 0.686366 0.682945
vn 0.682976 0.686371 -0.249878
vn 0.343487 0.037149 -0.938422
vn -0.619090 0.785320 0.000000
vn -0.619089 0.785320 0.000000
vn -0.619090 0.785320 0.000000
vn -0.619090 0.785321 0.000000
vn 0.000000 -0.010728 -0.999943
vn 0.006786 -0.999969 -0.003918
vn 0.006786 -0.999969 -0.003918
vn 0.006786 -0.999969 -0.003918
vn 0.006786 -0.999969 -0.003918
vn -0.003918 -0.999969 0.006787
vn -0.003918 -0.999969 0.006787
vn -0.003918 -0.999969 0.006787
vn -0.003918 -0.999969 0.006787
vn 0.691670 0.207807 0.691671
vn 0.108837 0.994060 -0.000000
vn 0.108837 0.994060 -0.000000
vn 0.108837 0.994060 -0.000000
vn 0.108837 0.994060 -0.000000
vn 0.000999 -0.999998 -0.001731
vn 0.000999 -0.999998 -0.001731
vn 0.000999 -0.999998 -0.001731
vn 0.000999 -0.999998 -0.001731
vn -0.001731 -0.999998 0.000998
vn -0.001731 -0.999998 0.000998
vn -0.001731 -0.999998 0.000998
vn -0.001731 -0.999998 0.000998
vn -0.000000 0.331703 0.943384
vn 0.943384 0.331703 -0.000000
vn 0.939048 -0.000000 -0.343787
vn 0.938800 -0.000000 -0.344464
vn -0.343724 0.000000 0.939071
vn -0.343724 0.000000 0.939071
vn -0.014581 0.999858 0.008418
vn -0.014581 0.999858 0.008418
vn -0.014581 0.999858 0.008418
vn -0.014581 0.999858 0.008418
vn 0.008418 0.999858 -0.014579
vn 0.008418 0.999858 -0.014579
vn 0.008418 0.999858 -0.014579
vn 0.008418 0.999858 -0.014579
vn 0.467442 0.750331 -0.467442
vn 0.560842 0.609025 -0.560843
vn -0.467442 0.750331 0.467442
vn -0.560842 0.609024 0.560843
vn -0.339595 0.154530 0.927791
vn -0.339595 0.154530 0.927791
vn 0.927839 0.154531 -0.339464
vn 0.927839 0.154531 -0.339464
vn -0.085574 0.968513 0.233794
vn -0.085574 0.968513 0.233794
vn 0.233803 0.968514 -0.085542
vn 0.233803 0.968514 -0.085542
vn -0.386263 0.837617 -0.386263
vn -0.386263 0.837617 -0.386263
vn -0.188285 0.836622 -0.514405
vn -0.188285 0.836622 -0.514405
vn -0.527645 0.837617 -0.141382
vn -0.527645 0.837617 -0.141382
vn 0.343703 -0.011062 -0.939013
vn 0.154186 0.988042 0.000001
vn 0.154186 0.988042 0.000001
vn 0.154186 0.988042 0.000001
vn 0.154186 0.988042 0.000001
vn 0.700878 0.132441 -0.700877
vn -0.700877 0.132441 0.700879
vn -0.478557 -0.868643 -0.128230
vn -0.478557 -0.868643 -0.128230
vn -0.350329 -0.868642 -0.350330
vn -0.350329 -0.868642 -0.350330
vn -0.170805 -0.867792 -0.466650
vn -0.170805 -0.867792 -0.466650
vn 0.000000 0.828787 -0.559564
vn 0.000000 0.828787 -0.559564
vn -0.000000 0.675155 0.737676
vn 0.737676 0.675154 0.000000
vn -0.706615 0.037297 0.706615
vn 0.706615 0.037297 -0.706614
vn 0.324487 0.329847 0.886515
vn 0.886471 0.329843 0.324613
vn -0.343720 -0.004839 0.939060
vn -0.343720 -0.004839 0.939060
vn 0.939108 -0.004839 -0.343587
vn 0.939108 -0.004839 -0.343587
vn -0.495061 0.140306 -0.857455
vn -0.345886 0.872196 -0.345885
vn -0.168643 0.871365 -0.460741
vn -0.495061 0.140306 -0.857455
vn -0.857460 0.140297 -0.495054
vn -0.472489 0.872196 -0.126603
vn -0.857460 0.140297 -0.495054
vn -0.779326 0.590800 -0.208821
vn -0.935431 0.249287 -0.250648
vn -0.684783 0.249287 -0.684783
vn -0.570507 0.590799 -0.570507
vn -0.332954 0.248359 -0.909648
vn -0.277707 0.589271 -0.758708
vn -0.527645 0.837617 0.141383
vn -0.527645 0.837617 0.141383
vn -0.000000 -0.861085 -0.508461
vn -0.000000 -0.861085 -0.508461
vn 0.000000 -0.999969 0.007836
vn 0.000000 -0.999969 0.007836
vn 0.000000 -0.999969 0.007836
vn 0.000000 -0.999969 0.007836
vn 0.975361 0.220614 -0.000000
vn 0.975361 0.220614 -0.000000
vn 0.975361 0.220614 -0.000000
vn 0.975361 0.220614 -0.000000
vn 0.188285 0.836621 -0.514406
vn 0.188285 0.836621 -0.514406
vn 0.000000 0.966618 0.256222
vn 0.000000 0.966618 0.256222
vn 0.256221 0.966618 -0.000001
vn 0.256221 0.966618 -0.000001
vn -0.478557 -0.868643 0.128231
vn -0.478557 -0.868643 0.128231
vn 0.000000 0.227762 -0.973717
vn 0.000000 0.577459 -0.816419
vn -0.000000 0.149966 0.988691
vn -0.000000 0.149966 0.988691
vn 0.988691 0.149964 -0.000000
vn 0.988691 0.149964 -0.000000
vn 0.249975 0.686366 0.682945
vn 0.682914 0.686362 0.250073
vn -0.009329 -0.999826 -0.016161
vn -0.009329 -0.999826 -0.016161
vn -0.009329 -0.999826 -0.016161
vn -0.009329 -0.999826 -0.016161
vn -0.016159 -0.999826 -0.009329
vn -0.016159 -0.999826 -0.009329
vn -0.016159 -0.999826 -0.009329
vn -0.016159 -0.999826 -0.009329
vn 0.667244 0.331016 0.667244
vn 0.707064 -0.011106 -0.707063
vn -0.707063 -0.011106 0.707063
vn 0.000000 0.999858 -0.016837
vn 0.000000 0.999858 -0.016837
vn 0.000000 0.999858 -0.016836
vn 0.000000 0.999858 -0.016836
vn 0.000000 0.140309 -0.990108
vn -0.000000 0.872976 -0.487763
vn -0.000000 0.140309 -0.990108
vn 1.000000 -0.000001 -0.000000
vn 1.000000 -0.000001 -0.000000
vn 0.000000 0.000000 1.000000
vn 0.000000 0.000000 1.000000
vn 0.170805 -0.867792 -0.466651
vn 0.170805 -0.867792 -0.466651
vn -0.779327 0.590800 0.208820
vn -0.935431 0.249287 0.250648
vn -0.707092 0.006401 -0.707092
vn -0.343717 0.006376 -0.939052
vn -0.965906 0.006401 -0.258814
vn -0.000999 -0.999998 0.001731
vn -0.000999 -0.999998 0.001731
vn -0.000999 -0.999998 0.001731
vn -0.000999 -0.999998 0.001731
vn 0.001731 -0.999998 -0.000999
vn 0.001731 -0.999998 -0.000999
vn 0.001731 -0.999998 -0.000999
vn 0.001731 -0.999998 -0.000999
vn 0.000000 -0.004693 0.999989
vn 0.000000 -0.004693 0.999989
vn 0.999989 -0.004693 0.000000
vn 0.999989 -0.004693 0.000000
vn -0.990108 0.140305 -0.000001
vn -0.472489 0.872196 0.126603
vn -0.990108 0.140305 -0.000001
vn 0.000000 -0.999969 0.007837
vn 0.000000 -0.999969 0.007837
vn 0.277707 0.589271 -0.758709
vn 0.332954 0.248359 -0.909648
vn 0.085574 0.968513 0.233794
vn 0.085574 0.968513 0.233794
vn 0.233784 0.968513 0.085608
vn 0.233784 0.968512 0.085608
vn 0.000000 -0.999826 -0.018659
vn 0.000000 -0.999826 -0.018659
vn 0.000000 -0.999826 -0.018659
vn 0.000000 -0.999826 -0.018659
vn -0.227731 0.749026 0.622172
vn -0.273026 0.607502 0.745921
vn 0.622200 0.749030 -0.227641
vn 0.745956 0.607507 -0.272919
vn 0.513283 0.687807 0.513285
vn 0.339596 0.154530 0.927791
vn 0.339596 0.154530 0.927791
vn 0.927743 0.154527 0.339726
vn 0.927743 0.154527 0.339727
vn 0.000000 0.006183 -0.999981
vn -0.330779 0.883838 -0.330780
vn -0.161291 0.883067 -0.440655
vn -0.451853 0.883838 -0.121073
vn -0.000000 0.140310 -0.990108
vn 0.168643 0.871365 -0.460741
vn -0.018659 -0.999826 0.000001
vn -0.018659 -0.999826 0.000001
vn -0.018659 -0.999826 0.000001
vn -0.018659 -0.999826 0.000001
vn 0.000000 0.999858 -0.016836
vn 0.000000 0.999858 -0.016836
vn -0.340718 0.131925 0.930863
vn 0.386263 0.837617 -0.386264
vn 0.386263 0.837617 -0.386264
vn -0.386263 0.837616 0.386264
vn -0.386263 0.837616 0.386264
vn -0.965906 0.006401 0.258814
vn 0.343720 -0.004839 0.939060
vn 0.343720 -0.004839 0.939060
vn 0.939011 -0.004839 0.343852
vn 0.939011 -0.004839 0.343852
vn 0.938951 0.000000 0.344051
vn 0.938702 0.000000 0.344730
vn 0.343724 0.000000 0.939071
vn 0.343724 0.000000 0.939071
vn 0.175388 0.968751 0.175388
vn 0.175388 0.968751 0.175388
vn -0.343487 0.037149 0.938423
vn 0.003918 -0.999969 0.006786
vn 0.003918 -0.999969 0.006786
vn 0.003918 -0.999969 0.006786
vn 0.003918 -0.999969 0.006786
vn 0.006786 -0.999969 0.003918
vn 0.006786 -0.999969 0.003918
vn 0.006786 -0.999969 0.003918
vn 0.006786 -0.999969 0.003918
vn 0.343717 0.006376 -0.939052
vn -0.000000 -0.999826 -0.018659
vn -0.000000 -0.999826 -0.018659
vn -0.000000 -0.999826 -0.018659
vn -0.000000 -0.999826 -0.018659
vn -0.000000 0.869810 -0.493387
vn -0.350329 -0.868642 0.350330
vn -0.350328 -0.868642 0.350330
vn 0.350329 -0.868642 -0.350329
vn 0.350329 -0.868642 -0.350329
vn 0.698547 0.155129 0.698547
vn 0.698547 0.155129 0.698547
vn -0.570507 0.590799 0.570508
vn -0.684783 0.249287 0.684783
vn 0.570507 0.590799 -0.570507
vn 0.684783 0.249287 -0.684783
vn -0.451853 0.883838 0.121074
vn 0.707098 -0.004859 0.707099
vn 0.707098 -0.004859 0.707099
vn -0.008418 0.999858 -0.014579
vn -0.008418 0.999858 -0.014579
vn -0.008418 0.999858 -0.014579
vn -0.008418 0.999858 -0.014579
vn -0.014581 0.999858 -0.008418
vn -0.014581 0.999858 -0.008418
vn -0.014581 0.999858 -0.008418
vn -0.014581 0.999858 -0.008418
vn -0.000000 -0.999998 0.001998
vn -0.000000 -0.999998 0.001998
vn -0.000000 -0.999998 0.001998
vn -0.000000 -0.999998 0.001998
vn 0.001998 -0.999998 0.000001
vn 0.001998 -0.999998 0.000001
vn 0.001998 -0.999998 0.000001
vn 0.001998 -0.999998 0.000001
vn 0.161291 0.883067 -0.440655
vn 0.707108 0.000000 0.707106
vn 0.707108 0.000000 0.707106
vn -0.343703 -0.011062 0.939013
vn 0.000000 0.738830 0.673892
vn -0.000000 0.580541 0.814231
vn 0.814231 0.580541 0.000000
vn 0.673892 0.738830 0.000000
vn -0.928053 0.277273 -0.248670
vn -0.679383 0.277273 -0.679381
vn -0.330348 0.276258 -0.902525
vn -0.707093 0.006401 0.707092
vn 0.707092 0.006401 -0.707092
vn -0.000000 0.133306 0.991075
vn -0.857459 0.140307 0.495053
vn -0.345886 0.872197 0.345885
vn -0.857459 0.140307 0.495053
vn 0.495060 0.140306 -0.857456
vn 0.495060 0.140306 -0.857456
vn 0.345886 0.872196 -0.345885
vn 0.000000 -0.999998 0.001998
vn 0.000000 -0.999998 0.001998
vn 0.000000 -0.999998 0.001998
vn 0.000000 -0.999998 0.001998
vn 0.001998 -0.999998 0.000000
vn 0.001998 -0.999998 0.000000
vn 0.001998 -0.999998 0.000000
vn 0.001998 -0.999998 0.000000
vn -0.000000 0.033719 0.999431
vn -0.016159 -0.999826 0.009327
vn -0.016159 -0.999826 0.009327
vn -0.016159 -0.999826 0.009327
vn -0.016159 -0.999826 0.009327
vn 0.009329 -0.999826 -0.016161
vn 0.009329 -0.999826 -0.016161
vn 0.009329 -0.999826 -0.016161
vn 0.009329 -0.999826 -0.016161
vn -0.000000 0.268519 -0.963274
vn -0.188285 0.836621 0.514406
vn -0.188285 0.836621 0.514406
vn 0.527645 0.837617 -0.141382
vn 0.527645 0.837617 -0.141382
vn -0.963275 0.268517 0.000001
vn -0.170805 -0.867793 0.466650
vn -0.170805 -0.867793 0.466650
vn 0.478557 -0.868643 -0.128228
vn 0.478557 -0.868643 -0.128228
vn 0.000000 1.000000 -0.000003
vn 0.000000 1.000000 -0.000003
vn 0.000000 1.000000 -0.000003
vn 0.000000 1.000000 -0.000003
vn 0.000000 1.000000 0.000000
vn 0.000000 1.000000 0.000000
vn 0.000000 1.000000 0.000000
vn 0.000000 1.000000 0.000000
vn 0.227731 0.749026 0.622172
vn 0.273026 0.607502 0.745921
vn 0.622145 0.749022 0.227820
vn 0.745886 0.607497 0.273132
vn 0.330348 0.276258 -0.902525
vn 0.340719 0.131925 0.930863
vn -0.330780 0.883838 0.330780
vn 0.330780 0.883838 -0.330780
vn 0.000999 -0.999998 0.001731
vn 0.000999 -0.999998 0.001731
vn 0.000999 -0.999998 0.001731
vn 0.000999 -0.999998 0.001731
vn 0.001731 -0.999998 0.000999
vn 0.001731 -0.999998 0.000999
vn 0.001731 -0.999998 0.000999
vn 0.001731 -0.999998 0.000999
vn -0.277707 0.589271 0.758709
vn -0.332954 0.248359 0.909648
vn 0.779326 0.590800 -0.208820
vn 0.935431 0.249287 -0.250648
vn 0.000000 1.000000 0.000000
vn 0.000000 1.000000 0.000000
vn 0.000000 1.000000 0.000000
vn 0.000000 1.000000 0.000000
vn 0.343487 0.037149 0.938423
vn 0.000000 -0.010728 0.999943
vn 0.000000 1.000000 0.000000
vn 0.000000 1.000000 0.000000
vn 0.000000 1.000000 0.000000
vn 0.000000 1.000000 0.000000
vn 0.000000 1.000000 0.000000
vn 0.000000 1.000000 0.000000
vn 0.467442 0.750331 0.467442
vn 0.560843 0.609024 0.560843
vn -0.965926 0.000000 -0.258819
vn -0.965926 0.000000 -0.258819
vn -0.707107 0.000000 -0.707107
vn -0.707107 0.000000 -0.707107
vn -0.343724 0.000000 -0.939071
vn -0.343724 0.000000 -0.939071
vn 0.700877 0.132441 0.700879
vn -0.343717 0.006375 0.939052
vn 0.965906 0.006401 -0.258814
vn -0.679382 0.277273 0.679382
vn -0.834220 0.268518 0.481638
vn 0.679382 0.277273 -0.679382
vn 0.000000 0.000000 -1.000000
vn 0.000000 0.000000 -1.000000
vn 0.706615 0.037297 0.706614
vn 0.000000 0.828785 0.559567
vn 0.000000 0.828785 0.559567
vn -0.965926 0.000000 0.258820
vn -0.965926 0.000000 0.258820
vn 0.343703 -0.011062 0.939013
vn -0.000000 -0.861087 0.508458
vn -0.000000 -0.861087 0.508458
vn 0.000000 1.000000 -0.000002
vn 0.000000 1.000000 0.000005
vn 0.000000 1.000000 -0.000001
vn 0.000000 1.000000 -0.000001
vn 0.343724 0.000000 -0.939071
vn 0.343724 0.000000 -0.939071
vn 0.000000 1.000000 0.000001
vn 0.000000 1.000000 0.000001
vn 0.000000 1.000000 0.000001
vn 0.000000 1.000000 0.000001
vn 0.000000 1.000000 0.000003
vn 0.000000 1.000000 0.000003
vn 0.000000 1.000000 0.000003
vn 0.000000 1.000000 0.000003
vn 0.000000 0.577460 0.816419
vn 0.000000 0.227762 0.973717
vn 0.527645 0.837617 0.141383
vn 0.527645 0.837617 0.141383
vn 0.478557 -0.868643 0.128231
vn 0.478557 -0.868643 0.128231
vn 0.000000 1.000000 -0.000002
vn 0.000000 1.000000 -0.000002
vn 0.000000 1.000000 -0.000003
vn 0.000000 1.000000 -0.000001
vn -0.009329 -0.999826 0.016162
vn -0.009329 -0.999826 0.016162
vn -0.009329 -0.999826 0.016162
vn -0.009329 -0.999826 0.016162
vn 0.016159 -0.999826 -0.009329
vn 0.016159 -0.999826 -0.009329
vn 0.016159 -0.999826 -0.009329
vn 0.016159 -0.999826 -0.009329
vn -0.707107 0.000000 0.707107
vn -0.707107 0.000000 0.707107
vn 0.707107 0.000000 -0.707107
vn 0.707107 0.000000 -0.707107
vn 0.779327 0.590800 0.208819
vn 0.935431 0.249287 0.250648
vn -0.710357 -0.703841 0.000000
vn -0.710357 -0.703841 0.000000
vn -0.710357 -0.703841 0.000000
vn -0.710357 -0.703841 0.000000
vn -0.000000 -0.000000 -1.000000
vn -0.000000 -0.000000 -1.000000
vn -0.000000 -0.000000 -1.000000
vn -0.000000 -0.000000 -1.000000
vn 0.188285 0.836621 0.514406
vn 0.188285 0.836621 0.514406
vn 0.170805 -0.867793 0.466650
vn 0.170805 -0.867793 0.466650
vn 0.707063 -0.011106 0.707063
vn -0.495066 0.140300 0.857453
vn -0.168643 0.871366 0.460740
vn -0.495066 0.140300 0.857453
vn 0.857460 0.140297 -0.495054
vn 0.857460 0.140297 -0.495054
vn 0.472489 0.872196 -0.126602
vn 0.000000 1.000000 0.000004
vn 0.000000 1.000000 0.000000
vn 0.000000 0.006183 0.999981
vn -0.161291 0.883067 0.440655
vn 0.451853 0.883838 -0.121073
vn -0.154186 0.988042 0.000001
vn -0.154186 0.988042 0.000001
vn -0.154186 0.988042 0.000001
vn -0.154186 0.988042 0.000001
vn 0.277707 0.589272 0.758708
vn 0.332954 0.248359 0.909648
vn -0.000000 -0.000000 -1.000000
vn -0.000000 -0.000000 -1.000000
vn -0.000000 -0.000000 -1.000000
vn -0.000000 -0.000000 -1.000000
vn -1.000000 0.000000 0.000000
vn -1.000000 0.000000 0.000000
vn -1.000000 0.000000 0.000000
vn -1.000000 0.000000 0.000000
vn 0.000000 1.000000 0.000000
vn 0.000000 1.000000 0.000000
vn 0.000000 1.000000 -0.000003
vn 0.000000 1.000000 -0.000003
vn 0.000000 1.000000 -0.000003
vn 0.000000 1.000000 -0.000003
vn 0.000000 1.000000 -0.000003
vn 0.000000 1.000000 -0.000003
vn 0.000000 1.000000 -0.000003
vn 0.000000 1.000000 -0.000003
vn -0.330348 0.276257 0.902526
vn 0.928053 0.277272 -0.248671
vn 0.000000 0.000000 1.000000
vn 0.000000 0.000000 1.000000
vn 0.000000 0.000000 1.000000
vn 0.000000 0.000000 1.000000
vn 0.700909 0.713250 0.000003
vn 0.700909 0.713250 0.000003
vn 0.700909 0.713250 0.000003
vn 0.700909 0.713250 0.000003
vn 0.965906 0.006401 0.258814
vn -0.343724 0.000000 0.939071
vn -0.343724 0.000000 0.939071
vn 0.965926 0.000000 -0.258819
vn 0.965926 0.000000 -0.258819
vn 0.000000 1.000000 0.000009
vn 0.000000 1.000000 0.000009
vn 0.350329 -0.868642 0.350330
vn 0.350329 -0.868642 0.350330
vn -0.008724 0.999962 0.000000
vn -0.008724 0.999962 0.000000
vn 0.000000 1.000000 0.000001
vn 0.000000 1.000000 0.000001
vn 0.386263 0.837616 0.386264
vn 0.386263 0.837616 0.386264
vn 0.999962 0.008727 0.000000
vn 0.999962 0.008727 0.000000
vn 0.999962 0.008727 0.000000
vn 0.999962 0.008727 0.000000
vn 0.343717 0.006375 0.939052
vn 0.570507 0.590799 0.570507
vn 0.684783 0.249287 0.684783
vn 0.000000 0.000000 1.000000
vn 0.000000 0.000000 1.000000
vn 0.000000 0.000000 1.000000
vn 0.000000 0.000000 1.000000
vn 0.000000 1.000000 0.000000
vn 0.000000 1.000000 0.000000
vn 0.008724 0.999962 0.000002
vn 0.008724 0.999962 0.000002
vn -0.108837 0.994060 0.000000
vn -0.108837 0.994060 0.000000
vn -0.108837 0.994060 0.000000
vn -0.108837 0.994060 0.000000
vn 0.000000 0.000000 1.000000
vn 0.000000 0.000000 1.000000
vn 0.000000 1.000000 0.000000
vn 0.000000 1.000000 0.000000
vn 0.000000 1.000000 0.000000
vn 0.000000 1.000000 0.000000
vn 0.965926 0.000000 0.258820
vn 0.965926 0.000000 0.258820
vn 0.000000 1.000000 -0.000005
vn 0.000000 1.000000 -0.000005
vn 0.000000 1.000000 -0.000005
vn 0.000000 1.000000 -0.000005
vn -0.000000 -0.999826 0.018657
vn -0.000000 -0.999826 0.018657
vn -0.000000 -0.999826 0.018657
vn -0.000000 -0.999826 0.018657
vn 0.619091 0.785319 0.000000
vn 0.619091 0.785319 0.000000
vn 0.619091 0.785319 0.000000
vn 0.619091 0.785319 0.000000
vn 0.343724 0.000000 0.939071
vn 0.343724 0.000000 0.939071
vn 0.000000 1.000000 0.000000
vn 0.000000 1.000000 0.000000
vn 0.000000 1.000000 0.000000
vn 0.000000 1.000000 0.000000
vn 0.000000 1.000000 0.000000
vn 0.000000 1.000000 0.000000
vn 0.000000 -0.000000 -1.000000
vn 0.000000 -0.000000 -1.000000
vn 0.000000 -0.000000 -1.000000
vn 0.000000 -0.000000 -1.000000
vn 0.707092 0.006401 0.707092
vn 0.000000 0.869810 0.493387
vn 0.000000 0.268517 0.963275
vn -0.743785 0.668419 0.000000
vn -0.743785 0.668419 0.000000
vn -0.743785 0.668419 0.000000
vn -0.743785 0.668419 0.000000
vn 0.619090 0.785320 0.000000
vn 0.619090 0.785320 0.000000
vn 0.619090 0.785320 0.000000
vn 0.619090 0.785320 0.000000
vn 0.000000 1.000000 0.000000
vn 0.000000 1.000000 0.000000
vn 0.707107 0.000000 0.707107
vn 0.707107 0.000000 0.707107
vn -0.700909 0.713250 0.000003
vn -0.700909 0.713250 0.000003
vn -0.700909 0.713250 0.000003
vn -0.700909 0.713250 0.000003
vn 0.713251 -0.700909 0.000000
vn 0.713251 -0.700909 0.000000
vn 0.713251 -0.700909 0.000000
vn 0.713251 -0.700909 0.000000
vn 0.000000 0.872976 0.487763
vn 0.451853 0.883838 0.121074
vn 0.928053 0.277273 0.248672
vn 0.710357 -0.703841 0.000000
vn 0.710357 -0.703841 0.000000
vn 0.710357 -0.703841 0.000000
vn 0.710357 -0.703841 0.000000
vn 0.000000 1.000000 0.000000
vn 0.000000 1.000000 0.000000
vn 0.018659 -0.999826 0.000002
vn 0.018659 -0.999826 0.000002
vn 0.018659 -0.999826 0.000002
vn 0.018659 -0.999826 0.000002
vn 0.000000 1.000000 0.000000
vn 0.000000 1.000000 0.000000
vn 0.000000 1.000000 0.000000
vn 0.000000 1.000000 0.000000
vn 0.000000 1.000000 -0.000002
vn 0.000000 1.000000 -0.000002
vn 0.000000 1.000000 -0.000002
vn 0.000000 1.000000 -0.000002
vn -0.000000 0.000000 1.000000
vn -0.000000 0.000000 1.000000
vn -0.000000 0.000000 1.000000
vn -0.000000 0.000000 1.000000
vn 0.161291 0.883068 0.440655
vn 0.330347 0.276257 0.902526
vn 0.000000 0.140299 0.990109
vn 0.000000 0.140299 0.990109
vn 0.472488 0.872196 0.126604
vn 0.000000 -0.999826 0.018657
vn 0.000000 -0.999826 0.018657
vn 0.000000 -0.999826 0.018657
vn 0.000000 -0.999826 0.018657
vn -0.655880 0.754865 -0.000003
vn -0.655880 0.754866 -0.000003
vn -0.617811 0.786327 -0.000002
vn -0.617811 0.786327 -0.000002
vn -0.000000 -1.000000 0.000000
vn -0.000000 -1.000000 0.000000
vn 0.008035 -0.999968 0.000000
vn 0.008035 -0.999968 0.000000
vn 0.000000 -0.000000 -1.000000
vn 0.000000 -0.000000 -1.000000
vn 0.000000 -0.000000 -1.000000
vn 0.000000 -0.000000 -1.000000
vn 0.330779 0.883838 0.330780
vn 0.679381 0.277273 0.679383
vn 0.168643 0.871366 0.460740
vn 0.990108 0.140306 -0.000001
vn 0.990108 0.140306 -0.000001
vn -0.999962 0.008727 0.000000
vn -0.999962 0.008727 0.000000
vn -0.999962 0.008727 0.000000
vn -0.999962 0.008727 0.000000
vn 0.864767 -0.502173 0.000000
vn 0.864767 -0.502173 0.000000
vn 0.888673 -0.458541 0.000000
vn 0.888673 -0.458541 0.000000
vn 0.000000 1.000000 0.000000
vn 0.000000 1.000000 0.000000
vn 0.000000 1.000000 0.000000
vn 0.000000 1.000000 0.000000
vn -0.008035 -0.999968 0.000000
vn -0.008035 -0.999968 0.000000
vn 0.807496 -0.589862 -0.003419
vn 0.807497 -0.589862 -0.003419
vn 0.807496 -0.589862 -0.003419
vn 0.807497 -0.589862 -0.003419
vn -0.807500 0.589858 0.003414
vn -0.807500 0.589858 0.003414
vn -0.807500 0.589858 0.003414
vn -0.807500 0.589858 0.003414
vn 1.000000 0.000000 0.000000
vn 1.000000 0.000000 0.000000
vn 1.000000 0.000000 0.000000
vn 1.000000 0.000000 0.000000
vn -0.713251 -0.700909 0.000000
vn -0.713251 -0.700909 0.000000
vn -0.713251 -0.700909 0.000000
vn -0.713251 -0.700909 0.000000
vn 0.009329 -0.999826 0.016162
vn 0.009329 -0.999826 0.016162
vn 0.009329 -0.999826 0.016162
vn 0.009329 -0.999826 0.016162
vn 0.016159 -0.999826 0.009327
vn 0.016159 -0.999826 0.009327
vn 0.016159 -0.999826 0.009327
vn 0.016159 -0.999826 0.009327
vn -0.000000 0.000000 1.000000
vn -0.000000 0.000000 1.000000
vn -0.000000 0.000000 1.000000
vn -0.000000 0.000000 1.000000
vn 0.000000 0.140299 0.990109
vn 0.153756 -0.988106 -0.002536
vn 0.153756 -0.988106 -0.002536
vn 0.153756 -0.988106 -0.002536
vn 0.153756 -0.988106 -0.002536
vn 0.000000 1.000000 0.000000
vn 0.000000 1.000000 0.000000
vn 0.345886 0.872197 0.345884
vn 0.743785 0.668419 0.000000
vn 0.743785 0.668419 0.000000
vn 0.743785 0.668419 0.000000
vn 0.743785 0.668419 0.000000
vn -0.361256 0.932467 0.000001
vn -0.361256 0.932467 0.000001
vn 0.985791 -0.167976 0.000000
vn 0.985791 -0.167976 0.000000
vn 0.539298 0.842115 0.000000
vn 0.316320 0.948653 0.000001
vn 0.316320 0.948653 0.000001
vn 0.539298 0.842115 0.000000
vn 0.695116 0.718898 0.000000
vn 0.695116 0.718898 0.000000
vn 0.854663 0.519183 0.000000
vn 0.854663 0.519183 0.000000
vn 0.495065 0.140300 0.857454
vn 0.495065 0.140300 0.857454
vn 0.857459 0.140307 0.495054
vn 0.857459 0.140307 0.495054
vn -0.000000 -0.000000 -1.000000
vn -0.000000 -0.000000 -1.000000
vn 0.000000 -0.000000 -1.000000
vn 0.000000 -0.000000 -1.000000
vn 0.000000 -0.000000 -1.000000
vn 0.000000 -0.000000 -1.000000
vn 0.000000 -0.000000 -1.000000
vn -0.000000 0.000000 1.000000
vn -0.000000 0.000000 1.000000
vn -0.000000 0.000000 1.000000
vn 0.000000 0.000000 1.000000
vn 0.000000 0.000000 1.000000
vn -0.000000 0.000000 1.000000
vn -0.000000 0.000000 1.000000
vn 0.000000 0.919459 0.393186
vn 0.000000 0.919459 0.393186
vn 0.000000 0.919459 0.393186
vn -0.000000 0.919459 0.393186
vn 0.000000 0.919459 0.393186
vn -0.131669 0.923720 -0.359727
vn -0.131669 0.923720 -0.359727
vn -0.350310 0.921073 -0.170023
vn -0.410817 0.911655 -0.010734
vn -0.019128 -0.998450 0.052258
vn -0.065497 -0.981677 0.178941
vn 0.053540 -0.998463 -0.014346
vn 0.183355 -0.981818 -0.049130
vn 0.343724 0.000000 -0.939071
vn 0.343724 0.000000 -0.939071
vn -0.965926 0.000000 0.258819
vn -0.965926 0.000000 0.258819
vn 0.000000 -1.000000 0.000000
vn 0.000000 0.000000 -1.000000
vn 0.000000 0.000000 -1.000000
vn 0.000000 -1.000000 -0.000000
vn 0.000000 -1.000000 -0.000000
vn 0.000000 -1.000000 0.000000
vn 0.000000 -1.000000 0.000000
vn -0.269952 0.924257 -0.269952
vn -0.269952 0.924257 -0.269952
vn 0.000000 -1.000000 0.000000
vn 0.000000 -1.000000 0.000000
vn -0.965926 0.000000 -0.258819
vn -0.965926 0.000000 -0.258819
vn 0.000000 -1.000000 0.000000
vn 0.000000 -0.997418 0.071816
vn 0.000000 -0.980551 0.196265
vn 0.000000 0.910358 -0.413821
vn 0.000000 0.910358 -0.413821
vn 0.053541 -0.998463 0.014346
vn 0.183355 -0.981818 0.049130
vn -0.343724 0.000000 -0.939071
vn -0.343724 0.000000 -0.939071
vn 0.019128 -0.998450 0.052258
vn 0.065497 -0.981677 0.178941
vn -0.388334 0.915625 -0.104054
vn -0.388334 0.915625 -0.104054
vn 0.039194 -0.998463 0.039194
vn 0.134225 -0.981818 0.134225
vn -0.707107 0.000000 -0.707107
vn -0.707107 0.000000 -0.707107
vn 0.000000 -1.000000 0.000000
vn 0.000000 -1.000000 0.000000
vn -0.138649 0.915036 -0.378796
vn -0.138649 0.915036 -0.378796
vn 0.000000 0.000000 -1.000000
vn 0.000000 0.000000 -1.000000
vn 0.000000 -1.000000 0.000000
vn 0.000000 -1.000000 0.000000
vn -0.965926 0.000000 -0.258819
vn -0.965926 0.000000 -0.258819
vn -0.284280 0.915625 -0.284280
vn -0.284280 0.915625 -0.284280
vn 0.000000 -1.000000 0.000000
vn 0.000000 -1.000000 0.000000
vn -0.343724 0.000000 -0.939071
vn -0.343724 0.000000 -0.939071
vn 0.000000 -1.000000 0.000000
vn 0.000000 -1.000000 0.000000
vn 0.000000 -1.000000 -0.000000
vn 0.000000 -1.000000 -0.000000
vn -0.707107 0.000000 -0.707107
vn -0.707107 0.000000 -0.707107
vn 0.770032 0.594742 -0.230937
vn 0.444578 0.721655 -0.530626
vn 0.444579 0.721655 -0.530625
vn 0.770032 0.594742 -0.230938
vn 0.000000 0.768110 -0.640318
vn 0.000000 0.768110 -0.640318
vn -0.444578 0.721655 -0.530626
vn -0.444579 0.721655 -0.530625
vn -0.770033 0.594742 -0.230937
vn -0.770032 0.594742 -0.230938
vn -0.889156 0.421378 0.178444
vn -0.889156 0.421378 0.178445
vn -0.770031 0.248013 0.587828
vn -0.770031 0.248013 0.587828
vn -0.444577 0.121102 0.887517
vn -0.444577 0.121102 0.887517
vn 0.000000 0.074648 0.997210
vn 0.000000 0.074648 0.997210
vn 0.444577 0.121102 0.887517
vn 0.444577 0.121102 0.887517
vn 0.770031 0.248013 0.587828
vn 0.770031 0.248013 0.587828
vn 0.889156 0.421378 0.178444
vn 0.889156 0.421377 0.178444
vn 0.499797 0.335508 -0.798522
vn 0.865825 0.193815 -0.461285
vn 0.866225 0.193547 -0.460645
vn 0.500199 0.335418 -0.798308
vn -0.000000 0.387358 -0.921930
vn -0.000000 0.387358 -0.921929
vn -0.499798 0.335508 -0.798521
vn -0.500200 0.335418 -0.798308
vn -0.865825 0.193814 -0.461285
vn -0.866225 0.193546 -0.460646
vn -1.000000 0.000176 -0.000428
vn -1.000000 -0.000182 0.000425
vn -0.866225 -0.193553 0.460642
vn -0.865824 -0.193822 0.461282
vn -0.500199 -0.335430 0.798303
vn -0.499799 -0.335519 0.798516
vn -0.000000 -0.387371 0.921924
vn -0.000000 -0.387371 0.921924
vn 0.500199 -0.335429 0.798304
vn 0.499798 -0.335519 0.798517
vn 0.866225 -0.193553 0.460643
vn 0.865824 -0.193822 0.461284
vn 1.000000 0.000178 -0.000427
vn 1.000000 -0.000181 0.000426
vn 0.007565 -0.917831 -0.396900
vn 0.007565 -0.917831 -0.396899
vn 0.007565 -0.917831 -0.396900
vn 0.007565 -0.917831 -0.396899
vn 0.002787 -0.916725 -0.399510
vn 0.002787 -0.916725 -0.399510
vn 0.002787 -0.916725 -0.399510
vn 0.002787 -0.916725 -0.399510
vn -0.002787 -0.916726 -0.399508
vn -0.002787 -0.916726 -0.399508
vn -0.002787 -0.916726 -0.399508
vn -0.002787 -0.916726 -0.399508
vn -0.007565 -0.917831 -0.396900
vn -0.007565 -0.917831 -0.396900
vn -0.007565 -0.917831 -0.396900
vn -0.007565 -0.917831 -0.396900
vn -0.010219 -0.919715 -0.392455
vn -0.010219 -0.919715 -0.392455
vn -0.010219 -0.919715 -0.392455
vn -0.010219 -0.919715 -0.392455
vn -0.010087 -0.921838 -0.387444
vn -0.010087 -0.921838 -0.387444
vn -0.010087 -0.921838 -0.387444
vn -0.010087 -0.921838 -0.387444
vn -0.007303 -0.923634 -0.383207
vn -0.007303 -0.923634 -0.383207
vn -0.007303 -0.923634 -0.383207
vn -0.007303 -0.923634 -0.383207
vn -0.002656 -0.924652 -0.380804
vn -0.002656 -0.924652 -0.380804
vn -0.002656 -0.924652 -0.380804
vn -0.002656 -0.924652 -0.380804
vn 0.002655 -0.924652 -0.380805
vn 0.002655 -0.924652 -0.380805
vn 0.002655 -0.924652 -0.380805
vn 0.002655 -0.924652 -0.380805
vn 0.007304 -0.923634 -0.383207
vn 0.007304 -0.923634 -0.383207
vn 0.007304 -0.923634 -0.383207
vn 0.007304 -0.923634 -0.383207
vn 0.010088 -0.921838 -0.387445
vn 0.010088 -0.921838 -0.387445
vn 0.010088 -0.921838 -0.387445
vn 0.010088 -0.921838 -0.387445
vn 0.010219 -0.919715 -0.392454
vn 0.010219 -0.919715 -0.392454
vn 0.010219 -0.919715 -0.392454
vn 0.010219 -0.919715 -0.392454
vn 0.498174 0.313661 -0.808356
vn 0.864291 0.182024 -0.468901
vn 0.868850 0.179161 -0.461521
vn 0.502766 0.312702 -0.805881
vn -0.000000 0.361689 -0.932299
vn -0.000000 0.361689 -0.932299
vn -0.498173 0.313661 -0.808357
vn -0.502765 0.312701 -0.805882
vn -0.864291 0.182024 -0.468901
vn -0.868850 0.179161 -0.461520
vn -0.999993 0.001302 -0.003454
vn -0.999977 -0.002487 0.006296
vn -0.867492 -0.180314 0.463621
vn -0.862990 -0.183131 0.470862
vn -0.501378 -0.313738 0.806343
vn -0.496915 -0.314671 0.808738
vn -0.000002 -0.362662 0.931921
vn -0.000002 -0.362662 0.931921
vn 0.501377 -0.313740 0.806342
vn 0.496915 -0.314673 0.808738
vn 0.867492 -0.180314 0.463621
vn 0.862990 -0.183132 0.470862
vn 0.999993 0.001302 -0.003454
vn 0.999977 -0.002487 0.006296
vn 0.000000 0.919459 0.393186
vn -0.000000 0.919459 0.393185
vn 0.000000 0.919459 0.393186
vn 0.000000 0.919459 0.393186
vn 0.000000 0.919459 0.393186
vn 0.000000 0.919459 0.393186
vn 0.000000 0.919459 0.393186
vn 0.000000 0.919459 0.393186
vn 0.000000 0.919459 0.393186
vn 0.000000 0.919459 0.393186
vn 0.000000 0.920834 0.389955
vn 0.000000 0.920834 0.389954
vn -0.000000 0.920834 0.389954
vn -0.000000 0.920834 0.389955
vn -0.000000 0.920834 0.389954
vn -0.000000 0.920834 0.389954
vn -0.000000 0.920834 0.389955
vn -0.000000 0.920834 0.389955
vn 0.000000 0.920834 0.389954
vn 0.000000 0.920834 0.389954
vn -0.000000 0.920834 0.389954
vn 0.000000 0.920834 0.389954
vn 0.000000 0.920834 0.389954
vn 0.000000 0.920834 0.389954
vn -0.000000 0.920834 0.389954
vn -0.707064 -0.010896 0.707066
vn -0.707057 -0.011695 0.707060
vn -0.707116 0.004070 0.707086
vn -0.707117 0.004946 0.707080
vn -0.258817 -0.003982 0.965918
vn -0.258816 -0.004385 0.965917
vn -0.258828 0.005211 0.965909
vn -0.258828 0.005597 0.965907
vn 0.258817 0.004037 0.965918
vn 0.258817 0.004445 0.965916
vn 0.258828 0.005597 0.965907
vn 0.258828 0.005211 0.965909
vn 0.707061 0.011312 0.707062
vn 0.707054 0.012134 0.707056
vn 0.707117 0.004946 0.707080
vn 0.707116 0.004070 0.707086
vn 0.965804 0.015916 0.258785
vn 0.965798 0.016328 0.258783
vn 0.965928 0.002258 0.258802
vn 0.965928 0.001733 0.258806
vn 0.965798 0.016328 -0.258783
vn 0.965804 0.015916 -0.258785
vn 0.965927 -0.002700 -0.258802
vn 0.965927 -0.002079 -0.258806
vn 0.707054 0.012134 -0.707056
vn 0.707061 0.011312 -0.707062
vn 0.707101 -0.008149 -0.707065
vn 0.707105 -0.006750 -0.707076
vn 0.258817 0.004445 -0.965916
vn 0.258817 0.004037 -0.965918
vn 0.258815 -0.011269 -0.965861
vn 0.258816 -0.010526 -0.965869
vn -0.258817 -0.004385 -0.965917
vn -0.258817 -0.003982 -0.965918
vn -0.258816 -0.010526 -0.965869
vn -0.258815 -0.011269 -0.965861
vn -0.707058 -0.011695 -0.707059
vn -0.707064 -0.010896 -0.707066
vn -0.707105 -0.006750 -0.707076
vn -0.707101 -0.008149 -0.707065
vn -0.965809 -0.015523 -0.258789
vn -0.965815 -0.015126 -0.258790
vn -0.965926 -0.002079 -0.258809
vn -0.965926 -0.002700 -0.258805
vn -0.965815 -0.015126 0.258790
vn -0.965809 -0.015523 0.258789
vn -0.965927 0.001733 0.258809
vn -0.965927 0.002258 0.258805
vn -0.694525 -0.132799 0.707107
vn -0.694525 -0.132798 0.707106
vn -0.254215 -0.048608 0.965926
vn -0.254215 -0.048608 0.965926
vn 0.254213 0.048607 0.965926
vn 0.254213 0.048608 0.965926
vn 0.694525 0.132799 0.707106
vn 0.694525 0.132798 0.707106
vn 0.948738 0.181407 0.258818
vn 0.948739 0.181405 0.258818
vn 0.948739 0.181405 -0.258818
vn 0.948738 0.181407 -0.258818
vn 0.694525 0.132798 -0.707106
vn 0.694525 0.132799 -0.707107
vn 0.254213 0.048608 -0.965926
vn 0.254213 0.048607 -0.965926
vn -0.254215 -0.048608 -0.965926
vn -0.254215 -0.048608 -0.965926
vn -0.694528 -0.132799 -0.707104
vn -0.694528 -0.132799 -0.707104
vn -0.948737 -0.181407 -0.258823
vn -0.948737 -0.181405 -0.258823
vn -0.948737 -0.181405 0.258823
vn -0.948737 -0.181407 0.258823
vn -0.657227 -0.260871 0.707106
vn -0.657227 -0.260870 0.707106
vn -0.240563 -0.095486 0.965926
vn -0.240563 -0.095486 0.965926
vn 0.240561 0.095485 0.965926
vn 0.240560 0.095485 0.965926
vn 0.657227 0.260872 0.707105
vn 0.657228 0.260871 0.707105
vn 0.897790 0.356356 0.258813
vn 0.897789 0.356358 0.258813
vn 0.897789 0.356358 -0.258813
vn 0.897790 0.356356 -0.258813
vn 0.657228 0.260871 -0.707105
vn 0.657228 0.260872 -0.707105
vn 0.240559 0.095484 -0.965927
vn 0.240559 0.095484 -0.965927
vn -0.240563 -0.095486 -0.965926
vn -0.240563 -0.095486 -0.965926
vn -0.657229 -0.260871 -0.707104
vn -0.657229 -0.260872 -0.707104
vn -0.897788 -0.356356 -0.258819
vn -0.897788 -0.356357 -0.258819
vn -0.897788 -0.356357 0.258819
vn -0.897788 -0.356356 0.258819
vn -0.596539 -0.379660 0.707107
vn -0.596539 -0.379660 0.707107
vn -0.218349 -0.138966 0.965926
vn -0.218349 -0.138966 0.965926
vn 0.218348 0.138965 0.965926
vn 0.218348 0.138965 0.965926
vn 0.596538 0.379659 0.707108
vn 0.596538 0.379659 0.707108
vn 0.814888 0.518624 0.258817
vn 0.814887 0.518626 0.258817
vn 0.814887 0.518626 -0.258817
vn 0.814888 0.518624 -0.258817
vn 0.596538 0.379659 -0.707108
vn 0.596538 0.379659 -0.707108
vn 0.218348 0.138965 -0.965926
vn 0.218348 0.138965 -0.965926
vn -0.218347 -0.138964 -0.965926
vn -0.218347 -0.138964 -0.965926
vn -0.596539 -0.379660 -0.707107
vn -0.596539 -0.379660 -0.707107
vn -0.814887 -0.518624 -0.258819
vn -0.814887 -0.518625 -0.258819
vn -0.814887 -0.518625 0.258819
vn -0.814887 -0.518624 0.258819
vn -0.514625 -0.484940 0.707103
vn -0.514624 -0.484941 0.707103
vn -0.188365 -0.177500 0.965926
vn -0.188366 -0.177500 0.965926
vn 0.188366 0.177501 0.965925
vn 0.188366 0.177501 0.965925
vn 0.514619 0.484933 0.707112
vn 0.514618 0.484934 0.707112
vn 0.702987 0.662437 0.258817
vn 0.702987 0.662437 0.258817
vn 0.702986 0.662435 -0.258824
vn 0.702986 0.662436 -0.258824
vn 0.514621 0.484937 -0.707108
vn 0.514621 0.484937 -0.707108
vn 0.188367 0.177502 -0.965925
vn 0.188367 0.177502 -0.965925
vn -0.188364 -0.177498 -0.965926
vn -0.188364 -0.177499 -0.965926
vn -0.514624 -0.484941 -0.707103
vn -0.514625 -0.484940 -0.707103
vn -0.702987 -0.662436 -0.258819
vn -0.702986 -0.662437 -0.258820
vn -0.702986 -0.662437 0.258820
vn -0.702987 -0.662436 0.258820
vn -0.414396 -0.572964 0.707098
vn -0.414397 -0.572964 0.707098
vn -0.151676 -0.209714 0.965927
vn -0.151676 -0.209714 0.965927
vn 0.151679 0.209718 0.965925
vn 0.151678 0.209718 0.965925
vn 0.414387 0.572954 0.707112
vn 0.414388 0.572954 0.707112
vn 0.566070 0.782674 0.258817
vn 0.566069 0.782675 0.258817
vn 0.566067 0.782674 -0.258824
vn 0.566068 0.782673 -0.258824
vn 0.414391 0.572956 -0.707108
vn 0.414390 0.572957 -0.707108
vn 0.151679 0.209718 -0.965925
vn 0.151679 0.209718 -0.965925
vn -0.151676 -0.209714 -0.965927
vn -0.151676 -0.209714 -0.965927
vn -0.414397 -0.572964 -0.707098
vn -0.414396 -0.572964 -0.707098
vn -0.566069 -0.782676 -0.258812
vn -0.566071 -0.782675 -0.258812
vn -0.566070 -0.782675 0.258812
vn -0.566069 -0.782676 0.258812
vn -0.359305 -0.610857 0.705517
vn -0.359305 -0.610857 0.705517
vn -0.131765 -0.224016 0.965637
vn -0.131765 -0.224016 0.965637
vn 0.131768 0.224020 0.965636
vn 0.131768 0.224020 0.965636
vn 0.359298 0.610846 0.705530
vn 0.359298 0.610846 0.705530
vn 0.489866 0.832825 0.257747
vn 0.489866 0.832825 0.257747
vn 0.489866 0.832825 -0.257747
vn 0.489866 0.832825 -0.257747
vn 0.359297 0.610846 -0.705530
vn 0.359297 0.610846 -0.705530
vn 0.131768 0.224020 -0.965636
vn 0.131768 0.224020 -0.965636
vn -0.131765 -0.224016 -0.965637
vn -0.131765 -0.224016 -0.965637
vn -0.359305 -0.610857 -0.705517
vn -0.359305 -0.610857 -0.705517
vn -0.489867 -0.832828 -0.257735
vn -0.489867 -0.832828 -0.257735
vn -0.489867 -0.832828 0.257735
vn -0.489867 -0.832828 0.257735
vn -0.108314 -0.710278 0.695538
vn -0.108314 -0.710278 0.695538
vn -0.108314 -0.710278 0.695538
vn -0.108314 -0.710278 0.695538
vn -0.040537 -0.263649 0.963766
vn -0.040537 -0.263649 0.963766
vn -0.040537 -0.263649 0.963767
vn -0.040537 -0.263649 0.963767
vn 0.040882 0.263589 0.963769
vn 0.040882 0.263589 0.963768
vn 0.040882 0.263589 0.963769
vn 0.040882 0.263589 0.963768
vn 0.110863 0.709826 0.695598
vn 0.110863 0.709826 0.695598
vn 0.110863 0.709826 0.695598
vn 0.110863 0.709826 0.695598
vn 0.149924 0.956281 0.251096
vn 0.149924 0.956281 0.251096
vn 0.149924 0.956281 0.251096
vn 0.149924 0.956281 0.251096
vn 0.149924 0.956281 -0.251096
vn 0.149924 0.956281 -0.251096
vn 0.149924 0.956281 -0.251096
vn 0.149924 0.956281 -0.251096
vn 0.110863 0.709826 -0.695598
vn 0.110863 0.709826 -0.695598
vn 0.110863 0.709826 -0.695598
vn 0.110863 0.709826 -0.695598
vn 0.040882 0.263589 -0.963768
vn 0.040882 0.263589 -0.963769
vn 0.040882 0.263589 -0.963768
vn 0.040882 0.263589 -0.963769
vn -0.040537 -0.263649 -0.963766
vn -0.040537 -0.263649 -0.963766
vn -0.040537 -0.263649 -0.963767
vn -0.040537 -0.263649 -0.963767
vn -0.108314 -0.710278 -0.695538
vn -0.108314 -0.710278 -0.695538
vn -0.108314 -0.710278 -0.695538
vn -0.108314 -0.710278 -0.695538
vn -0.145204 -0.957009 -0.251098
vn -0.145204 -0.957009 -0.251098
vn -0.145204 -0.957009 -0.251098
vn -0.145204 -0.957009 -0.251098
vn -0.145204 -0.957009 0.251098
vn -0.145204 -0.957009 0.251098
vn -0.145204 -0.957009 0.251098
vn -0.145204 -0.957009 0.251098
vn 0.000177 -0.707507 0.706706
vn 0.000177 -0.707507 0.706706
vn -0.000000 -0.707503 0.706710
vn -0.000000 -0.707503 0.706710
vn 0.000024 -0.259081 0.965856
vn 0.000024 -0.259081 0.965856
vn -0.000000 -0.259080 0.965856
vn -0.000000 -0.259080 0.965856
vn 0.000024 0.259076 0.965857
vn 0.000024 0.259076 0.965857
vn -0.000000 0.259077 0.965857
vn -0.000000 0.259077 0.965857
vn 0.000181 0.707504 0.706710
vn 0.000181 0.707504 0.706710
vn 0.000000 0.707502 0.706711
vn 0.000000 0.707502 0.706711
vn 0.000338 0.965996 0.258557
vn 0.000338 0.965996 0.258557
vn -0.000000 0.965996 0.258559
vn -0.000000 0.965995 0.258559
vn 0.000338 0.965996 -0.258557
vn 0.000338 0.965996 -0.258557
vn 0.000000 0.965995 -0.258559
vn 0.000000 0.965996 -0.258559
vn 0.000181 0.707504 -0.706710
vn 0.000181 0.707504 -0.706710
vn 0.000000 0.707502 -0.706711
vn 0.000000 0.707502 -0.706711
vn 0.000024 0.259076 -0.965857
vn 0.000024 0.259076 -0.965857
vn -0.000000 0.259077 -0.965857
vn -0.000000 0.259077 -0.965857
vn 0.000024 -0.259081 -0.965856
vn 0.000024 -0.259081 -0.965856
vn 0.000000 -0.259080 -0.965856
vn 0.000000 -0.259080 -0.965856
vn 0.000177 -0.707507 -0.706706
vn 0.000177 -0.707507 -0.706706
vn 0.000000 -0.707503 -0.706710
vn 0.000000 -0.707503 -0.706710
vn 0.000329 -0.965993 -0.258570
vn 0.000329 -0.965993 -0.258570
vn 0.000000 -0.965991 -0.258577
vn 0.000000 -0.965991 -0.258577
vn 0.000329 -0.965993 0.258570
vn 0.000329 -0.965993 0.258570
vn 0.000000 -0.965991 0.258577
vn 0.000000 -0.965991 0.258577
vn -0.692795 0.509578 0.510261
vn -0.692795 0.509578 0.510261
vn -0.692795 0.509578 0.510261
vn -0.692795 0.509578 0.510261
vn -0.248970 0.687884 0.681784
vn -0.248970 0.687884 0.681784
vn -0.248970 0.687884 0.681784
vn -0.248970 0.687884 0.681784
vn 0.248969 0.687887 0.681781
vn 0.248969 0.687887 0.681781
vn 0.248969 0.687887 0.681781
vn 0.248969 0.687887 0.681781
vn 0.692795 0.509578 0.510261
vn 0.692795 0.509578 0.510261
vn 0.692795 0.509578 0.510261
vn 0.692795 0.509578 0.510261
vn 0.963396 0.187831 0.191281
vn 0.963396 0.187831 0.191281
vn 0.963396 0.187831 0.191281
vn 0.963396 0.187831 0.191281
vn 0.963559 -0.185670 -0.192561
vn 0.963559 -0.185670 -0.192561
vn 0.963559 -0.185670 -0.192561
vn 0.963559 -0.185670 -0.192561
vn 0.695143 -0.495121 -0.521182
vn 0.695143 -0.495121 -0.521182
vn 0.695143 -0.495121 -0.521182
vn 0.695143 -0.495121 -0.521182
vn 0.251055 -0.663818 -0.704498
vn 0.251055 -0.663818 -0.704498
vn 0.251055 -0.663818 -0.704498
vn 0.251055 -0.663818 -0.704498
vn -0.251055 -0.663818 -0.704498
vn -0.251055 -0.663818 -0.704498
vn -0.251055 -0.663818 -0.704498
vn -0.251055 -0.663818 -0.704498
vn -0.695143 -0.495121 -0.521182
vn -0.695143 -0.495121 -0.521182
vn -0.695143 -0.495121 -0.521182
vn -0.695143 -0.495121 -0.521182
vn -0.963559 -0.185668 -0.192565
vn -0.963559 -0.185668 -0.192565
vn -0.963559 -0.185668 -0.192565
vn -0.963559 -0.185668 -0.192565
vn -0.963395 0.187831 0.191284
vn -0.963395 0.187831 0.191284
vn -0.963395 0.187831 0.191284
vn -0.963395 0.187831 0.191284
vn -0.689116 0.138999 0.711195
vn -0.689116 0.138999 0.711195
vn -0.689116 0.138999 0.711195
vn -0.689116 0.138999 0.711195
vn -0.247126 0.192725 0.949624
vn -0.247126 0.192725 0.949624
vn -0.247126 0.192725 0.949624
vn -0.247126 0.192725 0.949624
vn 0.247126 0.192725 0.949624
vn 0.247126 0.192725 0.949624
vn 0.247126 0.192725 0.949624
vn 0.247126 0.192725 0.949624
vn 0.689116 0.139000 0.711195
vn 0.689116 0.139000 0.711195
vn 0.689116 0.139000 0.711195
vn 0.689116 0.139000 0.711195
vn 0.962385 0.048126 0.267391
vn 0.962385 0.048126 0.267391
vn 0.962386 0.048126 0.267391
vn 0.962385 0.048126 0.267391
vn 0.962148 -0.042209 -0.269237
vn 0.962149 -0.042209 -0.269237
vn 0.962149 -0.042209 -0.269237
vn 0.962149 -0.042209 -0.269237
vn 0.685549 -0.093608 -0.721984
vn 0.685549 -0.093608 -0.721984
vn 0.685549 -0.093608 -0.721984
vn 0.685549 -0.093608 -0.721984
vn 0.243749 -0.105645 -0.964067
vn 0.243749 -0.105645 -0.964067
vn 0.243749 -0.105645 -0.964067
vn 0.243749 -0.105645 -0.964067
vn -0.243749 -0.105646 -0.964067
vn -0.243749 -0.105646 -0.964067
vn -0.243749 -0.105646 -0.964067
vn -0.243749 -0.105646 -0.964067
vn -0.685549 -0.093608 -0.721984
vn -0.685549 -0.093608 -0.721984
vn -0.685549 -0.093608 -0.721984
vn -0.685549 -0.093608 -0.721984
vn -0.962148 -0.042211 -0.269239
vn -0.962148 -0.042211 -0.269239
vn -0.962148 -0.042211 -0.269239
vn -0.962148 -0.042211 -0.269239
vn -0.962385 0.048126 0.267394
vn -0.962385 0.048126 0.267394
vn -0.962385 0.048126 0.267394
vn -0.962385 0.048126 0.267394
vn -0.691808 -0.223800 0.686524
vn -0.691808 -0.223800 0.686524
vn -0.691808 -0.223800 0.686524
vn -0.691808 -0.223800 0.686524
vn -0.248699 -0.297151 0.921873
vn -0.248699 -0.297151 0.921873
vn -0.248699 -0.297151 0.921873
vn -0.248699 -0.297151 0.921873
vn 0.248699 -0.297151 0.921873
vn 0.248699 -0.297151 0.921873
vn 0.248699 -0.297151 0.921873
vn 0.248699 -0.297151 0.921873
vn 0.691808 -0.223801 0.686524
vn 0.691808 -0.223801 0.686524
vn 0.691808 -0.223801 0.686524
vn 0.691808 -0.223801 0.686524
vn 0.963021 -0.085286 0.255573
vn 0.963021 -0.085286 0.255573
vn 0.963021 -0.085286 0.255573
vn 0.963021 -0.085286 0.255573
vn 0.962972 0.088098 -0.254801
vn 0.962972 0.088098 -0.254801
vn 0.962972 0.088098 -0.254801
vn 0.962972 0.088098 -0.254801
vn 0.691068 0.245173 -0.679938
vn 0.691068 0.245173 -0.679938
vn 0.691068 0.245173 -0.679938
vn 0.691068 0.245173 -0.679938
vn 0.247955 0.337877 -0.907942
vn 0.247955 0.337877 -0.907942
vn 0.247955 0.337877 -0.907942
vn 0.247955 0.337877 -0.907942
vn -0.247954 0.337879 -0.907941
vn -0.247954 0.337879 -0.907941
vn -0.247954 0.337879 -0.907941
vn -0.247954 0.337879 -0.907941
vn -0.691068 0.245171 -0.679938
vn -0.691068 0.245171 -0.679938
vn -0.691068 0.245171 -0.679938
vn -0.691068 0.245171 -0.679938
vn -0.962970 0.088101 -0.254806
vn -0.962970 0.088101 -0.254806
vn -0.962970 0.088101 -0.254806
vn -0.962970 0.088101 -0.254806
vn -0.963020 -0.085287 0.255577
vn -0.963020 -0.085287 0.255577
vn -0.963020 -0.085287 0.255577
vn -0.963020 -0.085287 0.255577
vn -0.671640 -0.640440 0.372473
vn -0.671640 -0.640440 0.372473
vn -0.671640 -0.640440 0.372473
vn -0.671640 -0.640440 0.372473
vn -0.236120 -0.837438 0.492894
vn -0.236120 -0.837438 0.492894
vn -0.236120 -0.837438 0.492894
vn -0.236120 -0.837438 0.492894
vn 0.236119 -0.837440 0.492892
vn 0.236119 -0.837440 0.492892
vn 0.236119 -0.837440 0.492892
vn 0.236119 -0.837440 0.492892
vn 0.671642 -0.640437 0.372474
vn 0.671642 -0.640437 0.372474
vn 0.671642 -0.640437 0.372474
vn 0.671642 -0.640437 0.372474
vn 0.958926 -0.246847 0.139741
vn 0.958926 -0.246847 0.139741
vn 0.958926 -0.246847 0.139741
vn 0.958926 -0.246847 0.139741
vn 0.958795 0.250019 -0.134915
vn 0.958795 0.250019 -0.134915
vn 0.958795 0.250019 -0.134915
vn 0.958795 0.250019 -0.134915
vn 0.669543 0.663703 -0.333483
vn 0.669543 0.663703 -0.333483
vn 0.669543 0.663703 -0.333483
vn 0.669543 0.663703 -0.333483
vn 0.233932 0.880153 -0.413045
vn 0.233932 0.880153 -0.413045
vn 0.233932 0.880153 -0.413045
vn 0.233932 0.880153 -0.413045
vn -0.233932 0.880153 -0.413045
vn -0.233932 0.880153 -0.413045
vn -0.233932 0.880153 -0.413045
vn -0.233932 0.880153 -0.413045
vn -0.669540 0.663706 -0.333482
vn -0.669540 0.663706 -0.333482
vn -0.669540 0.663706 -0.333482
vn -0.669540 0.663706 -0.333482
vn -0.958794 0.250023 -0.134915
vn -0.958794 0.250023 -0.134915
vn -0.958794 0.250023 -0.134915
vn -0.958794 0.250023 -0.134915
vn -0.958926 -0.246847 0.139743
vn -0.958926 -0.246847 0.139743
vn -0.958926 -0.246847 0.139743
vn -0.958926 -0.246847 0.139743
vn -0.702647 -0.711539 -0.000033
vn -0.702647 -0.711539 -0.000033
vn -0.702647 -0.711539 -0.000033
vn -0.702647 -0.711539 -0.000033
vn -0.255801 -0.966730 -0.000051
vn -0.255801 -0.966730 -0.000051
vn -0.255801 -0.966730 -0.000051
vn -0.255801 -0.966730 -0.000051
vn 0.255804 -0.966729 -0.000051
vn 0.255804 -0.966729 -0.000051
vn 0.255804 -0.966729 -0.000051
vn 0.255804 -0.966729 -0.000051
vn 0.702644 -0.711542 -0.000033
vn 0.702644 -0.711542 -0.000033
vn 0.702644 -0.711542 -0.000033
vn 0.702644 -0.711542 -0.000033
vn 0.965100 -0.261880 -0.000004
vn 0.965101 -0.261880 -0.000004
vn 0.965100 -0.261880 -0.000004
vn 0.965100 -0.261880 -0.000004
vn 0.965104 0.261868 -0.000006
vn 0.965104 0.261868 -0.000006
vn 0.965104 0.261868 -0.000006
vn 0.965104 0.261868 -0.000006
vn 0.702655 0.711530 -0.000035
vn 0.702655 0.711530 -0.000035
vn 0.702655 0.711530 -0.000035
vn 0.702655 0.711530 -0.000035
vn 0.255779 0.966735 -0.000084
vn 0.255779 0.966735 -0.000084
vn 0.255779 0.966735 -0.000084
vn 0.255779 0.966735 -0.000084
vn -0.255779 0.966735 -0.000084
vn -0.255779 0.966735 -0.000084
vn -0.255779 0.966735 -0.000084
vn -0.255779 0.966735 -0.000084
vn -0.702658 0.711528 -0.000035
vn -0.702658 0.711528 -0.000035
vn -0.702658 0.711528 -0.000035
vn -0.702658 0.711528 -0.000035
vn -0.965102 0.261876 -0.000006
vn -0.965102 0.261876 -0.000006
vn -0.965102 0.261876 -0.000006
vn -0.965102 0.261876 -0.000006
vn -0.965100 -0.261883 -0.000005
vn -0.965100 -0.261883 -0.000005
vn -0.965100 -0.261883 -0.000005
vn -0.965100 -0.261883 -0.000005
vn -0.682919 -0.651812 -0.329792
vn -0.682919 -0.651812 -0.329792
vn -0.682919 -0.651812 -0.329792
vn -0.682919 -0.651812 -0.329792
vn -0.243051 -0.863818 -0.441298
vn -0.243051 -0.863818 -0.441298
vn -0.243051 -0.863818 -0.441298
vn -0.243051 -0.863818 -0.441298
vn 0.243049 -0.863821 -0.441294
vn 0.243049 -0.863821 -0.441294
vn 0.243049 -0.863821 -0.441294
vn 0.243049 -0.863821 -0.441294
vn 0.682921 -0.651809 -0.329793
vn 0.682921 -0.651809 -0.329793
vn 0.682921 -0.651809 -0.329793
vn 0.682921 -0.651809 -0.329793
vn 0.961263 -0.247006 -0.122321
vn 0.961263 -0.247006 -0.122321
vn 0.961263 -0.247006 -0.122321
vn 0.961263 -0.247006 -0.122321
vn 0.961195 0.248971 0.118820
vn 0.961195 0.248971 0.118820
vn 0.961195 0.248971 0.118820
vn 0.961195 0.248971 0.118820
vn 0.681814 0.666368 0.301800
vn 0.681814 0.666368 0.301800
vn 0.681814 0.666368 0.301800
vn 0.681814 0.666368 0.301800
vn 0.241872 0.890727 0.384843
vn 0.241872 0.890727 0.384843
vn 0.241872 0.890727 0.384843
vn 0.241872 0.890727 0.384843
vn -0.241874 0.890725 0.384845
vn -0.241874 0.890725 0.384845
vn -0.241874 0.890725 0.384845
vn -0.241874 0.890725 0.384845
vn -0.681812 0.666371 0.301799
vn -0.681812 0.666371 0.301799
vn -0.681811 0.666371 0.301799
vn -0.681811 0.666371 0.301799
vn -0.961194 0.248975 0.118820
vn -0.961194 0.248976 0.118820
vn -0.961194 0.248976 0.118820
vn -0.961194 0.248975 0.118820
vn -0.961261 -0.247012 -0.122323
vn -0.961261 -0.247012 -0.122323
vn -0.961261 -0.247012 -0.122323
vn -0.961261 -0.247012 -0.122323
vn -0.697793 -0.274385 -0.661663
vn -0.697793 -0.274385 -0.661663
vn -0.697793 -0.274385 -0.661663
vn -0.697793 -0.274385 -0.661663
vn -0.252673 -0.375083 -0.891891
vn -0.252673 -0.375083 -0.891891
vn -0.252673 -0.375083 -0.891891
vn -0.252673 -0.375083 -0.891891
vn 0.252673 -0.375083 -0.891891
vn 0.252673 -0.375083 -0.891891
vn 0.252673 -0.375083 -0.891891
vn 0.252673 -0.375083 -0.891891
vn 0.697792 -0.274385 -0.661663
vn 0.697793 -0.274385 -0.661663
vn 0.697792 -0.274385 -0.661663
vn 0.697793 -0.274385 -0.661663
vn 0.964125 -0.099184 -0.246222
vn 0.964125 -0.099184 -0.246222
vn 0.964125 -0.099184 -0.246222
vn 0.964125 -0.099184 -0.246222
vn 0.964018 0.095620 0.248047
vn 0.964018 0.095620 0.248047
vn 0.964018 0.095620 0.248047
vn 0.964018 0.095620 0.248047
vn 0.696104 0.246758 0.674202
vn 0.696104 0.246758 0.674202
vn 0.696104 0.246758 0.674202
vn 0.696104 0.246758 0.674203
vn 0.251018 0.321432 0.913056
vn 0.251018 0.321432 0.913056
vn 0.251018 0.321432 0.913056
vn 0.251018 0.321432 0.913056
vn -0.251018 0.321432 0.913056
vn -0.251018 0.321432 0.913056
vn -0.251018 0.321432 0.913056
vn -0.251018 0.321432 0.913056
vn -0.696105 0.246757 0.674203
vn -0.696105 0.246757 0.674203
vn -0.696105 0.246757 0.674203
vn -0.696105 0.246757 0.674203
vn -0.964016 0.095624 0.248050
vn -0.964016 0.095624 0.248050
vn -0.964016 0.095624 0.248050
vn -0.964016 0.095624 0.248050
vn -0.964125 -0.099184 -0.246223
vn -0.964125 -0.099184 -0.246224
vn -0.964125 -0.099184 -0.246224
vn -0.964125 -0.099184 -0.246224
vn -0.691309 0.013645 -0.722430
vn -0.691309 0.013645 -0.722430
vn -0.691309 0.013645 -0.722430
vn -0.691309 0.013645 -0.722430
vn -0.248332 0.018392 -0.968500
vn -0.248332 0.018392 -0.968500
vn -0.248332 0.018392 -0.968500
vn -0.248332 0.018392 -0.968500
vn 0.248332 0.018392 -0.968500
vn 0.248332 0.018392 -0.968500
vn 0.248332 0.018392 -0.968500
vn 0.248332 0.018392 -0.968500
vn 0.691309 0.013645 -0.722430
vn 0.691309 0.013645 -0.722430
vn 0.691309 0.013645 -0.722430
vn 0.691309 0.013645 -0.722430
vn 0.962947 0.005036 -0.269643
vn 0.962947 0.005036 -0.269643
vn 0.962947 0.005036 -0.269643
vn 0.962947 0.005036 -0.269643
vn 0.962952 -0.004945 0.269629
vn 0.962952 -0.004945 0.269629
vn 0.962952 -0.004945 0.269629
vn 0.962952 -0.004945 0.269629
vn 0.691324 -0.012981 0.722428
vn 0.691324 -0.012981 0.722428
vn 0.691325 -0.012981 0.722428
vn 0.691324 -0.012981 0.722428
vn 0.248308 -0.017139 0.968530
vn 0.248308 -0.017139 0.968529
vn 0.248308 -0.017139 0.968530
vn 0.248308 -0.017139 0.968530
vn -0.248308 -0.017139 0.968530
vn -0.248308 -0.017139 0.968530
vn -0.248308 -0.017139 0.968530
vn -0.248308 -0.017139 0.968530
vn -0.691325 -0.012982 0.722428
vn -0.691325 -0.012982 0.722428
vn -0.691325 -0.012982 0.722428
vn -0.691325 -0.012982 0.722428
vn -0.962951 -0.004947 0.269632
vn -0.962951 -0.004947 0.269632
vn -0.962951 -0.004947 0.269632
vn -0.962951 -0.004947 0.269632
vn -0.962947 0.005036 -0.269646
vn -0.962946 0.005036 -0.269646
vn -0.962946 0.005036 -0.269646
vn -0.962946 0.005036 -0.269646
vn -0.701512 0.364292 -0.612513
vn -0.701512 0.364292 -0.612513
vn -0.701512 0.364292 -0.612513
vn -0.701512 0.364292 -0.612513
vn -0.255066 0.492190 -0.832280
vn -0.255066 0.492190 -0.832280
vn -0.255066 0.492190 -0.832280
vn -0.255066 0.492190 -0.832280
vn 0.255066 0.492190 -0.832280
vn 0.255066 0.492190 -0.832280
vn 0.255066 0.492190 -0.832280
vn 0.255066 0.492190 -0.832280
vn 0.701512 0.364292 -0.612513
vn 0.701512 0.364292 -0.612513
vn 0.701512 0.364292 -0.612513
vn 0.701512 0.364292 -0.612513
vn 0.964874 0.135415 -0.225126
vn 0.964874 0.135415 -0.225126
vn 0.964874 0.135415 -0.225126
vn 0.964874 0.135415 -0.225126
vn 0.964849 -0.137057 0.224238
vn 0.964849 -0.137057 0.224238
vn 0.964849 -0.137057 0.224238
vn 0.964849 -0.137057 0.224238
vn 0.701084 -0.376611 0.605513
vn 0.701084 -0.376611 0.605513
vn 0.701084 -0.376611 0.605513
vn 0.701084 -0.376611 0.605513
vn 0.254632 -0.515202 0.818370
vn 0.254632 -0.515202 0.818370
vn 0.254632 -0.515202 0.818370
vn 0.254632 -0.515202 0.818370
vn -0.254632 -0.515202 0.818370
vn -0.254632 -0.515202 0.818370
vn -0.254632 -0.515202 0.818370
vn -0.254632 -0.515202 0.818370
vn -0.701085 -0.376608 0.605513
vn -0.701085 -0.376608 0.605513
vn -0.701085 -0.376608 0.605513
vn -0.701085 -0.376609 0.605513
vn -0.964848 -0.137059 0.224240
vn -0.964848 -0.137059 0.224240
vn -0.964848 -0.137059 0.224240
vn -0.964848 -0.137059 0.224240
vn -0.964873 0.135417 -0.225130
vn -0.964873 0.135417 -0.225130
vn -0.964873 0.135417 -0.225130
vn -0.964873 0.135417 -0.225130
vn -0.703932 0.520747 -0.483015
vn -0.703932 0.520747 -0.483014
vn -0.703932 0.520747 -0.483015
vn -0.703932 0.520747 -0.483014
vn -0.256670 0.707439 -0.658521
vn -0.256670 0.707439 -0.658521
vn -0.256671 0.707439 -0.658521
vn -0.256671 0.707439 -0.658521
vn 0.256671 0.707439 -0.658521
vn 0.256671 0.707439 -0.658521
vn 0.256671 0.707439 -0.658521
vn 0.256671 0.707439 -0.658521
vn 0.703930 0.520750 -0.483013
vn 0.703930 0.520750 -0.483013
vn 0.703930 0.520750 -0.483013
vn 0.703930 0.520750 -0.483013
vn 0.965328 0.192011 -0.176841
vn 0.965328 0.192011 -0.176841
vn 0.965328 0.192011 -0.176841
vn 0.965328 0.192011 -0.176841
vn 0.965319 -0.192909 0.175912
vn 0.965319 -0.192909 0.175912
vn 0.965319 -0.192909 0.175912
vn 0.965319 -0.192909 0.175912
vn 0.703704 -0.527499 0.475968
vn 0.703704 -0.527499 0.475968
vn 0.703704 -0.527499 0.475968
vn 0.703704 -0.527499 0.475968
vn 0.256426 -0.719941 0.644927
vn 0.256426 -0.719941 0.644927
vn 0.256426 -0.719941 0.644926
vn 0.256426 -0.719941 0.644926
vn -0.256426 -0.719941 0.644927
vn -0.256426 -0.719941 0.644926
vn -0.256426 -0.719941 0.644927
vn -0.256426 -0.719941 0.644926
vn -0.703702 -0.527503 0.475967
vn -0.703702 -0.527503 0.475967
vn -0.703702 -0.527503 0.475967
vn -0.703702 -0.527503 0.475967
vn -0.965319 -0.192909 0.175914
vn -0.965319 -0.192909 0.175914
vn -0.965319 -0.192909 0.175914
vn -0.965319 -0.192909 0.175914
vn -0.965328 0.192011 -0.176841
vn -0.965328 0.192011 -0.176841
vn -0.965328 0.192011 -0.176841
vn -0.965328 0.192011 -0.176841
vn 0.964389 -0.057824 -0.258091
vn 0.964389 -0.057824 -0.258091
vn 0.698835 -0.155865 -0.698094
vn 0.698835 -0.155865 -0.698094
vn 0.253252 -0.210476 -0.944226
vn 0.253252 -0.210476 -0.944226
vn -0.253252 -0.210476 -0.944226
vn -0.253252 -0.210476 -0.944226
vn -0.698835 -0.155865 -0.698094
vn -0.698835 -0.155865 -0.698094
vn -0.964388 -0.057825 -0.258091
vn -0.964388 -0.057825 -0.258091
vn -0.964389 0.058132 0.258022
vn -0.964389 0.058132 0.258022
vn -0.698826 0.158287 0.697559
vn -0.698826 0.158287 0.697559
vn -0.253245 0.215253 0.943151
vn -0.253245 0.215253 0.943151
vn 0.253245 0.215251 0.943151
vn 0.253245 0.215251 0.943151
vn 0.698826 0.158287 0.697559
vn 0.698826 0.158287 0.697559
vn 0.964389 0.058134 0.258019
vn 0.964389 0.058134 0.258019
vn 0.000021 0.613535 0.789668
vn -0.000000 0.613545 0.789659
vn 0.000010 0.613545 0.789660
vn 0.000035 0.613526 0.789675
vn -0.000000 0.613551 0.789655
vn -0.000000 0.613549 0.789657
vn 0.000000 0.613543 0.789661
vn -0.000010 0.613544 0.789661
vn -0.000021 0.613532 0.789670
vn -0.000035 0.613528 0.789673
vn -0.000022 0.613552 0.789654
vn 0.000007 0.613544 0.789661
vn -0.000000 0.613554 0.789653
vn 0.000022 0.613549 0.789656
vn -0.000008 0.613535 0.789667
vn 0.707057 -0.011695 0.707060
vn 0.694525 -0.132798 0.707107
vn 0.694525 -0.132799 0.707107
vn 0.707064 -0.010896 0.707066
vn 0.258816 -0.004385 0.965917
vn 0.254215 -0.048608 0.965926
vn 0.254215 -0.048608 0.965926
vn 0.258817 -0.003982 0.965918
vn -0.258817 0.004445 0.965916
vn -0.254213 0.048608 0.965926
vn -0.254213 0.048607 0.965926
vn -0.258817 0.004037 0.965918
vn -0.707054 0.012134 0.707056
vn -0.694525 0.132798 0.707107
vn -0.694525 0.132799 0.707107
vn -0.707061 0.011312 0.707062
vn -0.965798 0.016328 0.258783
vn -0.948739 0.181405 0.258817
vn -0.948739 0.181407 0.258817
vn -0.965804 0.015916 0.258785
vn -0.965804 0.015916 -0.258785
vn -0.948739 0.181407 -0.258817
vn -0.948739 0.181405 -0.258817
vn -0.965798 0.016328 -0.258783
vn -0.707061 0.011312 -0.707062
vn -0.694525 0.132799 -0.707107
vn -0.694525 0.132798 -0.707107
vn -0.707054 0.012134 -0.707056
vn -0.258817 0.004037 -0.965918
vn -0.254213 0.048607 -0.965926
vn -0.254213 0.048608 -0.965926
vn -0.258817 0.004445 -0.965916
vn 0.258817 -0.003982 -0.965918
vn 0.254214 -0.048608 -0.965926
vn 0.254214 -0.048608 -0.965926
vn 0.258816 -0.004385 -0.965917
vn 0.707064 -0.010896 -0.707066
vn 0.694523 -0.132798 -0.707108
vn 0.694524 -0.132798 -0.707108
vn 0.707057 -0.011695 -0.707060
vn 0.965815 -0.015126 -0.258790
vn 0.948738 -0.181405 -0.258822
vn 0.948737 -0.181407 -0.258822
vn 0.965809 -0.015523 -0.258789
vn 0.965809 -0.015523 0.258789
vn 0.948737 -0.181407 0.258822
vn 0.948738 -0.181405 0.258822
vn 0.965815 -0.015126 0.258790
vn 0.657228 -0.260871 0.707105
vn 0.657227 -0.260872 0.707105
vn 0.240563 -0.095486 0.965925
vn 0.240563 -0.095486 0.965926
vn -0.240559 0.095484 0.965927
vn -0.240559 0.095484 0.965927
vn -0.657228 0.260871 0.707105
vn -0.657227 0.260872 0.707105
vn -0.897788 0.356358 0.258815
vn -0.897789 0.356356 0.258815
vn -0.897789 0.356356 -0.258815
vn -0.897788 0.356358 -0.258815
vn -0.657227 0.260872 -0.707105
vn -0.657228 0.260871 -0.707105
vn -0.240558 0.095484 -0.965927
vn -0.240558 0.095484 -0.965927
vn 0.240563 -0.095486 -0.965926
vn 0.240563 -0.095486 -0.965926
vn 0.657227 -0.260871 -0.707106
vn 0.657227 -0.260871 -0.707106
vn 0.897787 -0.356357 -0.258820
vn 0.897788 -0.356355 -0.258820
vn 0.897788 -0.356355 0.258820
vn 0.897787 -0.356357 0.258820
vn 0.596539 -0.379660 0.707107
vn 0.596539 -0.379659 0.707107
vn 0.218349 -0.138966 0.965926
vn 0.218349 -0.138966 0.965926
vn -0.218348 0.138965 0.965926
vn -0.218348 0.138965 0.965926
vn -0.596542 0.379662 0.707103
vn -0.596542 0.379662 0.707103
vn -0.814886 0.518626 0.258820
vn -0.814887 0.518624 0.258820
vn -0.814887 0.518624 -0.258820
vn -0.814886 0.518626 -0.258820
vn -0.596542 0.379662 -0.707103
vn -0.596542 0.379662 -0.707103
vn -0.218347 0.138964 -0.965926
vn -0.218347 0.138964 -0.965926
vn 0.218347 -0.138964 -0.965926
vn 0.218347 -0.138964 -0.965926
vn 0.596539 -0.379660 -0.707107
vn 0.596539 -0.379660 -0.707107
vn 0.814887 -0.518625 -0.258818
vn 0.814888 -0.518625 -0.258818
vn 0.814888 -0.518625 0.258818
vn 0.814887 -0.518625 0.258818
vn 0.514623 -0.484939 0.707105
vn 0.514624 -0.484939 0.707104
vn 0.188365 -0.177499 0.965926
vn 0.188364 -0.177499 0.965926
vn -0.188366 0.177501 0.965925
vn -0.188366 0.177501 0.965925
vn -0.514623 0.484938 0.707105
vn -0.514624 0.484938 0.707105
vn -0.702987 0.662436 0.258819
vn -0.702987 0.662437 0.258819
vn -0.702987 0.662437 -0.258819
vn -0.702987 0.662436 -0.258819
vn -0.514626 0.484941 -0.707101
vn -0.514626 0.484942 -0.707101
vn -0.188365 0.177499 -0.965926
vn -0.188365 0.177499 -0.965926
vn 0.188361 -0.177496 -0.965927
vn 0.188361 -0.177496 -0.965927
vn 0.514624 -0.484939 -0.707104
vn 0.514623 -0.484939 -0.707104
vn 0.702987 -0.662438 -0.258814
vn 0.702988 -0.662437 -0.258814
vn 0.702988 -0.662437 0.258814
vn 0.702987 -0.662438 0.258814
vn 0.414395 -0.572961 0.707102
vn 0.414394 -0.572962 0.707102
vn 0.151675 -0.209714 0.965927
vn 0.151675 -0.209714 0.965927
vn -0.151679 0.209718 0.965925
vn -0.151679 0.209718 0.965925
vn -0.414391 0.572958 0.707106
vn -0.414391 0.572958 0.707106
vn -0.566069 0.782676 0.258812
vn -0.566070 0.782675 0.258812
vn -0.566070 0.782676 -0.258812
vn -0.566069 0.782676 -0.258812
vn -0.414393 0.572961 -0.707102
vn -0.414394 0.572960 -0.707103
vn -0.151677 0.209717 -0.965926
vn -0.151677 0.209717 -0.965926
vn 0.151674 -0.209712 -0.965928
vn 0.151674 -0.209712 -0.965927
vn 0.414394 -0.572962 -0.707102
vn 0.414395 -0.572961 -0.707102
vn 0.566070 -0.782674 -0.258816
vn 0.566069 -0.782675 -0.258816
vn 0.566069 -0.782675 0.258816
vn 0.566070 -0.782674 0.258816
vn 0.359302 -0.610853 0.705522
vn 0.359302 -0.610853 0.705522
vn 0.131766 -0.224016 0.965637
vn 0.131766 -0.224016 0.965637
vn -0.131768 0.224021 0.965635
vn -0.131768 0.224021 0.965635
vn -0.359301 0.610851 0.705524
vn -0.359301 0.610851 0.705524
vn -0.489868 0.832829 0.257733
vn -0.489868 0.832829 0.257733
vn -0.489868 0.832829 -0.257733
vn -0.489868 0.832829 -0.257733
vn -0.359301 0.610851 -0.705524
vn -0.359301 0.610851 -0.705524
vn -0.131769 0.224021 -0.965635
vn -0.131768 0.224021 -0.965635
vn 0.131766 -0.224016 -0.965637
vn 0.131766 -0.224016 -0.965637
vn 0.359302 -0.610853 -0.705522
vn 0.359302 -0.610853 -0.705522
vn 0.489866 -0.832825 -0.257749
vn 0.489866 -0.832825 -0.257749
vn 0.489866 -0.832825 0.257749
vn 0.489866 -0.832825 0.257749
vn 0.108314 -0.710273 0.695543
vn 0.108314 -0.710273 0.695543
vn 0.108314 -0.710273 0.695543
vn 0.108314 -0.710273 0.695543
vn 0.040537 -0.263649 0.963767
vn 0.040537 -0.263649 0.963767
vn 0.040537 -0.263649 0.963767
vn 0.040537 -0.263649 0.963767
vn -0.040882 0.263587 0.963769
vn -0.040882 0.263587 0.963769
vn -0.040882 0.263587 0.963769
vn -0.040882 0.263587 0.963769
vn -0.110863 0.709828 0.695595
vn -0.110863 0.709828 0.695595
vn -0.110863 0.709829 0.695595
vn -0.110863 0.709828 0.695595
vn -0.149924 0.956281 0.251097
vn -0.149924 0.956281 0.251097
vn -0.149924 0.956281 0.251097
vn -0.149924 0.956281 0.251097
vn -0.149924 0.956281 -0.251097
vn -0.149924 0.956281 -0.251097
vn -0.149924 0.956281 -0.251097
vn -0.149924 0.956281 -0.251097
vn -0.110863 0.709828 -0.695595
vn -0.110863 0.709829 -0.695595
vn -0.110863 0.709828 -0.695595
vn -0.110863 0.709828 -0.695595
vn -0.040882 0.263587 -0.963769
vn -0.040882 0.263587 -0.963769
vn -0.040882 0.263587 -0.963769
vn -0.040882 0.263587 -0.963769
vn 0.040537 -0.263649 -0.963767
vn 0.040537 -0.263649 -0.963767
vn 0.040537 -0.263649 -0.963767
vn 0.040537 -0.263649 -0.963767
vn 0.108314 -0.710273 -0.695543
vn 0.108314 -0.710273 -0.695543
vn 0.108314 -0.710273 -0.695543
vn 0.108314 -0.710273 -0.695543
vn 0.145204 -0.957010 -0.251093
vn 0.145204 -0.957010 -0.251093
vn 0.145204 -0.957010 -0.251093
vn 0.145204 -0.957010 -0.251093
vn 0.145204 -0.957010 0.251093
vn 0.145204 -0.957010 0.251093
vn 0.145204 -0.957010 0.251093
vn 0.145204 -0.957010 0.251093
vn -0.000177 -0.707499 0.706714
vn -0.000177 -0.707499 0.706714
vn -0.000024 -0.259078 0.965856
vn -0.000024 -0.259078 0.965856
vn -0.000024 0.259078 0.965856
vn -0.000024 0.259078 0.965856
vn -0.000181 0.707500 0.706713
vn -0.000181 0.707500 0.706713
vn -0.000338 0.965995 0.258561
vn -0.000338 0.965995 0.258561
vn -0.000338 0.965995 -0.258561
vn -0.000338 0.965995 -0.258561
vn -0.000181 0.707500 -0.706713
vn -0.000181 0.707500 -0.706713
vn -0.000024 0.259078 -0.965856
vn -0.000024 0.259078 -0.965856
vn -0.000024 -0.259078 -0.965856
vn -0.000024 -0.259078 -0.965856
vn -0.000177 -0.707499 -0.706714
vn -0.000177 -0.707499 -0.706714
vn -0.000329 -0.965989 -0.258584
vn -0.000329 -0.965989 -0.258584
vn -0.000329 -0.965989 0.258584
vn -0.000329 -0.965989 0.258584
vn 0.707117 0.004946 0.707080
vn 0.707116 0.004070 0.707086
vn 0.258828 0.005597 0.965907
vn 0.258828 0.005211 0.965909
vn -0.258828 0.005211 0.965909
vn -0.258828 0.005597 0.965907
vn -0.707116 0.004070 0.707086
vn -0.707117 0.004946 0.707080
vn -0.965928 0.001733 0.258806
vn -0.965928 0.002258 0.258802
vn -0.965927 -0.002079 -0.258806
vn -0.965927 -0.002700 -0.258802
vn -0.707105 -0.006750 -0.707076
vn -0.707101 -0.008148 -0.707065
vn -0.258816 -0.010527 -0.965869
vn -0.258815 -0.011269 -0.965861
vn 0.258815 -0.011269 -0.965861
vn 0.258816 -0.010526 -0.965869
vn 0.707101 -0.008149 -0.707065
vn 0.707105 -0.006750 -0.707076
vn 0.965926 -0.002700 -0.258805
vn 0.965926 -0.002079 -0.258809
vn 0.965927 0.002258 0.258805
vn 0.965927 0.001733 0.258809
vn 0.692795 0.509577 0.510261
vn 0.692795 0.509577 0.510261
vn 0.692795 0.509577 0.510261
vn 0.692795 0.509577 0.510261
vn 0.248969 0.687886 0.681783
vn 0.248969 0.687886 0.681783
vn 0.248969 0.687886 0.681782
vn 0.248969 0.687886 0.681783
vn -0.248969 0.687888 0.681781
vn -0.248969 0.687888 0.681781
vn -0.248969 0.687888 0.681781
vn -0.248969 0.687888 0.681781
vn -0.692795 0.509576 0.510261
vn -0.692795 0.509576 0.510262
vn -0.692795 0.509576 0.510262
vn -0.692795 0.509576 0.510262
vn -0.963395 0.187832 0.191281
vn -0.963395 0.187832 0.191281
vn -0.963395 0.187832 0.191281
vn -0.963395 0.187832 0.191281
vn -0.963560 -0.185669 -0.192561
vn -0.963560 -0.185669 -0.192562
vn -0.963560 -0.185669 -0.192562
vn -0.963560 -0.185669 -0.192561
vn -0.695143 -0.495123 -0.521181
vn -0.695143 -0.495123 -0.521181
vn -0.695143 -0.495123 -0.521181
vn -0.695143 -0.495123 -0.521181
vn -0.251055 -0.663819 -0.704497
vn -0.251055 -0.663819 -0.704497
vn -0.251055 -0.663819 -0.704497
vn -0.251055 -0.663819 -0.704497
vn 0.251054 -0.663819 -0.704497
vn 0.251054 -0.663819 -0.704497
vn 0.251054 -0.663819 -0.704497
vn 0.251054 -0.663819 -0.704497
vn 0.695144 -0.495120 -0.521182
vn 0.695144 -0.495120 -0.521182
vn 0.695144 -0.495120 -0.521182
vn 0.695144 -0.495120 -0.521182
vn 0.963559 -0.185669 -0.192565
vn 0.963559 -0.185669 -0.192565
vn 0.963559 -0.185669 -0.192565
vn 0.963559 -0.185669 -0.192565
vn 0.963395 0.187829 0.191284
vn 0.963395 0.187829 0.191284
vn 0.963395 0.187829 0.191284
vn 0.963395 0.187829 0.191284
vn 0.689116 0.138999 0.711195
vn 0.689116 0.138999 0.711195
vn 0.689116 0.138999 0.711195
vn 0.689116 0.138999 0.711195
vn 0.247125 0.192725 0.949624
vn 0.247125 0.192725 0.949624
vn 0.247125 0.192725 0.949624
vn 0.247125 0.192725 0.949624
vn -0.247125 0.192725 0.949624
vn -0.247125 0.192725 0.949624
vn -0.247125 0.192725 0.949624
vn -0.247125 0.192725 0.949624
vn -0.689116 0.139000 0.711195
vn -0.689116 0.139000 0.711195
vn -0.689116 0.139000 0.711195
vn -0.689116 0.139000 0.711195
vn -0.962385 0.048126 0.267391
vn -0.962385 0.048126 0.267391
vn -0.962385 0.048126 0.267391
vn -0.962385 0.048126 0.267391
vn -0.962149 -0.042208 -0.269237
vn -0.962149 -0.042208 -0.269237
vn -0.962149 -0.042208 -0.269237
vn -0.962149 -0.042208 -0.269237
vn -0.685549 -0.093608 -0.721984
vn -0.685549 -0.093608 -0.721984
vn -0.685549 -0.093608 -0.721984
vn -0.685549 -0.093608 -0.721984
vn -0.243749 -0.105645 -0.964067
vn -0.243749 -0.105645 -0.964067
vn -0.243749 -0.105645 -0.964067
vn -0.243749 -0.105645 -0.964067
vn 0.243749 -0.105646 -0.964067
vn 0.243749 -0.105646 -0.964067
vn 0.243749 -0.105646 -0.964067
vn 0.243749 -0.105646 -0.964067
vn 0.685549 -0.093608 -0.721984
vn 0.685549 -0.093608 -0.721984
vn 0.685549 -0.093608 -0.721984
vn 0.685549 -0.093608 -0.721984
vn 0.962148 -0.042211 -0.269239
vn 0.962148 -0.042211 -0.269239
vn 0.962148 -0.042211 -0.269239
vn 0.962148 -0.042211 -0.269239
vn 0.962385 0.048126 0.267394
vn 0.962385 0.048126 0.267394
vn 0.962385 0.048126 0.267394
vn 0.962385 0.048126 0.267394
vn 0.691808 -0.223801 0.686524
vn 0.691808 -0.223801 0.686524
vn 0.691808 -0.223801 0.686524
vn 0.691808 -0.223801 0.686524
vn 0.248699 -0.297150 0.921873
vn 0.248699 -0.297150 0.921874
vn 0.248699 -0.297150 0.921873
vn 0.248699 -0.297150 0.921873
vn -0.248699 -0.297151 0.921873
vn -0.248699 -0.297151 0.921873
vn -0.248699 -0.297151 0.921873
vn -0.248699 -0.297151 0.921873
vn -0.691808 -0.223801 0.686524
vn -0.691808 -0.223801 0.686524
vn -0.691808 -0.223801 0.686524
vn -0.691808 -0.223801 0.686524
vn -0.963021 -0.085286 0.255573
vn -0.963021 -0.085286 0.255573
vn -0.963021 -0.085286 0.255573
vn -0.963021 -0.085286 0.255573
vn -0.962972 0.088098 -0.254801
vn -0.962972 0.088098 -0.254801
vn -0.962972 0.088098 -0.254800
vn -0.962972 0.088098 -0.254800
vn -0.691068 0.245173 -0.679938
vn -0.691068 0.245173 -0.679938
vn -0.691068 0.245173 -0.679938
vn -0.691068 0.245173 -0.679938
vn -0.247955 0.337877 -0.907942
vn -0.247955 0.337877 -0.907942
vn -0.247955 0.337877 -0.907942
vn -0.247955 0.337877 -0.907942
vn 0.247955 0.337878 -0.907941
vn 0.247955 0.337878 -0.907941
vn 0.247955 0.337878 -0.907941
vn 0.247955 0.337878 -0.907941
vn 0.691068 0.245171 -0.679938
vn 0.691068 0.245171 -0.679938
vn 0.691068 0.245171 -0.679938
vn 0.691068 0.245171 -0.679938
vn 0.962971 0.088099 -0.254806
vn 0.962971 0.088099 -0.254806
vn 0.962971 0.088099 -0.254806
vn 0.962971 0.088099 -0.254806
vn 0.963020 -0.085287 0.255577
vn 0.963020 -0.085287 0.255577
vn 0.963020 -0.085287 0.255577
vn 0.963020 -0.085287 0.255577
vn 0.671641 -0.640439 0.372474
vn 0.671641 -0.640439 0.372474
vn 0.671641 -0.640439 0.372474
vn 0.671641 -0.640439 0.372474
vn 0.236120 -0.837438 0.492894
vn 0.236120 -0.837438 0.492894
vn 0.236120 -0.837438 0.492894
vn 0.236120 -0.837438 0.492894
vn -0.236119 -0.837439 0.492893
vn -0.236119 -0.837439 0.492893
vn -0.236119 -0.837439 0.492893
vn -0.236119 -0.837439 0.492893
vn -0.671641 -0.640438 0.372474
vn -0.671641 -0.640438 0.372474
vn -0.671641 -0.640438 0.372474
vn -0.671641 -0.640438 0.372474
vn -0.958926 -0.246847 0.139741
vn -0.958926 -0.246847 0.139741
vn -0.958926 -0.246847 0.139741
vn -0.958926 -0.246847 0.139741
vn -0.958795 0.250019 -0.134915
vn -0.958795 0.250019 -0.134915
vn -0.958795 0.250019 -0.134915
vn -0.958795 0.250019 -0.134915
vn -0.669543 0.663703 -0.333483
vn -0.669543 0.663703 -0.333483
vn -0.669543 0.663703 -0.333483
vn -0.669543 0.663703 -0.333483
vn -0.233932 0.880153 -0.413045
vn -0.233932 0.880153 -0.413045
vn -0.233932 0.880153 -0.413045
vn -0.233932 0.880153 -0.413045
vn 0.233933 0.880153 -0.413046
vn 0.233933 0.880153 -0.413046
vn 0.233933 0.880153 -0.413046
vn 0.233933 0.880153 -0.413046
vn 0.669540 0.663707 -0.333481
vn 0.669540 0.663707 -0.333481
vn 0.669540 0.663707 -0.333481
vn 0.669540 0.663707 -0.333481
vn 0.958795 0.250021 -0.134915
vn 0.958795 0.250021 -0.134915
vn 0.958795 0.250021 -0.134915
vn 0.958795 0.250021 -0.134915
vn 0.958926 -0.246847 0.139743
vn 0.958926 -0.246847 0.139743
vn 0.958926 -0.246847 0.139743
vn 0.958926 -0.246847 0.139743
vn 0.702646 -0.711540 -0.000033
vn 0.702645 -0.711540 -0.000033
vn 0.702646 -0.711540 -0.000033
vn 0.702646 -0.711540 -0.000033
vn 0.255801 -0.966730 -0.000051
vn 0.255801 -0.966730 -0.000051
vn 0.255801 -0.966730 -0.000051
vn 0.255801 -0.966730 -0.000051
vn -0.255804 -0.966729 -0.000051
vn -0.255804 -0.966729 -0.000051
vn -0.255804 -0.966729 -0.000051
vn -0.255804 -0.966729 -0.000051
vn -0.702642 -0.711543 -0.000033
vn -0.702642 -0.711543 -0.000033
vn -0.702642 -0.711543 -0.000033
vn -0.702642 -0.711543 -0.000033
vn -0.965101 -0.261879 -0.000004
vn -0.965101 -0.261879 -0.000004
vn -0.965101 -0.261879 -0.000004
vn -0.965101 -0.261879 -0.000004
vn -0.965104 0.261869 -0.000006
vn -0.965104 0.261869 -0.000006
vn -0.965104 0.261869 -0.000006
vn -0.965104 0.261869 -0.000006
vn -0.702656 0.711530 -0.000035
vn -0.702656 0.711530 -0.000035
vn -0.702656 0.711530 -0.000035
vn -0.702656 0.711530 -0.000035
vn -0.255779 0.966735 -0.000084
vn -0.255779 0.966735 -0.000084
vn -0.255779 0.966735 -0.000084
vn -0.255779 0.966735 -0.000084
vn 0.255779 0.966735 -0.000084
vn 0.255779 0.966735 -0.000084
vn 0.255779 0.966735 -0.000084
vn 0.255779 0.966735 -0.000084
vn 0.702657 0.711529 -0.000035
vn 0.702657 0.711529 -0.000035
vn 0.702657 0.711529 -0.000035
vn 0.702657 0.711529 -0.000035
vn 0.965102 0.261876 -0.000006
vn 0.965102 0.261876 -0.000006
vn 0.965102 0.261876 -0.000006
vn 0.965102 0.261876 -0.000006
vn 0.965100 -0.261882 -0.000005
vn 0.965100 -0.261882 -0.000005
vn 0.965100 -0.261882 -0.000005
vn 0.965100 -0.261882 -0.000005
vn 0.682917 -0.651815 -0.329791
vn 0.682917 -0.651815 -0.329791
vn 0.682917 -0.651815 -0.329791
vn 0.682917 -0.651815 -0.329791
vn 0.243051 -0.863819 -0.441297
vn 0.243051 -0.863819 -0.441297
vn 0.243051 -0.863819 -0.441297
vn 0.243051 -0.863819 -0.441297
vn -0.243049 -0.863821 -0.441294
vn -0.243049 -0.863821 -0.441294
vn -0.243049 -0.863821 -0.441294
vn -0.243049 -0.863821 -0.441295
vn -0.682921 -0.651809 -0.329793
vn -0.682921 -0.651809 -0.329793
vn -0.682921 -0.651809 -0.329793
vn -0.682921 -0.651809 -0.329793
vn -0.961262 -0.247007 -0.122321
vn -0.961262 -0.247007 -0.122321
vn -0.961262 -0.247007 -0.122321
vn -0.961262 -0.247007 -0.122321
vn -0.961194 0.248972 0.118820
vn -0.961194 0.248972 0.118820
vn -0.961194 0.248972 0.118820
vn -0.961194 0.248972 0.118820
vn -0.681813 0.666370 0.301799
vn -0.681813 0.666370 0.301799
vn -0.681813 0.666370 0.301799
vn -0.681813 0.666370 0.301799
vn -0.241873 0.890726 0.384844
vn -0.241873 0.890726 0.384844
vn -0.241873 0.890726 0.384844
vn -0.241873 0.890726 0.384844
vn 0.241874 0.890725 0.384845
vn 0.241874 0.890725 0.384845
vn 0.241874 0.890725 0.384845
vn 0.241874 0.890725 0.384845
vn 0.681811 0.666372 0.301799
vn 0.681811 0.666372 0.301799
vn 0.681811 0.666372 0.301799
vn 0.681811 0.666372 0.301799
vn 0.961193 0.248977 0.118820
vn 0.961193 0.248977 0.118820
vn 0.961193 0.248977 0.118820
vn 0.961193 0.248977 0.118820
vn 0.961261 -0.247011 -0.122323
vn 0.961261 -0.247011 -0.122323
vn 0.961261 -0.247011 -0.122323
vn 0.961261 -0.247011 -0.122323
vn 0.697792 -0.274385 -0.661663
vn 0.697792 -0.274385 -0.661663
vn 0.697793 -0.274385 -0.661663
vn 0.697792 -0.274385 -0.661663
vn 0.252673 -0.375085 -0.891890
vn 0.252673 -0.375085 -0.891890
vn 0.252673 -0.375085 -0.891890
vn 0.252673 -0.375085 -0.891890
vn -0.252673 -0.375084 -0.891891
vn -0.252673 -0.375084 -0.891891
vn -0.252673 -0.375084 -0.891891
vn -0.252673 -0.375084 -0.891891
vn -0.697793 -0.274384 -0.661664
vn -0.697793 -0.274384 -0.661664
vn -0.697793 -0.274384 -0.661664
vn -0.697793 -0.274384 -0.661664
vn -0.964125 -0.099184 -0.246222
vn -0.964125 -0.099184 -0.246222
vn -0.964125 -0.099184 -0.246222
vn -0.964125 -0.099184 -0.246222
vn -0.964018 0.095621 0.248047
vn -0.964018 0.095621 0.248047
vn -0.964017 0.095621 0.248046
vn -0.964017 0.095621 0.248047
vn -0.696105 0.246756 0.674203
vn -0.696105 0.246756 0.674203
vn -0.696105 0.246756 0.674203
vn -0.696105 0.246756 0.674203
vn -0.251018 0.321431 0.913057
vn -0.251018 0.321431 0.913056
vn -0.251018 0.321431 0.913056
vn -0.251018 0.321431 0.913056
vn 0.251018 0.321431 0.913056
vn 0.251018 0.321431 0.913056
vn 0.251018 0.321431 0.913056
vn 0.251018 0.321431 0.913057
vn 0.696104 0.246758 0.674203
vn 0.696104 0.246758 0.674203
vn 0.696104 0.246758 0.674203
vn 0.696104 0.246758 0.674203
vn 0.964016 0.095623 0.248050
vn 0.964016 0.095623 0.248050
vn 0.964016 0.095623 0.248051
vn 0.964016 0.095623 0.248050
vn 0.964125 -0.099184 -0.246224
vn 0.964125 -0.099184 -0.246224
vn 0.964125 -0.099184 -0.246224
vn 0.964125 -0.099184 -0.246224
vn 0.691309 0.013645 -0.722430
vn 0.691309 0.013645 -0.722430
vn 0.691310 0.013645 -0.722430
vn 0.691310 0.013645 -0.722430
vn 0.248332 0.018392 -0.968500
vn 0.248332 0.018392 -0.968500
vn 0.248332 0.018392 -0.968500
vn 0.248332 0.018392 -0.968500
vn -0.248332 0.018392 -0.968500
vn -0.248332 0.018392 -0.968500
vn -0.248332 0.018392 -0.968500
vn -0.248332 0.018392 -0.968500
vn -0.691310 0.013645 -0.722430
vn -0.691310 0.013645 -0.722430
vn -0.691309 0.013645 -0.722430
vn -0.691309 0.013645 -0.722430
vn -0.962947 0.005035 -0.269643
vn -0.962947 0.005035 -0.269643
vn -0.962947 0.005035 -0.269643
vn -0.962947 0.005035 -0.269643
vn -0.962952 -0.004945 0.269629
vn -0.962952 -0.004945 0.269629
vn -0.962952 -0.004945 0.269629
vn -0.962952 -0.004945 0.269629
vn -0.691325 -0.012981 0.722428
vn -0.691325 -0.012981 0.722428
vn -0.691325 -0.012981 0.722428
vn -0.691325 -0.012981 0.722428
vn -0.248308 -0.017139 0.968530
vn -0.248308 -0.017139 0.968530
vn -0.248308 -0.017139 0.968530
vn -0.248308 -0.017139 0.968530
vn 0.248308 -0.017139 0.968530
vn 0.248308 -0.017139 0.968530
vn 0.248308 -0.017139 0.968530
vn 0.248308 -0.017139 0.968530
vn 0.691325 -0.012982 0.722428
vn 0.691325 -0.012982 0.722428
vn 0.691325 -0.012982 0.722428
vn 0.691325 -0.012982 0.722428
vn 0.962951 -0.004947 0.269632
vn 0.962951 -0.004947 0.269632
vn 0.962951 -0.004947 0.269632
vn 0.962951 -0.004947 0.269632
vn 0.962947 0.005037 -0.269646
vn 0.962947 0.005037 -0.269646
vn 0.962946 0.005037 -0.269646
vn 0.962947 0.005037 -0.269646
vn 0.701512 0.364292 -0.612513
vn 0.701512 0.364292 -0.612513
vn 0.701512 0.364292 -0.612513
vn 0.701512 0.364292 -0.612513
vn 0.255066 0.492189 -0.832281
vn 0.255066 0.492189 -0.832281
vn 0.255066 0.492189 -0.832281
vn 0.255066 0.492189 -0.832281
vn -0.255066 0.492191 -0.832280
vn -0.255066 0.492191 -0.832280
vn -0.255066 0.492191 -0.832280
vn -0.255066 0.492191 -0.832280
vn -0.701512 0.364292 -0.612513
vn -0.701512 0.364292 -0.612513
vn -0.701512 0.364292 -0.612513
vn -0.701512 0.364292 -0.612513
vn -0.964873 0.135417 -0.225126
vn -0.964873 0.135417 -0.225126
vn -0.964873 0.135417 -0.225126
vn -0.964873 0.135417 -0.225126
vn -0.964849 -0.137057 0.224238
vn -0.964849 -0.137057 0.224238
vn -0.964849 -0.137057 0.224238
vn -0.964849 -0.137057 0.224238
vn -0.701085 -0.376610 0.605513
vn -0.701085 -0.376610 0.605513
vn -0.701085 -0.376610 0.605513
vn -0.701085 -0.376610 0.605513
vn -0.254632 -0.515202 0.818370
vn -0.254632 -0.515202 0.818370
vn -0.254632 -0.515202 0.818370
vn -0.254632 -0.515202 0.818370
vn 0.254632 -0.515202 0.818370
vn 0.254632 -0.515202 0.818370
vn 0.254632 -0.515202 0.818370
vn 0.254632 -0.515202 0.818370
vn 0.701084 -0.376611 0.605513
vn 0.701084 -0.376611 0.605513
vn 0.701084 -0.376611 0.605513
vn 0.701084 -0.376611 0.605513
vn 0.964848 -0.137057 0.224240
vn 0.964848 -0.137057 0.224240
vn 0.964848 -0.137057 0.224240
vn 0.964848 -0.137057 0.224240
vn 0.964873 0.135417 -0.225130
vn 0.964873 0.135417 -0.225130
vn 0.964873 0.135417 -0.225130
vn 0.964873 0.135417 -0.225130
vn 0.703931 0.520747 -0.483014
vn 0.703931 0.520747 -0.483014
vn 0.703931 0.520747 -0.483014
vn 0.703931 0.520747 -0.483014
vn 0.256671 0.707438 -0.658522
vn 0.256671 0.707438 -0.658522
vn 0.256671 0.707438 -0.658522
vn 0.256671 0.707439 -0.658522
vn -0.256671 0.707438 -0.658522
vn -0.256671 0.707438 -0.658522
vn -0.256671 0.707438 -0.658522
vn -0.256671 0.707438 -0.658522
vn -0.703930 0.520750 -0.483014
vn -0.703930 0.520750 -0.483013
vn -0.703930 0.520750 -0.483014
vn -0.703930 0.520750 -0.483014
vn -0.965328 0.192012 -0.176841
vn -0.965328 0.192012 -0.176841
vn -0.965328 0.192012 -0.176841
vn -0.965328 0.192012 -0.176841
vn -0.965319 -0.192910 0.175912
vn -0.965319 -0.192910 0.175912
vn -0.965319 -0.192910 0.175912
vn -0.965319 -0.192910 0.175912
vn -0.703704 -0.527499 0.475968
vn -0.703704 -0.527499 0.475968
vn -0.703704 -0.527499 0.475968
vn -0.703704 -0.527499 0.475968
vn -0.256426 -0.719941 0.644926
vn -0.256426 -0.719941 0.644926
vn -0.256426 -0.719941 0.644926
vn -0.256426 -0.719941 0.644926
vn 0.256426 -0.719942 0.644926
vn 0.256426 -0.719942 0.644926
vn 0.256426 -0.719942 0.644926
vn 0.256426 -0.719942 0.644926
vn 0.703703 -0.527500 0.475968
vn 0.703703 -0.527500 0.475968
vn 0.703703 -0.527500 0.475968
vn 0.703703 -0.527500 0.475968
vn 0.965318 -0.192912 0.175914
vn 0.965318 -0.192912 0.175914
vn 0.965318 -0.192912 0.175914
vn 0.965318 -0.192912 0.175914
vn 0.965327 0.192018 -0.176841
vn 0.965327 0.192018 -0.176841
vn 0.965327 0.192018 -0.176841
vn 0.965327 0.192018 -0.176841
vn -0.964389 -0.057824 -0.258091
vn -0.964389 -0.057824 -0.258091
vn -0.698835 -0.155864 -0.698095
vn -0.698835 -0.155864 -0.698095
vn -0.253252 -0.210477 -0.944226
vn -0.253252 -0.210477 -0.944226
vn 0.253252 -0.210477 -0.944226
vn 0.253252 -0.210477 -0.944226
vn 0.698835 -0.155865 -0.698094
vn 0.698835 -0.155865 -0.698094
vn 0.964388 -0.057826 -0.258091
vn 0.964388 -0.057826 -0.258091
vn 0.964389 0.058131 0.258022
vn 0.964389 0.058131 0.258022
vn 0.698826 0.158287 0.697559
vn 0.698826 0.158287 0.697559
vn 0.253245 0.215253 0.943151
vn 0.253245 0.215253 0.943151
vn -0.253245 0.215251 0.943151
vn -0.253245 0.215251 0.943151
vn -0.698826 0.158287 0.697559
vn -0.698826 0.158287 0.697559
vn -0.964390 0.058131 0.258019
vn -0.964390 0.058131 0.258019
vn -0.000021 0.613533 0.789669
vn -0.000035 0.613527 0.789674
vn -0.000010 0.613545 0.789660
vn 0.000000 0.613545 0.789660
vn 0.000000 0.613549 0.789657
vn 0.000000 0.613551 0.789655
vn 0.000010 0.613544 0.789661
vn -0.000000 0.613544 0.789661
vn 0.000035 0.613529 0.789673
vn 0.000021 0.613533 0.789669
vn 0.000022 0.613551 0.789655
vn -0.000008 0.613539 0.789665
vn -0.000000 0.613553 0.789653
vn -0.000022 0.613549 0.789656
vn 0.000007 0.613537 0.789666
vn 0.319900 -0.866026 -0.384270
vn 0.554083 -0.499998 -0.665578
vn 0.554083 -0.499998 -0.665578
vn 0.319900 -0.866026 -0.384270
vn 0.639800 -0.000001 -0.768542
vn 0.639800 -0.000001 -0.768542
vn 0.554083 0.499998 -0.665578
vn 0.554083 0.499999 -0.665578
vn 0.319900 0.866025 -0.384273
vn 0.319900 0.866025 -0.384273
vn 0.000000 1.000000 -0.000000
vn 0.000000 1.000000 -0.000000
vn -0.319900 0.866025 0.384272
vn -0.319900 0.866025 0.384272
vn -0.554083 0.499999 0.665578
vn -0.554083 0.499999 0.665577
vn -0.639799 0.000000 0.768542
vn -0.639799 0.000000 0.768542
vn -0.554083 -0.499998 0.665578
vn -0.554083 -0.499998 0.665578
vn -0.319900 -0.866026 0.384270
vn -0.319900 -0.866026 0.384270
vn 0.000000 -1.000000 -0.000000
vn -0.000000 -1.000000 0.000000
vn -0.704625 -0.144049 -0.694805
vn -0.665672 -0.083166 -0.741596
vn -0.665672 -0.083167 -0.741596
vn -0.704625 -0.144049 -0.694805
vn -0.651416 0.000001 -0.758721
vn -0.651416 0.000001 -0.758721
vn -0.665673 0.083167 -0.741595
vn -0.665673 0.083167 -0.741595
vn -0.704625 0.144049 -0.694805
vn -0.704625 0.144049 -0.694805
vn -0.757835 0.166334 -0.630887
vn -0.757835 0.166334 -0.630887
vn -0.811046 0.144049 -0.566970
vn -0.811046 0.144049 -0.566970
vn -0.849998 0.083167 -0.520180
vn -0.849998 0.083167 -0.520180
vn -0.864255 -0.000001 -0.503053
vn -0.864255 -0.000001 -0.503053
vn -0.849998 -0.083167 -0.520180
vn -0.849998 -0.083167 -0.520180
vn -0.811046 -0.144049 -0.566969
vn -0.811046 -0.144049 -0.566969
vn -0.757836 -0.166334 -0.630887
vn -0.757836 -0.166334 -0.630887
vn 0.452408 -0.707107 -0.543440
vn 0.452408 -0.707107 -0.543440
vn 0.452408 -0.707107 -0.543441
vn 0.452408 -0.707107 -0.543440
vn 0.617999 -0.258818 -0.742355
vn 0.617999 -0.258818 -0.742355
vn 0.617999 -0.258818 -0.742355
vn 0.617999 -0.258818 -0.742355
vn 0.617998 0.258819 -0.742356
vn 0.617998 0.258819 -0.742356
vn 0.617998 0.258819 -0.742356
vn 0.617998 0.258819 -0.742356
vn 0.452406 0.707107 -0.543441
vn 0.452406 0.707107 -0.543441
vn 0.452406 0.707107 -0.543441
vn 0.452406 0.707107 -0.543441
vn 0.165592 0.965926 -0.198914
vn 0.165592 0.965926 -0.198914
vn 0.165592 0.965926 -0.198914
vn 0.165592 0.965926 -0.198914
vn -0.165593 0.965926 0.198914
vn -0.165593 0.965926 0.198914
vn -0.165593 0.965926 0.198914
vn -0.165593 0.965926 0.198914
vn -0.452406 0.707107 0.543441
vn -0.452406 0.707107 0.543441
vn -0.452406 0.707107 0.543441
vn -0.452406 0.707107 0.543441
vn -0.617999 0.258818 0.742355
vn -0.617999 0.258818 0.742355
vn -0.617999 0.258818 0.742355
vn -0.617999 0.258818 0.742355
vn -0.617999 -0.258818 0.742355
vn -0.617999 -0.258818 0.742355
vn -0.617999 -0.258818 0.742355
vn -0.617999 -0.258818 0.742355
vn -0.452407 -0.707107 0.543441
vn -0.452407 -0.707107 0.543441
vn -0.452406 -0.707107 0.543441
vn -0.452407 -0.707107 0.543441
vn -0.165590 -0.965926 0.198913
vn -0.165590 -0.965926 0.198913
vn -0.165590 -0.965926 0.198913
vn -0.165590 -0.965926 0.198913
vn 0.165590 -0.965927 -0.198912
vn 0.165590 -0.965927 -0.198912
vn 0.165590 -0.965927 -0.198912
vn 0.165590 -0.965927 -0.198912
vn 0.756958 0.030103 0.652769
vn 0.748819 0.017379 0.662547
vn 0.751310 0.015228 0.659774
vn 0.758995 0.024981 0.650618
vn 0.745839 0.000000 0.666127
vn 0.748698 -0.000000 0.662911
vn 0.748818 -0.017379 0.662548
vn 0.751309 -0.015229 0.659775
vn 0.756957 -0.030102 0.652771
vn 0.758993 -0.024981 0.650619
vn 0.768077 -0.034759 0.639414
vn 0.768235 -0.028205 0.639546
vn 0.779196 -0.030102 0.626056
vn 0.777449 -0.024981 0.628449
vn 0.787337 -0.017379 0.616278
vn 0.785061 -0.015229 0.619231
vn 0.790316 0.000000 0.612700
vn 0.787672 0.000000 0.616095
vn 0.787337 0.017380 0.616279
vn 0.785061 0.015229 0.619231
vn 0.779197 0.030102 0.626056
vn 0.777450 0.024981 0.628448
vn 0.768077 0.034759 0.639413
vn 0.768236 0.028205 0.639545
vn 0.768544 0.000000 0.639797
vn 0.768541 0.000000 0.639801
vn 0.768539 0.000000 0.639803
s 1
g Lamp_Lantern_mesh
usemtl blinn1SG
f 3/208/1 1/209/2 2/210/3 7/211/4
s 2
f 6/120/5 4/121/6 5/122/7 20/123/8
s off
f 7/292/9 2/293/10 4/294/11 8/295/12
s 2
f 10/124/13 1/125/14 9/126/15 35/127/16
s 4
f 11/128/17 12/129/18 13/130/19 14/135/20
f 15/136/21 16/137/22 17/153/23 18/155/24
s 1
f 4/212/25 6/213/26 19/214/27 8/215/28
s 7
f 21/785/29 22/786/30 23/787/31 24/788/32
f 25/789/33 26/790/34 27/791/35 23/787/31
f 28/792/36 21/785/29 29/793/37 30/794/38
s 2
f 31/131/39 32/134/40 33/139/41 34/140/42
s off
f 1/209/43 3/208/44 36/216/45 9/217/46
s 9
f 37/831/47 38/834/48 39/835/49 40/838/50
f 10/840/51 41/905/52 38/834/48 37/831/47
s 2
f 9/126/15 6/120/5 20/123/8 35/127/16
s off
f 6/213/53 9/217/54 36/216/55 19/214/56
s 10
f 31/1757/57 42/132/58 12/133/59 11/1754/60
f 5/154/61 15/158/62 18/162/63 43/164/64
s 12
f 45/1167/65 46/1168/66 44/1169/67 49/1170/68
s 13
f 46/1168/69 48/1171/70 47/1172/71 44/1169/72
s 9
f 40/838/50 39/835/49 50/955/73 33/964/74
f 51/977/75 41/905/52 10/840/51 35/982/76
s 14
f 52/1173/77 45/1167/78 49/1170/79 59/1174/80
s 15
f 54/841/81 55/842/82 53/843/83 56/844/84
s 12
f 49/1170/68 44/1169/67 54/1175/85 60/1176/86
s 13
f 44/1169/72 47/1172/71 55/1177/87 54/1175/88
s 15
f 53/843/83 55/842/82 57/845/89 69/846/90
f 58/1178/91 47/1172/92 48/1171/93 61/1179/94
s 14
f 59/1174/80 49/1170/79 60/1176/95 68/1180/96
s off
f 38/832/97 62/833/98 63/836/99 39/837/100
f 41/839/101 64/858/102 62/833/103 38/832/104
s 15
f 57/1181/105 55/1177/106 47/1172/92 58/1178/91
f 60/850/107 54/841/81 56/844/84 68/851/108
s 17
f 52/1173/109 59/1174/110 65/1182/111 67/1183/112
s 18
f 58/1178/113 61/1179/114 66/1184/115 70/1678/116
s 17
f 65/1182/111 59/1174/110 68/1180/117 78/1186/118
s 18
f 57/1181/119 58/1178/113 70/1678/116 73/1679/120
s 19
f 70/1185/121 66/1677/122 71/1188/123 72/1189/124
s 20
f 72/1189/125 71/1188/126 67/1183/127 65/1182/128
s 21
f 74/795/129 75/796/130 26/790/131 25/789/132
f 76/797/133 77/798/134 28/792/135 30/794/136
s 1
f 3/208/1 7/211/4 498/218/137 434/1929/138
s 19
f 73/1187/139 70/1185/121 72/1189/124 79/1190/140
s 20
f 72/1189/125 65/1182/128 78/1186/141 79/1190/142
s 15
f 69/846/90 57/845/89 73/852/143 79/853/144
f 68/851/108 56/844/84 80/854/145 78/855/146
f 79/853/144 78/855/146 80/854/145 69/846/90
s 7
f 81/799/147 22/786/30 21/785/29 28/792/36
s 23
f 39/837/148 63/836/149 82/859/150 50/860/151
s 24
f 83/861/152 64/858/153 41/839/154 51/903/155
s 9
f 34/1971/156 33/1955/74 50/1954/73 84/1942/157
f 20/1947/158 85/1948/159 51/977/75 35/982/76
s 1
f 8/215/28 19/214/27 476/1927/160 531/1930/161
s off
f 36/216/162 3/208/163 434/1929/164 638/222/165
s 25
f 87/1191/166 88/1192/167 86/1193/168 89/1194/169
s 26
f 88/1192/170 87/1191/171 90/1195/172 93/1196/173
s 25
f 91/1197/174 87/1191/166 89/1194/169 94/1198/175
s 26
f 87/1191/171 91/1197/176 92/1199/177 90/1195/172
s 21
f 95/800/178 96/801/179 75/796/130 74/795/129
f 97/802/180 98/803/181 77/798/134 76/797/133
s 25
f 99/1200/182 86/1193/168 88/1192/167 105/1201/183
s 27
f 89/1194/184 86/1193/185 100/1202/186 109/1203/187
s 25
f 101/1204/188 91/1197/174 94/1198/175 110/1205/189
s 26
f 103/1206/190 104/1207/191 102/1208/192 107/1209/193
f 105/1201/194 88/1192/170 93/1196/173 117/1210/195
f 106/1211/196 92/1199/177 91/1197/176 101/1204/197
s 25
f 108/1212/198 103/1206/199 107/1209/200 114/1213/201
s 27
f 94/1198/202 89/1194/184 109/1203/187 119/1214/203
s 26
f 101/1204/197 107/1209/193 102/1208/192 106/1211/196
s 25
f 107/1209/200 101/1204/188 110/1205/189 114/1213/201
s 30
f 90/1195/204 92/1199/205 111/1709/206 118/207/207
f 112/1706/208 93/1196/209 90/1195/204 118/207/207
f 102/1208/210 104/1207/211 113/1218/212 120/1707/213
s 27
f 115/1220/214 100/1202/186 86/1193/185 99/1200/215
s 30
f 92/1199/205 106/1211/216 116/1708/217 111/1709/206
s 27
f 110/1205/218 94/1198/202 119/1214/203 125/1222/219
s 30
f 106/1211/216 102/1208/210 120/1707/213 116/1708/217
s 2
f 43/141/220 121/142/221 20/123/8 5/122/7
f 42/143/222 31/131/39 34/140/42 122/144/223
s 27
f 123/1223/224 108/1212/225 114/1213/226 138/1224/227
s 33
f 109/1203/228 100/1202/229 124/1225/230 132/1226/231
s 27
f 114/1213/226 110/1205/218 125/1222/219 138/1224/227
s 34
f 126/862/232 127/863/233 128/864/234 129/865/235
f 130/866/236 131/867/237 127/863/233 126/862/232
s 33
f 119/1214/238 109/1203/228 132/1226/231 149/1227/239
s 30
f 93/1196/209 112/1706/208 133/1705/240 117/1210/241
s 25
f 134/1229/242 99/1200/182 105/1201/183 142/1230/243
s 12
f 45/1167/65 135/1231/244 136/1232/245 46/1168/66
s 35
f 137/1233/246 118/1216/247 111/1215/248 144/1234/249
f 120/1219/250 113/1698/251 139/1235/252 155/1236/253
f 140/1237/254 112/1217/255 118/1216/247 137/1233/246
s 13
f 46/1168/69 136/1232/256 141/1238/257 48/1171/70
s 26
f 142/1230/258 105/1201/194 117/1210/195 171/1239/259
s 33
f 100/1202/229 115/1220/260 143/1240/261 124/1225/230
s 35
f 144/1234/249 111/1215/248 116/1221/262 148/1241/263
s 37
f 62/847/264 145/848/265 146/849/266 63/856/267
f 64/857/268 147/879/269 145/848/265 62/847/264
s 35
f 148/1241/263 116/1221/262 120/1219/250 155/1236/253
s 33
f 125/1222/270 119/1214/238 149/1227/239 162/1242/271
s 38
f 131/867/272 150/871/273 151/872/274 127/863/275
f 127/863/275 151/872/274 152/873/276 128/864/277
s 27
f 153/1243/278 115/1220/214 99/1200/215 134/1229/279
s 33
f 154/1244/280 123/1223/281 138/1224/282 169/1245/283
s 40
f 132/1226/284 124/1225/285 156/1246/286 161/1247/287
s 15
f 159/874/288 157/875/289 158/876/290 177/877/291
s 42
f 160/893/292 152/873/293 151/872/294 53/894/295
f 53/894/295 151/872/294 150/871/296 56/895/297
s 43
f 161/1247/298 137/1233/299 144/1234/300 164/1248/301
s 33
f 138/1224/282 125/1222/270 162/1242/271 169/1245/283
s 43
f 156/1246/302 140/1237/303 137/1233/299 161/1247/298
s 35
f 112/1217/255 140/1237/254 163/1249/304 133/1228/305
s 40
f 164/1248/306 149/1227/307 132/1226/284 161/1247/287
s off
f 19/214/308 36/216/309 638/222/310 476/1927/311
s 23
f 84/904/312 50/860/151 82/859/150 165/952/313
s 24
f 85/953/314 166/954/315 83/861/152 51/903/155
s 14
f 52/1173/77 167/1250/316 135/1231/317 45/1167/78
s 43
f 155/1236/318 139/1235/319 168/1251/320 174/1252/321
f 164/1248/301 144/1234/300 148/1241/322 172/1253/323
s 40
f 170/1254/324 156/1246/286 124/1225/285 143/1240/325
s 43
f 140/1237/303 156/1246/302 170/1254/326 163/1249/327
f 172/1253/323 148/1241/322 155/1236/318 174/1252/321
s 40
f 149/1227/307 164/1248/306 172/1253/328 162/1242/329
s 30
f 117/1210/241 133/1705/240 173/1704/330 171/1239/331
s 40
f 174/1252/332 168/1251/333 154/1244/334 169/1245/335
s 15
f 48/1171/93 141/1238/336 175/1256/337 61/1179/94
s 33
f 176/1257/338 143/1240/261 115/1220/260 153/1243/339
s 40
f 174/1252/332 169/1245/335 162/1242/329 172/1253/328
s 15
f 178/881/340 158/876/290 157/875/289 215/882/341
s off
f 145/868/342 126/869/343 129/870/344 146/890/345
f 147/891/346 130/906/347 126/869/348 145/868/349
s 35
f 133/1228/305 163/1249/304 179/1258/350 173/1255/351
s 12
f 135/1231/244 180/1259/352 181/1260/353 136/1232/245
f 183/1261/354 184/1262/355 182/1263/356 196/1264/357
s 40
f 185/1265/358 170/1254/324 143/1240/325 176/1257/359
s 15
f 186/883/360 177/877/291 158/876/290 206/884/361
s 13
f 187/1266/362 188/1267/363 184/1262/364 183/1261/365
f 136/1232/256 181/1260/366 189/1268/367 141/1238/257
s 25
f 190/1269/368 134/1229/242 142/1230/243 198/1270/369
s 17
f 67/1183/112 191/1271/370 167/1250/371 52/1173/109
s 26
f 194/1272/372 192/1273/373 193/1274/374 200/1275/375
s 43
f 163/1249/327 170/1254/326 185/1265/376 179/1258/377
s 14
f 196/1264/378 182/1263/379 195/1276/380 237/1277/381
s 25
f 193/1274/382 192/1273/383 197/1278/384 217/1279/385
s 26
f 198/1270/386 142/1230/258 171/1239/259 230/1280/387
s 15
f 199/885/388 159/874/288 177/877/291 186/883/360
s 30
f 201/1694/389 194/1272/390 200/1275/391 226/1282/392
s 15
f 203/886/393 159/874/288 202/887/394 250/888/395
f 204/1283/396 205/1284/397 188/1267/398 187/1266/399
s 18
f 61/1179/114 175/1256/400 207/1285/401 66/1184/115
s 27
f 208/1286/402 153/1243/278 134/1229/279 190/1269/403
s 14
f 167/1250/316 209/1287/404 180/1259/405 135/1231/317
s 15
f 206/884/361 158/876/290 178/881/340 235/889/406
s 17
f 195/1276/407 210/1288/408 211/1289/409 237/1277/410
s 18
f 212/1669/411 205/1284/412 204/1283/413 223/1291/414
s 7
f 213/804/415 22/786/30 81/799/147 214/805/416
s 27
f 217/1279/417 197/1278/418 216/1292/419 239/1293/420
s 37
f 63/856/267 146/849/266 218/880/421 82/922/422
f 219/923/423 147/879/269 64/857/268 83/956/424
s 15
f 141/1238/336 189/1268/425 220/1294/426 175/1256/337
s 20
f 210/1288/427 221/1295/428 222/1296/429 211/1289/430
s 19
f 221/1295/431 212/1290/432 223/1674/433 222/1296/434
s 20
f 71/1188/126 224/1297/435 191/1271/436 67/1183/127
s 30
f 171/1239/331 173/1704/330 225/1702/437 230/1280/438
s 35
f 227/1299/439 201/1281/440 226/1703/441 243/1300/442
s 15
f 159/874/288 199/885/388 228/892/443 202/887/394
s 33
f 229/1301/444 176/1257/338 153/1243/339 208/1286/445
s 19
f 66/1677/122 207/1676/446 224/1297/447 71/1188/123
s 34
f 129/865/235 128/864/234 231/896/448 232/898/449
f 233/899/450 131/867/237 130/866/236 234/918/451
s 15
f 53/843/83 69/846/90 236/897/452 160/878/453
s 33
f 239/1293/454 216/1292/455 238/1302/456 252/1303/457
s 35
f 173/1255/351 179/1258/350 240/1304/458 225/1298/459
s 40
f 241/1305/460 185/1265/358 176/1257/359 229/1301/461
s 17
f 191/1271/370 242/1306/462 209/1287/463 167/1250/371
s 43
f 244/1307/464 227/1299/465 243/1300/466 262/1308/467
s 38
f 128/864/277 152/873/276 245/919/468 231/896/469
f 246/920/470 150/871/273 131/867/272 233/899/471
s 21
f 247/806/472 74/795/129 25/789/132 248/807/473
s 14
f 249/1309/474 206/1310/475 235/1311/476 256/1312/477
s 43
f 179/1258/377 185/1265/376 241/1305/478 240/1304/479
s 17
f 251/1313/480 186/1314/481 206/1310/482 249/1309/483
s 40
f 252/1303/484 238/1302/485 244/1307/486 262/1308/487
s 42
f 253/921/488 245/919/489 152/873/293 160/893/292
f 56/895/297 150/871/296 246/920/490 254/924/491
s 18
f 175/1256/400 220/1294/492 255/1315/493 207/1285/401
s 12
f 256/1312/494 235/1311/495 178/1316/496 258/1317/497
s 20
f 199/1318/498 186/1314/499 251/1313/500 261/1319/501
s 26
f 257/1320/502 200/1275/375 193/1274/374 259/1321/503
s 66
f 146/890/504 129/870/505 232/911/506 218/932/507
s 67
f 234/933/508 130/906/509 147/891/510 219/957/511
s 13
f 258/1317/512 178/1316/513 215/1322/514 271/1323/515
s 25
f 259/1321/516 193/1274/382 217/1279/385 276/1324/517
s 7
f 25/789/33 23/787/31 22/786/30 213/804/415 248/807/518
s 20
f 224/1297/435 260/1325/519 242/1306/520 191/1271/436
s 30
f 226/1282/392 200/1275/391 257/1320/521 279/1326/522
s 19
f 228/1327/523 199/1318/524 261/1319/525 272/1328/526
s 70
usemtl surfaceShader1SG
f 263/1/527 264/2/528 265/3/529 266/4/530
f 267/5/531 268/6/532 264/2/528 263/1/527
s 19
usemtl blinn1SG
f 207/1676/446 255/1672/533 260/1325/534 224/1297/447
s 25
f 190/1269/368 198/1270/369 269/1329/535 274/1330/536
s 15
f 202/887/394 215/882/341 270/902/537 250/888/395
s 18
f 202/1331/538 228/1675/539 272/1673/540 273/1332/541
s 15
f 215/1322/341 202/1331/394 273/1332/542 271/1323/543
s 27
f 208/1286/402 190/1269/403 274/1330/544 285/1333/545
s 70
usemtl surfaceShader1SG
f 80/7/546 267/5/531 263/1/527 69/8/547
f 69/8/547 263/1/527 266/4/530 236/9/548
s 26
usemtl blinn1SG
f 198/1270/386 230/1280/387 275/1334/549 269/1329/550
s 27
f 276/1324/551 217/1279/417 239/1293/420 294/1335/552
s 12
f 180/1259/352 277/1336/553 278/1337/554 181/1260/353
s 35
f 243/1300/442 226/1703/441 279/1701/555 298/1338/556
s 13
f 181/1260/366 278/1337/557 280/1339/558 189/1268/367
s 30
f 275/1334/559 230/1280/438 225/1702/437 299/1699/560
s 72
f 17/138/561 96/152/562 95/156/563 281/159/564
f 13/167/565 282/186/566 98/189/567 97/1719/568
s 9
f 122/1951/569 34/1971/156 84/1942/157 283/1952/570
f 121/1953/571 284/1956/572 85/1948/159 20/1947/158
s 33
f 229/1301/444 208/1286/445 285/1333/573 304/1341/574
s 13
f 187/1266/362 183/1261/365 286/1342/575 297/1343/576
s 37
f 165/1988/577 82/1989/422 218/1990/421 287/962/578
s 15
f 290/907/579 288/908/580 289/2718/581 316/910/582
s 37
f 166/963/583 291/976/584 219/923/423 83/956/424
s 14
f 209/1287/404 292/1344/585 277/1336/586 180/1259/405
s 12
f 183/1261/354 196/1264/357 293/1345/587 286/1342/588
s 33
f 294/1335/589 239/1293/454 252/1303/457 310/1346/590
s 15
f 295/912/591 296/913/592 288/908/580 290/907/579
f 204/1283/396 187/1266/399 297/1343/593 335/1347/594
s 43
f 262/1308/467 243/1300/466 298/1338/595 321/1348/596
s 35
f 299/1340/597 225/1298/459 240/1304/458 311/1349/598
s 12
f 300/1350/599 256/1312/494 258/1317/497 301/1351/600
s 26
f 295/1352/601 257/1320/502 259/1321/503 296/1353/602
s 13
f 301/1351/603 258/1317/512 271/1323/515 308/1354/604
s 21
f 77/798/134 302/808/605 81/799/606 28/792/135
s 14
f 196/1264/378 237/1277/381 303/1355/607 293/1345/608
s 40
f 241/1305/460 229/1301/461 304/1341/609 338/1356/610
s 15
f 189/1268/425 280/1339/611 305/1357/612 220/1294/426
s 14
f 306/1358/613 249/1309/474 256/1312/477 300/1350/614
s 30
f 279/1326/522 257/1320/521 295/1352/615 290/1359/616
s 15
f 288/908/580 296/913/592 307/914/617 344/915/618
f 308/1354/619 271/1323/543 273/1332/542 342/1360/620
s 18
f 309/1361/621 223/1291/414 204/1283/413 335/1347/622
s 25
f 296/1353/623 259/1321/516 276/1324/517 307/1362/624
s 17
f 303/1355/625 237/1277/410 211/1289/409 315/1363/626
s 40
f 310/1346/627 252/1303/484 262/1308/487 321/1348/628
s 43
f 311/1349/629 240/1304/479 241/1305/478 338/1356/630
s 15
f 160/878/453 236/897/452 312/916/631 253/900/632
f 313/917/633 80/854/145 56/844/84 254/901/634
s 17
f 251/1313/480 249/1309/483 306/1358/635 318/1364/636
s 19
f 314/1365/637 222/1296/434 223/1674/433 309/1671/638
s 20
f 315/1363/639 211/1289/430 222/1296/429 314/1365/640
s 18
f 273/1332/541 272/1673/540 317/1661/641 342/1360/642
s 20
f 261/1319/501 251/1313/500 318/1364/643 319/1367/644
s 19
f 272/1328/526 261/1319/525 319/1367/645 317/1366/646
s 35
f 298/1338/556 279/1701/555 290/1700/647 316/1368/648
s 17
f 242/1306/462 320/1369/649 292/1344/650 209/1287/463
s 34
f 322/2023/651 232/2024/449 231/2025/448 323/934/652
f 324/935/653 325/936/654 233/899/450 234/918/451
s 2
f 328/145/655 326/146/656 327/147/657 355/148/658
s 27
f 307/1362/659 276/1324/551 294/1335/552 341/1370/660
s 18
f 220/1294/492 305/1357/661 329/1371/662 255/1315/493
s 2
f 330/149/663 327/147/657 326/146/656 331/150/664
s 70
usemtl surfaceShader1SG
f 264/2/528 332/10/665 333/11/666 265/3/529
f 268/6/532 334/12/667 332/10/665 264/2/528
s off
usemtl blinn1SG
f 283/961/668 84/904/669 165/952/670 336/967/671
f 284/968/672 337/975/673 166/954/674 85/953/675
s 38
f 323/934/676 231/2025/469 245/2026/468 339/937/677
f 325/936/678 340/938/679 246/920/470 233/899/471
s 43
f 321/1348/596 298/1338/595 316/1368/680 345/1372/681
s 20
f 260/1325/519 343/1373/682 320/1369/683 242/1306/520
s 33
f 341/1370/684 294/1335/589 310/1346/590 349/1374/685
s 66
f 287/958/686 218/932/507 232/911/506 322/971/687
s 67
f 291/972/688 324/979/689 234/933/508 219/957/511
s 19
f 255/1672/533 329/1670/690 343/1373/691 260/1325/534
s 42
f 253/2027/488 346/939/692 339/937/693 245/2026/489
f 254/924/491 246/920/490 340/938/694 347/959/695
s 15
f 316/910/582 289/2718/581 348/927/696 345/928/697
s 40
f 349/1374/698 310/1346/627 321/1348/628 345/1372/699
s 70
usemtl surfaceShader1SG
f 236/9/548 266/4/530 350/13/700 312/14/701
f 351/15/702 267/5/531 80/7/546 313/16/703
s 25
usemtl blinn1SG
f 274/1330/536 269/1329/535 352/1375/704 356/1376/705
s 21
f 353/809/706 247/806/472 248/807/473 213/804/707
s 26
f 269/1329/550 275/1334/549 354/1377/708 352/1375/709
s 27
f 285/1333/545 274/1330/544 356/1376/710 360/1378/711
s 70
usemtl surfaceShader1SG
f 266/4/530 265/3/529 357/17/712 350/13/700
f 358/18/713 268/6/532 267/5/531 351/15/702
s 15
usemtl blinn1SG
f 344/915/618 307/914/617 341/929/714 349/930/715
s 30
f 354/1377/716 275/1334/559 299/1699/560 361/1696/717
s 2
f 330/149/663 331/150/664 359/151/718 369/157/719
s 15
f 349/930/715 345/928/697 348/927/696 344/915/618
s 33
f 304/1341/574 285/1333/573 360/1378/720 362/1380/721
s 35
f 361/1379/722 299/1340/597 311/1349/598 363/1381/723
s 40
f 338/1356/610 304/1341/609 362/1380/724 381/1382/725
s 43
f 363/1381/726 311/1349/629 338/1356/630 381/1382/727
s 15
f 346/925/728 253/900/632 312/916/631 364/931/729
f 347/926/730 203/886/393 313/917/633 254/901/634
s off
f 7/292/731 8/295/732 531/296/733 498/297/734
s 15
f 335/1347/594 297/1343/593 365/1383/735 385/1384/736
s 13
f 297/1343/576 286/1342/575 366/1385/737 365/1383/738
s 12
f 277/1336/553 182/1263/356 184/1262/355 278/1337/554
s 26
f 103/1206/190 367/1386/739 368/1387/740 104/1207/191
s 13
f 278/1337/557 184/1262/364 188/1267/363 280/1339/558
s 18
f 370/1388/741 309/1361/621 335/1347/622 385/1384/742
s 12
f 286/1342/588 293/1345/587 371/1389/743 366/1385/744
s 4
f 18/155/24 17/153/23 281/160/745 372/166/746
f 12/129/18 373/177/747 282/182/748 13/130/19
s 25
f 108/1212/198 374/1390/749 367/1386/750 103/1206/199
s 14
f 293/1345/608 303/1355/607 375/1391/751 371/1389/752
s 19
f 376/1392/753 314/1365/637 309/1671/638 370/1668/754
s 14
f 292/1344/585 195/1276/380 182/1263/379 277/1336/586
s 17
f 303/1355/625 315/1363/626 377/1393/755 375/1391/756
s 20
f 377/1393/757 315/1363/639 314/1365/640 376/1392/758
s 30
f 104/1207/211 368/1387/759 378/1697/760 113/1218/212
s 26
f 367/1386/739 379/1395/761 380/1396/762 368/1387/740
s 15
f 280/1339/611 188/1267/398 205/1284/397 305/1357/612
s 25
f 374/1390/749 382/1397/763 379/1395/764 367/1386/750
s 37
f 336/978/765 165/1988/577 287/962/578 383/986/766
f 337/1972/767 384/1973/768 291/976/584 166/963/583
s 17
f 320/1369/649 210/1288/408 195/1276/407 292/1344/650
s 27
f 123/1223/224 386/1398/769 374/1390/770 108/1212/225
s 70
usemtl surfaceShader1SG
f 364/112/771 312/113/701 350/114/700 387/19/772
f 203/20/773 388/21/774 351/15/702 313/16/703
s 30
usemtl blinn1SG
f 368/1387/759 380/1396/775 389/1399/776 378/1697/760
s 18
f 305/1357/661 205/1284/412 212/1669/411 329/1371/662
s 70
usemtl surfaceShader1SG
f 265/3/529 333/11/666 390/22/777 357/17/712
f 391/23/778 334/12/667 268/6/532 358/18/713
s 15
usemtl blinn1SG
f 203/886/393 347/926/730 157/875/289 159/874/288
s 20
f 343/1373/682 221/1295/428 210/1288/427 320/1369/683
s 35
f 113/1698/251 378/1394/779 392/1400/780 139/1235/252
s 27
f 386/1398/769 393/1401/781 382/1397/782 374/1390/770
s 19
f 329/1670/690 212/1290/432 221/1295/431 343/1373/691
s 21
f 394/810/783 353/809/706 213/804/707 214/805/784
f 302/808/605 394/810/783 214/805/784 81/799/606
s 26
f 352/1375/709 354/1377/708 395/1402/785 396/1403/786
s 25
f 356/1376/705 352/1375/704 396/1403/787 398/1404/788
s 30
f 395/1402/789 354/1377/716 361/1696/717 403/1690/790
s 2
f 369/157/719 359/151/718 397/161/791 407/163/792
s 26
f 379/1395/761 192/1273/373 194/1272/372 380/1396/762
s 27
f 360/1378/711 356/1376/710 398/1404/793 406/1406/794
s 33
f 154/1244/280 399/1407/795 386/1398/796 123/1223/281
s 21
f 400/811/797 95/800/798 74/795/129 247/806/472
s 10
f 43/164/64 18/162/63 372/170/799 401/180/800
f 42/132/58 328/185/801 373/192/802 12/133/59
s 35
f 378/1394/779 389/1695/803 402/1408/804 392/1400/780
f 403/1405/805 361/1379/722 363/1381/723 409/1409/806
s 25
f 382/1397/763 197/1278/384 192/1273/383 379/1395/764
s 70
usemtl surfaceShader1SG
f 387/19/772 350/114/700 357/115/712 404/24/807
f 388/21/774 405/25/808 358/18/713 351/15/702
s 33
usemtl blinn1SG
f 362/1380/721 360/1378/720 406/1406/809 410/1410/810
s 43
f 139/1235/319 392/1400/811 408/1411/812 168/1251/320
s 30
f 380/1396/775 194/1272/390 201/1694/389 389/1399/776
s 43
f 409/1409/813 363/1381/726 381/1382/727 433/1412/814
s 40
f 381/1382/725 362/1380/724 410/1410/815 433/1412/816
f 168/1251/333 408/1411/817 399/1407/818 154/1244/334
s 33
f 399/1407/795 411/1413/819 393/1401/820 386/1398/796
s 34
f 412/960/821 413/965/822 325/936/654 324/935/653
f 414/966/823 322/2023/651 323/934/652 415/969/824
s off
f 383/980/825 287/958/826 322/971/827 414/987/828
f 384/1991/829 412/1992/830 324/979/831 291/972/832
s 15
f 385/1384/736 365/1383/735 416/1414/833 437/1415/834
s 43
f 392/1400/811 402/1408/835 417/1416/836 408/1411/812
s off
f 327/236/837 330/237/838 418/238/839 427/239/840
s 18
f 419/1417/841 370/1388/741 385/1384/742 437/1415/842
s 27
f 393/1401/781 216/1292/419 197/1278/418 382/1397/782
s 13
f 365/1383/738 366/1385/737 420/1418/843 416/1414/844
s 40
f 408/1411/817 417/1416/845 411/1413/846 399/1407/818
s 19
f 421/1419/847 376/1392/753 370/1668/754 419/1667/848
s 38
f 413/965/849 422/970/850 340/938/679 325/936/678
f 415/969/851 323/934/676 339/937/677 423/983/852
s 12
f 366/1385/744 371/1389/743 424/1420/853 420/1418/854
s 20
f 425/1421/855 377/1393/757 376/1392/758 421/1419/856
s 35
f 389/1695/803 201/1281/440 227/1299/439 402/1408/804
s 17
f 375/1391/756 377/1393/755 425/1421/857 426/1422/858
s 14
f 371/1389/752 375/1391/751 426/1422/859 424/1420/860
s 1
f 355/240/861 327/236/862 427/239/863 523/241/864
s 15
f 429/940/865 428/941/866 431/942/867
f 431/942/867 428/941/866 430/943/868 438/1691/869
f 432/945/870 428/941/866 429/940/865
s 42
f 347/959/695 340/938/694 422/970/871 270/984/872
f 346/939/692 288/988/873 423/983/874 339/937/693
s 15
f 435/946/875 436/947/876 428/941/866 432/945/870
f 347/926/877 270/902/537 215/882/341 157/875/289
s off
f 418/238/878 330/237/879 369/242/880 470/243/881
s 33
f 411/1413/819 238/1302/456 216/1292/455 393/1401/820
s 2
f 328/145/655 42/143/222 122/144/223 326/146/656
f 401/165/882 439/168/883 121/142/221 43/141/220
s 15
f 440/948/884 438/944/869 430/1693/868 442/949/885
f 436/947/876 435/946/875 441/950/886 442/949/885
s 43
f 402/1408/835 227/1299/465 244/1307/464 417/1416/836
s 35
f 443/1423/887 431/1424/888 438/1692/889 444/1689/890
s 40
f 417/1416/845 244/1307/486 238/1302/485 411/1413/846
s 30
f 444/1426/891 438/1425/892 440/1427/893 452/1428/894
s 43
f 445/1429/895 429/1430/896 431/1424/897 443/1423/898
s 40
f 432/1431/899 429/1430/900 445/1429/901 448/1432/902
s 15
f 446/951/903 440/948/884 442/949/885 441/950/886
f 288/2717/580 346/925/728 364/931/729 289/909/581
s 26
f 440/1427/904 446/1433/905 447/1434/906 452/1428/907
s 33
f 435/1435/908 432/1431/909 448/1432/910 454/1436/911
s 21
f 98/803/912 449/812/913 302/808/605 77/798/134
s 26
f 396/1403/786 395/1402/785 450/1437/914 455/1438/915
s 25
f 446/1433/916 441/1439/917 451/1440/918 447/1434/919
s 30
f 395/1402/789 403/1690/790 453/1687/920 450/1437/921
s 27
f 441/1439/922 435/1435/923 454/1436/924 451/1440/925
s 25
f 398/1404/788 396/1403/787 455/1438/926 460/1442/927
s 9
f 439/1957/928 456/1958/929 284/1956/572 121/1953/571
f 326/1959/930 122/1951/569 283/1952/570 457/1960/931
s 35
f 453/1441/932 403/1405/805 409/1409/806 463/1443/933
s off
f 456/981/934 458/985/935 337/975/936 284/968/937
f 457/992/938 283/961/939 336/967/940 459/1937/941
s 27
f 406/1406/794 398/1404/793 460/1442/942 464/1444/943
s 70
usemtl surfaceShader1SG
f 404/24/807 357/115/712 390/116/777 461/26/944
f 405/25/808 462/27/945 391/23/778 358/18/713
s 43
usemtl blinn1SG
f 463/1443/946 409/1409/813 433/1412/814 485/1445/947
s 33
f 410/1410/810 406/1406/809 464/1444/948 465/1446/949
s 40
f 433/1412/816 410/1410/815 465/1446/950 485/1445/951
s 30
f 466/1447/952 444/1426/891 452/1428/894 468/1448/953
s 15
f 467/1449/954 437/1415/834 416/1414/833 488/1450/955
s 26
f 468/1448/956 452/1428/907 447/1434/906 483/1451/957
s 18
f 469/1452/958 419/1417/841 437/1415/842 467/1449/959
s 1
f 470/243/960 369/242/961 407/244/962 556/245/963
s 70
usemtl surfaceShader1SG
f 250/28/964 471/29/965 388/21/774 203/20/773
f 289/30/966 364/112/771 387/19/772 472/31/967
s 19
usemtl blinn1SG
f 473/1453/968 421/1419/847 419/1667/848 469/1666/969
s 35
f 474/1454/970 443/1423/887 444/1689/890 466/1688/971
s 13
f 416/1414/844 420/1418/843 475/1455/972 488/1450/973
s 43
f 445/1429/895 443/1423/898 474/1454/974 486/1456/975
s 25
f 447/1434/919 451/1440/918 477/1457/976 483/1451/977
s 70
usemtl surfaceShader1SG
f 332/10/665 478/32/978 479/33/979 333/11/666
f 334/12/667 480/34/980 478/32/978 332/10/665
s 20
usemtl blinn1SG
f 481/1458/981 425/1421/855 421/1419/856 473/1453/982
s 12
f 420/1418/854 424/1420/853 482/1459/983 475/1455/984
s 17
f 426/1422/858 425/1421/857 481/1458/985 484/1460/986
s 14
f 424/1420/860 426/1422/859 484/1460/987 482/1459/988
s 40
f 448/1432/902 445/1429/901 486/1456/989 492/1461/990
s 27
f 451/1440/925 454/1436/924 487/1462/991 477/1457/992
s 86
f 491/200/993 489/201/994 490/321/995 505/325/996
s 33
f 454/1436/911 448/1432/910 492/1461/997 487/1462/998
s 37
f 458/1974/999 493/1975/1000 384/1973/768 337/1972/767
f 459/1976/1001 336/978/765 383/986/766 494/1977/1002
s 87
f 497/203/1003 495/204/1004 496/324/1005 507/329/1006
s 30
f 499/1463/1007 466/1447/952 468/1448/953 500/1464/1008
s 26
f 500/1464/1009 468/1448/956 483/1451/957 510/1465/1010
s 21
f 501/813/1011 400/811/1012 247/806/472 353/809/706
s 35
f 502/1466/1013 474/1454/970 466/1688/971 499/1683/1014
s 30
f 450/1437/921 453/1687/920 503/1686/1015 504/1468/1016
s 26
f 455/1438/915 450/1437/914 504/1468/1017 506/1469/1018
s 35
f 503/1467/1019 453/1441/932 463/1443/933 511/1470/1020
s 25
f 460/1442/927 455/1438/926 506/1469/1021 514/1471/1022
f 483/1451/977 477/1457/976 508/1472/1023 510/1465/1024
s 43
f 509/1473/1025 486/1456/975 474/1454/974 502/1466/1026
f 511/1470/1027 463/1443/946 485/1445/947 518/1474/1028
s 18
f 512/1475/1029 469/1452/958 467/1449/959 513/1476/1030
s 15
f 513/1476/1031 467/1449/954 488/1450/955 532/1477/1032
s 27
f 464/1444/943 460/1442/942 514/1471/1033 520/1478/1034
s 40
f 492/1461/990 486/1456/989 509/1473/1035 521/1479/1036
s 70
usemtl surfaceShader1SG
f 472/31/967 387/19/772 404/24/807 515/35/1037
f 471/29/965 516/36/1038 405/25/808 388/21/774
s 27
usemtl blinn1SG
f 477/1457/992 487/1462/991 517/1480/1039 508/1472/1040
s 40
f 518/1474/1041 485/1445/951 465/1446/950 534/1481/1042
s 19
f 519/1482/1043 473/1453/968 469/1666/969 512/1665/1044
s 33
f 465/1446/949 464/1444/948 520/1478/1045 534/1481/1046
f 487/1462/998 492/1461/997 521/1479/1047 517/1480/1048
s 13
f 488/1450/973 475/1455/972 522/1483/1049 532/1477/1050
s 72
f 281/159/564 95/156/563 400/1721/1051 524/1746/1052
s 20
f 525/1484/1053 481/1458/981 473/1453/982 519/1482/1054
s 86
f 491/200/993 505/325/996 526/328/1055 527/333/1056
s 12
f 475/1455/984 482/1459/983 528/1485/1057 522/1483/1058
s 17
f 484/1460/986 481/1458/985 525/1484/1059 530/1486/1060
s 87
f 529/330/1061 507/329/1006 496/324/1005 533/336/1062
s 14
f 482/1459/988 484/1460/987 530/1486/1063 528/1485/1064
s 70
usemtl surfaceShader1SG
f 333/11/666 479/33/979 535/37/1065 390/22/777
f 536/38/1066 480/34/980 334/12/667 391/23/778
s off
usemtl blinn1SG
f 493/1993/1067 537/1994/1068 412/1992/1069 384/1991/1070
f 494/1995/1071 383/980/1072 414/987/1073 538/1996/1074
s 30
f 504/1468/1016 503/1686/1015 542/1685/1075 547/1488/1076
s 88
f 543/1938/1077 544/1939/1078 458/985/1079 456/981/1080
s 89
f 545/1940/1081 546/1941/1082 457/992/1083 459/1937/1084
s 35
f 542/1487/1085 503/1467/1019 511/1470/1020 550/1489/1086
s 26
f 506/1469/1018 504/1468/1017 547/1488/1087 551/1490/1088
s 34
f 537/989/1089 548/990/1090 413/965/822 412/960/821
f 538/991/1091 414/966/823 415/969/824 549/997/1092
s 43
f 550/1489/1093 511/1470/1027 518/1474/1028 560/1491/1094
s 25
f 514/1471/1022 506/1469/1021 551/1490/1095 561/1492/1096
s 18
f 553/1493/1097 512/1475/1029 513/1476/1030 555/1494/1098
s 9
f 554/1961/1099 543/1962/1100 456/1958/929 439/1957/928
f 546/1963/1101 331/1964/1102 326/1959/930 457/1960/931
s 15
f 555/1494/1103 513/1476/1031 532/1477/1032 571/1495/1104
s 38
f 548/990/1105 557/998/1106 422/970/850 413/965/849
f 549/997/1107 415/969/851 423/983/852 558/999/1108
s 19
f 559/1496/1109 519/1482/1043 512/1665/1044 553/1664/1110
s 40
f 560/1491/1111 518/1474/1041 534/1481/1042 574/1497/1112
s 27
f 520/1478/1034 514/1471/1033 561/1492/1113 565/1498/1114
s 37
f 544/1978/1115 562/1979/1116 493/1975/1000 458/1974/999
f 563/1980/1117 545/1981/1118 459/1976/1001 494/1977/1002
s 13
f 532/1477/1050 522/1483/1049 564/1499/1119 571/1495/1120
s 33
f 534/1481/1046 520/1478/1045 565/1498/1121 574/1497/1122
s 20
f 566/1500/1123 525/1484/1053 519/1482/1054 559/1496/1124
s 4
f 372/166/746 281/160/745 524/184/1125 567/187/1126
s 42
f 558/999/1127 423/983/874 288/988/873 344/1000/1128
f 270/984/872 422/970/871 557/998/1129 568/1001/1130
s 30
f 547/1488/1076 542/1685/1075 569/1684/1131 573/1502/1132
s 17
f 530/1486/1060 525/1484/1059 566/1500/1133 572/1503/1134
s 12
f 522/1483/1058 528/1485/1057 570/1504/1135 564/1499/1136
s 35
f 569/1501/1137 542/1487/1085 550/1489/1086 579/1505/1138
s 14
f 528/1485/1064 530/1486/1063 572/1503/1139 570/1504/1140
s 26
f 551/1490/1088 547/1488/1087 573/1502/1141 589/1506/1142
s 15
f 568/973/1143 575/974/1144 250/888/395 270/902/537
s 30
f 578/1680/1145 577/1508/1146 573/1502/1132 569/1684/1131
s 35
f 580/1509/1147 578/1507/1148 569/1501/1137 579/1505/1138
s 43
f 579/1505/1149 550/1489/1093 560/1491/1094 598/1510/1150
s 20
f 583/1511/1151 581/1512/1152 582/1513/1153 591/1514/1154
s 26
f 573/1502/1141 577/1508/1155 586/1515/1156 589/1506/1142
s 19
f 588/1516/1157 587/1651/1158 581/1512/1159 583/1511/1160
s 17
f 591/1514/1161 582/1513/1162 590/1518/1163 629/1519/1164
s 72
f 282/186/566 592/1747/1165 449/1750/1166 98/189/567
s 25
f 561/1492/1096 551/1490/1095 589/1506/1167 612/1520/1168
s 10
f 401/180/800 372/170/799 567/193/1169 593/1755/1170
s 21
f 594/814/1171 501/813/1172 353/809/706 394/810/783
f 449/812/1173 594/814/1174 394/810/783 302/808/605
s 18
f 596/1521/1175 595/1522/1176 587/1517/1177 588/1663/1178
s 43
f 597/1523/1179 580/1509/1180 579/1505/1149 598/1510/1150
s 40
f 598/1510/1181 560/1491/1111 574/1497/1112 622/1524/1182
s 15
f 599/1525/1183 595/1522/1184 596/1521/1185 613/1526/1186
s 14
f 590/1518/1187 601/1527/1188 600/1528/1189 629/1519/1190
s 70
usemtl surfaceShader1SG
f 515/35/1037 404/24/807 461/26/944 602/39/1191
f 516/36/1038 603/40/1192 462/27/945 405/25/808
s 88
usemtl blinn1SG
f 543/1938/1077 604/1943/1193 605/1944/1194 544/1939/1078
s 89
f 606/1945/1195 546/1941/1082 545/1940/1081 607/1946/1196
s off
f 610/1008/1197 608/1009/1198 609/1010/1199 621/1011/1200
s 25
f 589/1506/1167 586/1515/1201 611/1529/1202 612/1520/1168
s 27
f 565/1498/1114 561/1492/1113 612/1520/1203 618/1530/1204
s 13
f 614/1531/1205 599/1525/1206 613/1526/1207 615/1532/1208
s 12
f 601/1527/1209 614/1531/1210 615/1532/1211 600/1528/1212
s 18
f 616/1533/1213 553/1493/1097 555/1494/1098 620/1534/1214
s 1
f 434/219/138 498/1931/137 617/223/1215 654/224/1216
s 33
f 574/1497/1122 565/1498/1121 618/1530/1217 622/1524/1218
s 40
f 619/1535/1219 597/1523/1220 598/1510/1181 622/1524/1182
s 15
f 620/1534/1221 555/1494/1103 571/1495/1104 634/1536/1222
s off
f 498/1931/1223 610/225/1224 623/226/1225 617/223/1226
s 19
f 624/1537/1227 559/1496/1109 553/1664/1110 616/1662/1228
s 70
usemtl surfaceShader1SG
f 348/41/1229 289/30/966 472/31/967 625/42/1230
f 575/43/1231 626/44/1232 471/29/965 250/28/964
s off
usemtl blinn1SG
f 608/1009/1233 627/1012/1234 628/1013/1235 609/1010/1236
s 27
f 612/1520/1203 611/1529/1237 630/1538/1238 618/1530/1204
s 37
f 544/1978/1115 605/1982/1239 631/1983/1240 562/1979/1116
f 607/1984/1241 545/1981/1118 563/1980/1117 632/1985/1242
s 20
f 566/1500/1123 559/1496/1124 624/1537/1243 645/1539/1244
s off
f 610/1008/1245 621/1011/1246 633/1014/1247 623/1015/1248
s 13
f 634/1536/1249 571/1495/1120 564/1499/1119 655/1540/1250
s 70
usemtl surfaceShader1SG
f 461/26/944 390/116/777 535/117/1065 635/45/1251
f 462/27/945 636/46/1252 536/38/1066 391/23/778
s 33
usemtl blinn1SG
f 618/1530/1217 630/1538/1253 619/1535/1254 622/1524/1218
s off
f 638/1928/1255 434/219/1256 637/227/1257 673/228/1258
f 639/1016/1259 628/1013/1260 627/1012/1261 640/1017/1262
f 643/1024/1263 641/1025/1264 642/1026/1265 649/1027/1266
s 17
f 572/1503/1134 566/1500/1133 645/1539/1267 648/1541/1268
s off
f 621/1088/1269 609/1089/1270 643/1090/1271 649/1091/1272
s 12
f 564/1499/1136 570/1504/1135 646/1542/1273 655/1540/1274
s 9
f 554/1961/1099 647/1965/1275 604/1966/1276 543/1962/1100
f 359/1967/1277 331/1964/1102 546/1963/1101 606/1968/1278
s 14
f 570/1504/1140 572/1503/1139 648/1541/1279 646/1542/1280
s off
f 651/1028/1281 650/1029/1282 641/1025/1283 643/1024/1284
f 628/1092/1285 639/1093/1286 652/1094/1287 651/1095/1288
f 653/229/1289 642/230/1290 531/221/1291 677/231/1292
s 1
f 637/227/1293 434/219/138 654/224/1216 712/232/1294
s off
f 639/1016/1295 640/1017/1296 656/1018/1297 661/1019/1298
f 657/1030/1299 649/1027/1300 642/1026/1301 653/1031/1302
s 98
f 562/1997/1303 658/1998/1304 537/1994/1305 493/1993/1306
s 99
f 659/1999/1307 563/2000/1308 494/1995/1309 538/1996/1310
s 4
f 373/177/747 660/188/1311 592/190/1312 282/182/748
s off
f 650/1029/1313 651/1028/1314 652/1032/1315 662/1033/1316
f 657/1096/1317 633/1097/1318 621/1088/1319 649/1091/1320
s 19
f 588/1516/1157 583/1511/1160 663/1543/1321 666/1544/1322
s 20
f 583/1511/1151 591/1514/1154 664/1545/1323 663/1543/1324
s off
f 639/1093/1325 661/1098/1326 665/1099/1327 652/1094/1328
s 18
f 596/1521/1175 588/1663/1178 666/1659/1329 703/1546/1330
s 1
f 637/446/1331 667/447/1332 668/448/1333 673/1860/1334
s 18
f 616/1533/1213 620/1534/1214 669/1547/1335 672/1548/1336
s 19
f 624/1537/1227 616/1662/1228 672/1660/1337 700/1549/1338
s 17
f 591/1514/1161 629/1519/1164 674/1550/1339 664/1545/1340
s off
f 604/1943/1341 675/1949/1342 676/1950/1343 605/1944/1344
f 675/1949/1345 606/1945/1346 607/1946/1347 676/1950/1348
s 1
f 677/231/1349 531/221/161 476/220/160 730/233/1350
s off
f 679/1020/1351 678/1021/1352 661/1019/1353 656/1018/1354
f 681/1100/1355 680/1101/1356 633/1097/1357 657/1096/1358
s 12
f 682/1551/1359 300/1350/599 301/1351/600 683/1552/1360
s off
f 623/1015/1361 633/1014/1362 680/1022/1363 689/1023/1364
s 10
f 328/185/801 397/1756/1365 660/1763/1366 373/192/802
s 14
f 685/1553/1367 306/1358/613 300/1350/614 682/1551/1368
s 15
f 620/1534/1221 634/1536/1222 686/1554/1369 669/1547/1370
s 13
f 683/1552/1371 301/1351/603 308/1354/604 687/1555/1372
s off
f 688/1034/1373 662/1033/1374 652/1032/1375 665/1035/1376
s 14
f 674/1550/1377 629/1519/1190 600/1528/1189 695/1556/1378
s off
f 689/1023/1379 680/1022/1380 678/1021/1381 679/1020/1382
s 37
f 605/1982/1239 676/1986/1383 690/1987/1384 631/1983/1240
f 676/1986/1383 607/1984/1241 632/1985/1242 690/1987/1384
s 15
f 691/1557/1385 613/1526/1186 596/1521/1185 703/1546/1386
s 17
f 692/1558/1387 318/1364/636 306/1358/635 685/1553/1388
s off
f 427/239/1389 418/238/1390 831/246/1391 817/1935/1392
s 15
f 687/1555/1393 308/1354/619 342/1360/620 693/1559/1394
s 20
f 694/1560/1395 645/1539/1244 624/1537/1243 700/1549/1396
s 12
f 695/1556/1397 600/1528/1212 615/1532/1211 696/1561/1398
s 13
f 696/1561/1399 615/1532/1208 613/1526/1207 691/1557/1400
s off
f 697/234/1401 476/220/1402 638/1928/1403 673/228/1404
s 20
f 698/1562/1405 319/1367/644 318/1364/643 692/1558/1406
s 18
f 693/1559/1407 342/1360/642 317/1661/641 699/1654/1408
s 72
f 701/1751/1409 524/1746/1052 400/1721/1051 501/1736/1410
s 13
f 634/1536/1249 655/1540/1250 702/1564/1411 686/1554/1412
s 34
f 658/1002/1413 704/2030/1414 548/990/1090 537/989/1089
f 705/1006/1415 659/1007/1416 538/991/1091 549/997/1092
s 19
f 699/1563/1417 317/1366/646 319/1367/645 698/1562/1418
s 17
f 707/1565/1419 648/1541/1268 645/1539/1267 694/1560/1420
s 12
f 702/1564/1421 655/1540/1274 646/1542/1273 708/1566/1422
s 14
f 708/1566/1423 646/1542/1280 648/1541/1279 707/1565/1424
s off
f 665/1035/1425 709/1036/1426 710/1037/1427 688/1034/1428
f 681/1038/1429 657/1030/1430 653/1031/1431 711/1039/1432
f 709/1036/1433 681/1038/1434 711/1039/1435 710/1037/1436
s 38
f 704/2030/1437 713/2028/1438 557/998/1106 548/990/1105
f 714/2008/1439 705/1006/1440 549/997/1107 558/999/1108
s 1
f 697/450/1441 673/449/1334 668/1858/1333 725/451/1442
s 2
f 397/161/791 328/145/655 355/148/658 407/163/792
s 19
f 700/1549/1338 672/1660/1337 715/1658/1443 726/1568/1444
f 666/1544/1322 663/1543/1321 716/1569/1445 719/1570/1446
s 18
f 672/1548/1336 669/1547/1335 717/1571/1447 715/1567/1448
s 9
f 647/1965/1275 718/1969/1449 675/1970/1450 604/1966/1276
f 718/1969/1449 359/1967/1277 606/1968/1278 675/1970/1450
s 18
f 703/1546/1330 666/1659/1329 719/1657/1451 732/1572/1452
s 20
f 663/1543/1324 664/1545/1323 720/1573/1453 716/1569/1454
s 15
f 721/993/1455 722/994/1456 575/974/1144 568/973/1143
f 723/995/1457 724/996/1458 344/915/618 348/927/696
s 20
f 694/1560/1395 700/1549/1396 726/1568/1459 734/1574/1460
s 15
f 669/1547/1370 686/1554/1369 727/1575/1461 717/1571/1462
s 42
f 568/1001/1130 557/998/1129 713/2028/1463 721/2029/1464
f 344/1000/1128 724/2010/1465 714/2008/1466 558/999/1127
s 17
f 720/1573/1467 664/1545/1340 674/1550/1339 733/1576/1468
s 98
f 562/1997/1303 631/2001/1469 728/2002/1470 658/1998/1304
s 99
f 632/2003/1471 563/2000/1308 659/1999/1307 729/2004/1472
s 1
f 730/233/1350 476/220/160 697/234/1473 766/235/1474
s 13
f 727/1575/1475 686/1554/1412 702/1564/1411 737/1577/1476
s 1
f 523/241/864 427/239/863 817/1935/1477 847/1936/1478
s 15
f 731/1578/1479 691/1557/1385 703/1546/1386 732/1572/1480
s off
f 418/238/1481 470/243/1482 841/1933/1483 831/246/1484
s 14
f 733/1576/1485 674/1550/1377 695/1556/1378 740/1579/1486
s 17
f 735/1580/1487 707/1565/1419 694/1560/1420 734/1574/1488
s 4
f 736/191/1489 567/187/1126 524/184/1125 701/1716/1490
s 12
f 737/1577/1491 702/1564/1421 708/1566/1422 741/1581/1492
s 13
f 738/1582/1493 696/1561/1399 691/1557/1400 731/1578/1494
s 19
f 726/1568/1444 715/1658/1443 739/1655/1495 748/1584/1496
s 12
f 740/1579/1497 695/1556/1397 696/1561/1398 738/1582/1498
s 14
f 741/1581/1499 708/1566/1423 707/1565/1424 735/1580/1500
s 18
f 715/1567/1448 717/1571/1447 742/1585/1501 739/1583/1502
s 19
f 719/1570/1446 716/1569/1445 743/1586/1503 746/1656/1504
s 70
usemtl surfaceShader1SG
f 626/44/1232 744/47/1505 516/36/1038 471/29/965
f 625/42/1230 472/31/967 515/35/1037 745/48/1506
s 18
usemtl blinn1SG
f 732/1572/1452 719/1657/1451 746/1587/1507 753/1588/1508
s 10
f 747/1764/1509 593/1755/1170 567/193/1169 736/1765/1510
s 20
f 734/1574/1460 726/1568/1459 748/1584/1511 754/1589/1512
f 716/1569/1454 720/1573/1453 749/1590/1513 743/1586/1514
s 70
usemtl surfaceShader1SG
f 722/49/1515 750/50/1516 626/44/1232 575/43/1231
f 751/51/1517 723/52/1518 348/41/1229 625/42/1230
s 15
usemtl blinn1SG
f 717/1571/1462 727/1575/1461 752/1591/1519 742/1585/1520
s 19
f 748/1584/1496 739/1655/1495 746/1656/1504 743/1586/1503
s 18
f 753/1588/1508 746/1587/1507 739/1583/1502 742/1585/1501
s 17
f 749/1590/1521 720/1573/1467 733/1576/1468 762/1592/1522
s 20
f 754/1589/1512 748/1584/1511 743/1586/1514 749/1590/1513
s 34
f 658/2031/1413 728/2011/1523 755/2012/1524 704/1003/1414
f 729/2013/1525 659/1007/1416 705/1006/1415 756/2014/1526
s 70
usemtl surfaceShader1SG
f 478/32/978 757/53/1527 758/54/1528 479/33/979
f 480/34/980 759/55/1529 757/53/1527 478/32/978
s 15
usemtl blinn1SG
f 760/1593/1530 731/1578/1479 732/1572/1480 753/1588/1531
s 13
f 752/1591/1532 727/1575/1475 737/1577/1476 763/1594/1533
s 17
f 761/1595/1534 735/1580/1487 734/1574/1488 754/1589/1535
s 15
f 760/1593/1530 753/1588/1531 742/1585/1520 752/1591/1519
s 14
f 762/1592/1536 733/1576/1485 740/1579/1486 767/1596/1537
s 12
f 763/1594/1538 737/1577/1491 741/1581/1492 765/1597/1539
s 17
f 754/1589/1535 749/1590/1521 762/1592/1522 761/1595/1534
s 13
f 764/1598/1540 738/1582/1493 731/1578/1494 760/1593/1541
s 14
f 765/1597/1542 741/1581/1499 735/1580/1500 761/1595/1543
s 12
f 767/1596/1544 740/1579/1497 738/1582/1498 764/1598/1545
s 38
f 704/1003/1437 755/2012/1546 768/2015/1547 713/2007/1438
f 756/2014/1548 705/1006/1440 714/2008/1439 769/2016/1549
s 13
f 760/1593/1541 752/1591/1532 763/1594/1533 764/1598/1540
s off
f 631/2001/1550 690/2005/1551 770/2006/1552 728/2002/1553
f 690/2005/1554 632/2003/1555 729/2004/1556 770/2006/1557
s 1
f 470/243/960 556/245/963 857/250/1558 841/1933/1559
s 15
f 721/993/1455 771/1004/1560 772/1005/1561 722/994/1456
f 436/947/876 724/996/1458 723/995/1457 428/941/866
s 14
f 761/1595/1543 762/1592/1536 767/1596/1537 765/1597/1542
s 12
f 764/1598/1545 763/1594/1538 765/1597/1539 767/1596/1544
s 42
f 771/2017/1562 721/2009/1464 713/2007/1463 768/2015/1563
f 724/2010/1465 436/2018/1564 769/2016/1565 714/2008/1466
s 2
f 747/169/1566 773/171/1567 718/172/1568 647/173/1569
f 773/171/1567 397/161/791 359/151/718 718/172/1568
s 101
f 776/341/1570 774/342/1571 775/350/1572 777/370/1573
s 70
usemtl surfaceShader1SG
f 602/39/1191 461/26/944 635/45/1251 778/56/1574
f 603/40/1192 779/57/1575 636/46/1252 462/27/945
f 722/49/1515 772/58/1576 780/59/1577 750/50/1516
f 428/60/1578 723/52/1518 751/51/1517 781/61/1579
s 34
usemtl blinn1SG
f 728/2011/1523 770/2019/1580 782/2020/1581 755/2012/1524
f 770/2019/1580 729/2013/1525 756/2014/1526 782/2020/1581
s 14
f 783/1599/1582 685/1553/1367 682/1551/1368 784/1600/1583
s 17
f 785/1601/1584 692/1558/1387 685/1553/1388 783/1599/1585
s 102
f 788/338/1586 786/339/1587 787/345/1588 796/353/1589
s 12
f 784/1600/1590 682/1551/1359 683/1552/1360 789/1602/1591
s 20
f 790/1603/1592 698/1562/1405 692/1558/1406 785/1601/1593
s 13
f 789/1602/1594 683/1552/1371 687/1555/1372 791/1604/1595
s 19
f 792/1605/1596 699/1563/1417 698/1562/1418 790/1603/1597
s 70
usemtl surfaceShader1SG
f 479/33/979 758/54/1528 793/62/1598 535/37/1065
f 794/63/1599 759/55/1529 480/34/980 536/38/1066
s 15
usemtl blinn1SG
f 791/1604/1600 687/1555/1393 693/1559/1394 795/1606/1601
s 18
f 795/1606/1602 693/1559/1407 699/1654/1408 792/1653/1603
s 101
f 797/371/1604 777/370/1573 775/350/1572 801/377/1605
s 72
f 798/1735/1606 701/1751/1409 501/1736/1410 594/1734/1607
f 592/1747/1165 798/1735/1606 594/1734/1607 449/1750/1166
s 38
f 782/2020/1608 756/2014/1548 769/2016/1549 799/2021/1609
f 755/2012/1546 782/2020/1608 799/2021/1609 768/2015/1547
s 15
f 771/1004/1560 442/949/885 430/1693/868 772/1005/1561
s 42
f 442/2022/1610 771/2017/1562 768/2015/1563 799/2021/1611
f 799/2021/1611 769/2016/1565 436/2018/1564 442/2022/1610
s 102
f 788/338/1586 796/353/1589 800/367/1612 808/369/1613
s 10
f 773/1766/1614 747/1764/1509 736/1765/1510 802/411/1615
f 397/1756/1365 773/1766/1614 802/411/1615 660/1763/1366
s 4
f 802/1717/1616 736/191/1489 701/1716/1490 798/1718/1617
f 660/188/1311 802/1717/1616 798/1718/1617 592/190/1312
s 70
usemtl surfaceShader1SG
f 430/64/1618 428/60/1578 781/61/1579 803/65/1619
f 772/58/1576 430/64/1618 803/65/1619 780/59/1577
s 103
usemtl blinn1SG
f 804/198/1620 805/199/1621 806/322/1622 807/326/1623
f 489/327/1624 495/334/1625 805/199/1621 804/198/1620
s 70
usemtl surfaceShader1SG
f 744/47/1505 809/66/1626 603/40/1192 516/36/1038
f 745/48/1506 515/35/1037 602/39/1191 810/67/1627
f 750/50/1516 811/68/1628 744/47/1505 626/44/1232
f 812/69/1629 751/51/1517 625/42/1230 745/48/1506
f 635/45/1251 535/117/1065 793/118/1598 813/70/1630
f 636/46/1252 814/71/1631 794/63/1599 536/38/1066
s off
usemtl blinn1SG
f 815/384/1632 804/392/1633 807/402/1634 816/1768/1635
f 490/321/1636 489/201/1637 804/392/1638 815/384/1639
f 818/378/1640 806/391/1641 805/399/1642 819/405/1643
f 819/405/1644 805/399/1645 495/204/1646 497/203/1647
s 70
usemtl surfaceShader1SG
f 757/53/1527 815/72/1648 816/73/1649 758/54/1528
f 759/55/1529 490/74/1650 815/72/1648 757/53/1527
s 1
usemtl blinn1SG
f 822/452/1651 820/453/1652 821/454/1653 825/455/1654
s 103
f 496/337/1655 495/334/1625 489/327/1624 491/340/1656
f 807/326/1623 806/322/1622 823/346/1657 824/352/1658
s 20
f 826/1607/1659 790/1603/1592 785/1601/1593 827/1608/1660
s 17
f 827/1608/1661 785/1601/1584 783/1599/1585 828/1609/1662
s 19
f 829/1610/1663 792/1605/1596 790/1603/1597 826/1607/1664
s 14
f 828/1609/1665 783/1599/1582 784/1600/1583 830/1611/1666
s off
f 831/1934/1667 825/251/1668 821/252/1669 817/247/1670
s 18
f 832/1612/1671 795/1606/1602 792/1653/1603 829/1652/1672
s 12
f 830/1611/1673 784/1600/1590 789/1602/1591 833/1613/1674
s 15
f 834/1614/1675 791/1604/1600 795/1606/1601 832/1612/1676
s 13
f 833/1613/1677 789/1602/1594 791/1604/1595 834/1614/1678
s 105
f 819/202/1679 835/320/1680 836/323/1681 818/331/1682
f 497/332/1683 837/335/1684 835/320/1680 819/202/1679
s 70
usemtl surfaceShader1SG
f 750/50/1516 780/59/1577 838/75/1685 811/68/1628
f 781/61/1579 751/51/1517 812/69/1629 839/76/1686
s 1
usemtl blinn1SG
f 822/452/1651 825/455/1654 840/456/1687 843/457/1688
s 106
f 816/1768/1689 807/402/1690 824/1769/1691 842/1774/1692
s 70
usemtl surfaceShader1SG
f 758/54/1528 816/73/1649 842/77/1693 793/62/1598
f 505/78/1694 490/74/1650 759/55/1529 794/63/1599
s off
usemtl blinn1SG
f 840/253/1695 825/251/1696 831/1934/1697 841/249/1698
s 107
f 844/1767/1699 823/1807/1700 806/391/1701 818/378/1702
s 1
f 821/252/1703 845/254/1704 846/255/1705 817/247/1477
s off
f 523/264/1706 556/265/1707 407/266/1708 355/267/1709
s 103
f 527/366/1710 533/368/1711 496/337/1655 491/340/1656
f 848/1804/1712 824/1805/1658 823/1806/1657 849/385/1713
s 105
f 818/331/1682 836/323/1681 850/343/1714 844/344/1715
f 851/351/1716 837/335/1684 497/332/1683 507/359/1717
s 109
f 835/347/1718 852/348/1719 853/349/1720 836/354/1721
f 837/355/1722 854/356/1723 852/348/1719 835/347/1718
s 70
usemtl surfaceShader1SG
f 780/59/1577 803/65/1619 855/79/1724 838/75/1685
f 803/65/1619 781/61/1579 839/76/1686 855/79/1724
s 1
usemtl blinn1SG
f 817/247/1477 846/255/1705 856/256/1725 847/248/1478
s 70
usemtl surfaceShader1SG
f 778/56/1574 635/45/1251 813/70/1630 858/80/1726
f 779/57/1575 859/81/1727 814/71/1631 636/46/1252
s 106
usemtl blinn1SG
f 860/1775/1728 842/1774/1692 824/1769/1691 848/1776/1729
s 70
usemtl surfaceShader1SG
f 813/70/1630 793/118/1598 842/119/1693 860/82/1730
f 814/71/1631 526/83/1731 505/78/1694 794/63/1599
f 811/68/1628 861/84/1732 809/66/1626 744/47/1505
f 862/85/1733 812/69/1629 745/48/1506 810/67/1627
f 809/66/1626 863/86/1734 779/57/1575 603/40/1192
f 810/67/1627 602/39/1191 778/56/1574 864/87/1735
s 30
usemtl blinn1SG
f 500/1464/1008 865/1615/1736 866/1616/1737 499/1463/1007
s 1
f 868/257/1738 867/258/1739 840/253/1740 841/249/1559
s 107
f 844/1767/1699 869/1808/1741 849/1809/1742 823/1807/1700
s 35
f 499/1683/1014 866/1682/1743 870/1617/1744 502/1466/1013
s 26
f 510/1465/1010 871/1618/1745 865/1615/1746 500/1464/1009
s 20
f 581/1512/1152 826/1607/1659 827/1608/1660 582/1513/1153
s 19
f 587/1651/1158 829/1610/1663 826/1607/1664 581/1512/1159
s 109
f 836/354/1721 853/349/1720 872/357/1747 850/358/1748
f 873/360/1749 854/356/1723 837/355/1722 851/361/1750
s 43
f 502/1466/1026 870/1617/1751 874/1619/1752 509/1473/1025
s 17
f 582/1513/1162 827/1608/1661 828/1609/1662 590/1518/1163
s off
f 847/248/1753 856/256/1754 875/259/1755 881/260/1756
s 25
f 508/1472/1023 876/1620/1757 871/1618/1758 510/1465/1024
s 18
f 595/1522/1176 832/1612/1671 829/1652/1672 587/1517/1177
s off
f 880/725/1759 878/728/1760 879/734/1761 888/735/1762
s 14
f 590/1518/1187 828/1609/1665 830/1611/1666 601/1527/1188
s 105
f 869/1837/1763 844/1773/1715 850/1772/1714 882/372/1764
f 529/379/1765 883/390/1766 851/351/1716 507/359/1717
s 15
f 599/1525/1183 834/1614/1675 832/1612/1676 595/1522/1184
s 1
f 884/261/1767 868/257/1738 841/249/1559 857/1932/1558
s 12
f 601/1527/1209 830/1611/1673 833/1613/1674 614/1531/1210
s 13
f 614/1531/1205 833/1613/1677 834/1614/1678 599/1525/1206
s off
f 881/1056/1768 875/1057/1769 885/1058/1770 895/1059/1771
s 40
f 509/1473/1035 874/1619/1772 886/1621/1773 521/1479/1036
s 27
f 517/1480/1039 887/1622/1774 876/1620/1775 508/1472/1040
s 30
f 865/1615/1736 889/1623/1776 890/1624/1777 866/1616/1737
s off
f 893/731/1778 891/732/1779 892/738/1780 903/741/1781
s 33
f 521/1479/1047 886/1621/1782 887/1622/1783 517/1480/1048
s off
f 894/1060/1784 885/1058/1785 875/1057/1786 902/1061/1787
s 35
f 866/1682/1743 890/1681/1788 896/1625/1789 870/1617/1744
s off
f 857/1932/1790 897/262/1791 898/263/1792 884/261/1793
f 881/1056/1794 895/1059/1795 899/1062/1796 906/1063/1797
s 26
f 871/1618/1745 900/1626/1798 889/1623/1799 865/1615/1746
s off
f 901/1040/1800 898/1041/1801 897/1042/1802 909/1043/1803
s 111
f 888/735/1804 879/734/1805 904/739/1806 905/749/1807
s off
f 895/1072/1808 885/1073/1809 901/1074/1810 909/1075/1811
s 43
f 870/1617/1751 896/1625/1812 907/1627/1813 874/1619/1752
s off
f 898/1041/1814 901/1040/1815 908/1044/1816 928/1045/1817
f 885/1073/1818 894/1076/1819 908/1077/1820 901/1074/1821
f 910/1078/1822 899/1079/1823 895/1072/1824 909/1075/1825
s 109
f 882/362/1826 850/358/1748 872/357/1747 911/363/1827
f 883/364/1828 912/365/1829 873/360/1749 851/361/1750
s 112
f 854/412/1830 913/413/1831 914/414/1832 852/415/1833
f 852/415/1833 914/414/1832 915/416/1834 853/417/1835
s off
f 910/1046/1836 909/1043/1837 897/1042/1838 933/1047/1839
s 111
f 916/750/1840 905/749/1807 904/739/1806 931/755/1841
s 25
f 876/1620/1757 917/1628/1842 900/1626/1843 871/1618/1758
s 70
usemtl surfaceShader1SG
f 811/68/1628 838/75/1685 918/88/1844 861/84/1732
f 839/76/1686 812/69/1629 862/85/1733 919/89/1845
s off
usemtl blinn1SG
f 920/1064/1846 894/1060/1847 902/1061/1848 935/1065/1849
s 1
f 921/458/1850 922/459/1851 923/460/1852 924/461/1853
f 925/462/1854 926/463/1855 922/459/1851 921/458/1850
s 114
f 927/743/1856 893/731/1857 903/741/1858 929/751/1859
s 30
f 889/1623/1776 577/1508/1146 578/1680/1145 890/1624/1777
s off
f 914/464/1860 921/465/1861 924/466/1862 915/468/1863
f 913/470/1864 925/477/1865 921/465/1866 914/464/1867
f 906/1063/1868 899/1062/1869 930/1066/1870 941/1067/1871
f 932/756/1872 916/750/1873 931/755/1874 937/761/1875
s 35
f 890/1681/1788 578/1507/1148 580/1509/1147 896/1625/1789
s 40
f 874/1619/1772 907/1627/1876 934/1629/1877 886/1621/1773
s off
f 936/1068/1878 920/1064/1879 935/1065/1880 944/1069/1881
s 114
f 927/743/1856 929/751/1859 938/752/1882 949/759/1883
s 26
f 900/1626/1798 586/1515/1156 577/1508/1155 889/1623/1799
s 27
f 887/1622/1774 939/1630/1884 917/1628/1885 876/1620/1775
s off
f 941/1067/1886 930/1066/1887 940/1070/1888 951/1071/1889
f 942/1080/1890 940/1081/1891 930/1082/1892 945/1083/1893
f 943/1084/1894 936/1085/1895 940/1081/1896 942/1080/1897
f 940/1070/1898 936/1068/1899 944/1069/1900 951/1071/1901
f 928/1045/1902 908/1044/1903 946/1048/1904 957/1049/1905
s 33
f 886/1621/1782 934/1629/1906 939/1630/1907 887/1622/1783
s 70
usemtl surfaceShader1SG
f 858/80/1726 813/70/1630 860/82/1730 947/90/1908
f 859/81/1727 948/91/1909 526/83/1731 814/71/1631
s off
usemtl blinn1SG
f 949/759/1910 938/752/1911 950/760/1912 952/764/1913
s 43
f 896/1625/1812 580/1509/1180 597/1523/1179 907/1627/1813
s off
f 945/1050/1914 910/1046/1915 933/1047/1916 958/1051/1917
f 531/296/1918 642/298/1919 610/301/1920 498/297/1921
s 103
f 953/393/1922 954/403/1923 533/368/1711 527/366/1710
f 955/1770/1924 848/1804/1712 849/385/1713 956/1789/1925
s off
f 957/1049/1926 946/1048/1927 943/1052/1928 961/1053/1929
f 948/1777/1930 953/1778/1931 527/333/1932 526/328/1933
f 947/1779/1934 860/1775/1935 848/1776/1936 955/1780/1937
s 25
f 917/1628/1842 611/1529/1202 586/1515/1201 900/1626/1843
s off
f 942/1054/1938 945/1050/1939 958/1051/1940 962/1055/1941
s 112
f 853/417/1835 915/416/1834 959/418/1942 872/419/1943
f 960/420/1944 913/413/1831 854/412/1830 873/421/1945
s off
f 961/1053/1946 943/1052/1947 942/1054/1948 962/1055/1949
s 40
f 907/1627/1876 597/1523/1220 619/1535/1219 934/1629/1877
s off
f 529/330/1950 533/336/1951 954/1810/1952 963/1811/1953
f 869/1808/1954 964/1812/1955 956/1813/1956 849/1809/1957
s 27
f 939/1630/1884 630/1538/1238 611/1529/1237 917/1628/1885
s 115
f 642/298/1958 641/299/1959 608/300/1960 610/301/1961
s off
f 915/468/1962 924/466/1963 965/479/1964 959/490/1965
f 966/492/1966 925/477/1967 913/470/1968 960/510/1969
s 1
f 924/461/1853 923/460/1852 967/467/1970 965/469/1971
f 968/1857/1972 926/463/1855 925/462/1854 966/472/1973
s 33
f 934/1629/1906 619/1535/1254 630/1538/1253 939/1630/1907
s 1
f 926/463/1855 667/447/1332 969/473/1974 922/459/1851
f 922/459/1851 969/473/1974 970/474/1975 923/460/1852
s 70
usemtl surfaceShader1SG
f 861/84/1732 971/92/1976 863/86/1734 809/66/1626
f 972/93/1977 862/85/1733 810/67/1627 864/87/1735
s 105
usemtl blinn1SG
f 964/398/1978 869/1837/1763 882/372/1764 973/404/1979
f 963/1771/1980 974/1822/1981 883/390/1766 529/379/1765
s 70
usemtl surfaceShader1SG
f 838/75/1685 855/79/1724 975/94/1982 918/88/1844
f 855/79/1724 839/76/1686 919/89/1845 975/94/1982
s 115
usemtl blinn1SG
f 650/302/1983 627/303/1984 608/300/1960 641/299/1959
s 112
f 911/443/1985 872/444/1943 959/445/1942 976/422/1986
f 912/423/1987 977/424/1988 960/420/1944 873/421/1945
s 1
f 969/473/1974 978/475/1989 979/476/1990 970/474/1975
f 667/447/1332 637/446/1293 978/475/1989 969/473/1974
s 116
f 662/304/1991 640/305/1992 627/303/1993 650/302/1994
s off
f 609/1089/1995 628/1092/1996 651/1095/1997 643/1090/1998
s 109
f 973/373/1999 882/362/1826 911/363/1827 980/374/2000
f 974/375/2001 981/376/2002 912/365/1829 883/364/1828
s 70
usemtl surfaceShader1SG
f 863/86/1734 982/95/2003 859/81/1727 779/57/1575
f 864/87/1735 778/56/1574 858/80/1726 983/96/2004
s off
usemtl blinn1SG
f 976/512/2005 959/490/2006 965/479/2007 984/520/2008
f 977/523/2009 985/529/2010 966/492/2011 960/510/2012
s 1
f 923/460/1852 970/474/1975 986/478/2013 967/467/1970
f 668/448/1333 667/447/1332 926/463/1855 968/1857/1972
f 984/1854/2014 965/469/1971 967/467/1970 987/480/2015
f 985/481/2016 988/482/2017 968/471/1972 966/1859/1973
s 116
f 662/304/1991 688/306/2018 656/307/2019 640/305/1992
s 1
f 970/474/1975 979/476/1990 989/483/2020 986/478/2013
s off
f 678/1102/2021 709/1103/2022 665/1099/2023 661/1098/2024
s 70
usemtl surfaceShader1SG
f 861/84/1732 918/88/1844 990/97/2025 971/92/1976
f 919/89/1845 862/85/1733 972/93/1977 991/98/2026
s off
usemtl blinn1SG
f 680/1101/2027 681/1100/2028 709/1103/2029 678/1102/2030
s 1
f 978/475/1989 992/484/2031 993/485/2032 979/476/1990
f 637/446/1293 712/486/1294 992/484/2031 978/475/1989
s 116
f 656/307/2019 688/306/2018 710/308/2033 679/309/2034
s 1
f 987/480/2015 967/467/1970 986/478/2013 994/487/2035
f 988/482/2017 725/451/1442 668/1858/1333 968/471/1972
s 112
f 980/425/2036 911/443/1985 976/422/1986 995/426/2037
f 981/427/2038 996/428/2039 977/424/1988 912/423/1987
s 117
f 679/309/2040 710/308/2041 711/310/2042 689/311/2043
f 623/312/2044 689/311/2043 711/310/2042 653/313/2045
s 70
usemtl surfaceShader1SG
f 982/95/2003 997/99/2046 948/91/1909 859/81/1727
f 983/96/2004 858/80/1726 947/90/1908 776/100/2047
s 1
usemtl blinn1SG
f 994/487/2035 986/478/2013 989/483/2020 998/488/2048
s off
f 617/314/2049 623/312/2050 653/313/2051 677/315/2052
s 1
f 979/476/1990 993/485/2032 999/489/2053 989/483/2020
s off
f 776/341/2054 947/1779/2055 955/1780/2056 774/342/2057
f 997/1781/2058 1000/1782/2059 953/1778/2060 948/1777/2061
s 70
usemtl surfaceShader1SG
f 918/88/1844 975/94/1982 1001/101/2062 990/97/2025
f 975/94/1982 919/89/1845 991/98/2026 1001/101/2062
s off
usemtl blinn1SG
f 654/316/2063 617/314/2064 677/315/2065 730/317/2066
f 995/531/2067 976/512/2068 984/520/2069 1002/539/2070
f 996/1838/2071 1003/1839/2072 985/529/2073 977/523/2074
s 70
usemtl surfaceShader1SG
f 971/92/1976 1004/102/2075 982/95/2003 863/86/1734
f 1005/103/2076 972/93/1977 864/87/1735 983/96/2004
s 103
usemtl blinn1SG
f 774/1790/2077 955/1770/1924 956/1789/1925 786/1791/2078
f 1000/1792/2079 1006/1793/2080 954/403/1923 953/393/1922
s off
f 964/1812/2081 787/345/2082 786/339/2083 956/1813/2084
f 963/1811/2085 954/1810/2086 1006/1814/2087 1007/1815/2088
s 1
f 1002/491/2089 984/1854/2014 987/480/2015 1008/493/2090
f 1003/494/2091 1009/495/2092 988/482/2017 985/481/2016
s 105
f 1007/1823/2093 1010/1824/2094 974/1822/1981 963/1771/1980
f 787/1825/2095 964/398/1978 973/404/1979 1011/1826/2096
s 109
f 1010/380/2097 1012/381/2098 981/376/2002 974/375/2001
f 1011/382/2099 973/373/1999 980/374/2000 1013/383/2100
s 118
f 992/484/2101 1014/496/2102 1015/497/2103 993/485/2104
f 712/486/2105 1016/1856/2106 1014/496/2102 992/484/2101
s 1
f 998/488/2048 989/483/2020 999/489/2053 1017/499/2107
s off
f 712/318/2108 654/316/2109 730/317/2110 766/319/2111
s 1
f 1008/493/2090 987/480/2015 994/487/2035 1018/500/2112
f 1009/495/2092 1019/501/2113 725/451/1442 988/482/2017
s 119
f 1016/553/2114 1020/554/2115 1021/555/2116 1014/556/2117
f 1014/556/2117 1021/555/2116 1022/557/2118 1015/558/2119
s 118
f 993/485/2104 1015/497/2103 1023/502/2120 999/489/2121
s 70
usemtl surfaceShader1SG
f 1004/102/2075 1024/104/2122 997/99/2046 982/95/2003
f 777/105/2123 1005/103/2076 983/96/2004 776/100/2047
s 1
usemtl blinn1SG
f 1019/501/2113 1025/503/2124 697/450/1473 725/451/1442
f 1018/500/2112 994/487/2035 998/488/2048 1026/504/2125
s 70
usemtl surfaceShader1SG
f 971/92/1976 990/97/2025 1027/106/2126 1004/102/2075
f 991/98/2026 972/93/1977 1005/103/2076 1028/107/2127
s 112
usemtl blinn1SG
f 1012/429/2128 1029/430/2129 996/428/2039 981/427/2038
f 1013/431/2130 980/425/2036 995/426/2037 1030/432/2131
s 120
f 1031/608/2132 1032/609/2133 1033/610/2134 1034/611/2135
f 1035/612/2136 1036/613/2137 1032/609/2133 1031/608/2138
s 122
f 1020/554/2139 1037/559/2140 1038/560/2141 1021/555/2142
f 1021/555/2142 1038/560/2141 1039/561/2143 1022/557/2144
s 118
f 766/505/2145 1040/506/2146 1016/498/2106 712/1855/2105
s 119
f 1015/558/2119 1022/557/2118 1041/562/2147 1023/563/2148
s 123
f 1024/1783/2149 1042/1784/2150 1000/1782/2151 997/1781/2152
s off
f 857/268/2153 556/265/2154 523/264/2155 847/269/2156
s 118
f 1017/499/2157 999/489/2121 1023/502/2120 1043/507/2158
s 109
f 1044/386/2159 1045/387/2160 1012/381/2098 1010/380/2097
f 1046/388/2161 1047/389/2162 1011/382/2099 1013/383/2100
s 119
f 1040/564/2163 1048/565/2164 1020/554/2115 1016/553/2114
s 122
f 1022/557/2144 1039/561/2143 1049/566/2165 1041/562/2166
s 105
f 1050/1827/2167 1044/1828/2168 1010/1824/2094 1007/1823/2093
f 1047/1829/2169 796/1830/2170 787/1825/2095 1011/1826/2096
s 70
usemtl surfaceShader1SG
f 1004/102/2075 1027/106/2126 1051/108/2171 1024/104/2122
f 1028/107/2127 1005/103/2076 777/105/2123 797/109/2172
s off
usemtl blinn1SG
f 1052/614/2173 1031/615/2174 1034/616/2175 1053/621/2176
f 1054/627/2177 1035/628/2178 1031/615/2179 1052/614/2180
s 70
usemtl surfaceShader1SG
f 990/97/2025 1001/101/2062 1055/110/2181 1027/106/2126
f 1001/101/2062 991/98/2026 1028/107/2127 1055/110/2181
s 1
usemtl blinn1SG
f 1026/504/2125 998/488/2048 1017/499/2107 1056/508/2182
f 1025/503/2124 1057/509/2183 766/505/1474 697/450/1473
s 124
f 1007/1815/2184 1006/1814/2185 1058/1816/2186 1050/1817/2187
s 120
f 1034/611/2188 1033/610/2134 1059/617/2189 1060/618/2190
s 103
f 788/1794/2191 775/1795/2192 774/1790/2077 786/1791/2078
f 1042/1796/2193 1058/1797/2194 1006/1793/2080 1000/1792/2079
s 119
f 1043/1861/2195 1023/1862/2148 1041/1863/2147 1061/567/2196
s 122
f 1048/565/2197 1062/568/2198 1037/559/2140 1020/554/2139
f 1038/560/2141 1052/569/2199 1053/570/2200 1039/561/2143
f 1037/559/2140 1054/571/2201 1052/569/2199 1038/560/2141
s off
f 1029/1840/2202 1063/1841/2203 1003/1839/2204 996/1838/2205
f 1030/1842/2206 995/531/2207 1002/539/2208 1064/1843/2209
s 112
f 1045/433/2210 1065/434/2211 1029/430/2129 1012/429/2128
f 1066/435/2212 1046/436/2213 1013/431/2130 1030/432/2131
s 120
f 1067/619/2214 1068/620/2215 1036/613/2137 1035/612/2216
s 123
f 1024/1783/2149 1051/1785/2217 1069/1786/2218 1042/1784/2150
s 122
f 1061/567/2219 1041/1863/2166 1049/1864/2165 1070/572/2220
s 109
f 1044/386/2159 1071/394/2221 1072/395/2222 1045/387/2160
f 1073/396/2223 1047/389/2162 1046/388/2161 1074/397/2224
s off
f 1053/621/2225 1034/616/2226 1060/639/2227 1075/640/2228
s 1
f 1063/511/2229 1076/513/2230 1009/495/2092 1003/494/2091
f 1064/514/2231 1002/491/2089 1008/493/2090 1077/515/2232
s 70
usemtl surfaceShader1SG
f 1027/106/2126 1055/110/2181 1078/111/2233 1051/108/2171
f 1055/110/2181 1028/107/2127 797/109/2172 1078/111/2233
s 105
usemtl blinn1SG
f 1050/1827/2167 1079/1831/2234 1071/1832/2235 1044/1828/2168
f 800/1833/2236 796/1830/2170 1047/1829/2169 1073/1834/2237
s 122
f 1039/561/2143 1053/570/2200 1075/573/2238 1049/566/2165
s 120
f 1032/609/2133 1080/622/2239 1081/623/2240 1033/610/2134
f 1036/613/2137 1082/624/2241 1080/622/2239 1032/609/2133
f 1083/625/2242 1060/618/2190 1059/617/2189 1084/626/2243
s off
f 1085/656/2244 1067/658/2245 1035/628/2246 1054/627/2247
s 124
f 1079/1818/2248 1050/1817/2187 1058/1816/2186 1086/1819/2249
s 1
f 1076/513/2230 1087/516/2250 1019/501/2113 1009/495/2092
f 1077/515/2232 1008/493/2090 1018/500/2112 820/453/1652
s 118
f 1056/508/2251 1017/499/2157 1043/507/2158 1088/517/2252
f 1057/509/2253 1089/518/2254 1040/506/2146 766/505/2145
s 122
f 1062/568/2198 1085/574/2255 1054/571/2201 1037/559/2140
s 112
f 1045/433/2210 1072/437/2256 1090/438/2257 1065/434/2211
f 1074/439/2258 1046/436/2213 1066/435/2212 1091/440/2259
s 103
f 801/1798/2260 775/1795/2192 788/1794/2191 808/1799/2261
f 1042/1796/2193 1069/1800/2262 1086/1801/2263 1058/1797/2194
s 109
f 1071/394/2221 1092/400/2264 1093/401/2265 1072/395/2222
f 1092/400/2264 1073/396/2223 1074/397/2224 1093/401/2265
s 1
f 820/453/1652 1018/500/2112 1026/504/2125 821/454/1703
f 1087/516/2250 1094/519/2266 1025/503/2124 1019/501/2113
s off
f 1051/1785/2267 1078/1787/2268 1095/1788/2269 1069/1786/2270
f 1078/1787/2271 797/371/2272 801/377/2273 1095/1788/2274
s 122
f 1070/572/2220 1049/1864/2165 1075/1865/2238 1096/575/2275
s off
f 1096/670/2276 1075/640/2277 1060/639/2278 1083/679/2279
s 120
f 1033/610/2134 1081/623/2240 1097/629/2280 1059/617/2189
s 119
f 1089/576/2281 1098/577/2282 1048/565/2164 1040/564/2163
f 1088/578/2283 1043/1861/2195 1061/567/2196 1099/579/2284
s 105
f 1079/1831/2234 1100/1835/2285 1092/1836/2286 1071/1832/2235
f 1100/1835/2285 800/1833/2236 1073/1834/2237 1092/1836/2286
s 122
f 1098/577/2287 1101/580/2288 1062/568/2198 1048/565/2197
f 1099/579/2289 1061/567/2219 1070/572/2220 1102/581/2290
s 120
f 1068/620/2215 1103/630/2291 1082/624/2241 1036/613/2137
s 112
f 1093/441/2292 1074/439/2258 1091/440/2259 1104/442/2293
f 1072/437/2256 1093/441/2292 1104/442/2293 1090/438/2257
s off
f 1100/1820/2294 1079/1818/2295 1086/1819/2296 1105/1821/2297
f 800/367/2298 1100/1820/2299 1105/1821/2300 808/369/2301
f 1065/1844/2302 1106/1845/2303 1063/1841/2304 1029/1840/2305
f 1107/1846/2306 1066/1847/2307 1030/1842/2308 1064/1843/2309
s 120
f 1084/626/2243 1059/617/2189 1097/629/2280 1108/631/2310
s 103
f 1069/1800/2262 1095/1802/2311 1105/1803/2312 1086/1801/2263
f 1095/1802/2311 801/1798/2260 808/1799/2261 1105/1803/2312
s 1
f 821/454/1703 1026/504/2125 1056/508/2182 845/521/1704
f 1094/519/2266 1109/522/2313 1057/509/2183 1025/503/2124
f 1106/524/2314 1110/525/2315 1076/513/2230 1063/511/2229
f 1111/526/2316 1107/527/2317 1064/514/2231 1077/515/2232
s 120
f 1082/632/2241 1112/641/2318 1113/643/2319 1080/645/2239
f 1080/645/2239 1113/643/2319 1114/646/2320 1081/653/2240
s 122
f 1101/580/2288 1115/582/2321 1085/574/2255 1062/568/2198
f 1102/581/2290 1070/572/2220 1096/575/2275 1116/583/2322
s 1
f 1110/525/2315 1117/528/2323 1087/516/2250 1076/513/2230
f 822/452/1651 1111/526/2316 1077/515/2232 820/453/1652
s 120
f 1118/635/2324 1119/636/2325 1068/620/2215 1067/619/2326
f 1120/637/2327 1083/625/2328 1084/626/2243 1121/638/2329
s off
f 1065/1844/2330 1090/1848/2331 1122/1849/2332 1106/1845/2333
f 1091/1850/2334 1066/1847/2335 1107/1846/2336 1123/1851/2337
s 1
f 1117/528/2323 1124/530/2338 1094/519/2266 1087/516/2250
s off
f 1115/685/2339 1118/689/2340 1067/658/2341 1085/656/2342
f 1116/1866/2343 1096/670/2344 1083/679/2345 1120/1867/2346
s 120
f 1081/653/2240 1114/646/2320 1125/666/2347 1097/668/2280
s 118
f 1109/522/2348 1126/532/2349 1089/518/2254 1057/509/2253
f 845/521/2350 1056/508/2251 1088/517/2252 1127/533/2351
s 120
f 1103/1880/2291 1128/1881/2352 1112/641/2318 1082/632/2241
s 119
f 1126/584/2353 1129/585/2354 1098/577/2282 1089/576/2281
f 1127/586/2355 1088/578/2283 1099/579/2284 1130/587/2356
s off
f 1112/633/2357 1131/650/2358 1132/651/2359 1113/634/2360
f 1113/634/2361 1132/651/2362 1133/652/2363 1114/642/2364
s 1
f 1106/524/2314 1122/534/2365 1134/535/2366 1110/525/2315
f 1123/536/2367 1107/527/2317 1111/526/2316 1135/537/2368
s 120
f 1108/1924/2310 1097/1925/2280 1125/1926/2347 1136/1890/2369
s 1
f 1110/525/2315 1134/535/2366 1137/538/2370 1117/528/2323
f 1135/537/2368 1111/526/2316 822/452/1651 843/457/1688
s 120
f 1119/636/2325 1138/647/2371 1103/630/2291 1068/620/2215
f 1121/638/2329 1084/626/2243 1108/631/2310 1139/648/2372
s off
f 1090/1848/2373 1104/1852/2374 1140/1853/2375 1122/1849/2376
f 1104/1852/2377 1091/1850/2378 1123/1851/2379 1140/1853/2380
s 122
f 1129/585/2381 1141/588/2382 1101/580/2288 1098/577/2287
f 1130/587/2383 1099/579/2289 1102/581/2290 1142/589/2384
s 127
f 1114/642/2385 1133/652/2386 1143/655/2387 1125/644/2388
s 1
f 1117/528/2323 1137/538/2370 1144/540/2389 1124/530/2338
f 1124/530/2338 1145/541/2390 1109/522/2313 1094/519/2266
s off
f 1112/633/2391 1128/649/2392 1146/664/2393 1131/650/2394
s 127
f 1136/654/2395 1125/644/2388 1143/655/2387 1147/665/2396
s 1
f 1122/534/2365 1140/542/2397 1148/543/2398 1134/535/2366
f 1140/542/2397 1123/536/2367 1135/537/2368 1148/543/2398
s 128
f 1131/692/2399 1149/695/2400 1150/697/2401 1132/699/2402
f 1132/699/2402 1150/697/2401 1151/700/2403 1133/703/2404
s 1
f 1148/543/2398 1135/537/2368 843/457/1688 1152/544/2405
f 1134/535/2366 1148/543/2398 1152/544/2405 1137/538/2370
s 122
f 1141/588/2382 1153/590/2406 1115/582/2321 1101/580/2288
f 1142/589/2384 1102/581/2290 1116/583/2322 1154/591/2407
s 120
f 1138/1891/2371 1155/1909/2408 1128/1881/2409 1103/1880/2291
f 1139/1910/2372 1108/1924/2310 1136/1890/2369 1156/1911/2410
s 128
f 1133/703/2404 1151/700/2403 1157/707/2411 1143/709/2412
s 1
f 1137/538/2370 1152/544/2405 1158/545/2413 1144/540/2389
f 1152/544/2405 843/457/1688 840/456/1740 1158/545/2413
s 118
f 1145/541/2414 1159/546/2415 1126/532/2349 1109/522/2348
s 128
f 1146/713/2416 1160/714/2417 1149/695/2400 1131/692/2399
s 1
f 1124/530/2338 1144/540/2389 1161/547/2418 1145/541/2390
s 119
f 1159/592/2419 1162/593/2420 1129/585/2354 1126/584/2353
s 129
f 1151/696/2421 1150/694/2422 1149/693/2423 1163/702/2424
s 128
f 1147/1906/2425 1143/1907/2412 1157/1908/2411 1164/718/2426
s off
f 1155/667/2427 1165/672/2428 1146/664/2429 1128/649/2430
f 1156/669/2431 1136/654/2432 1147/665/2433 1166/673/2434
s 122
f 1162/593/2435 1167/594/2436 1141/588/2382 1129/585/2381
s 118
f 867/548/2437 845/521/2350 1127/533/2351 1168/549/2438
s 119
f 1168/595/2439 1127/586/2355 1130/587/2356 1169/596/2440
s 129
f 1157/698/2441 1151/696/2421 1163/702/2424 1170/705/2442
f 1149/693/2423 1160/701/2443 1171/706/2444 1163/702/2424
s off
f 1153/1868/2445 1172/1869/2446 1118/689/2447 1115/685/2448
f 1154/1870/2449 1116/1866/2450 1120/1867/2451 1173/1871/2452
s 128
f 1165/721/2453 1174/723/2454 1160/714/2417 1146/713/2416
f 1166/1892/2455 1147/1906/2425 1164/718/2426 1175/1893/2456
s 122
f 1169/596/2457 1130/587/2383 1142/589/2384 1176/597/2458
s off
f 1171/745/2459 1177/746/2460 1178/747/2461 1163/748/2462
f 1178/762/2463 1179/763/2464 1180/776/2465 1163/777/2466
s 118
f 1145/541/2414 1161/547/2467 1181/550/2468 1159/546/2415
s 119
f 1182/598/2469 1162/593/2420 1159/592/2419 1181/599/2470
s 1
f 1144/540/2389 1158/545/2413 1183/551/2471 1161/547/2418
f 1158/545/2413 840/456/1740 867/548/1739 1183/551/2471
s 120
f 1172/657/2472 1184/660/2473 1119/636/2325 1118/635/2474
f 1173/659/2475 1120/637/2476 1121/638/2329 1185/661/2477
s 129
f 1157/698/2441 1170/705/2442 1186/711/2478 1164/704/2479
s 122
f 1167/594/2436 1187/600/2480 1153/590/2406 1141/588/2382
s 120
f 1184/660/2473 1188/662/2481 1138/647/2371 1119/636/2325
f 1185/661/2477 1121/638/2329 1139/648/2372 1189/663/2482
s off
f 845/270/2483 867/271/2484 868/272/2485 846/273/2486
s 122
f 1162/593/2435 1182/598/2487 1190/601/2488 1167/594/2436
s off
f 878/728/2489 880/725/2490 1179/763/2491 1178/762/2492
f 1177/746/2493 891/730/2494 878/726/2495 1178/747/2496
s 129
f 1160/701/2443 1174/708/2497 1191/712/2498 1171/706/2444
s off
f 1192/675/2499 1193/676/2500 1165/672/2501 1155/667/2502
f 1194/681/2503 1156/669/2504 1166/673/2505 1195/682/2506
s 120
f 1188/1912/2481 1192/1913/2507 1155/1909/2408 1138/1891/2371
f 1189/1914/2482 1139/1910/2372 1156/1911/2410 1194/1915/2508
s off
f 1171/765/2509 1196/766/2510 1197/767/2511 1177/768/2512
f 1197/1631/2513 1196/1632/2514 1180/1633/2515 1179/1634/2516
s 122
f 1176/597/2458 1142/589/2384 1154/591/2407 1198/602/2517
s 128
f 1193/1894/2518 1191/1895/2519 1174/723/2454 1165/721/2453
f 1195/1896/2520 1166/1892/2455 1175/1893/2456 1199/1897/2521
s 129
f 1164/704/2479 1186/711/2478 1199/715/2522 1175/710/2523
s 119
f 1200/603/2524 1168/595/2439 1169/596/2440 1201/604/2525
f 1181/599/2470 1200/603/2524 1201/604/2525 1182/598/2469
s 130
f 1180/1633/2526 1196/1632/2527 1202/1635/2528 1203/205/2529
s 118
f 1161/547/2467 1183/551/2530 1200/552/2531 1181/550/2468
f 1183/551/2530 867/548/2437 1168/549/2438 1200/552/2531
s off
f 880/1637/2532 892/1638/2533 1197/1631/2534 1179/1634/2535
s 122
f 1167/594/2436 1190/601/2488 1204/605/2536 1187/600/2480
f 1201/604/2537 1169/596/2457 1176/597/2458 1205/606/2538
f 1182/598/2487 1201/604/2537 1205/606/2538 1190/601/2488
s off
f 1177/768/2539 1197/767/2540 892/738/2541 891/732/2542
s 129
f 1171/706/2444 1191/712/2498 1206/716/2543 1207/717/2544
s 130
f 1208/1639/2545 1203/1636/2529 1202/206/2528 1209/1640/2546
s off
f 846/273/2547 868/272/2548 884/274/2549 856/275/2550
s 128
f 1210/1898/2551 1206/1899/2552 1191/1895/2519 1193/1894/2518
s 131
f 1211/1882/2553 1210/1883/2554 1193/676/2555 1192/675/2556
s 128
f 1212/1900/2557 1195/1896/2520 1199/1897/2521 1213/1901/2558
s off
f 1213/719/2559 1199/715/2560 1186/711/2561 1214/720/2562
f 1187/1872/2563 1215/1873/2564 1172/1869/2565 1153/1868/2566
f 856/275/2567 884/274/2568 898/276/2569 875/277/2570
s 128
f 1210/1898/2551 1216/1902/2571 1217/1903/2572 1206/1899/2552
s 129
f 1214/720/2573 1207/717/2544 1206/716/2543 1217/722/2574
s off
f 1218/1884/2575 1194/681/2576 1195/682/2577 1212/1885/2578
f 1219/778/2579 1186/779/2580 1208/780/2581 1220/781/2582
s 122
f 1190/601/2488 1205/606/2538 1221/607/2583 1204/605/2536
f 1205/606/2538 1176/597/2458 1198/602/2517 1221/607/2583
s 120
f 1222/1916/2584 1211/1917/2585 1192/1913/2507 1188/1912/2481
s off
f 891/730/2586 893/729/2587 879/727/2588 878/726/2589
f 857/268/2590 847/269/2591 881/278/2592 897/279/2593
s 131
f 1211/1882/2553 1223/1886/2594 1216/1887/2595 1210/1883/2554
s 128
f 1224/1904/2596 1212/1900/2557 1213/1901/2558 1225/1905/2597
f 1216/1902/2571 1224/1904/2596 1225/1905/2597 1217/1903/2572
s off
f 1226/1641/2598 1220/1642/2599 1208/1639/2600 1209/1640/2601
f 880/1637/2602 888/1643/2603 903/1644/2604 892/1638/2605
s 120
f 1227/677/2606 1222/674/2584 1188/662/2481 1184/660/2473
f 1228/1918/2607 1189/1914/2482 1194/1915/2508 1218/1919/2608
s off
f 1214/757/2609 1186/754/2610 1219/753/2611 1229/758/2612
s 129
f 1213/719/2613 1214/720/2573 1217/722/2574 1225/724/2614
s off
f 1198/1874/2615 1154/1870/2616 1173/1871/2617 1230/1875/2618
f 1231/1888/2619 1218/1884/2620 1212/1885/2621 1224/1889/2622
f 1223/1886/2623 1231/1888/2624 1224/1889/2625 1216/1887/2626
f 1214/769/2627 1229/770/2628 1226/771/2629 1209/772/2630
s 120
f 1222/1916/2584 1232/1920/2631 1223/1921/2632 1211/1917/2585
f 1215/671/2633 1227/677/2606 1184/660/2473 1172/657/2634
f 1233/684/2635 1185/661/2477 1189/663/2482 1228/678/2607
s off
f 1187/1872/2636 1204/1876/2637 1234/1877/2638 1215/1873/2639
s 132
f 875/277/2640 898/276/2641 928/280/2642 902/281/2643
s 133
f 905/1645/2644 929/1646/2645 903/1644/2646 888/1643/2647
s off
f 937/761/2648 1219/778/2649 1220/781/2650 932/756/2651
s 120
f 1235/1922/2652 1228/1918/2607 1218/1919/2608 1231/1923/2653
f 1232/1920/2631 1235/1922/2652 1231/1923/2653 1223/1921/2632
f 1227/677/2606 1236/688/2654 1232/683/2631 1222/674/2584
f 1230/680/2655 1173/659/2656 1185/661/2477 1233/684/2635
s off
f 932/1647/2657 1220/1642/2658 1226/1641/2659 950/1648/2660
s 134
f 897/279/2661 881/278/2662 906/282/2663 933/283/2664
s 135
f 879/727/2665 893/729/2666 927/737/2667 904/733/2668
s 133
f 905/1645/2644 916/1649/2669 938/1650/2670 929/1646/2645
s off
f 894/1076/2671 920/1086/2672 946/1087/2673 908/1077/2674
f 899/1079/2675 910/1078/2676 945/1083/2677 930/1082/2678
f 1229/758/2679 1219/753/2680 937/740/2681 952/744/2682
f 932/1647/2683 950/1648/2684 938/1650/2685 916/1649/2686
f 1204/1876/2687 1221/1878/2688 1237/1879/2689 1234/1877/2690
f 1221/1878/2691 1198/1874/2692 1230/1875/2693 1237/1879/2694
f 1229/770/2695 952/764/2696 950/760/2697 1226/771/2698
s 120
f 1215/671/2633 1234/686/2699 1236/688/2654 1227/677/2606
s off
f 920/1086/2700 936/1085/2701 943/1084/2702 946/1087/2703
s 135
f 931/736/2704 904/733/2668 927/737/2667 949/742/2705
s 120
f 1236/688/2654 1238/691/2706 1235/687/2652 1232/683/2631
f 1238/691/2706 1233/684/2635 1228/678/2607 1235/687/2652
s off
f 952/744/2707 937/740/2708 931/736/2709 949/742/2710
s 132
f 935/284/2711 902/281/2643 928/280/2642 957/285/2712
s 134
f 958/286/2713 933/283/2664 906/282/2663 941/287/2714
s 136
f 944/288/2715 935/284/2716 957/285/2717 961/289/2718
f 962/290/2719 951/291/2720 944/288/2715 961/289/2718
f 962/290/2719 958/286/2721 941/287/2722 951/291/2720
s 120
f 1234/686/2723 1237/690/2724 1238/691/2706 1236/688/2654
f 1237/690/2725 1230/680/2726 1233/684/2635 1238/691/2706
s 137
f 1163/777/2727 1180/776/2728 1203/782/2729 1239/783/2730 1170/784/2731
f 1186/779/2732 1170/784/2731 1239/783/2730 1203/782/2729 1208/780/2733
s 138
f 1207/773/2734 1240/774/2735 1202/775/2736 1196/766/2737 1171/765/2738
f 1207/773/2734 1214/769/2739 1209/772/2740 1202/775/2736 1240/774/2735
s 2
f 593/174/2741 877/175/2742 576/176/2743 401/165/882
f 593/174/2741 747/169/1566 671/178/2744 670/179/2745 877/175/2742
f 1241/181/2746 40/183/2747 33/139/41 32/134/40
f 1/125/14 10/124/13 1242/194/2748 2/195/2749
s 21
f 1243/815/2750 76/797/133 30/794/136 29/793/2751
f 75/796/130 1244/816/2752 27/791/2753 26/790/131
s 72
f 14/1733/2754 13/167/565 97/1719/568 1245/1737/2755
f 16/1732/2756 1246/1731/2757 96/152/562 17/138/561
s 7
f 24/788/32 23/787/31 27/791/35 1247/817/2758
s 2
f 5/122/7 4/121/6 2/195/2749 1242/194/2748
s 10
f 32/1758/2759 31/1757/57 11/1754/60 1248/1753/2760
s 21
f 1245/818/2761 97/802/2762 76/797/133 1243/815/2750
f 96/801/2763 1246/819/2764 1244/816/2752 75/796/130
s 2
f 1242/194/2748 10/124/13 37/196/2765 1249/197/2766
f 1249/197/2766 37/196/2765 40/183/2747 1241/181/2746
s 7
f 29/793/37 21/785/29 24/788/32 1250/820/2767 1251/821/2768
s 10
f 1242/408/2769 1252/407/2770 15/158/62 5/154/61
s 7
f 1250/820/2767 24/788/32 1247/817/2758 1253/822/2771
s 21
f 1254/823/2772 1243/815/2750 29/793/2751 1251/821/2773
s 4
f 1248/1720/2774 11/128/17 14/135/20 1255/1739/2775
s 21
f 1244/816/2752 1256/824/2776 1247/817/2777 27/791/2753
s 10
f 32/410/2759 1248/409/2760 1257/1762/2778 1241/1761/2779
s 21
f 1258/825/2780 1254/823/2772 1251/821/2773 1250/820/2781
s 4
f 1252/1740/2782 1259/1741/2783 16/137/22 15/136/21
s 21
f 1256/824/2776 1260/826/2784 1253/822/2785 1247/817/2777
f 1260/826/2784 1258/825/2780 1250/820/2781 1253/822/2785
s 10
f 1249/1760/2786 1261/1759/2787 1252/407/2770 1242/408/2769
f 1241/1761/2779 1257/1762/2778 1261/1759/2787 1249/1760/2786
s 21
f 1262/827/2788 1245/818/2789 1243/815/2750 1254/823/2772
s 4
f 1248/1720/2774 1255/1739/2775 1263/1742/2790 1257/1743/2791
s 72
f 1255/1722/2792 14/1733/2754 1245/1737/2755 1262/1738/2793
s 21
f 1246/819/2794 1264/828/2795 1256/824/2776 1244/816/2752
s 72
f 1259/1728/2796 1264/1727/2797 1246/1731/2757 16/1732/2756
s 4
f 1261/1744/2798 1265/1745/2799 1259/1741/2783 1252/1740/2782
f 1257/1743/2791 1263/1742/2790 1265/1745/2799 1261/1744/2798
s 21
f 1266/829/2800 1262/827/2801 1254/823/2772 1258/825/2780
s 72
f 1255/1730/2792 1262/1729/2793 1266/1726/2802 1263/1725/2803
s 21
f 1264/828/2804 1267/830/2805 1260/826/2784 1256/824/2776
f 1267/830/2806 1266/829/2807 1258/825/2780 1260/826/2784
s 72
f 1265/1724/2808 1267/1723/2809 1264/1727/2797 1259/1728/2796
f 1263/1725/2803 1266/1726/2802 1267/1723/2809 1265/1724/2808
s 140
f 1268/1104/2810 1269/1105/2811 1281/1106/2812 1280/1107/2813
f 1269/1105/2811 1270/1108/2814 1282/1109/2815 1281/1106/2812
f 1270/1108/2814 1271/1110/2816 1283/1111/2817 1282/1109/2815
f 1271/1110/2816 1272/1112/2818 1284/1113/2819 1283/1111/2817
f 1272/1112/2818 1273/1114/2820 1285/1115/2821 1284/1113/2819
f 1273/1114/2820 1274/1116/2822 1286/1117/2823 1285/1115/2821
f 1274/1116/2822 1275/1118/2824 1287/1119/2825 1286/1117/2823
f 1275/1118/2824 1276/1120/2826 1288/1121/2827 1287/1119/2825
f 1276/1120/2826 1277/1122/2828 1289/1123/2829 1288/1121/2827
f 1277/1122/2828 1278/1124/2830 1290/1125/2831 1289/1123/2829
f 1278/1124/2830 1279/1126/2832 1291/1127/2833 1290/1125/2831
f 1279/1126/2832 1268/1104/2810 1280/1107/2813 1291/1127/2833
s 141
f 1269/1105/2834 1268/1104/2835 1292/1128/2836 1293/1129/2837
f 1270/1108/2838 1269/1105/2834 1293/1129/2837 1294/1130/2839
f 1271/1110/2840 1270/1108/2838 1294/1130/2839 1295/1131/2841
f 1272/1112/2842 1271/1110/2840 1295/1131/2841 1296/1132/2843
f 1273/1114/2844 1272/1112/2842 1296/1132/2843 1297/1133/2845
f 1274/1116/2846 1273/1114/2844 1297/1133/2845 1298/1134/2847
f 1275/1118/2848 1274/1116/2846 1298/1134/2847 1299/1135/2849
f 1276/1120/2850 1275/1118/2848 1299/1135/2849 1300/1136/2851
f 1277/1122/2852 1276/1120/2850 1300/1136/2851 1301/1137/2853
f 1278/1124/2854 1277/1122/2852 1301/1137/2853 1302/1138/2855
f 1279/1126/2856 1278/1124/2854 1302/1138/2855 1303/1139/2857
f 1268/1104/2835 1279/1126/2856 1303/1139/2857 1292/1128/2836
s off
f 1293/1129/2858 1292/1128/2859 1304/1140/2860 1305/1141/2861
f 1294/1130/2862 1293/1129/2863 1305/1141/2864 1306/1142/2865
f 1295/1131/2866 1294/1130/2867 1306/1142/2868 1307/1143/2869
f 1296/1132/2870 1295/1131/2871 1307/1143/2872 1308/1144/2873
f 1297/1133/2874 1296/1132/2875 1308/1144/2876 1309/1145/2877
f 1298/1134/2878 1297/1133/2879 1309/1145/2880 1310/1146/2881
f 1299/1135/2882 1298/1134/2883 1310/1146/2884 1311/1147/2885
f 1300/1136/2886 1299/1135/2887 1311/1147/2888 1312/1148/2889
f 1301/1137/2890 1300/1136/2891 1312/1148/2892 1313/1149/2893
f 1302/1138/2894 1301/1137/2895 1313/1149/2896 1314/1150/2897
f 1303/1139/2898 1302/1138/2899 1314/1150/2900 1315/1151/2901
f 1292/1128/2902 1303/1139/2903 1315/1151/2904 1304/1140/2905
s 142
f 1305/1141/2906 1304/1140/2907 644/1152/2908 584/1153/2909
f 1306/1142/2910 1305/1141/2906 584/1153/2909 585/1154/2911
f 1307/1143/2912 1306/1142/2910 585/1154/2911 541/1155/2913
f 1308/1144/2914 1307/1143/2912 541/1155/2913 539/1156/2915
f 1309/1145/2916 1308/1144/2914 539/1156/2915 540/1157/2917
f 1310/1146/2918 1309/1145/2916 540/1157/2917 552/1158/2919
f 1311/1147/2920 1310/1146/2918 552/1158/2919 576/1159/2921
f 1312/1148/2922 1311/1147/2920 576/1159/2921 670/1160/2923
f 1313/1149/2924 1312/1148/2922 670/1160/2923 671/1161/2925
f 1314/1150/2926 1313/1149/2924 671/1161/2925 706/1162/2927
f 1315/1151/2928 1314/1150/2926 706/1162/2927 684/1163/2929
f 1304/1140/2907 1315/1151/2928 684/1163/2929 644/1152/2908
s 2
f 671/178/2744 747/169/1566 684/1710/2930 706/1711/2931
f 684/1710/2930 747/169/1566 647/173/1569 644/1712/2932
f 401/165/882 576/176/2743 552/1713/2933 540/1714/2934
f 401/165/882 540/1714/2934 539/1715/2935 439/168/883
f 439/168/883 539/1715/2935 541/1752/2936 585/406/2937
f 644/1712/2932 647/173/1569 585/406/2937 584/1749/2938
f 585/406/2937 647/173/1569 554/1748/2939 439/168/883
s 143
f 1287/1119/2940 1318/1164/2941 1285/1115/2942 1286/1117/2943
f 1316/1165/2944 1317/1166/2945 1288/1121/2946 1289/1123/2947
f 1288/1121/2946 1317/1166/2945 1318/1164/2941 1287/1119/2940
f 1291/1127/2948 1316/1165/2944 1289/1123/2947 1290/1125/2949
f 1281/1106/2950 1316/1165/2944 1291/1127/2948 1280/1107/2951
f 1281/1106/2950 1282/1109/2952 1317/1166/2945 1316/1165/2944
f 1318/1164/2941 1317/1166/2945 1282/1109/2952 1283/1111/2953
f 1285/1115/2942 1318/1164/2941 1283/1111/2953 1284/1113/2954
s 145
f 1320/2032/2955 1319/2033/2956 1566/2034/2957 1567/2035/2958
s 146
f 1321/2036/2959 1320/2032/2960 1567/2035/2961 1568/2576/2962
s 147
f 1322/2038/2963 1321/2599/2964 1568/2037/2965 1569/2039/2966
s 148
f 1323/2040/2967 1322/2038/2968 1569/2039/2969 1570/2041/2970
s 149
f 1324/2042/2971 1323/2040/2972 1570/2041/2973 1559/2043/2974
s 150
f 1325/2044/2975 1324/2042/2976 1559/2043/2977 1560/2045/2978
s 151
f 1326/2046/2979 1325/2044/2980 1560/2045/2981 1561/2047/2982
s 152
f 1327/2048/2983 1326/2046/2984 1561/2047/2985 1562/2578/2986
s 153
f 1328/2050/2987 1327/2598/2988 1562/2049/2989 1563/2051/2990
s 154
f 1329/2052/2991 1328/2050/2992 1563/2051/2993 1564/2053/2994
s 155
f 1330/2054/2995 1329/2052/2996 1564/2053/2997 1565/2055/2998
s 156
f 1319/2033/2999 1330/2054/3000 1565/2055/3001 1566/2034/3002
s 145
f 1319/2033/2956 1320/2032/2955 1332/2056/3003 1331/2057/3004
s 146
f 1320/2032/2960 1321/2036/2959 1333/2613/3005 1332/2056/3006
s 147
f 1321/2599/2964 1322/2038/2963 1334/2059/3007 1333/2058/3008
s 148
f 1322/2038/2968 1323/2040/2967 1335/2060/3009 1334/2059/3010
s 149
f 1323/2040/2972 1324/2042/2971 1336/2061/3011 1335/2060/3012
s 150
f 1324/2042/2976 1325/2044/2975 1337/2062/3013 1336/2061/3014
s 151
f 1325/2044/2980 1326/2046/2979 1338/2063/3015 1337/2062/3016
s 152
f 1326/2046/2984 1327/2048/2983 1339/2612/3017 1338/2063/3018
s 153
f 1327/2598/2988 1328/2050/2987 1340/2065/3019 1339/2064/3020
s 154
f 1328/2050/2992 1329/2052/2991 1341/2066/3021 1340/2065/3022
s 155
f 1329/2052/2996 1330/2054/2995 1342/2067/3023 1341/2066/3024
s 156
f 1330/2054/3000 1319/2033/2999 1331/2057/3025 1342/2067/3026
s 145
f 1331/2057/3004 1332/2056/3003 1344/2068/3027 1343/2069/3028
s 146
f 1332/2056/3006 1333/2613/3005 1345/2611/3029 1344/2068/3030
s 147
f 1333/2058/3008 1334/2059/3007 1346/2071/3031 1345/2070/3032
s 148
f 1334/2059/3010 1335/2060/3009 1347/2072/3033 1346/2071/3034
s 149
f 1335/2060/3012 1336/2061/3011 1348/2073/3035 1347/2072/3036
s 150
f 1336/2061/3014 1337/2062/3013 1349/2074/3037 1348/2073/3038
s 151
f 1337/2062/3016 1338/2063/3015 1350/2075/3039 1349/2074/3040
s 152
f 1338/2063/3018 1339/2612/3017 1351/2610/3041 1350/2075/3042
s 153
f 1339/2064/3020 1340/2065/3019 1352/2077/3043 1351/2076/3044
s 154
f 1340/2065/3022 1341/2066/3021 1353/2078/3045 1352/2077/3046
s 155
f 1341/2066/3024 1342/2067/3023 1354/2079/3047 1353/2078/3048
s 156
f 1342/2067/3026 1331/2057/3025 1343/2069/3049 1354/2079/3050
s 145
f 1343/2069/3028 1344/2068/3027 1356/2080/3051 1355/2081/3052
s 146
f 1344/2068/3030 1345/2611/3029 1357/2609/3053 1356/2080/3054
s 147
f 1345/2070/3032 1346/2071/3031 1358/2083/3055 1357/2082/3056
s 148
f 1346/2071/3034 1347/2072/3033 1359/2084/3057 1358/2083/3058
s 149
f 1347/2072/3036 1348/2073/3035 1360/2085/3059 1359/2084/3060
s 150
f 1348/2073/3038 1349/2074/3037 1361/2086/3061 1360/2085/3062
s 151
f 1349/2074/3040 1350/2075/3039 1362/2087/3063 1361/2086/3064
s 152
f 1350/2075/3042 1351/2610/3041 1363/2608/3065 1362/2087/3066
s 153
f 1351/2076/3044 1352/2077/3043 1364/2089/3067 1363/2088/3068
s 154
f 1352/2077/3046 1353/2078/3045 1365/2090/3069 1364/2089/3070
s 155
f 1353/2078/3048 1354/2079/3047 1366/2091/3071 1365/2090/3072
s 156
f 1354/2079/3050 1343/2069/3049 1355/2081/3073 1366/2091/3074
s 145
f 1355/2081/3052 1356/2080/3051 1368/2092/3075 1367/2093/3076
s 146
f 1356/2080/3054 1357/2609/3053 1369/2607/3077 1368/2092/3078
s 147
f 1357/2082/3056 1358/2083/3055 1370/2095/3079 1369/2094/3080
s 148
f 1358/2083/3058 1359/2084/3057 1371/2096/3081 1370/2095/3082
s 149
f 1359/2084/3060 1360/2085/3059 1372/2097/3083 1371/2096/3084
s 150
f 1360/2085/3062 1361/2086/3061 1373/2098/3085 1372/2097/3086
s 151
f 1361/2086/3064 1362/2087/3063 1374/2099/3087 1373/2098/3088
s 152
f 1362/2087/3066 1363/2608/3065 1375/2606/3089 1374/2099/3090
s 153
f 1363/2088/3068 1364/2089/3067 1376/2101/3091 1375/2100/3092
s 154
f 1364/2089/3070 1365/2090/3069 1377/2102/3093 1376/2101/3094
s 155
f 1365/2090/3072 1366/2091/3071 1378/2103/3095 1377/2102/3096
s 156
f 1366/2091/3074 1355/2081/3073 1367/2093/3097 1378/2103/3098
s 145
f 1367/2093/3076 1368/2092/3075 1380/2104/3099 1379/2105/3100
s 146
f 1368/2092/3078 1369/2607/3077 1381/2605/3101 1380/2104/3102
s 147
f 1369/2094/3080 1370/2095/3079 1382/2107/3103 1381/2106/3104
s 148
f 1370/2095/3082 1371/2096/3081 1383/2108/3105 1382/2107/3106
s 149
f 1371/2096/3084 1372/2097/3083 1384/2109/3107 1383/2108/3108
s 150
f 1372/2097/3086 1373/2098/3085 1385/2110/3109 1384/2109/3110
s 151
f 1373/2098/3088 1374/2099/3087 1386/2111/3111 1385/2110/3112
s 152
f 1374/2099/3090 1375/2606/3089 1387/2604/3113 1386/2111/3114
s 153
f 1375/2100/3092 1376/2101/3091 1388/2113/3115 1387/2112/3116
s 154
f 1376/2101/3094 1377/2102/3093 1389/2114/3117 1388/2113/3118
s 155
f 1377/2102/3096 1378/2103/3095 1390/2115/3119 1389/2114/3120
s 156
f 1378/2103/3098 1367/2093/3097 1379/2105/3121 1390/2115/3122
s 145
f 1379/2105/3100 1380/2104/3099 1392/2116/3123 1391/2117/3124
s 146
f 1380/2104/3102 1381/2605/3101 1393/2603/3125 1392/2116/3126
s 147
f 1381/2106/3104 1382/2107/3103 1394/2119/3127 1393/2118/3128
s 148
f 1382/2107/3106 1383/2108/3105 1395/2120/3129 1394/2119/3130
s 149
f 1383/2108/3108 1384/2109/3107 1396/2121/3131 1395/2120/3132
s 150
f 1384/2109/3110 1385/2110/3109 1397/2122/3133 1396/2121/3134
s 151
f 1385/2110/3112 1386/2111/3111 1398/2123/3135 1397/2122/3136
s 152
f 1386/2111/3114 1387/2604/3113 1399/2602/3137 1398/2123/3138
s 153
f 1387/2112/3116 1388/2113/3115 1400/2125/3139 1399/2124/3140
s 154
f 1388/2113/3118 1389/2114/3117 1401/2126/3141 1400/2125/3142
s 155
f 1389/2114/3120 1390/2115/3119 1402/2127/3143 1401/2126/3144
s 156
f 1390/2115/3122 1379/2105/3121 1391/2117/3145 1402/2127/3146
s off
f 1391/2117/3147 1392/2116/3148 1404/2128/3149 1403/2129/3150
f 1392/2116/3151 1393/2603/3152 1405/2601/3153 1404/2128/3154
f 1393/2118/3155 1394/2119/3156 1406/2131/3157 1405/2130/3158
f 1394/2119/3159 1395/2120/3160 1407/2132/3161 1406/2131/3162
f 1395/2120/3163 1396/2121/3164 1408/2133/3165 1407/2132/3166
f 1396/2121/3167 1397/2122/3168 1409/2134/3169 1408/2133/3170
f 1397/2122/3171 1398/2123/3172 1410/2135/3173 1409/2134/3174
f 1398/2123/3175 1399/2602/3176 1411/2600/3177 1410/2135/3178
f 1399/2124/3179 1400/2125/3180 1412/2137/3181 1411/2136/3182
f 1400/2125/3183 1401/2126/3184 1413/2138/3185 1412/2137/3186
f 1401/2126/3187 1402/2127/3188 1414/2139/3189 1413/2138/3190
f 1402/2127/3191 1391/2117/3192 1403/2129/3193 1414/2139/3194
s 157
f 1403/2129/3195 1404/2128/3196 1440/2140/3197 1439/2141/3198
s 158
f 1404/2128/3199 1405/2601/3200 1441/2560/3201 1440/2140/3202
s 159
f 1405/2130/3203 1406/2131/3204 1442/2143/3205 1441/2142/3206
s 160
f 1406/2131/3207 1407/2132/3208 1443/2144/3209 1442/2143/3210
s 161
f 1407/2132/3211 1408/2133/3212 1444/2145/3213 1443/2144/3214
s 162
f 1408/2133/3215 1409/2134/3216 1445/2146/3217 1444/2145/3218
s 163
f 1409/2134/3219 1410/2135/3220 1446/2147/3221 1445/2146/3222
s 164
f 1410/2135/3223 1411/2600/3224 1447/2558/3225 1446/2147/3226
s 165
f 1411/2136/3227 1412/2137/3228 1448/2149/3229 1447/2148/3230
s 166
f 1412/2137/3231 1413/2138/3232 1449/2150/3233 1448/2149/3234
s 167
f 1413/2138/3235 1414/2139/3236 1450/2151/3237 1449/2150/3238
s 168
f 1414/2139/3239 1403/2129/3240 1439/2141/3241 1450/2151/3242
s off
f 1416/2152/3243 1415/2153/3244 1427/2154/3245 1428/2155/3246
f 1417/2577/3247 1416/2152/3248 1428/2155/3249 1429/2157/3250
f 1418/2158/3251 1417/2156/3252 1429/2597/3253 1430/2159/3254
f 1419/2160/3255 1418/2158/3256 1430/2159/3257 1431/2161/3258
f 1420/2162/3259 1419/2160/3260 1431/2161/3261 1432/2163/3262
f 1421/2164/3263 1420/2162/3264 1432/2163/3265 1433/2165/3266
f 1422/2166/3267 1421/2164/3268 1433/2165/3269 1434/2167/3270
f 1423/2579/3271 1422/2166/3272 1434/2167/3273 1435/2169/3274
f 1424/2170/3275 1423/2168/3276 1435/2596/3277 1436/2171/3278
f 1425/2172/3279 1424/2170/3280 1436/2171/3281 1437/2173/3282
f 1426/2174/3283 1425/2172/3284 1437/2173/3285 1438/2175/3286
f 1415/2153/3287 1426/2174/3288 1438/2175/3289 1427/2154/3290
f 1428/2155/3291 1427/2154/3292 1451/2176/3293 1452/2177/3294
f 1429/2157/3295 1428/2155/3296 1452/2177/3297 1453/2178/3298
f 1430/2159/3299 1429/2597/3300 1453/2595/3301 1454/2179/3302
f 1431/2161/3303 1430/2159/3304 1454/2179/3305 1455/2180/3306
f 1432/2163/3307 1431/2161/3308 1455/2180/3309 1456/2181/3310
f 1433/2165/3311 1432/2163/3312 1456/2181/3313 1457/2182/3314
f 1434/2167/3315 1433/2165/3316 1457/2182/3317 1458/2183/3318
f 1435/2169/3319 1434/2167/3320 1458/2183/3321 1459/2184/3322
f 1436/2171/3323 1435/2596/3324 1459/2594/3325 1460/2185/3326
f 1437/2173/3327 1436/2171/3328 1460/2185/3329 1461/2186/3330
f 1438/2175/3331 1437/2173/3332 1461/2186/3333 1462/2187/3334
f 1427/2154/3335 1438/2175/3336 1462/2187/3337 1451/2176/3338
f 1452/2177/3339 1451/2176/3340 1463/2188/3341 1464/2189/3342
f 1453/2178/3343 1452/2177/3344 1464/2189/3345 1465/2190/3346
f 1454/2179/3347 1453/2595/3348 1465/2593/3349 1466/2191/3350
f 1455/2180/3351 1454/2179/3352 1466/2191/3353 1467/2192/3354
f 1456/2181/3355 1455/2180/3356 1467/2192/3357 1468/2193/3358
f 1457/2182/3359 1456/2181/3360 1468/2193/3361 1469/2194/3362
f 1458/2183/3363 1457/2182/3364 1469/2194/3365 1470/2195/3366
f 1459/2184/3367 1458/2183/3368 1470/2195/3369 1471/2196/3370
f 1460/2185/3371 1459/2594/3372 1471/2592/3373 1472/2197/3374
f 1461/2186/3375 1460/2185/3376 1472/2197/3377 1473/2198/3378
f 1462/2187/3379 1461/2186/3380 1473/2198/3381 1474/2199/3382
f 1451/2176/3383 1462/2187/3384 1474/2199/3385 1463/2188/3386
f 1464/2189/3387 1463/2188/3388 1475/2200/3389 1476/2201/3390
f 1465/2190/3391 1464/2189/3392 1476/2201/3393 1477/2202/3394
f 1466/2191/3395 1465/2593/3396 1477/2591/3397 1478/2203/3398
f 1467/2192/3399 1466/2191/3400 1478/2203/3401 1479/2204/3402
f 1468/2193/3403 1467/2192/3404 1479/2204/3405 1480/2205/3406
f 1469/2194/3407 1468/2193/3408 1480/2205/3409 1481/2206/3410
f 1470/2195/3411 1469/2194/3412 1481/2206/3413 1482/2207/3414
f 1471/2196/3415 1470/2195/3416 1482/2207/3417 1483/2208/3418
f 1472/2197/3419 1471/2592/3420 1483/2590/3421 1484/2209/3422
f 1473/2198/3423 1472/2197/3424 1484/2209/3425 1485/2210/3426
f 1474/2199/3427 1473/2198/3428 1485/2210/3429 1486/2211/3430
f 1463/2188/3431 1474/2199/3432 1486/2211/3433 1475/2200/3434
f 1476/2201/3435 1475/2200/3436 1487/2212/3437 1488/2213/3438
f 1477/2202/3439 1476/2201/3440 1488/2213/3441 1489/2214/3442
f 1478/2203/3443 1477/2591/3444 1489/2589/3445 1490/2215/3446
f 1479/2204/3447 1478/2203/3448 1490/2215/3449 1491/2216/3450
f 1480/2205/3451 1479/2204/3452 1491/2216/3453 1492/2217/3454
f 1481/2206/3455 1480/2205/3456 1492/2217/3457 1493/2218/3458
f 1482/2207/3459 1481/2206/3460 1493/2218/3461 1494/2219/3462
f 1483/2208/3463 1482/2207/3464 1494/2219/3465 1495/2220/3466
f 1484/2209/3467 1483/2590/3468 1495/2588/3469 1496/2221/3470
f 1485/2210/3471 1484/2209/3472 1496/2221/3473 1497/2222/3474
f 1486/2211/3475 1485/2210/3476 1497/2222/3477 1498/2223/3478
f 1475/2200/3479 1486/2211/3480 1498/2223/3481 1487/2212/3482
f 1488/2213/3483 1487/2212/3484 1499/2224/3485 1500/2225/3486
f 1489/2214/3487 1488/2213/3488 1500/2225/3489 1501/2226/3490
f 1490/2215/3491 1489/2589/3492 1501/2587/3493 1502/2227/3494
f 1491/2216/3495 1490/2215/3496 1502/2227/3497 1503/2228/3498
f 1492/2217/3499 1491/2216/3500 1503/2228/3501 1504/2229/3502
f 1493/2218/3503 1492/2217/3504 1504/2229/3505 1505/2230/3506
f 1494/2219/3507 1493/2218/3508 1505/2230/3509 1506/2231/3510
f 1495/2220/3511 1494/2219/3512 1506/2231/3513 1507/2232/3514
f 1496/2221/3515 1495/2588/3516 1507/2586/3517 1508/2233/3518
f 1497/2222/3519 1496/2221/3520 1508/2233/3521 1509/2234/3522
f 1498/2223/3523 1497/2222/3524 1509/2234/3525 1510/2235/3526
f 1487/2212/3527 1498/2223/3528 1510/2235/3529 1499/2224/3530
f 1500/2225/3531 1499/2224/3532 1511/2236/3533 1512/2237/3534
f 1501/2226/3535 1500/2225/3536 1512/2237/3537 1513/2238/3538
f 1502/2227/3539 1501/2587/3540 1513/2585/3541 1514/2239/3542
f 1503/2228/3543 1502/2227/3544 1514/2239/3545 1515/2240/3546
f 1504/2229/3547 1503/2228/3548 1515/2240/3549 1516/2241/3550
f 1505/2230/3551 1504/2229/3552 1516/2241/3553 1517/2242/3554
f 1506/2231/3555 1505/2230/3556 1517/2242/3557 1518/2243/3558
f 1507/2232/3559 1506/2231/3560 1518/2243/3561 1519/2244/3562
f 1508/2233/3563 1507/2586/3564 1519/2584/3565 1520/2245/3566
f 1509/2234/3567 1508/2233/3568 1520/2245/3569 1521/2246/3570
f 1510/2235/3571 1509/2234/3572 1521/2246/3573 1522/2247/3574
f 1499/2224/3575 1510/2235/3576 1522/2247/3577 1511/2236/3578
f 1512/2237/3579 1511/2236/3580 1523/2248/3581 1524/2249/3582
f 1513/2238/3583 1512/2237/3584 1524/2249/3585 1525/2250/3586
f 1514/2239/3587 1513/2585/3588 1525/2583/3589 1526/2251/3590
f 1515/2240/3591 1514/2239/3592 1526/2251/3593 1527/2252/3594
f 1516/2241/3595 1515/2240/3596 1527/2252/3597 1528/2253/3598
f 1517/2242/3599 1516/2241/3600 1528/2253/3601 1529/2254/3602
f 1518/2243/3603 1517/2242/3604 1529/2254/3605 1530/2255/3606
f 1519/2244/3607 1518/2243/3608 1530/2255/3609 1531/2256/3610
f 1520/2245/3611 1519/2584/3612 1531/2582/3613 1532/2257/3614
f 1521/2246/3615 1520/2245/3616 1532/2257/3617 1533/2258/3618
f 1522/2247/3619 1521/2246/3620 1533/2258/3621 1534/2259/3622
f 1511/2236/3623 1522/2247/3624 1534/2259/3625 1523/2248/3626
f 1524/2249/3627 1523/2248/3628 1535/2260/3629 1536/2261/3630
f 1525/2250/3631 1524/2249/3632 1536/2261/3633 1537/2262/3634
f 1526/2251/3635 1525/2583/3636 1537/2581/3637 1538/2263/3638
f 1527/2252/3639 1526/2251/3640 1538/2263/3641 1539/2264/3642
f 1528/2253/3643 1527/2252/3644 1539/2264/3645 1540/2265/3646
f 1529/2254/3647 1528/2253/3648 1540/2265/3649 1541/2266/3650
f 1530/2255/3651 1529/2254/3652 1541/2266/3653 1542/2267/3654
f 1531/2256/3655 1530/2255/3656 1542/2267/3657 1543/2268/3658
f 1532/2257/3659 1531/2582/3660 1543/2580/3661 1544/2269/3662
f 1533/2258/3663 1532/2257/3664 1544/2269/3665 1545/2270/3666
f 1534/2259/3667 1533/2258/3668 1545/2270/3669 1546/2271/3670
f 1523/2248/3671 1534/2259/3672 1546/2271/3673 1535/2260/3674
f 1536/2261/3675 1535/2260/3676 1547/2272/3677 1548/2273/3678
f 1537/2262/3679 1536/2261/3680 1548/2273/3681 1549/2274/3682
f 1538/2263/3683 1537/2581/3684 1549/2575/3685 1550/2275/3686
f 1539/2264/3687 1538/2263/3688 1550/2275/3689 1551/2276/3690
f 1540/2265/3691 1539/2264/3692 1551/2276/3693 1552/2277/3694
f 1541/2266/3695 1540/2265/3696 1552/2277/3697 1553/2278/3698
f 1542/2267/3699 1541/2266/3700 1553/2278/3701 1554/2279/3702
f 1543/2268/3703 1542/2267/3704 1554/2279/3705 1555/2280/3706
f 1544/2269/3707 1543/2580/3708 1555/2574/3709 1556/2281/3710
f 1545/2270/3711 1544/2269/3712 1556/2281/3713 1557/2282/3714
f 1546/2271/3715 1545/2270/3716 1557/2282/3717 1558/2283/3718
f 1535/2260/3719 1546/2271/3720 1558/2283/3721 1547/2272/3722
s 150
f 1560/2045/2978 1559/2043/2977 1420/2162/3723 1421/2164/3724
s 151
f 1561/2047/2982 1560/2045/2981 1421/2164/3725 1422/2166/3726
s 152
f 1562/2578/2986 1561/2047/2985 1422/2166/3727 1423/2579/3728
s 153
f 1563/2051/2990 1562/2049/2989 1423/2168/3729 1424/2170/3730
s 154
f 1564/2053/2994 1563/2051/2993 1424/2170/3731 1425/2172/3732
s 155
f 1565/2055/2998 1564/2053/2997 1425/2172/3733 1426/2174/3734
s 156
f 1566/2034/3002 1565/2055/3001 1426/2174/3735 1415/2153/3736
s 145
f 1567/2035/2958 1566/2034/2957 1415/2153/3737 1416/2152/3738
s 146
f 1568/2576/2962 1567/2035/2961 1416/2152/3739 1417/2577/3740
s 147
f 1569/2039/2966 1568/2037/2965 1417/2156/3741 1418/2158/3742
s 148
f 1570/2041/2970 1569/2039/2969 1418/2158/3743 1419/2160/3744
s 149
f 1559/2043/2974 1570/2041/2973 1419/2160/3745 1420/2162/3746
s 169
f 1552/2277/3747 1571/2284/3748 1554/2279/3749 1553/2278/3750
f 1571/2284/3748 1572/2573/3751 1555/2280/3752 1554/2279/3749
f 1572/2285/3751 1573/2286/3753 1556/2281/3754 1555/2574/3752
f 1573/2286/3753 1558/2283/3755 1557/2282/3756 1556/2281/3754
f 1550/2275/3757 1571/2284/3748 1552/2277/3747 1551/2276/3758
f 1549/2575/3759 1572/2573/3751 1571/2284/3748 1550/2275/3757
f 1548/2273/3760 1573/2286/3753 1572/2285/3751 1549/2274/3759
f 1548/2273/3760 1547/2272/3761 1558/2283/3755 1573/2286/3753
s 170
f 1574/2287/3762 1586/2288/3763 1587/2289/3764 1575/2290/3765
s 171
f 1575/2290/3766 1587/2289/3767 1588/2291/3768 1576/2556/3769
s 172
f 1576/2292/3770 1588/2572/3771 1589/2293/3772 1577/2294/3773
s 173
f 1577/2294/3774 1589/2293/3775 1590/2295/3776 1578/2296/3777
s 174
f 1578/2296/3778 1590/2295/3779 1591/2297/3780 1579/2298/3781
s 175
f 1579/2298/3782 1591/2297/3783 1592/2299/3784 1580/2300/3785
s 176
f 1580/2300/3786 1592/2299/3787 1593/2301/3788 1581/2302/3789
s 177
f 1581/2302/3790 1593/2301/3791 1594/2303/3792 1582/2555/3793
s 178
f 1582/2304/3794 1594/2571/3795 1595/2305/3796 1583/2306/3797
s 179
f 1583/2306/3798 1595/2305/3799 1596/2307/3800 1584/2308/3801
s 180
f 1584/2308/3802 1596/2307/3803 1597/2309/3804 1585/2310/3805
s 181
f 1585/2310/3806 1597/2309/3807 1586/2288/3808 1574/2287/3809
s 170
f 1586/2288/3763 1598/2311/3810 1599/2312/3811 1587/2289/3764
s 171
f 1587/2289/3767 1599/2312/3812 1600/2313/3813 1588/2291/3768
s 172
f 1588/2572/3771 1600/2570/3814 1601/2314/3815 1589/2293/3772
s 173
f 1589/2293/3775 1601/2314/3816 1602/2315/3817 1590/2295/3776
s 174
f 1590/2295/3779 1602/2315/3818 1603/2316/3819 1591/2297/3780
s 175
f 1591/2297/3783 1603/2316/3820 1604/2317/3821 1592/2299/3784
s 176
f 1592/2299/3787 1604/2317/3822 1605/2318/3823 1593/2301/3788
s 177
f 1593/2301/3791 1605/2318/3824 1606/2319/3825 1594/2303/3792
s 178
f 1594/2571/3795 1606/2569/3826 1607/2320/3827 1595/2305/3796
s 179
f 1595/2305/3799 1607/2320/3828 1608/2321/3829 1596/2307/3800
s 180
f 1596/2307/3803 1608/2321/3830 1609/2322/3831 1597/2309/3804
s 181
f 1597/2309/3807 1609/2322/3832 1598/2311/3833 1586/2288/3808
s 170
f 1598/2311/3810 1610/2323/3834 1611/2324/3835 1599/2312/3811
s 171
f 1599/2312/3812 1611/2324/3836 1612/2325/3837 1600/2313/3813
s 172
f 1600/2570/3814 1612/2568/3838 1613/2326/3839 1601/2314/3815
s 173
f 1601/2314/3816 1613/2326/3840 1614/2327/3841 1602/2315/3817
s 174
f 1602/2315/3818 1614/2327/3842 1615/2328/3843 1603/2316/3819
s 175
f 1603/2316/3820 1615/2328/3844 1616/2329/3845 1604/2317/3821
s 176
f 1604/2317/3822 1616/2329/3846 1617/2330/3847 1605/2318/3823
s 177
f 1605/2318/3824 1617/2330/3848 1618/2331/3849 1606/2319/3825
s 178
f 1606/2569/3826 1618/2567/3850 1619/2332/3851 1607/2320/3827
s 179
f 1607/2320/3828 1619/2332/3852 1620/2333/3853 1608/2321/3829
s 180
f 1608/2321/3830 1620/2333/3854 1621/2334/3855 1609/2322/3831
s 181
f 1609/2322/3832 1621/2334/3856 1610/2323/3857 1598/2311/3833
s 170
f 1610/2323/3834 1622/2335/3858 1623/2336/3859 1611/2324/3835
s 171
f 1611/2324/3836 1623/2336/3860 1624/2337/3861 1612/2325/3837
s 172
f 1612/2568/3838 1624/2566/3862 1625/2338/3863 1613/2326/3839
s 173
f 1613/2326/3840 1625/2338/3864 1626/2339/3865 1614/2327/3841
s 174
f 1614/2327/3842 1626/2339/3866 1627/2340/3867 1615/2328/3843
s 175
f 1615/2328/3844 1627/2340/3868 1628/2341/3869 1616/2329/3845
s 176
f 1616/2329/3846 1628/2341/3870 1629/2342/3871 1617/2330/3847
s 177
f 1617/2330/3848 1629/2342/3872 1630/2343/3873 1618/2331/3849
s 178
f 1618/2567/3850 1630/2565/3874 1631/2344/3875 1619/2332/3851
s 179
f 1619/2332/3852 1631/2344/3876 1632/2345/3877 1620/2333/3853
s 180
f 1620/2333/3854 1632/2345/3878 1633/2346/3879 1621/2334/3855
s 181
f 1621/2334/3856 1633/2346/3880 1622/2335/3881 1610/2323/3857
s 170
f 1622/2335/3858 1634/2347/3882 1635/2348/3883 1623/2336/3859
s 171
f 1623/2336/3860 1635/2348/3884 1636/2349/3885 1624/2337/3861
s 172
f 1624/2566/3862 1636/2564/3886 1637/2350/3887 1625/2338/3863
s 173
f 1625/2338/3864 1637/2350/3888 1638/2351/3889 1626/2339/3865
s 174
f 1626/2339/3866 1638/2351/3890 1639/2352/3891 1627/2340/3867
s 175
f 1627/2340/3868 1639/2352/3892 1640/2353/3893 1628/2341/3869
s 176
f 1628/2341/3870 1640/2353/3894 1641/2354/3895 1629/2342/3871
s 177
f 1629/2342/3872 1641/2354/3896 1642/2355/3897 1630/2343/3873
s 178
f 1630/2565/3874 1642/2563/3898 1643/2356/3899 1631/2344/3875
s 179
f 1631/2344/3876 1643/2356/3900 1644/2357/3901 1632/2345/3877
s 180
f 1632/2345/3878 1644/2357/3902 1645/2358/3903 1633/2346/3879
s 181
f 1633/2346/3880 1645/2358/3904 1634/2347/3905 1622/2335/3881
s 170
f 1634/2347/3882 1646/2359/3906 1647/2360/3907 1635/2348/3883
s 171
f 1635/2348/3884 1647/2360/3908 1648/2361/3909 1636/2349/3885
s 172
f 1636/2564/3886 1648/2562/3910 1649/2362/3911 1637/2350/3887
s 173
f 1637/2350/3888 1649/2362/3912 1650/2363/3913 1638/2351/3889
s 174
f 1638/2351/3890 1650/2363/3914 1651/2364/3915 1639/2352/3891
s 175
f 1639/2352/3892 1651/2364/3916 1652/2365/3917 1640/2353/3893
s 176
f 1640/2353/3894 1652/2365/3918 1653/2366/3919 1641/2354/3895
s 177
f 1641/2354/3896 1653/2366/3920 1654/2367/3921 1642/2355/3897
s 178
f 1642/2563/3898 1654/2561/3922 1655/2368/3923 1643/2356/3899
s 179
f 1643/2356/3900 1655/2368/3924 1656/2369/3925 1644/2357/3901
s 180
f 1644/2357/3902 1656/2369/3926 1657/2370/3927 1645/2358/3903
s 181
f 1645/2358/3904 1657/2370/3928 1646/2359/3929 1634/2347/3905
s off
f 1646/2359/3930 1658/2371/3931 1659/2372/3932 1647/2360/3933
f 1647/2360/3934 1659/2372/3935 1660/2373/3936 1648/2361/3937
f 1648/2562/3938 1660/2559/3939 1661/2374/3940 1649/2362/3941
f 1649/2362/3942 1661/2374/3943 1662/2375/3944 1650/2363/3945
f 1650/2363/3946 1662/2375/3947 1663/2376/3948 1651/2364/3949
f 1651/2364/3950 1663/2376/3951 1664/2377/3952 1652/2365/3953
f 1652/2365/3954 1664/2377/3955 1665/2378/3956 1653/2366/3957
f 1653/2366/3958 1665/2378/3959 1666/2379/3960 1654/2367/3961
f 1654/2561/3962 1666/2557/3963 1667/2380/3964 1655/2368/3965
f 1655/2368/3966 1667/2380/3967 1668/2381/3968 1656/2369/3969
f 1656/2369/3970 1668/2381/3971 1669/2382/3972 1657/2370/3973
f 1657/2370/3974 1669/2382/3975 1658/2371/3976 1646/2359/3977
s 157
f 1658/2371/3978 1439/2141/3198 1440/2140/3197 1659/2372/3979
s 158
f 1659/2372/3980 1440/2140/3202 1441/2560/3201 1660/2373/3981
s 159
f 1660/2559/3982 1441/2142/3206 1442/2143/3205 1661/2374/3983
s 160
f 1661/2374/3984 1442/2143/3210 1443/2144/3209 1662/2375/3985
s 161
f 1662/2375/3986 1443/2144/3214 1444/2145/3213 1663/2376/3987
s 162
f 1663/2376/3988 1444/2145/3218 1445/2146/3217 1664/2377/3989
s 163
f 1664/2377/3990 1445/2146/3222 1446/2147/3221 1665/2378/3991
s 164
f 1665/2378/3992 1446/2147/3226 1447/2558/3225 1666/2379/3993
s 165
f 1666/2557/3994 1447/2148/3230 1448/2149/3229 1667/2380/3995
s 166
f 1667/2380/3996 1448/2149/3234 1449/2150/3233 1668/2381/3997
s 167
f 1668/2381/3998 1449/2150/3238 1450/2151/3237 1669/2382/3999
s 168
f 1669/2382/4000 1450/2151/3242 1439/2141/3241 1658/2371/4001
s 170
f 1575/2290/3765 1810/2383/4002 1809/2384/4003 1574/2287/3762
s 171
f 1576/2556/3769 1811/2533/4004 1810/2383/4005 1575/2290/3766
s 172
f 1577/2294/3773 1812/2386/4006 1811/2385/4007 1576/2292/3770
s 173
f 1578/2296/3777 1813/2387/4008 1812/2386/4009 1577/2294/3774
s 174
f 1579/2298/3781 1802/2388/4010 1813/2387/4011 1578/2296/3778
s 175
f 1580/2300/3785 1803/2389/4012 1802/2388/4013 1579/2298/3782
s 176
f 1581/2302/3789 1804/2390/4014 1803/2389/4015 1580/2300/3786
s 177
f 1582/2555/3793 1805/2535/4016 1804/2390/4017 1581/2302/3790
s 178
f 1583/2306/3797 1806/2392/4018 1805/2391/4019 1582/2304/3794
s 179
f 1584/2308/3801 1807/2393/4020 1806/2392/4021 1583/2306/3798
s 180
f 1585/2310/3805 1808/2394/4022 1807/2393/4023 1584/2308/3802
s 181
f 1574/2287/3809 1809/2384/4024 1808/2394/4025 1585/2310/3806
s off
f 1671/2395/4026 1683/2396/4027 1682/2397/4028 1670/2398/4029
f 1672/2399/4030 1684/2554/4031 1683/2396/4032 1671/2395/4033
f 1673/2401/4034 1685/2402/4035 1684/2400/4036 1672/2534/4037
f 1674/2403/4038 1686/2404/4039 1685/2402/4040 1673/2401/4041
f 1675/2405/4042 1687/2406/4043 1686/2404/4044 1674/2403/4045
f 1676/2407/4046 1688/2408/4047 1687/2406/4048 1675/2405/4049
f 1677/2409/4050 1689/2410/4051 1688/2408/4052 1676/2407/4053
f 1678/2411/4054 1690/2553/4055 1689/2410/4056 1677/2409/4057
f 1679/2413/4058 1691/2414/4059 1690/2412/4060 1678/2536/4061
f 1680/2415/4062 1692/2416/4063 1691/2414/4064 1679/2413/4065
f 1681/2417/4066 1693/2418/4067 1692/2416/4068 1680/2415/4069
f 1670/2398/4070 1682/2397/4071 1693/2418/4072 1681/2417/4073
f 1683/2396/4074 1695/2419/4075 1694/2420/4076 1682/2397/4077
f 1684/2554/4078 1696/2552/4079 1695/2419/4080 1683/2396/4081
f 1685/2402/4082 1697/2422/4083 1696/2421/4084 1684/2400/4085
f 1686/2404/4086 1698/2423/4087 1697/2422/4088 1685/2402/4089
f 1687/2406/4090 1699/2424/4091 1698/2423/4092 1686/2404/4093
f 1688/2408/4094 1700/2425/4095 1699/2424/4096 1687/2406/4097
f 1689/2410/4098 1701/2426/4099 1700/2425/4100 1688/2408/4101
f 1690/2553/4102 1702/2551/4103 1701/2426/4104 1689/2410/4105
f 1691/2414/4106 1703/2428/4107 1702/2427/4108 1690/2412/4109
f 1692/2416/4110 1704/2429/4111 1703/2428/4112 1691/2414/4113
f 1693/2418/4114 1705/2430/4115 1704/2429/4116 1692/2416/4117
f 1682/2397/4118 1694/2420/4119 1705/2430/4120 1693/2418/4121
f 1695/2419/4122 1707/2431/4123 1706/2432/4124 1694/2420/4125
f 1696/2552/4126 1708/2550/4127 1707/2431/4128 1695/2419/4129
f 1697/2422/4130 1709/2434/4131 1708/2433/4132 1696/2421/4133
f 1698/2423/4134 1710/2435/4135 1709/2434/4136 1697/2422/4137
f 1699/2424/4138 1711/2436/4139 1710/2435/4140 1698/2423/4141
f 1700/2425/4142 1712/2437/4143 1711/2436/4144 1699/2424/4145
f 1701/2426/4146 1713/2438/4147 1712/2437/4148 1700/2425/4149
f 1702/2551/4150 1714/2549/4151 1713/2438/4152 1701/2426/4153
f 1703/2428/4154 1715/2440/4155 1714/2439/4156 1702/2427/4157
f 1704/2429/4158 1716/2441/4159 1715/2440/4160 1703/2428/4161
f 1705/2430/4162 1717/2442/4163 1716/2441/4164 1704/2429/4165
f 1694/2420/4166 1706/2432/4167 1717/2442/4168 1705/2430/4169
f 1707/2431/4170 1719/2443/4171 1718/2444/4172 1706/2432/4173
f 1708/2550/4174 1720/2548/4175 1719/2443/4176 1707/2431/4177
f 1709/2434/4178 1721/2446/4179 1720/2445/4180 1708/2433/4181
f 1710/2435/4182 1722/2447/4183 1721/2446/4184 1709/2434/4185
f 1711/2436/4186 1723/2448/4187 1722/2447/4188 1710/2435/4189
f 1712/2437/4190 1724/2449/4191 1723/2448/4192 1711/2436/4193
f 1713/2438/4194 1725/2450/4195 1724/2449/4196 1712/2437/4197
f 1714/2549/4198 1726/2547/4199 1725/2450/4200 1713/2438/4201
f 1715/2440/4202 1727/2452/4203 1726/2451/4204 1714/2439/4205
f 1716/2441/4206 1728/2453/4207 1727/2452/4208 1715/2440/4209
f 1717/2442/4210 1729/2454/4211 1728/2453/4212 1716/2441/4213
f 1706/2432/4214 1718/2444/4215 1729/2454/4216 1717/2442/4217
f 1719/2443/4218 1731/2455/4219 1730/2456/4220 1718/2444/4221
f 1720/2548/4222 1732/2546/4223 1731/2455/4224 1719/2443/4225
f 1721/2446/4226 1733/2458/4227 1732/2457/4228 1720/2445/4229
f 1722/2447/4230 1734/2459/4231 1733/2458/4232 1721/2446/4233
f 1723/2448/4234 1735/2460/4235 1734/2459/4236 1722/2447/4237
f 1724/2449/4238 1736/2461/4239 1735/2460/4240 1723/2448/4241
f 1725/2450/4242 1737/2462/4243 1736/2461/4244 1724/2449/4245
f 1726/2547/4246 1738/2545/4247 1737/2462/4248 1725/2450/4249
f 1727/2452/4250 1739/2464/4251 1738/2463/4252 1726/2451/4253
f 1728/2453/4254 1740/2465/4255 1739/2464/4256 1727/2452/4257
f 1729/2454/4258 1741/2466/4259 1740/2465/4260 1728/2453/4261
f 1718/2444/4262 1730/2456/4263 1741/2466/4264 1729/2454/4265
f 1731/2455/4266 1743/2467/4267 1742/2468/4268 1730/2456/4269
f 1732/2546/4270 1744/2544/4271 1743/2467/4272 1731/2455/4273
f 1733/2458/4274 1745/2470/4275 1744/2469/4276 1732/2457/4277
f 1734/2459/4278 1746/2471/4279 1745/2470/4280 1733/2458/4281
f 1735/2460/4282 1747/2472/4283 1746/2471/4284 1734/2459/4285
f 1736/2461/4286 1748/2473/4287 1747/2472/4288 1735/2460/4289
f 1737/2462/4290 1749/2474/4291 1748/2473/4292 1736/2461/4293
f 1738/2545/4294 1750/2543/4295 1749/2474/4296 1737/2462/4297
f 1739/2464/4298 1751/2476/4299 1750/2475/4300 1738/2463/4301
f 1740/2465/4302 1752/2477/4303 1751/2476/4304 1739/2464/4305
f 1741/2466/4306 1753/2478/4307 1752/2477/4308 1740/2465/4309
f 1730/2456/4310 1742/2468/4311 1753/2478/4312 1741/2466/4313
f 1743/2467/4314 1755/2479/4315 1754/2480/4316 1742/2468/4317
f 1744/2544/4318 1756/2542/4319 1755/2479/4320 1743/2467/4321
f 1745/2470/4322 1757/2482/4323 1756/2481/4324 1744/2469/4325
f 1746/2471/4326 1758/2483/4327 1757/2482/4328 1745/2470/4329
f 1747/2472/4330 1759/2484/4331 1758/2483/4332 1746/2471/4333
f 1748/2473/4334 1760/2485/4335 1759/2484/4336 1747/2472/4337
f 1749/2474/4338 1761/2486/4339 1760/2485/4340 1748/2473/4341
f 1750/2543/4342 1762/2541/4343 1761/2486/4344 1749/2474/4345
f 1751/2476/4346 1763/2488/4347 1762/2487/4348 1750/2475/4349
f 1752/2477/4350 1764/2489/4351 1763/2488/4352 1751/2476/4353
f 1753/2478/4354 1765/2490/4355 1764/2489/4356 1752/2477/4357
f 1742/2468/4358 1754/2480/4359 1765/2490/4360 1753/2478/4361
f 1755/2479/4362 1767/2491/4363 1766/2492/4364 1754/2480/4365
f 1756/2542/4366 1768/2540/4367 1767/2491/4368 1755/2479/4369
f 1757/2482/4370 1769/2494/4371 1768/2493/4372 1756/2481/4373
f 1758/2483/4374 1770/2495/4375 1769/2494/4376 1757/2482/4377
f 1759/2484/4378 1771/2496/4379 1770/2495/4380 1758/2483/4381
f 1760/2485/4382 1772/2497/4383 1771/2496/4384 1759/2484/4385
f 1761/2486/4386 1773/2498/4387 1772/2497/4388 1760/2485/4389
f 1762/2541/4390 1774/2539/4391 1773/2498/4392 1761/2486/4393
f 1763/2488/4394 1775/2500/4395 1774/2499/4396 1762/2487/4397
f 1764/2489/4398 1776/2501/4399 1775/2500/4400 1763/2488/4401
f 1765/2490/4402 1777/2502/4403 1776/2501/4404 1764/2489/4405
f 1754/2480/4406 1766/2492/4407 1777/2502/4408 1765/2490/4409
f 1767/2491/4410 1779/2503/4411 1778/2504/4412 1766/2492/4413
f 1768/2540/4414 1780/2538/4415 1779/2503/4416 1767/2491/4417
f 1769/2494/4418 1781/2506/4419 1780/2505/4420 1768/2493/4421
f 1770/2495/4422 1782/2507/4423 1781/2506/4424 1769/2494/4425
f 1771/2496/4426 1783/2508/4427 1782/2507/4428 1770/2495/4429
f 1772/2497/4430 1784/2509/4431 1783/2508/4432 1771/2496/4433
f 1773/2498/4434 1785/2510/4435 1784/2509/4436 1772/2497/4437
f 1774/2539/4438 1786/2537/4439 1785/2510/4440 1773/2498/4441
f 1775/2500/4442 1787/2512/4443 1786/2511/4444 1774/2499/4445
f 1776/2501/4446 1788/2513/4447 1787/2512/4448 1775/2500/4449
f 1777/2502/4450 1789/2514/4451 1788/2513/4452 1776/2501/4453
f 1766/2492/4454 1778/2504/4455 1789/2514/4456 1777/2502/4457
f 1779/2503/4458 1791/2515/4459 1790/2516/4460 1778/2504/4461
f 1780/2538/4462 1792/2530/4463 1791/2515/4464 1779/2503/4465
f 1781/2506/4466 1793/2518/4467 1792/2517/4468 1780/2505/4469
f 1782/2507/4470 1794/2519/4471 1793/2518/4472 1781/2506/4473
f 1783/2508/4474 1795/2520/4475 1794/2519/4476 1782/2507/4477
f 1784/2509/4478 1796/2521/4479 1795/2520/4480 1783/2508/4481
f 1785/2510/4482 1797/2522/4483 1796/2521/4484 1784/2509/4485
f 1786/2537/4486 1798/2532/4487 1797/2522/4488 1785/2510/4489
f 1787/2512/4490 1799/2524/4491 1798/2523/4492 1786/2511/4493
f 1788/2513/4494 1800/2525/4495 1799/2524/4496 1787/2512/4497
f 1789/2514/4498 1801/2526/4499 1800/2525/4500 1788/2513/4501
f 1778/2504/4502 1790/2516/4503 1801/2526/4504 1789/2514/4505
s 175
f 1803/2389/4012 1676/2407/4506 1675/2405/4507 1802/2388/4013
s 176
f 1804/2390/4014 1677/2409/4508 1676/2407/4509 1803/2389/4015
s 177
f 1805/2535/4016 1678/2411/4510 1677/2409/4511 1804/2390/4017
s 178
f 1806/2392/4018 1679/2413/4512 1678/2536/4513 1805/2391/4019
s 179
f 1807/2393/4020 1680/2415/4514 1679/2413/4515 1806/2392/4021
s 180
f 1808/2394/4022 1681/2417/4516 1680/2415/4517 1807/2393/4023
s 181
f 1809/2384/4024 1670/2398/4518 1681/2417/4519 1808/2394/4025
s 170
f 1810/2383/4002 1671/2395/4520 1670/2398/4521 1809/2384/4003
s 171
f 1811/2533/4004 1672/2399/4522 1671/2395/4523 1810/2383/4005
s 172
f 1812/2386/4006 1673/2401/4524 1672/2534/4525 1811/2385/4007
s 173
f 1813/2387/4008 1674/2403/4526 1673/2401/4527 1812/2386/4009
s 174
f 1802/2388/4010 1675/2405/4528 1674/2403/4529 1813/2387/4011
s 182
f 1795/2520/4530 1796/2521/4531 1797/2522/4532 1814/2527/4533
f 1814/2527/4533 1797/2522/4532 1798/2532/4534 1815/2531/4535
f 1815/2528/4535 1798/2523/4534 1799/2524/4536 1816/2529/4537
f 1816/2529/4537 1799/2524/4536 1800/2525/4538 1801/2526/4539
f 1793/2518/4540 1794/2519/4541 1795/2520/4530 1814/2527/4533
f 1792/2517/4542 1793/2518/4540 1814/2527/4533 1815/2531/4535
f 1791/2515/4543 1792/2530/4542 1815/2528/4535 1816/2529/4537
f 1791/2515/4543 1816/2529/4537 1801/2526/4539 1790/2516/4544
s 183
f 1817/2691/4545 1818/2692/4546 1830/2693/4547 1829/2716/4548
f 1818/2692/4546 1819/2694/4549 1831/2695/4550 1830/2693/4547
f 1819/2694/4549 1820/2696/4551 1832/2697/4552 1831/2695/4550
f 1820/2696/4551 1821/2698/4553 1833/2699/4554 1832/2697/4552
f 1821/2698/4553 1822/2700/4555 1834/2701/4556 1833/2699/4554
f 1822/2700/4555 1823/2702/4557 1835/2703/4558 1834/2701/4556
f 1823/2702/4557 1824/2704/4559 1836/2705/4560 1835/2703/4558
f 1824/2704/4559 1825/2706/4561 1837/2707/4562 1836/2705/4560
f 1825/2706/4561 1826/2708/4563 1838/2709/4564 1837/2707/4562
f 1826/2708/4563 1827/2710/4565 1839/2711/4566 1838/2709/4564
f 1827/2713/4565 1828/2712/4567 1840/2714/4568 1839/2715/4566
f 1828/2712/4567 1817/2691/4545 1829/2716/4548 1840/2714/4568
s 184
f 1829/2614/4569 1830/2615/4570 1842/2616/4571 1841/2617/4572
f 1830/2615/4570 1831/2618/4573 1843/2619/4574 1842/2616/4571
f 1831/2618/4573 1832/2620/4575 1844/2621/4576 1843/2619/4574
f 1832/2620/4575 1833/2622/4577 1845/2623/4578 1844/2621/4576
f 1833/2622/4577 1834/2624/4579 1846/2625/4580 1845/2623/4578
f 1834/2624/4579 1835/2626/4581 1847/2627/4582 1846/2625/4580
f 1835/2626/4581 1836/2628/4583 1848/2629/4584 1847/2627/4582
f 1836/2628/4583 1837/2630/4585 1849/2631/4586 1848/2629/4584
f 1837/2630/4585 1838/2632/4587 1850/2633/4588 1849/2631/4586
f 1838/2632/4587 1839/2634/4589 1851/2635/4590 1850/2633/4588
f 1839/2634/4589 1840/2636/4591 1852/2637/4592 1851/2635/4590
f 1840/2636/4591 1829/2614/4569 1841/2617/4572 1852/2637/4592
s off
f 1841/2690/4593 1842/2665/4594 1854/2666/4595 1853/2689/4596
f 1842/2665/4597 1843/2667/4598 1855/2668/4599 1854/2666/4600
f 1843/2667/4601 1844/2669/4602 1856/2670/4603 1855/2668/4604
f 1844/2669/4605 1845/2671/4606 1857/2672/4607 1856/2670/4608
f 1845/2671/4609 1846/2673/4610 1858/2674/4611 1857/2672/4612
f 1846/2673/4613 1847/2675/4614 1859/2676/4615 1858/2674/4616
f 1847/2675/4617 1848/2677/4618 1860/2678/4619 1859/2676/4620
f 1848/2677/4621 1849/2679/4622 1861/2680/4623 1860/2678/4624
f 1849/2679/4625 1850/2681/4626 1862/2682/4627 1861/2680/4628
f 1850/2681/4629 1851/2683/4630 1863/2684/4631 1862/2682/4632
f 1851/2685/4633 1852/2686/4634 1864/2687/4635 1863/2688/4636
f 1852/2686/4637 1841/2690/4638 1853/2689/4639 1864/2687/4640
s 185
f 1853/2639/4641 1854/2638/4642 1866/2650/4643 1865/2651/4644
f 1854/2638/4642 1855/2640/4645 1867/2652/4646 1866/2650/4643
f 1855/2640/4645 1856/2641/4647 1868/2653/4648 1867/2652/4646
f 1856/2641/4647 1857/2642/4649 1869/2654/4650 1868/2653/4648
f 1857/2642/4649 1858/2643/4651 1870/2655/4652 1869/2654/4650
f 1858/2643/4651 1859/2644/4653 1871/2656/4654 1870/2655/4652
f 1859/2644/4653 1860/2645/4655 1872/2657/4656 1871/2656/4654
f 1860/2645/4655 1861/2646/4657 1873/2658/4658 1872/2657/4656
f 1861/2646/4657 1862/2647/4659 1874/2659/4660 1873/2658/4658
f 1862/2647/4659 1863/2648/4661 1875/2660/4662 1874/2659/4660
f 1863/2648/4661 1864/2649/4663 1876/2661/4664 1875/2660/4662
f 1864/2649/4663 1853/2639/4641 1865/2651/4644 1876/2661/4664
f 1865/2651/4644 1877/2662/4665 1878/2663/4666 1876/2661/4664
f 1875/2660/4662 1879/2664/4667 1873/2658/4658 1874/2659/4660
f 1876/2661/4664 1878/2663/4666 1879/2664/4667 1875/2660/4662
f 1866/2650/4643 1867/2652/4646 1877/2662/4665 1865/2651/4644
f 1877/2662/4665 1867/2652/4646 1868/2653/4648 1869/2654/4650
f 1878/2663/4666 1877/2662/4665 1869/2654/4650 1870/2655/4652
f 1879/2664/4667 1878/2663/4666 1870/2655/4652 1871/2656/4654
f 1873/2658/4658 1879/2664/4667 1871/2656/4654 1872/2657/4656
