Using pre-set license
Built from '2022.3/staging' branch; Version is '2022.3.43f1 (85497d293fa1) revision 8735101'; Using compiler version '192829333'; Build Type 'Release'
OS: 'Windows 11  (10.0.26100) 64bit CoreSingleLanguage' Language: 'en' Physical Memory: 16052 MB
BatchMode: 1, IsHumanControllingUs: 0, StartBugReporterOnCrash: 0, Is64bit: 1, IsPro: 1

COMMAND LINE ARGUMENTS:
C:\Program Files\Unity\Hub\Editor\2022.3.43f1\Editor\Unity.exe
-adb2
-batchMode
-noUpm
-name
AssetImportWorker4
-projectPath
C:/Game/Bhooo/Unanswered-Cries
-logFile
Logs/AssetImportWorker4.log
-srvPort
61761
Successfully changed project path to: C:/Game/Bhooo/Unanswered-Cries
C:/Game/Bhooo/Unanswered-Cries
[UnityMemory] Configuration Parameters - Can be set up in boot.config
    "memorysetup-bucket-allocator-granularity=16"
    "memorysetup-bucket-allocator-bucket-count=8"
    "memorysetup-bucket-allocator-block-size=33554432"
    "memorysetup-bucket-allocator-block-count=8"
    "memorysetup-main-allocator-block-size=16777216"
    "memorysetup-thread-allocator-block-size=16777216"
    "memorysetup-gfx-main-allocator-block-size=16777216"
    "memorysetup-gfx-thread-allocator-block-size=16777216"
    "memorysetup-cache-allocator-block-size=4194304"
    "memorysetup-typetree-allocator-block-size=2097152"
    "memorysetup-profiler-bucket-allocator-granularity=16"
    "memorysetup-profiler-bucket-allocator-bucket-count=8"
    "memorysetup-profiler-bucket-allocator-block-size=33554432"
    "memorysetup-profiler-bucket-allocator-block-count=8"
    "memorysetup-profiler-allocator-block-size=16777216"
    "memorysetup-profiler-editor-allocator-block-size=1048576"
    "memorysetup-temp-allocator-size-main=16777216"
    "memorysetup-job-temp-allocator-block-size=2097152"
    "memorysetup-job-temp-allocator-block-size-background=1048576"
    "memorysetup-job-temp-allocator-reduction-small-platforms=262144"
    "memorysetup-allocator-temp-initial-block-size-main=262144"
    "memorysetup-allocator-temp-initial-block-size-worker=262144"
    "memorysetup-temp-allocator-size-background-worker=32768"
    "memorysetup-temp-allocator-size-job-worker=262144"
    "memorysetup-temp-allocator-size-preload-manager=33554432"
    "memorysetup-temp-allocator-size-nav-mesh-worker=65536"
    "memorysetup-temp-allocator-size-audio-worker=65536"
    "memorysetup-temp-allocator-size-cloud-worker=32768"
    "memorysetup-temp-allocator-size-gi-baking-worker=262144"
    "memorysetup-temp-allocator-size-gfx=262144"
Player connection [34372]  Target information:

Player connection [34372]  * "[IP] 192.168.1.237 [Port] 0 [Flags] 2 [Guid] 1214835872 [EditorId] 1214835872 [Version] 1048832 [Id] WindowsEditor(7,MRVICTUS) [Debug] 1 [PackageName] WindowsEditor [ProjectName] Editor" 

Player connection [34372] Host joined multi-casting on [225.0.0.222:54997]...
Player connection [34372] Host joined alternative multi-casting on [225.0.0.222:34997]...
[PhysX] Initialized MultithreadedTaskDispatcher with 12 workers.
Refreshing native plugins compatible for Editor in 6.93 ms, found 3 plugins.
Preloading 0 native plugins for Editor in 0.00 ms.
Initialize engine version: 2022.3.43f1 (85497d293fa1)
[Subsystems] Discovering subsystems at path C:/Program Files/Unity/Hub/Editor/2022.3.43f1/Editor/Data/Resources/UnitySubsystems
[Subsystems] Discovering subsystems at path C:/Game/Bhooo/Unanswered-Cries/Assets
GfxDevice: creating device client; threaded=0; jobified=0
Direct3D:
    Version:  Direct3D 11.0 [level 11.1]
    Renderer: NVIDIA GeForce RTX 3050 Laptop GPU (ID=0x25a2)
    Vendor:   NVIDIA
    VRAM:     3964 MB
    Driver:   32.0.15.7602
Initialize mono
Mono path[0] = 'C:/Program Files/Unity/Hub/Editor/2022.3.43f1/Editor/Data/Managed'
Mono path[1] = 'C:/Program Files/Unity/Hub/Editor/2022.3.43f1/Editor/Data/MonoBleedingEdge/lib/mono/unityjit-win32'
Mono config path = 'C:/Program Files/Unity/Hub/Editor/2022.3.43f1/Editor/Data/MonoBleedingEdge/etc'
Using monoOptions --debugger-agent=transport=dt_socket,embedding=1,server=y,suspend=n,address=127.0.0.1:56324
Begin MonoManager ReloadAssembly
Registering precompiled unity dll's ...
Register platform support module: C:/Program Files/Unity/Hub/Editor/2022.3.43f1/Editor/Data/PlaybackEngines/WebGLSupport/UnityEditor.WebGL.Extensions.dll
Register platform support module: C:/Program Files/Unity/Hub/Editor/2022.3.43f1/Editor/Data/PlaybackEngines/WindowsStandaloneSupport/UnityEditor.WindowsStandalone.Extensions.dll
Registered in 0.012229 seconds.
- Loaded All Assemblies, in  0.377 seconds
Native extension for WindowsStandalone target not found
Native extension for WebGL target not found
Mono: successfully reloaded assembly
- Finished resetting the current domain, in  0.302 seconds
Domain Reload Profiling: 678ms
	BeginReloadAssembly (93ms)
		ExecutionOrderSort (0ms)
		DisableScriptedObjects (0ms)
		BackupInstance (0ms)
		ReleaseScriptingObjects (0ms)
		CreateAndSetChildDomain (1ms)
	RebuildCommonClasses (43ms)
	RebuildNativeTypeToScriptingClass (13ms)
	initialDomainReloadingComplete (71ms)
	LoadAllAssembliesAndSetupDomain (156ms)
		LoadAssemblies (91ms)
		RebuildTransferFunctionScriptingTraits (0ms)
		AnalyzeDomain (154ms)
			TypeCache.Refresh (152ms)
				TypeCache.ScanAssembly (139ms)
			ScanForSourceGeneratedMonoScriptInfo (0ms)
			ResolveRequiredComponents (0ms)
	FinalizeReload (303ms)
		ReleaseScriptCaches (0ms)
		RebuildScriptCaches (0ms)
		SetupLoadedEditorAssemblies (253ms)
			LogAssemblyErrors (0ms)
			InitializePlatformSupportModulesInManaged (13ms)
			SetLoadedEditorAssemblies (7ms)
			RefreshPlugins (0ms)
			BeforeProcessingInitializeOnLoad (2ms)
			ProcessInitializeOnLoadAttributes (176ms)
			ProcessInitializeOnLoadMethodAttributes (55ms)
			AfterProcessingInitializeOnLoad (0ms)
			EditorAssembliesLoaded (0ms)
		ExecutionOrderSort2 (0ms)
		AwakeInstancesAfterBackupRestoration (0ms)
========================================================================
Worker process is ready to serve import requests
Caller must complete domain reload
Begin MonoManager ReloadAssembly
- Loaded All Assemblies, in  0.667 seconds
Native extension for WindowsStandalone target not found
Native extension for WebGL target not found
Mono: successfully reloaded assembly
- Finished resetting the current domain, in  0.612 seconds
Domain Reload Profiling: 1276ms
	BeginReloadAssembly (159ms)
		ExecutionOrderSort (0ms)
		DisableScriptedObjects (6ms)
		BackupInstance (0ms)
		ReleaseScriptingObjects (0ms)
		CreateAndSetChildDomain (22ms)
	RebuildCommonClasses (35ms)
	RebuildNativeTypeToScriptingClass (10ms)
	initialDomainReloadingComplete (48ms)
	LoadAllAssembliesAndSetupDomain (412ms)
		LoadAssemblies (316ms)
		RebuildTransferFunctionScriptingTraits (0ms)
		AnalyzeDomain (190ms)
			TypeCache.Refresh (167ms)
				TypeCache.ScanAssembly (153ms)
			ScanForSourceGeneratedMonoScriptInfo (16ms)
			ResolveRequiredComponents (5ms)
	FinalizeReload (613ms)
		ReleaseScriptCaches (0ms)
		RebuildScriptCaches (0ms)
		SetupLoadedEditorAssemblies (461ms)
			LogAssemblyErrors (0ms)
			InitializePlatformSupportModulesInManaged (10ms)
			SetLoadedEditorAssemblies (4ms)
			RefreshPlugins (0ms)
			BeforeProcessingInitializeOnLoad (62ms)
			ProcessInitializeOnLoadAttributes (355ms)
			ProcessInitializeOnLoadMethodAttributes (24ms)
			AfterProcessingInitializeOnLoad (7ms)
			EditorAssembliesLoaded (0ms)
		ExecutionOrderSort2 (0ms)
		AwakeInstancesAfterBackupRestoration (8ms)
Launched and connected shader compiler UnityShaderCompiler.exe after 0.05 seconds
Refreshing native plugins compatible for Editor in 6.99 ms, found 3 plugins.
Preloading 0 native plugins for Editor in 0.00 ms.
Unloading 3138 Unused Serialized files (Serialized files now loaded: 0)
Unloading 19 unused Assets / (54.7 KB). Loaded Objects now: 3628.
Memory consumption went from 205.7 MB to 205.6 MB.
Total: 4.616900 ms (FindLiveObjects: 0.233200 ms CreateObjectMapping: 0.140700 ms MarkObjects: 4.096800 ms  DeleteObjects: 0.144500 ms)

AssetImportParameters requested are different than current active one (requested -> active):
  custom:container-demuxer-ogg: 62fdf1f143b41e24485cea50d1cbac27 -> 
  custom:video-decoder-ogg-theora: a1e56fd34408186e4bbccfd4996cb3dc -> 
  custom:framework-win-MediaFoundation: 216162199b28c13a410421893ffa2e32 -> 
  custom:CustomObjectIndexerAttribute: 9a22284fe3817be447336de3de66b15e -> 
  custom:container-demuxer-webm: 4f35f7cbe854078d1ac9338744f61a02 -> 
  custom:container-muxer-webm: aa71ff27fc2769a1b78a27578f13a17b -> 
  custom:video-decoder-webm-vp8: 9c59270c3fd7afecdb556c50c9e8de78 -> 
  custom:SearchIndexIgnoredProperties: e643bd26f0fe6173181afceb89e7c659 -> 
  custom:AudioImporter_EditorPlatform: d09bf68614088b80899f8185d706f6e7 -> 
  custom:video-encoder-webm-vp8: eb34c28f22e8b96e1ab97ce403110664 -> 
  custom:audio-decoder-ogg-vorbis: bf7c407c2cedff20999df2af8eb42d56 -> 
  custom:audio-encoder-webm-vorbis: bf7c407c2cedff20999df2af8eb42d56 -> 
========================================================================
Received Import Request.
  Time since last request: 71858.172232 seconds.
  path: Assets/Main Menu/texture/Materials
  artifactKey: Guid(3149e3e7a80438b409c1f46c2dc62a7a) Importer(815301076,1909f56bfc062723c751e8b465ee728b)
Start importing Assets/Main Menu/texture/Materials using Guid(3149e3e7a80438b409c1f46c2dc62a7a) Importer(815301076,1909f56bfc062723c751e8b465ee728b) [PhysX] Initialized MultithreadedTaskDispatcher with 12 workers.
 -> (artifact id: 'd927887a7de855daace3a67167716e7d') in 0.004550 seconds
Number of updated asset objects reloaded before import = 0
Number of asset objects unloaded after import = 0
========================================================================
Received Import Request.
  Time since last request: 0.057274 seconds.
  path: Assets/Main Menu/texture/Materials/bhoot texture.mat
  artifactKey: Guid(97f79ae8c92ea5841899c227479d82fc) Importer(815301076,1909f56bfc062723c751e8b465ee728b)
Start importing Assets/Main Menu/texture/Materials/bhoot texture.mat using Guid(97f79ae8c92ea5841899c227479d82fc) Importer(815301076,1909f56bfc062723c751e8b465ee728b) [PhysX] Initialized MultithreadedTaskDispatcher with 12 workers.
[PhysX] Initialized MultithreadedTaskDispatcher with 12 workers.
 -> (artifact id: 'b819069eb9de45fd0a55e7f06907dd64') in 0.129147 seconds
Number of updated asset objects reloaded before import = 0
Number of asset objects unloaded after import = 2
========================================================================
Received Import Request.
  Time since last request: 2.485415 seconds.
  path: Assets/Main Menu/texture/Materials/bhoot texture.mat
  artifactKey: Guid(97f79ae8c92ea5841899c227479d82fc) Importer(815301076,1909f56bfc062723c751e8b465ee728b)
Start importing Assets/Main Menu/texture/Materials/bhoot texture.mat using Guid(97f79ae8c92ea5841899c227479d82fc) Importer(815301076,1909f56bfc062723c751e8b465ee728b) [PhysX] Initialized MultithreadedTaskDispatcher with 12 workers.
[PhysX] Initialized MultithreadedTaskDispatcher with 12 workers.
 -> (artifact id: 'afe114cc08023a181dfb80bd61830231') in 0.024150 seconds
Number of updated asset objects reloaded before import = 0
Number of asset objects unloaded after import = 2
========================================================================
Received Prepare
Caller must complete domain reload
Begin MonoManager ReloadAssembly
- Loaded All Assemblies, in  0.381 seconds
Native extension for WindowsStandalone target not found
Native extension for WebGL target not found
Mono: successfully reloaded assembly
- Finished resetting the current domain, in  0.932 seconds
Domain Reload Profiling: 1311ms
	BeginReloadAssembly (140ms)
		ExecutionOrderSort (0ms)
		DisableScriptedObjects (3ms)
		BackupInstance (0ms)
		ReleaseScriptingObjects (0ms)
		CreateAndSetChildDomain (32ms)
	RebuildCommonClasses (28ms)
	RebuildNativeTypeToScriptingClass (8ms)
	initialDomainReloadingComplete (26ms)
	LoadAllAssembliesAndSetupDomain (176ms)
		LoadAssemblies (238ms)
		RebuildTransferFunctionScriptingTraits (0ms)
		AnalyzeDomain (14ms)
			TypeCache.Refresh (6ms)
				TypeCache.ScanAssembly (0ms)
			ScanForSourceGeneratedMonoScriptInfo (0ms)
			ResolveRequiredComponents (6ms)
	FinalizeReload (932ms)
		ReleaseScriptCaches (0ms)
		RebuildScriptCaches (0ms)
		SetupLoadedEditorAssemblies (434ms)
			LogAssemblyErrors (0ms)
			InitializePlatformSupportModulesInManaged (10ms)
			SetLoadedEditorAssemblies (4ms)
			RefreshPlugins (0ms)
			BeforeProcessingInitializeOnLoad (64ms)
			ProcessInitializeOnLoadAttributes (321ms)
			ProcessInitializeOnLoadMethodAttributes (26ms)
			AfterProcessingInitializeOnLoad (9ms)
			EditorAssembliesLoaded (0ms)
		ExecutionOrderSort2 (0ms)
		AwakeInstancesAfterBackupRestoration (8ms)
Refreshing native plugins compatible for Editor in 6.52 ms, found 3 plugins.
Preloading 0 native plugins for Editor in 0.00 ms.
Unloading 3117 Unused Serialized files (Serialized files now loaded: 0)
Unloading 14 unused Assets / (28.6 KB). Loaded Objects now: 3672.
Memory consumption went from 206.3 MB to 206.3 MB.
Total: 3.600800 ms (FindLiveObjects: 0.241700 ms CreateObjectMapping: 0.158500 ms MarkObjects: 3.112400 ms  DeleteObjects: 0.086800 ms)

Prepare: number of updated asset objects reloaded= 0
AssetImportParameters requested are different than current active one (requested -> active):
  custom:container-demuxer-ogg: 62fdf1f143b41e24485cea50d1cbac27 -> 
  custom:video-decoder-ogg-theora: a1e56fd34408186e4bbccfd4996cb3dc -> 
  custom:framework-win-MediaFoundation: 216162199b28c13a410421893ffa2e32 -> 
  custom:CustomObjectIndexerAttribute: 9a22284fe3817be447336de3de66b15e -> 
  custom:container-demuxer-webm: 4f35f7cbe854078d1ac9338744f61a02 -> 
  custom:container-muxer-webm: aa71ff27fc2769a1b78a27578f13a17b -> 
  custom:video-decoder-webm-vp8: 9c59270c3fd7afecdb556c50c9e8de78 -> 
  custom:SearchIndexIgnoredProperties: e643bd26f0fe6173181afceb89e7c659 -> 
  custom:AudioImporter_EditorPlatform: d09bf68614088b80899f8185d706f6e7 -> 
  custom:video-encoder-webm-vp8: eb34c28f22e8b96e1ab97ce403110664 -> 
  custom:audio-decoder-ogg-vorbis: bf7c407c2cedff20999df2af8eb42d56 -> 
  custom:audio-encoder-webm-vorbis: bf7c407c2cedff20999df2af8eb42d56 -> 
========================================================================
Received Prepare
Caller must complete domain reload
Begin MonoManager ReloadAssembly
- Loaded All Assemblies, in  0.383 seconds
Native extension for WindowsStandalone target not found
Native extension for WebGL target not found
Mono: successfully reloaded assembly
- Finished resetting the current domain, in  0.928 seconds
Domain Reload Profiling: 1309ms
	BeginReloadAssembly (131ms)
		ExecutionOrderSort (0ms)
		DisableScriptedObjects (5ms)
		BackupInstance (0ms)
		ReleaseScriptingObjects (0ms)
		CreateAndSetChildDomain (23ms)
	RebuildCommonClasses (28ms)
	RebuildNativeTypeToScriptingClass (9ms)
	initialDomainReloadingComplete (26ms)
	LoadAllAssembliesAndSetupDomain (186ms)
		LoadAssemblies (249ms)
		RebuildTransferFunctionScriptingTraits (0ms)
		AnalyzeDomain (12ms)
			TypeCache.Refresh (5ms)
				TypeCache.ScanAssembly (0ms)
			ScanForSourceGeneratedMonoScriptInfo (0ms)
			ResolveRequiredComponents (4ms)
	FinalizeReload (929ms)
		ReleaseScriptCaches (0ms)
		RebuildScriptCaches (0ms)
		SetupLoadedEditorAssemblies (405ms)
			LogAssemblyErrors (0ms)
			InitializePlatformSupportModulesInManaged (9ms)
			SetLoadedEditorAssemblies (3ms)
			RefreshPlugins (0ms)
			BeforeProcessingInitializeOnLoad (63ms)
			ProcessInitializeOnLoadAttributes (298ms)
			ProcessInitializeOnLoadMethodAttributes (22ms)
			AfterProcessingInitializeOnLoad (9ms)
			EditorAssembliesLoaded (0ms)
		ExecutionOrderSort2 (0ms)
		AwakeInstancesAfterBackupRestoration (7ms)
Refreshing native plugins compatible for Editor in 5.37 ms, found 3 plugins.
Preloading 0 native plugins for Editor in 0.00 ms.
Unloading 3118 Unused Serialized files (Serialized files now loaded: 0)
Unloading 14 unused Assets / (28.5 KB). Loaded Objects now: 3675.
Memory consumption went from 206.5 MB to 206.5 MB.
Total: 4.189400 ms (FindLiveObjects: 0.272600 ms CreateObjectMapping: 0.179400 ms MarkObjects: 3.657300 ms  DeleteObjects: 0.078300 ms)

Prepare: number of updated asset objects reloaded= 0
AssetImportParameters requested are different than current active one (requested -> active):
  custom:container-demuxer-ogg: 62fdf1f143b41e24485cea50d1cbac27 -> 
  custom:video-decoder-ogg-theora: a1e56fd34408186e4bbccfd4996cb3dc -> 
  custom:framework-win-MediaFoundation: 216162199b28c13a410421893ffa2e32 -> 
  custom:CustomObjectIndexerAttribute: 9a22284fe3817be447336de3de66b15e -> 
  custom:container-demuxer-webm: 4f35f7cbe854078d1ac9338744f61a02 -> 
  custom:container-muxer-webm: aa71ff27fc2769a1b78a27578f13a17b -> 
  custom:video-decoder-webm-vp8: 9c59270c3fd7afecdb556c50c9e8de78 -> 
  custom:SearchIndexIgnoredProperties: e643bd26f0fe6173181afceb89e7c659 -> 
  custom:AudioImporter_EditorPlatform: d09bf68614088b80899f8185d706f6e7 -> 
  custom:video-encoder-webm-vp8: eb34c28f22e8b96e1ab97ce403110664 -> 
  custom:audio-decoder-ogg-vorbis: bf7c407c2cedff20999df2af8eb42d56 -> 
  custom:audio-encoder-webm-vorbis: bf7c407c2cedff20999df2af8eb42d56 -> 
========================================================================
Received Import Request.
  Time since last request: 376.304548 seconds.
  path: Assets/Main Menu/Scripts
  artifactKey: Guid(62e3557359921e44ea905ca6babc31cf) Importer(815301076,1909f56bfc062723c751e8b465ee728b)
Start importing Assets/Main Menu/Scripts using Guid(62e3557359921e44ea905ca6babc31cf) Importer(815301076,1909f56bfc062723c751e8b465ee728b) [PhysX] Initialized MultithreadedTaskDispatcher with 12 workers.
 -> (artifact id: '98236f44ad96cc3ce1ddbc9a70c64317') in 0.002407 seconds
Number of updated asset objects reloaded before import = 0
Number of asset objects unloaded after import = 0
========================================================================
Received Import Request.
  Time since last request: 6.627481 seconds.
  path: Assets/Main Menu/Scripts/Skybox.cs
  artifactKey: Guid(c4aa2887bd1370648ad7535e635bc197) Importer(815301076,1909f56bfc062723c751e8b465ee728b)
Start importing Assets/Main Menu/Scripts/Skybox.cs using Guid(c4aa2887bd1370648ad7535e635bc197) Importer(815301076,1909f56bfc062723c751e8b465ee728b) [PhysX] Initialized MultithreadedTaskDispatcher with 12 workers.
 -> (artifact id: 'e53a62c05fdcb6252fca449e31ebdfa4') in 0.000620 seconds
Number of updated asset objects reloaded before import = 0
Number of asset objects unloaded after import = 0
========================================================================
Received Prepare
Caller must complete domain reload
Begin MonoManager ReloadAssembly
- Loaded All Assemblies, in  1.516 seconds
Native extension for WindowsStandalone target not found
Native extension for WebGL target not found
Mono: successfully reloaded assembly
- Finished resetting the current domain, in  1.733 seconds
Domain Reload Profiling: 3213ms
	BeginReloadAssembly (491ms)
		ExecutionOrderSort (0ms)
		DisableScriptedObjects (12ms)
		BackupInstance (0ms)
		ReleaseScriptingObjects (0ms)
		CreateAndSetChildDomain (105ms)
	RebuildCommonClasses (133ms)
	RebuildNativeTypeToScriptingClass (25ms)
	initialDomainReloadingComplete (289ms)
	LoadAllAssembliesAndSetupDomain (540ms)
		LoadAssemblies (806ms)
		RebuildTransferFunctionScriptingTraits (0ms)
		AnalyzeDomain (41ms)
			TypeCache.Refresh (14ms)
				TypeCache.ScanAssembly (0ms)
			ScanForSourceGeneratedMonoScriptInfo (14ms)
			ResolveRequiredComponents (11ms)
	FinalizeReload (1733ms)
		ReleaseScriptCaches (0ms)
		RebuildScriptCaches (0ms)
		SetupLoadedEditorAssemblies (640ms)
			LogAssemblyErrors (0ms)
			InitializePlatformSupportModulesInManaged (17ms)
			SetLoadedEditorAssemblies (5ms)
			RefreshPlugins (0ms)
			BeforeProcessingInitializeOnLoad (97ms)
			ProcessInitializeOnLoadAttributes (470ms)
			ProcessInitializeOnLoadMethodAttributes (33ms)
			AfterProcessingInitializeOnLoad (18ms)
			EditorAssembliesLoaded (0ms)
		ExecutionOrderSort2 (0ms)
		AwakeInstancesAfterBackupRestoration (14ms)
Refreshing native plugins compatible for Editor in 8.12 ms, found 3 plugins.
Preloading 0 native plugins for Editor in 0.00 ms.
Unloading 3118 Unused Serialized files (Serialized files now loaded: 0)
Unloading 14 unused Assets / (28.5 KB). Loaded Objects now: 3679.
Memory consumption went from 206.3 MB to 206.3 MB.
Total: 3.539500 ms (FindLiveObjects: 0.323500 ms CreateObjectMapping: 0.130300 ms MarkObjects: 3.025800 ms  DeleteObjects: 0.058200 ms)

Prepare: number of updated asset objects reloaded= 0
AssetImportParameters requested are different than current active one (requested -> active):
  custom:container-demuxer-ogg: 62fdf1f143b41e24485cea50d1cbac27 -> 
  custom:video-decoder-ogg-theora: a1e56fd34408186e4bbccfd4996cb3dc -> 
  custom:framework-win-MediaFoundation: 216162199b28c13a410421893ffa2e32 -> 
  custom:CustomObjectIndexerAttribute: 9a22284fe3817be447336de3de66b15e -> 
  custom:container-demuxer-webm: 4f35f7cbe854078d1ac9338744f61a02 -> 
  custom:container-muxer-webm: aa71ff27fc2769a1b78a27578f13a17b -> 
  custom:video-decoder-webm-vp8: 9c59270c3fd7afecdb556c50c9e8de78 -> 
  custom:SearchIndexIgnoredProperties: e643bd26f0fe6173181afceb89e7c659 -> 
  custom:AudioImporter_EditorPlatform: d09bf68614088b80899f8185d706f6e7 -> 
  custom:scripting/monoscript/fileName/Skybox.cs: 7a92012409d1e21523969b0afbaf81c6 -> 
  custom:video-encoder-webm-vp8: eb34c28f22e8b96e1ab97ce403110664 -> 
  custom:audio-decoder-ogg-vorbis: bf7c407c2cedff20999df2af8eb42d56 -> 
  custom:audio-encoder-webm-vorbis: bf7c407c2cedff20999df2af8eb42d56 -> 
  custom:scripting/precompiled-assembly-types:Assembly-CSharp: 78dca2ed88e127a3d1be3c877313df0d -> b5609ffa9375a1719a4b9b879c420584
========================================================================
Received Prepare
Caller must complete domain reload
Begin MonoManager ReloadAssembly
- Loaded All Assemblies, in  0.764 seconds
Native extension for WindowsStandalone target not found
Native extension for WebGL target not found
Mono: successfully reloaded assembly
- Finished resetting the current domain, in  1.285 seconds
Domain Reload Profiling: 2042ms
	BeginReloadAssembly (232ms)
		ExecutionOrderSort (0ms)
		DisableScriptedObjects (8ms)
		BackupInstance (0ms)
		ReleaseScriptingObjects (0ms)
		CreateAndSetChildDomain (37ms)
	RebuildCommonClasses (50ms)
	RebuildNativeTypeToScriptingClass (17ms)
	initialDomainReloadingComplete (55ms)
	LoadAllAssembliesAndSetupDomain (401ms)
		LoadAssemblies (519ms)
		RebuildTransferFunctionScriptingTraits (0ms)
		AnalyzeDomain (21ms)
			TypeCache.Refresh (9ms)
				TypeCache.ScanAssembly (0ms)
			ScanForSourceGeneratedMonoScriptInfo (0ms)
			ResolveRequiredComponents (9ms)
	FinalizeReload (1286ms)
		ReleaseScriptCaches (0ms)
		RebuildScriptCaches (0ms)
		SetupLoadedEditorAssemblies (382ms)
			LogAssemblyErrors (0ms)
			InitializePlatformSupportModulesInManaged (8ms)
			SetLoadedEditorAssemblies (3ms)
			RefreshPlugins (0ms)
			BeforeProcessingInitializeOnLoad (53ms)
			ProcessInitializeOnLoadAttributes (287ms)
			ProcessInitializeOnLoadMethodAttributes (22ms)
			AfterProcessingInitializeOnLoad (9ms)
			EditorAssembliesLoaded (0ms)
		ExecutionOrderSort2 (0ms)
		AwakeInstancesAfterBackupRestoration (8ms)
Refreshing native plugins compatible for Editor in 5.33 ms, found 3 plugins.
Preloading 0 native plugins for Editor in 0.00 ms.
Unloading 3119 Unused Serialized files (Serialized files now loaded: 0)
Unloading 14 unused Assets / (28.5 KB). Loaded Objects now: 3682.
Memory consumption went from 206.6 MB to 206.5 MB.
Total: 3.441000 ms (FindLiveObjects: 0.311600 ms CreateObjectMapping: 0.212100 ms MarkObjects: 2.860400 ms  DeleteObjects: 0.055400 ms)

Prepare: number of updated asset objects reloaded= 0
AssetImportParameters requested are different than current active one (requested -> active):
  custom:container-demuxer-ogg: 62fdf1f143b41e24485cea50d1cbac27 -> 
  custom:video-decoder-ogg-theora: a1e56fd34408186e4bbccfd4996cb3dc -> 
  custom:framework-win-MediaFoundation: 216162199b28c13a410421893ffa2e32 -> 
  custom:CustomObjectIndexerAttribute: 9a22284fe3817be447336de3de66b15e -> 
  custom:container-demuxer-webm: 4f35f7cbe854078d1ac9338744f61a02 -> 
  custom:container-muxer-webm: aa71ff27fc2769a1b78a27578f13a17b -> 
  custom:video-decoder-webm-vp8: 9c59270c3fd7afecdb556c50c9e8de78 -> 
  custom:SearchIndexIgnoredProperties: e643bd26f0fe6173181afceb89e7c659 -> 
  custom:AudioImporter_EditorPlatform: d09bf68614088b80899f8185d706f6e7 -> 
  custom:scripting/monoscript/fileName/Skybox.cs: 7a92012409d1e21523969b0afbaf81c6 -> 
  custom:video-encoder-webm-vp8: eb34c28f22e8b96e1ab97ce403110664 -> 
  custom:audio-decoder-ogg-vorbis: bf7c407c2cedff20999df2af8eb42d56 -> 
  custom:audio-encoder-webm-vorbis: bf7c407c2cedff20999df2af8eb42d56 -> 
  custom:scripting/precompiled-assembly-types:Assembly-CSharp: 78dca2ed88e127a3d1be3c877313df0d -> b5609ffa9375a1719a4b9b879c420584
========================================================================
Received Import Request.
  Time since last request: 13.339685 seconds.
  path: Assets/Main Menu/Scripts/Skybox.cs
  artifactKey: Guid(c4aa2887bd1370648ad7535e635bc197) Importer(815301076,1909f56bfc062723c751e8b465ee728b)
Start importing Assets/Main Menu/Scripts/Skybox.cs using Guid(c4aa2887bd1370648ad7535e635bc197) Importer(815301076,1909f56bfc062723c751e8b465ee728b) [PhysX] Initialized MultithreadedTaskDispatcher with 12 workers.
 -> (artifact id: 'c1c2d1e7420b1ff13a345b7733cdb127') in 0.008032 seconds
Number of updated asset objects reloaded before import = 0
Number of asset objects unloaded after import = 0
========================================================================
Received Prepare
Caller must complete domain reload
Begin MonoManager ReloadAssembly
- Loaded All Assemblies, in  0.759 seconds
Native extension for WindowsStandalone target not found
Native extension for WebGL target not found
Mono: successfully reloaded assembly
- Finished resetting the current domain, in  1.474 seconds
Domain Reload Profiling: 2227ms
	BeginReloadAssembly (226ms)
		ExecutionOrderSort (0ms)
		DisableScriptedObjects (8ms)
		BackupInstance (0ms)
		ReleaseScriptingObjects (0ms)
		CreateAndSetChildDomain (36ms)
	RebuildCommonClasses (52ms)
	RebuildNativeTypeToScriptingClass (16ms)
	initialDomainReloadingComplete (52ms)
	LoadAllAssembliesAndSetupDomain (405ms)
		LoadAssemblies (511ms)
		RebuildTransferFunctionScriptingTraits (0ms)
		AnalyzeDomain (33ms)
			TypeCache.Refresh (12ms)
				TypeCache.ScanAssembly (0ms)
			ScanForSourceGeneratedMonoScriptInfo (10ms)
			ResolveRequiredComponents (9ms)
	FinalizeReload (1475ms)
		ReleaseScriptCaches (0ms)
		RebuildScriptCaches (0ms)
		SetupLoadedEditorAssemblies (505ms)
			LogAssemblyErrors (0ms)
			InitializePlatformSupportModulesInManaged (18ms)
			SetLoadedEditorAssemblies (4ms)
			RefreshPlugins (0ms)
			BeforeProcessingInitializeOnLoad (95ms)
			ProcessInitializeOnLoadAttributes (365ms)
			ProcessInitializeOnLoadMethodAttributes (16ms)
			AfterProcessingInitializeOnLoad (7ms)
			EditorAssembliesLoaded (0ms)
		ExecutionOrderSort2 (0ms)
		AwakeInstancesAfterBackupRestoration (7ms)
Refreshing native plugins compatible for Editor in 4.59 ms, found 3 plugins.
Preloading 0 native plugins for Editor in 0.00 ms.
Unloading 3118 Unused Serialized files (Serialized files now loaded: 0)
Unloading 14 unused Assets / (28.5 KB). Loaded Objects now: 3685.
Memory consumption went from 206.3 MB to 206.3 MB.
Total: 3.374100 ms (FindLiveObjects: 0.277500 ms CreateObjectMapping: 0.199300 ms MarkObjects: 2.842100 ms  DeleteObjects: 0.054000 ms)

Prepare: number of updated asset objects reloaded= 0
AssetImportParameters requested are different than current active one (requested -> active):
  custom:container-demuxer-ogg: 62fdf1f143b41e24485cea50d1cbac27 -> 
  custom:video-decoder-ogg-theora: a1e56fd34408186e4bbccfd4996cb3dc -> 
  custom:framework-win-MediaFoundation: 216162199b28c13a410421893ffa2e32 -> 
  custom:CustomObjectIndexerAttribute: 9a22284fe3817be447336de3de66b15e -> 
  custom:container-demuxer-webm: 4f35f7cbe854078d1ac9338744f61a02 -> 
  custom:container-muxer-webm: aa71ff27fc2769a1b78a27578f13a17b -> 
  custom:video-decoder-webm-vp8: 9c59270c3fd7afecdb556c50c9e8de78 -> 
  custom:SearchIndexIgnoredProperties: e643bd26f0fe6173181afceb89e7c659 -> 
  custom:AudioImporter_EditorPlatform: d09bf68614088b80899f8185d706f6e7 -> 
  custom:scripting/monoscript/fileName/Skybox.cs: c122ade9e2d3a916264f47a45be02789 -> 
  custom:video-encoder-webm-vp8: eb34c28f22e8b96e1ab97ce403110664 -> 
  custom:audio-decoder-ogg-vorbis: bf7c407c2cedff20999df2af8eb42d56 -> 
  custom:audio-encoder-webm-vorbis: bf7c407c2cedff20999df2af8eb42d56 -> 
  custom:scripting/precompiled-assembly-types:Assembly-CSharp: 9bc7c08e5c2b2dc83dd26948d420372a -> b5609ffa9375a1719a4b9b879c420584
========================================================================
Received Prepare
Caller must complete domain reload
Begin MonoManager ReloadAssembly
- Loaded All Assemblies, in  0.367 seconds
Native extension for WindowsStandalone target not found
Native extension for WebGL target not found
Mono: successfully reloaded assembly
- Finished resetting the current domain, in  0.828 seconds
Domain Reload Profiling: 1193ms
	BeginReloadAssembly (131ms)
		ExecutionOrderSort (0ms)
		DisableScriptedObjects (4ms)
		BackupInstance (0ms)
		ReleaseScriptingObjects (0ms)
		CreateAndSetChildDomain (24ms)
	RebuildCommonClasses (27ms)
	RebuildNativeTypeToScriptingClass (8ms)
	initialDomainReloadingComplete (25ms)
	LoadAllAssembliesAndSetupDomain (174ms)
		LoadAssemblies (234ms)
		RebuildTransferFunctionScriptingTraits (0ms)
		AnalyzeDomain (13ms)
			TypeCache.Refresh (5ms)
				TypeCache.ScanAssembly (0ms)
			ScanForSourceGeneratedMonoScriptInfo (0ms)
			ResolveRequiredComponents (5ms)
	FinalizeReload (829ms)
		ReleaseScriptCaches (0ms)
		RebuildScriptCaches (0ms)
		SetupLoadedEditorAssemblies (370ms)
			LogAssemblyErrors (0ms)
			InitializePlatformSupportModulesInManaged (9ms)
			SetLoadedEditorAssemblies (3ms)
			RefreshPlugins (0ms)
			BeforeProcessingInitializeOnLoad (60ms)
			ProcessInitializeOnLoadAttributes (271ms)
			ProcessInitializeOnLoadMethodAttributes (20ms)
			AfterProcessingInitializeOnLoad (7ms)
			EditorAssembliesLoaded (0ms)
		ExecutionOrderSort2 (0ms)
		AwakeInstancesAfterBackupRestoration (7ms)
Refreshing native plugins compatible for Editor in 5.13 ms, found 3 plugins.
Preloading 0 native plugins for Editor in 0.00 ms.
Unloading 3119 Unused Serialized files (Serialized files now loaded: 0)
Unloading 14 unused Assets / (28.5 KB). Loaded Objects now: 3688.
Memory consumption went from 206.6 MB to 206.5 MB.
Total: 3.500600 ms (FindLiveObjects: 0.262500 ms CreateObjectMapping: 0.171200 ms MarkObjects: 2.947600 ms  DeleteObjects: 0.117400 ms)

Prepare: number of updated asset objects reloaded= 0
AssetImportParameters requested are different than current active one (requested -> active):
  custom:container-demuxer-ogg: 62fdf1f143b41e24485cea50d1cbac27 -> 
  custom:video-decoder-ogg-theora: a1e56fd34408186e4bbccfd4996cb3dc -> 
  custom:framework-win-MediaFoundation: 216162199b28c13a410421893ffa2e32 -> 
  custom:CustomObjectIndexerAttribute: 9a22284fe3817be447336de3de66b15e -> 
  custom:container-demuxer-webm: 4f35f7cbe854078d1ac9338744f61a02 -> 
  custom:container-muxer-webm: aa71ff27fc2769a1b78a27578f13a17b -> 
  custom:video-decoder-webm-vp8: 9c59270c3fd7afecdb556c50c9e8de78 -> 
  custom:SearchIndexIgnoredProperties: e643bd26f0fe6173181afceb89e7c659 -> 
  custom:AudioImporter_EditorPlatform: d09bf68614088b80899f8185d706f6e7 -> 
  custom:scripting/monoscript/fileName/Skybox.cs: c122ade9e2d3a916264f47a45be02789 -> 
  custom:video-encoder-webm-vp8: eb34c28f22e8b96e1ab97ce403110664 -> 
  custom:audio-decoder-ogg-vorbis: bf7c407c2cedff20999df2af8eb42d56 -> 
  custom:audio-encoder-webm-vorbis: bf7c407c2cedff20999df2af8eb42d56 -> 
  custom:scripting/precompiled-assembly-types:Assembly-CSharp: 9bc7c08e5c2b2dc83dd26948d420372a -> b5609ffa9375a1719a4b9b879c420584
========================================================================
Received Import Request.
  Time since last request: 41.184340 seconds.
  path: Assets/Main Menu/Scripts/Skybox.cs
  artifactKey: Guid(c4aa2887bd1370648ad7535e635bc197) Importer(815301076,1909f56bfc062723c751e8b465ee728b)
Start importing Assets/Main Menu/Scripts/Skybox.cs using Guid(c4aa2887bd1370648ad7535e635bc197) Importer(815301076,1909f56bfc062723c751e8b465ee728b) [PhysX] Initialized MultithreadedTaskDispatcher with 12 workers.
 -> (artifact id: 'd9cc3bafbd6561520a4ae7385a6aff12') in 0.008002 seconds
Number of updated asset objects reloaded before import = 0
Number of asset objects unloaded after import = 0
========================================================================
Received Prepare
Caller must complete domain reload
Begin MonoManager ReloadAssembly
- Loaded All Assemblies, in  0.368 seconds
Native extension for WindowsStandalone target not found
Native extension for WebGL target not found
Mono: successfully reloaded assembly
- Finished resetting the current domain, in  0.845 seconds
Domain Reload Profiling: 1211ms
	BeginReloadAssembly (132ms)
		ExecutionOrderSort (0ms)
		DisableScriptedObjects (4ms)
		BackupInstance (0ms)
		ReleaseScriptingObjects (0ms)
		CreateAndSetChildDomain (25ms)
	RebuildCommonClasses (27ms)
	RebuildNativeTypeToScriptingClass (9ms)
	initialDomainReloadingComplete (24ms)
	LoadAllAssembliesAndSetupDomain (175ms)
		LoadAssemblies (235ms)
		RebuildTransferFunctionScriptingTraits (0ms)
		AnalyzeDomain (12ms)
			TypeCache.Refresh (5ms)
				TypeCache.ScanAssembly (0ms)
			ScanForSourceGeneratedMonoScriptInfo (0ms)
			ResolveRequiredComponents (5ms)
	FinalizeReload (846ms)
		ReleaseScriptCaches (0ms)
		RebuildScriptCaches (0ms)
		SetupLoadedEditorAssemblies (395ms)
			LogAssemblyErrors (0ms)
			InitializePlatformSupportModulesInManaged (9ms)
			SetLoadedEditorAssemblies (3ms)
			RefreshPlugins (0ms)
			BeforeProcessingInitializeOnLoad (62ms)
			ProcessInitializeOnLoadAttributes (293ms)
			ProcessInitializeOnLoadMethodAttributes (20ms)
			AfterProcessingInitializeOnLoad (8ms)
			EditorAssembliesLoaded (0ms)
		ExecutionOrderSort2 (0ms)
		AwakeInstancesAfterBackupRestoration (8ms)
Refreshing native plugins compatible for Editor in 5.63 ms, found 3 plugins.
Preloading 0 native plugins for Editor in 0.00 ms.
Unloading 3118 Unused Serialized files (Serialized files now loaded: 0)
Unloading 14 unused Assets / (28.5 KB). Loaded Objects now: 3691.
Memory consumption went from 206.3 MB to 206.3 MB.
Total: 3.683600 ms (FindLiveObjects: 0.283100 ms CreateObjectMapping: 0.342000 ms MarkObjects: 2.988100 ms  DeleteObjects: 0.055100 ms)

Prepare: number of updated asset objects reloaded= 0
AssetImportParameters requested are different than current active one (requested -> active):
  custom:container-demuxer-ogg: 62fdf1f143b41e24485cea50d1cbac27 -> 
  custom:video-decoder-ogg-theora: a1e56fd34408186e4bbccfd4996cb3dc -> 
  custom:framework-win-MediaFoundation: 216162199b28c13a410421893ffa2e32 -> 
  custom:CustomObjectIndexerAttribute: 9a22284fe3817be447336de3de66b15e -> 
  custom:container-demuxer-webm: 4f35f7cbe854078d1ac9338744f61a02 -> 
  custom:container-muxer-webm: aa71ff27fc2769a1b78a27578f13a17b -> 
  custom:video-decoder-webm-vp8: 9c59270c3fd7afecdb556c50c9e8de78 -> 
  custom:SearchIndexIgnoredProperties: e643bd26f0fe6173181afceb89e7c659 -> 
  custom:AudioImporter_EditorPlatform: d09bf68614088b80899f8185d706f6e7 -> 
  custom:scripting/monoscript/fileName/Skybox.cs: c122ade9e2d3a916264f47a45be02789 -> 
  custom:video-encoder-webm-vp8: eb34c28f22e8b96e1ab97ce403110664 -> 
  custom:audio-decoder-ogg-vorbis: bf7c407c2cedff20999df2af8eb42d56 -> 
  custom:audio-encoder-webm-vorbis: bf7c407c2cedff20999df2af8eb42d56 -> 
  custom:scripting/precompiled-assembly-types:Assembly-CSharp: 9bc7c08e5c2b2dc83dd26948d420372a -> b5609ffa9375a1719a4b9b879c420584
========================================================================
Received Import Request.
  Time since last request: 49.957564 seconds.
  path: Assets/Scene1/Sounds/light-rain-109591.mp3
  artifactKey: Guid(5cf28e8ab1e93954cba671d4cdbb15c8) Importer(815301076,1909f56bfc062723c751e8b465ee728b)
Start importing Assets/Scene1/Sounds/light-rain-109591.mp3 using Guid(5cf28e8ab1e93954cba671d4cdbb15c8) Importer(815301076,1909f56bfc062723c751e8b465ee728b) [PhysX] Initialized MultithreadedTaskDispatcher with 12 workers.
[PhysX] Initialized MultithreadedTaskDispatcher with 12 workers.
 -> (artifact id: 'adbdfdce161632830bc9fc922a1fd059') in 0.094528 seconds
Number of updated asset objects reloaded before import = 0
Number of asset objects unloaded after import = 2
========================================================================
Received Prepare
Caller must complete domain reload
Begin MonoManager ReloadAssembly
- Loaded All Assemblies, in  0.370 seconds
Native extension for WindowsStandalone target not found
Native extension for WebGL target not found
Mono: successfully reloaded assembly
- Finished resetting the current domain, in  0.869 seconds
Domain Reload Profiling: 1237ms
	BeginReloadAssembly (133ms)
		ExecutionOrderSort (0ms)
		DisableScriptedObjects (4ms)
		BackupInstance (0ms)
		ReleaseScriptingObjects (0ms)
		CreateAndSetChildDomain (25ms)
	RebuildCommonClasses (26ms)
	RebuildNativeTypeToScriptingClass (9ms)
	initialDomainReloadingComplete (25ms)
	LoadAllAssembliesAndSetupDomain (174ms)
		LoadAssemblies (235ms)
		RebuildTransferFunctionScriptingTraits (0ms)
		AnalyzeDomain (12ms)
			TypeCache.Refresh (5ms)
				TypeCache.ScanAssembly (0ms)
			ScanForSourceGeneratedMonoScriptInfo (0ms)
			ResolveRequiredComponents (4ms)
	FinalizeReload (870ms)
		ReleaseScriptCaches (0ms)
		RebuildScriptCaches (0ms)
		SetupLoadedEditorAssemblies (426ms)
			LogAssemblyErrors (0ms)
			InitializePlatformSupportModulesInManaged (9ms)
			SetLoadedEditorAssemblies (3ms)
			RefreshPlugins (0ms)
			BeforeProcessingInitializeOnLoad (56ms)
			ProcessInitializeOnLoadAttributes (325ms)
			ProcessInitializeOnLoadMethodAttributes (25ms)
			AfterProcessingInitializeOnLoad (9ms)
			EditorAssembliesLoaded (0ms)
		ExecutionOrderSort2 (0ms)
		AwakeInstancesAfterBackupRestoration (8ms)
Refreshing native plugins compatible for Editor in 5.59 ms, found 3 plugins.
Preloading 0 native plugins for Editor in 0.00 ms.
Unloading 3118 Unused Serialized files (Serialized files now loaded: 0)
Unloading 14 unused Assets / (28.5 KB). Loaded Objects now: 3696.
Memory consumption went from 206.4 MB to 206.3 MB.
Total: 3.983100 ms (FindLiveObjects: 0.374900 ms CreateObjectMapping: 0.247300 ms MarkObjects: 3.286800 ms  DeleteObjects: 0.071700 ms)

Prepare: number of updated asset objects reloaded= 0
AssetImportParameters requested are different than current active one (requested -> active):
  custom:container-demuxer-ogg: 62fdf1f143b41e24485cea50d1cbac27 -> 
  custom:video-decoder-ogg-theora: a1e56fd34408186e4bbccfd4996cb3dc -> 
  custom:framework-win-MediaFoundation: 216162199b28c13a410421893ffa2e32 -> 
  custom:CustomObjectIndexerAttribute: 9a22284fe3817be447336de3de66b15e -> 
  custom:container-demuxer-webm: 4f35f7cbe854078d1ac9338744f61a02 -> 
  custom:container-muxer-webm: aa71ff27fc2769a1b78a27578f13a17b -> 
  custom:video-decoder-webm-vp8: 9c59270c3fd7afecdb556c50c9e8de78 -> 
  custom:SearchIndexIgnoredProperties: e643bd26f0fe6173181afceb89e7c659 -> 
  custom:AudioImporter_EditorPlatform: d09bf68614088b80899f8185d706f6e7 -> 
  custom:scripting/monoscript/fileName/Skybox.cs: c122ade9e2d3a916264f47a45be02789 -> 
  custom:video-encoder-webm-vp8: eb34c28f22e8b96e1ab97ce403110664 -> 
  custom:audio-decoder-ogg-vorbis: bf7c407c2cedff20999df2af8eb42d56 -> 
  custom:audio-encoder-webm-vorbis: bf7c407c2cedff20999df2af8eb42d56 -> 
  custom:scripting/precompiled-assembly-types:Assembly-CSharp: 9bc7c08e5c2b2dc83dd26948d420372a -> b5609ffa9375a1719a4b9b879c420584
========================================================================
Received Prepare
Caller must complete domain reload
Begin MonoManager ReloadAssembly
- Loaded All Assemblies, in  1.131 seconds
Native extension for WindowsStandalone target not found
Native extension for WebGL target not found
[ScriptCompilation] NOT recompiling all scripts because this is an import worker process. Reason to compile was: Define symbols changed
Mono: successfully reloaded assembly
- Finished resetting the current domain, in  1.189 seconds
Domain Reload Profiling: 2302ms
	BeginReloadAssembly (175ms)
		ExecutionOrderSort (0ms)
		DisableScriptedObjects (7ms)
		BackupInstance (0ms)
		ReleaseScriptingObjects (0ms)
		CreateAndSetChildDomain (33ms)
	RebuildCommonClasses (55ms)
	RebuildNativeTypeToScriptingClass (18ms)
	initialDomainReloadingComplete (59ms)
	LoadAllAssembliesAndSetupDomain (806ms)
		LoadAssemblies (883ms)
		RebuildTransferFunctionScriptingTraits (0ms)
		AnalyzeDomain (23ms)
			TypeCache.Refresh (10ms)
				TypeCache.ScanAssembly (2ms)
			ScanForSourceGeneratedMonoScriptInfo (8ms)
			ResolveRequiredComponents (4ms)
	FinalizeReload (1190ms)
		ReleaseScriptCaches (0ms)
		RebuildScriptCaches (0ms)
		SetupLoadedEditorAssemblies (600ms)
			LogAssemblyErrors (0ms)
			InitializePlatformSupportModulesInManaged (12ms)
			SetLoadedEditorAssemblies (4ms)
			RefreshPlugins (0ms)
			BeforeProcessingInitializeOnLoad (77ms)
			ProcessInitializeOnLoadAttributes (473ms)
			ProcessInitializeOnLoadMethodAttributes (26ms)
			AfterProcessingInitializeOnLoad (8ms)
			EditorAssembliesLoaded (0ms)
		ExecutionOrderSort2 (0ms)
		AwakeInstancesAfterBackupRestoration (8ms)
Refreshing native plugins compatible for Editor in 4.83 ms, found 3 plugins.
Preloading 0 native plugins for Editor in 0.00 ms.
Unloading 3252 Unused Serialized files (Serialized files now loaded: 0)
Unloading 53 unused Assets / (3.9 MB). Loaded Objects now: 3793.
Memory consumption went from 220.2 MB to 216.2 MB.
Total: 122.548000 ms (FindLiveObjects: 0.272700 ms CreateObjectMapping: 0.187900 ms MarkObjects: 120.536400 ms  DeleteObjects: 1.549000 ms)

Prepare: number of updated asset objects reloaded= 0
AssetImportParameters requested are different than current active one (requested -> active):
  custom:scripting/monoscript/fileName/Decorators.cs: 4533f6715dc3f8cdabbd37ff77d1dad7 -> 
  custom:scripting/monoscript/fileName/GlobalSettings.cs: e5eb35b80bdfaee4ead1e1630fd77998 -> 
  custom:scripting/monoscript/fileName/PostProcessEffectBaseEditor.cs: 972bdf00f442be0d879dcb6868e25c8e -> 
  custom:scripting/monoscript/fileName/PostProcessRenderContext.cs: 9e034c8bf7d42a1d6c2d4339915eccb0 -> 
  custom:scripting/monoscript/fileName/Spline.cs: 7876820de12ed89d33ad838af99a030e -> 
  custom:scripting/monoscript/fileName/ColorGrading.cs: ef67493fb3cf9676ba5f25862510a595 -> 
  custom:scripting/monoscript/fileName/Monitor.cs: e0eb5d32b3aade2e0ce8680b00ac2b78 -> 
  custom:scripting/precompiled-assembly-types:Unity.Postprocessing.Runtime: 655cd018e42ac91ed9a03cfbdae17956 -> 
  custom:scripting/monoscript/fileName/TemporalAntialiasing.cs: 71e40fdab49d34f4e07f83936454d904 -> 
  custom:container-demuxer-ogg: 62fdf1f143b41e24485cea50d1cbac27 -> 
  custom:scripting/monoscript/fileName/AmbientOcclusion.cs: 7a27923f9312611f0b2898a72e3ee96a -> 
  custom:scripting/monoscript/fileName/PostProcessDebugLayer.cs: 6d8a99809398beddf11f92dfbb0e6ad4 -> 
  custom:scripting/monoscript/fileName/ColorUtilities.cs: 47918ebfa890b947a816b80444ee2882 -> 
  custom:scripting/monoscript/fileName/ParameterOverride.cs: 5475497db741ca919df708e5019e593d -> 
  custom:scripting/monoscript/fileName/TextureLerper.cs: 973e800795f77d61d647ea0c3f0cf284 -> 
  custom:scripting/precompiled-assembly-types:Unity.Postprocessing.Editor: 23b49e25b965492466cd147d7735360a -> 
  custom:scripting/monoscript/fileName/Vignette.cs: e0b99ac31b7575ef776e7be56647abb0 -> 
  custom:scripting/monoscript/fileName/DepthOfFieldEditor.cs: 64cce655bf722c851048e2ebbf401a7b -> 
  custom:scripting/monoscript/fileName/DefaultPostProcessEffectEditor.cs: 06a1d8fcea7725e08b95f21cc15fd0a1 -> 
  custom:scripting/monoscript/fileName/PostProcessLayer.cs: aa288976158dcd4c24041d5304f25d07 -> 
  custom:scripting/monoscript/fileName/MaxAttribute.cs: d661645ab8c724f24b3e19978e87b44c -> 
  custom:scripting/monoscript/fileName/PostProcessDebugEditor.cs: 1a0488d8742bf880cc7334e53e2cc73d -> 
  custom:video-decoder-ogg-theora: a1e56fd34408186e4bbccfd4996cb3dc -> 
  custom:scripting/monoscript/fileName/SerializedParameterOverride.cs: 5e4deaf96895d013d32a8e84ec179f8e -> 
  custom:scripting/monoscript/fileName/MeshUtilities.cs: dc5356b699afd34cf9728f4d65b476a0 -> 
  custom:scripting/monoscript/fileName/AmbientOcclusionEditor.cs: 61e5422c29b8f52188d508eb7d382167 -> 
  custom:scripting/monoscript/fileName/FastApproximateAntialiasing.cs: bf5588b2deec2689a812a7d2eacd9bd5 -> 
  custom:scripting/monoscript/fileName/MotionBlur.cs: 823914e335803785a19e5990c6ab2911 -> 
  custom:scripting/monoscript/fileName/DefineSetter.cs: 292ba08e52064b1a72f8d4bb04301dd3 -> 
  custom:framework-win-MediaFoundation: 216162199b28c13a410421893ffa2e32 -> 
  custom:scripting/monoscript/fileName/ShaderIDs.cs: 96024f1f873475da65a783f1404f9117 -> 
  custom:scripting/monoscript/fileName/PostProcessEditorAttribute.cs: 672a58b4d5bab60112487a31c361c481 -> 
  custom:scripting/monoscript/fileName/LensDistortionEditor.cs: dee045d29944d55e8040435a58a7ce90 -> 
  custom:scripting/monoscript/fileName/MotionBlurEditor.cs: 3bd8d3e7e9a7ea94beb2e5517b62d27b -> 
  custom:scripting/monoscript/fileName/Dithering.cs: 3014fffaa718d0ad6dd2c7bb7956ed46 -> 
  custom:scripting/monoscript/fileName/DecoratorAttribute.cs: be5bd39119e1a41ea1a019fdb3818a3f -> 
  custom:scripting/monoscript/fileName/DisplayNameAttribute.cs: 935a6ac504eb8a852fba40cbcae9292c -> 
  custom:scripting/monoscript/fileName/PostProcessEffectSettings.cs: 2ab9d33170e863b1a9c8a9079cdd12aa -> 
  custom:scripting/monoscript/fileName/Fog.cs: 07e271953e2bcf8513b6a72a2737e767 -> 
  custom:scripting/monoscript/fileName/PostProcessManager.cs: 28ef7780d543a8111635e1f5051383d0 -> 
  custom:scripting/monoscript/fileName/VolumeFactory.cs: cc77136700c9e1ff894d234886ccb852 -> 
  custom:CustomObjectIndexerAttribute: 9a22284fe3817be447336de3de66b15e -> 
  custom:scripting/monoscript/fileName/PostProcessEvent.cs: 8fb6e54ff2cf1a8be7ecdd01fbdd78f8 -> 
  custom:scripting/monoscript/fileName/TrackballAttribute.cs: 8dea8f77de7bd03137cc578af1ea6656 -> 
  custom:scripting/monoscript/fileName/TrackballDecorator.cs: 6a2b6c747937d12d8d81be8f5b21fbd2 -> 
  custom:scripting/monoscript/fileName/MultiScaleVO.cs: d4c4732956ffb536e016475d75f04c43 -> 
  custom:scripting/monoscript/fileName/CubeLutAssetFactory.cs: db1961888d7cabf6be94b37e3b663de4 -> 
  custom:container-demuxer-webm: 4f35f7cbe854078d1ac9338744f61a02 -> 
  custom:scripting/monoscript/fileName/PostProcessVolumeEditor.cs: 7aae71821512dcac422c45dc773293c3 -> 
  custom:scripting/monoscript/fileName/ChromaticAberration.cs: 4d59e57f8324f5f986e16678ed451410 -> 
  custom:scripting/monoscript/fileName/VignetteEditor.cs: 345736fc911c5e8ab23e579751a40e4a -> 
  custom:scripting/monoscript/fileName/Styling.cs: d1c4aa14ff93670753edfbb93fc91bfe -> 
  custom:scripting/monoscript/fileName/PostProcessEffectRendererExtensions.cs: e953624d113e7e1739c702512603957d -> 
  custom:scripting/monoscript/fileName/ScalableAO.cs: 2f29d71d59b754086c809cfee1cdce34 -> 
  custom:scripting/monoscript/fileName/PostProcessLayerEditor.cs: d16de665ece05cd6e27dcc8d7bac4b9a -> 
  custom:scripting/monoscript/fileName/MinMaxAttribute.cs: a4b6ac8a4377612c7135a60f905792f1 -> 
  custom:scripting/monoscript/fileName/SubpixelMorphologicalAntialiasing.cs: 02dcb8839824addec278047da0509aea -> 
  custom:scripting/monoscript/fileName/BaseEditor.cs: 90647cc400823b41df847a6cbfc29026 -> 
  custom:container-muxer-webm: aa71ff27fc2769a1b78a27578f13a17b -> 
  custom:video-decoder-webm-vp8: 9c59270c3fd7afecdb556c50c9e8de78 -> 
  custom:SearchIndexIgnoredProperties: e643bd26f0fe6173181afceb89e7c659 -> 
  custom:scripting/monoscript/fileName/ChromaticAberrationEditor.cs: 3043bf57519b71f64b7a6de970c2487b -> 
  custom:scripting/monoscript/fileName/PostProcessEffectRenderer.cs: 577c5acf8157ecea944bb95c8c6d9a95 -> 
  custom:AudioImporter_EditorPlatform: d09bf68614088b80899f8185d706f6e7 -> 
  custom:scripting/monoscript/fileName/TextureFormatUtilities.cs: ba58c57cfaabc0f8201a9ca6902fcb23 -> 
  custom:scripting/monoscript/fileName/PostProcessVolume.cs: 3883cef4be0567c54caf457a416a2095 -> 
  custom:scripting/monoscript/fileName/LightMeterMonitor.cs: a897ae0c731cb153281aea9ecd0efb03 -> 
  custom:scripting/monoscript/fileName/ColorGradingEditor.cs: 25838050e3e1f12ef51713a5dcf60349 -> 
  custom:scripting/monoscript/fileName/AttributeDecorator.cs: 39b465f08cd0a5df82fc2ef70b766ca2 -> 
  custom:scripting/monoscript/fileName/AutoExposureEditor.cs: dfd15824649ea346b717bc72a871d75b -> 
  custom:scripting/monoscript/fileName/LensDistortion.cs: b7963bb1da21ba484a7b59b9f6ea3aec -> 
  custom:scripting/monoscript/fileName/ResourceAssetFactory.cs: bf6acc988648d854bb3c5751325d0d0a -> 
  custom:scripting/monoscript/fileName/PostProcessProfileEditor.cs: 1dcd55858a4126cb33b0f2de53c74fbe -> 
  custom:scripting/monoscript/fileName/Skybox.cs: c122ade9e2d3a916264f47a45be02789 -> 
  custom:scripting/monoscript/fileName/PostProcessDebug.cs: a653e9b773649e7452b035b4ce1dae82 -> 
  custom:scripting/monoscript/fileName/PostProcessAttribute.cs: e125947bf72ce7382f3b16f75797c897 -> 
  custom:scripting/monoscript/fileName/Grain.cs: 43f09a87a88d9937fbb9c4dbf3d5508e -> 
  custom:scripting/monoscript/fileName/HistogramMonitor.cs: 6fd024409d6e9db8d4c2c4e26430c2ad -> 
  custom:scripting/monoscript/fileName/PostProcessProfile.cs: f6dc030e2e953b2ed0eca334cce5d5cf -> 
  custom:scripting/monoscript/fileName/ProfileFactory.cs: f835845dfebfed501813f60a1cb006a3 -> 
  custom:scripting/monoscript/fileName/PostProcessEffectEditor.cs: 90647cc400823b41df847a6cbfc29026 -> 
  custom:scripting/monoscript/fileName/CubeLutAssetImporter.cs: 5e94ca4c74dad11cc8880f33d0ba9efb -> 
  custom:scripting/monoscript/fileName/PostProcessBundle.cs: f610f855c8ae8b896b5084e85ede373e -> 
  custom:scripting/monoscript/fileName/ScreenSpaceReflectionsEditor.cs: 59c13ba25de6098e70bafe8be94f609a -> 
  custom:video-encoder-webm-vp8: eb34c28f22e8b96e1ab97ce403110664 -> 
  custom:scripting/monoscript/fileName/RuntimeUtilities.cs: 76964d36e50cc48cfa29643bdde8d9a5 -> 
  custom:scripting/monoscript/fileName/Bloom.cs: 6f6d579a64201b97313a62a1e91b3575 -> 
  custom:audio-decoder-ogg-vorbis: bf7c407c2cedff20999df2af8eb42d56 -> 
  custom:scripting/monoscript/fileName/AutoExposure.cs: 0e7c21b17f53209ee8c5c61ab59d7835 -> 
  custom:scripting/monoscript/fileName/VectorscopeMonitor.cs: cb70c6437b976f01b752cd219cc47f32 -> 
  custom:scripting/monoscript/fileName/PropertySheetFactory.cs: cfc4667cc03e44252fafe18d99f24b25 -> 
  custom:scripting/monoscript/fileName/EditorUtilities.cs: 53a52fb113757c42f9c516115bd845ca -> 
  custom:scripting/monoscript/fileName/HaltonSeq.cs: a7590e55d6fae5328a1c395a2473d0cf -> 
  custom:scripting/monoscript/fileName/MinAttribute.cs: a3e7473301291585f4cca024ce307406 -> 
  custom:scripting/monoscript/fileName/DepthOfField.cs: d62178d8b5619f59fcdd6d24617ef5fd -> 
  custom:scripting/monoscript/fileName/BloomEditor.cs: c341bb26b40744c3a5c2a142ac3e1051 -> 
  custom:scripting/monoscript/fileName/WaveformMonitor.cs: 609651ee3f98f206575f684e9cce655d -> 
  custom:scripting/monoscript/fileName/HableCurve.cs: f244b24d6e7c556a2de06e25b0bbf4c1 -> 
  custom:audio-encoder-webm-vorbis: bf7c407c2cedff20999df2af8eb42d56 -> 
  custom:scripting/monoscript/fileName/PropertySheet.cs: e6bb03169eca9d33ea794a47ad6ce213 -> 
  custom:scripting/monoscript/fileName/TargetPool.cs: 6d29560228134c933c12fb1c113fb6ef -> 
  custom:scripting/monoscript/fileName/LogHistogram.cs: bab913d888834a1a8572eb834acec97c -> 
  custom:scripting/monoscript/fileName/ScreenSpaceReflections.cs: 8afa07200328ddfcb2536d4180c62536 -> 
  custom:scripting/precompiled-assembly-types:Assembly-CSharp: 9bc7c08e5c2b2dc83dd26948d420372a -> b5609ffa9375a1719a4b9b879c420584
  custom:scripting/monoscript/fileName/CurveEditor.cs: f5e872b2a5a6427a1785818cb10d95d1 -> 
  custom:scripting/monoscript/fileName/PostProcessResources.cs: 5089c17a701ba9b714a1f3d25fb9a9b0 -> 
  custom:scripting/monoscript/fileName/EffectListEditor.cs: 1ecdb4094d9e64024d6eb7725a86197b -> 
========================================================================
Received Prepare
Caller must complete domain reload
Begin MonoManager ReloadAssembly
- Loaded All Assemblies, in  0.999 seconds
Native extension for WindowsStandalone target not found
Native extension for WebGL target not found
Mono: successfully reloaded assembly
- Finished resetting the current domain, in  1.665 seconds
Domain Reload Profiling: 2654ms
	BeginReloadAssembly (254ms)
		ExecutionOrderSort (0ms)
		DisableScriptedObjects (15ms)
		BackupInstance (0ms)
		ReleaseScriptingObjects (0ms)
		CreateAndSetChildDomain (41ms)
	RebuildCommonClasses (142ms)
	RebuildNativeTypeToScriptingClass (20ms)
	initialDomainReloadingComplete (65ms)
	LoadAllAssembliesAndSetupDomain (507ms)
		LoadAssemblies (525ms)
		RebuildTransferFunctionScriptingTraits (0ms)
		AnalyzeDomain (129ms)
			TypeCache.Refresh (100ms)
				TypeCache.ScanAssembly (87ms)
			ScanForSourceGeneratedMonoScriptInfo (18ms)
			ResolveRequiredComponents (8ms)
	FinalizeReload (1666ms)
		ReleaseScriptCaches (0ms)
		RebuildScriptCaches (0ms)
		SetupLoadedEditorAssemblies (576ms)
			LogAssemblyErrors (0ms)
			InitializePlatformSupportModulesInManaged (7ms)
			SetLoadedEditorAssemblies (3ms)
			RefreshPlugins (0ms)
			BeforeProcessingInitializeOnLoad (97ms)
			ProcessInitializeOnLoadAttributes (419ms)
			ProcessInitializeOnLoadMethodAttributes (34ms)
			AfterProcessingInitializeOnLoad (16ms)
			EditorAssembliesLoaded (0ms)
		ExecutionOrderSort2 (0ms)
		AwakeInstancesAfterBackupRestoration (12ms)
Refreshing native plugins compatible for Editor in 4.47 ms, found 3 plugins.
Preloading 0 native plugins for Editor in 0.00 ms.
Unloading 3252 Unused Serialized files (Serialized files now loaded: 0)
Unloading 53 unused Assets / (4.0 MB). Loaded Objects now: 3796.
Memory consumption went from 220.2 MB to 216.2 MB.
Total: 4.942400 ms (FindLiveObjects: 0.281500 ms CreateObjectMapping: 0.159800 ms MarkObjects: 2.988000 ms  DeleteObjects: 1.511400 ms)

Prepare: number of updated asset objects reloaded= 0
AssetImportParameters requested are different than current active one (requested -> active):
  custom:scripting/monoscript/fileName/Decorators.cs: 4533f6715dc3f8cdabbd37ff77d1dad7 -> 
  custom:scripting/monoscript/fileName/GlobalSettings.cs: e5eb35b80bdfaee4ead1e1630fd77998 -> 
  custom:scripting/monoscript/fileName/PostProcessEffectBaseEditor.cs: 972bdf00f442be0d879dcb6868e25c8e -> 
  custom:scripting/monoscript/fileName/PostProcessRenderContext.cs: 9e034c8bf7d42a1d6c2d4339915eccb0 -> 
  custom:scripting/monoscript/fileName/Spline.cs: 7876820de12ed89d33ad838af99a030e -> 
  custom:scripting/monoscript/fileName/ColorGrading.cs: ef67493fb3cf9676ba5f25862510a595 -> 
  custom:scripting/monoscript/fileName/Monitor.cs: e0eb5d32b3aade2e0ce8680b00ac2b78 -> 
  custom:scripting/precompiled-assembly-types:Unity.Postprocessing.Runtime: 655cd018e42ac91ed9a03cfbdae17956 -> 
  custom:scripting/monoscript/fileName/TemporalAntialiasing.cs: 71e40fdab49d34f4e07f83936454d904 -> 
  custom:container-demuxer-ogg: 62fdf1f143b41e24485cea50d1cbac27 -> 
  custom:scripting/monoscript/fileName/AmbientOcclusion.cs: 7a27923f9312611f0b2898a72e3ee96a -> 
  custom:scripting/monoscript/fileName/PostProcessDebugLayer.cs: 6d8a99809398beddf11f92dfbb0e6ad4 -> 
  custom:scripting/monoscript/fileName/ColorUtilities.cs: 47918ebfa890b947a816b80444ee2882 -> 
  custom:scripting/monoscript/fileName/ParameterOverride.cs: 5475497db741ca919df708e5019e593d -> 
  custom:scripting/monoscript/fileName/TextureLerper.cs: 973e800795f77d61d647ea0c3f0cf284 -> 
  custom:scripting/precompiled-assembly-types:Unity.Postprocessing.Editor: 23b49e25b965492466cd147d7735360a -> 
  custom:scripting/monoscript/fileName/Vignette.cs: e0b99ac31b7575ef776e7be56647abb0 -> 
  custom:scripting/monoscript/fileName/DepthOfFieldEditor.cs: 64cce655bf722c851048e2ebbf401a7b -> 
  custom:scripting/monoscript/fileName/DefaultPostProcessEffectEditor.cs: 06a1d8fcea7725e08b95f21cc15fd0a1 -> 
  custom:scripting/monoscript/fileName/PostProcessLayer.cs: aa288976158dcd4c24041d5304f25d07 -> 
  custom:scripting/monoscript/fileName/MaxAttribute.cs: d661645ab8c724f24b3e19978e87b44c -> 
  custom:scripting/monoscript/fileName/PostProcessDebugEditor.cs: 1a0488d8742bf880cc7334e53e2cc73d -> 
  custom:video-decoder-ogg-theora: a1e56fd34408186e4bbccfd4996cb3dc -> 
  custom:scripting/monoscript/fileName/SerializedParameterOverride.cs: 5e4deaf96895d013d32a8e84ec179f8e -> 
  custom:scripting/monoscript/fileName/MeshUtilities.cs: dc5356b699afd34cf9728f4d65b476a0 -> 
  custom:scripting/monoscript/fileName/AmbientOcclusionEditor.cs: 61e5422c29b8f52188d508eb7d382167 -> 
  custom:scripting/monoscript/fileName/FastApproximateAntialiasing.cs: bf5588b2deec2689a812a7d2eacd9bd5 -> 
  custom:scripting/monoscript/fileName/MotionBlur.cs: 823914e335803785a19e5990c6ab2911 -> 
  custom:scripting/monoscript/fileName/DefineSetter.cs: 292ba08e52064b1a72f8d4bb04301dd3 -> 
  custom:framework-win-MediaFoundation: 216162199b28c13a410421893ffa2e32 -> 
  custom:scripting/monoscript/fileName/ShaderIDs.cs: 96024f1f873475da65a783f1404f9117 -> 
  custom:scripting/monoscript/fileName/PostProcessEditorAttribute.cs: 672a58b4d5bab60112487a31c361c481 -> 
  custom:scripting/monoscript/fileName/LensDistortionEditor.cs: dee045d29944d55e8040435a58a7ce90 -> 
  custom:scripting/monoscript/fileName/MotionBlurEditor.cs: 3bd8d3e7e9a7ea94beb2e5517b62d27b -> 
  custom:scripting/monoscript/fileName/Dithering.cs: 3014fffaa718d0ad6dd2c7bb7956ed46 -> 
  custom:scripting/monoscript/fileName/DecoratorAttribute.cs: be5bd39119e1a41ea1a019fdb3818a3f -> 
  custom:scripting/monoscript/fileName/DisplayNameAttribute.cs: 935a6ac504eb8a852fba40cbcae9292c -> 
  custom:scripting/monoscript/fileName/PostProcessEffectSettings.cs: 2ab9d33170e863b1a9c8a9079cdd12aa -> 
  custom:scripting/monoscript/fileName/Fog.cs: 07e271953e2bcf8513b6a72a2737e767 -> 
  custom:scripting/monoscript/fileName/PostProcessManager.cs: 28ef7780d543a8111635e1f5051383d0 -> 
  custom:scripting/monoscript/fileName/VolumeFactory.cs: cc77136700c9e1ff894d234886ccb852 -> 
  custom:CustomObjectIndexerAttribute: 9a22284fe3817be447336de3de66b15e -> 
  custom:scripting/monoscript/fileName/PostProcessEvent.cs: 8fb6e54ff2cf1a8be7ecdd01fbdd78f8 -> 
  custom:scripting/monoscript/fileName/TrackballAttribute.cs: 8dea8f77de7bd03137cc578af1ea6656 -> 
  custom:scripting/monoscript/fileName/TrackballDecorator.cs: 6a2b6c747937d12d8d81be8f5b21fbd2 -> 
  custom:scripting/monoscript/fileName/MultiScaleVO.cs: d4c4732956ffb536e016475d75f04c43 -> 
  custom:scripting/monoscript/fileName/CubeLutAssetFactory.cs: db1961888d7cabf6be94b37e3b663de4 -> 
  custom:container-demuxer-webm: 4f35f7cbe854078d1ac9338744f61a02 -> 
  custom:scripting/monoscript/fileName/PostProcessVolumeEditor.cs: 7aae71821512dcac422c45dc773293c3 -> 
  custom:scripting/monoscript/fileName/ChromaticAberration.cs: 4d59e57f8324f5f986e16678ed451410 -> 
  custom:scripting/monoscript/fileName/VignetteEditor.cs: 345736fc911c5e8ab23e579751a40e4a -> 
  custom:scripting/monoscript/fileName/Styling.cs: d1c4aa14ff93670753edfbb93fc91bfe -> 
  custom:scripting/monoscript/fileName/PostProcessEffectRendererExtensions.cs: e953624d113e7e1739c702512603957d -> 
  custom:scripting/monoscript/fileName/ScalableAO.cs: 2f29d71d59b754086c809cfee1cdce34 -> 
  custom:scripting/monoscript/fileName/PostProcessLayerEditor.cs: d16de665ece05cd6e27dcc8d7bac4b9a -> 
  custom:scripting/monoscript/fileName/MinMaxAttribute.cs: a4b6ac8a4377612c7135a60f905792f1 -> 
  custom:scripting/monoscript/fileName/SubpixelMorphologicalAntialiasing.cs: 02dcb8839824addec278047da0509aea -> 
  custom:scripting/monoscript/fileName/BaseEditor.cs: 90647cc400823b41df847a6cbfc29026 -> 
  custom:container-muxer-webm: aa71ff27fc2769a1b78a27578f13a17b -> 
  custom:video-decoder-webm-vp8: 9c59270c3fd7afecdb556c50c9e8de78 -> 
  custom:SearchIndexIgnoredProperties: e643bd26f0fe6173181afceb89e7c659 -> 
  custom:scripting/monoscript/fileName/ChromaticAberrationEditor.cs: 3043bf57519b71f64b7a6de970c2487b -> 
  custom:scripting/monoscript/fileName/PostProcessEffectRenderer.cs: 577c5acf8157ecea944bb95c8c6d9a95 -> 
  custom:AudioImporter_EditorPlatform: d09bf68614088b80899f8185d706f6e7 -> 
  custom:scripting/monoscript/fileName/TextureFormatUtilities.cs: ba58c57cfaabc0f8201a9ca6902fcb23 -> 
  custom:scripting/monoscript/fileName/PostProcessVolume.cs: 3883cef4be0567c54caf457a416a2095 -> 
  custom:scripting/monoscript/fileName/LightMeterMonitor.cs: a897ae0c731cb153281aea9ecd0efb03 -> 
  custom:scripting/monoscript/fileName/ColorGradingEditor.cs: 25838050e3e1f12ef51713a5dcf60349 -> 
  custom:scripting/monoscript/fileName/AttributeDecorator.cs: 39b465f08cd0a5df82fc2ef70b766ca2 -> 
  custom:scripting/monoscript/fileName/AutoExposureEditor.cs: dfd15824649ea346b717bc72a871d75b -> 
  custom:scripting/monoscript/fileName/LensDistortion.cs: b7963bb1da21ba484a7b59b9f6ea3aec -> 
  custom:scripting/monoscript/fileName/ResourceAssetFactory.cs: bf6acc988648d854bb3c5751325d0d0a -> 
  custom:scripting/monoscript/fileName/PostProcessProfileEditor.cs: 1dcd55858a4126cb33b0f2de53c74fbe -> 
  custom:scripting/monoscript/fileName/Skybox.cs: c122ade9e2d3a916264f47a45be02789 -> 
  custom:scripting/monoscript/fileName/PostProcessDebug.cs: a653e9b773649e7452b035b4ce1dae82 -> 
  custom:scripting/monoscript/fileName/PostProcessAttribute.cs: e125947bf72ce7382f3b16f75797c897 -> 
  custom:scripting/monoscript/fileName/Grain.cs: 43f09a87a88d9937fbb9c4dbf3d5508e -> 
  custom:scripting/monoscript/fileName/HistogramMonitor.cs: 6fd024409d6e9db8d4c2c4e26430c2ad -> 
  custom:scripting/monoscript/fileName/PostProcessProfile.cs: f6dc030e2e953b2ed0eca334cce5d5cf -> 
  custom:scripting/monoscript/fileName/ProfileFactory.cs: f835845dfebfed501813f60a1cb006a3 -> 
  custom:scripting/monoscript/fileName/PostProcessEffectEditor.cs: 90647cc400823b41df847a6cbfc29026 -> 
  custom:scripting/monoscript/fileName/CubeLutAssetImporter.cs: 5e94ca4c74dad11cc8880f33d0ba9efb -> 
  custom:scripting/monoscript/fileName/PostProcessBundle.cs: f610f855c8ae8b896b5084e85ede373e -> 
  custom:scripting/monoscript/fileName/ScreenSpaceReflectionsEditor.cs: 59c13ba25de6098e70bafe8be94f609a -> 
  custom:video-encoder-webm-vp8: eb34c28f22e8b96e1ab97ce403110664 -> 
  custom:scripting/monoscript/fileName/RuntimeUtilities.cs: 76964d36e50cc48cfa29643bdde8d9a5 -> 
  custom:scripting/monoscript/fileName/Bloom.cs: 6f6d579a64201b97313a62a1e91b3575 -> 
  custom:audio-decoder-ogg-vorbis: bf7c407c2cedff20999df2af8eb42d56 -> 
  custom:scripting/monoscript/fileName/AutoExposure.cs: 0e7c21b17f53209ee8c5c61ab59d7835 -> 
  custom:scripting/monoscript/fileName/VectorscopeMonitor.cs: cb70c6437b976f01b752cd219cc47f32 -> 
  custom:scripting/monoscript/fileName/PropertySheetFactory.cs: cfc4667cc03e44252fafe18d99f24b25 -> 
  custom:scripting/monoscript/fileName/EditorUtilities.cs: 53a52fb113757c42f9c516115bd845ca -> 
  custom:scripting/monoscript/fileName/HaltonSeq.cs: a7590e55d6fae5328a1c395a2473d0cf -> 
  custom:scripting/monoscript/fileName/MinAttribute.cs: a3e7473301291585f4cca024ce307406 -> 
  custom:scripting/monoscript/fileName/DepthOfField.cs: d62178d8b5619f59fcdd6d24617ef5fd -> 
  custom:scripting/monoscript/fileName/BloomEditor.cs: c341bb26b40744c3a5c2a142ac3e1051 -> 
  custom:scripting/monoscript/fileName/WaveformMonitor.cs: 609651ee3f98f206575f684e9cce655d -> 
  custom:scripting/monoscript/fileName/HableCurve.cs: f244b24d6e7c556a2de06e25b0bbf4c1 -> 
  custom:audio-encoder-webm-vorbis: bf7c407c2cedff20999df2af8eb42d56 -> 
  custom:scripting/monoscript/fileName/PropertySheet.cs: e6bb03169eca9d33ea794a47ad6ce213 -> 
  custom:scripting/monoscript/fileName/TargetPool.cs: 6d29560228134c933c12fb1c113fb6ef -> 
  custom:scripting/monoscript/fileName/LogHistogram.cs: bab913d888834a1a8572eb834acec97c -> 
  custom:scripting/monoscript/fileName/ScreenSpaceReflections.cs: 8afa07200328ddfcb2536d4180c62536 -> 
  custom:scripting/precompiled-assembly-types:Assembly-CSharp: 9bc7c08e5c2b2dc83dd26948d420372a -> b5609ffa9375a1719a4b9b879c420584
  custom:scripting/monoscript/fileName/CurveEditor.cs: f5e872b2a5a6427a1785818cb10d95d1 -> 
  custom:scripting/monoscript/fileName/PostProcessResources.cs: 5089c17a701ba9b714a1f3d25fb9a9b0 -> 
  custom:scripting/monoscript/fileName/EffectListEditor.cs: 1ecdb4094d9e64024d6eb7725a86197b -> 
========================================================================
Received Import Request.
  Time since last request: 291.616057 seconds.
  path: Assets/Scenes/Main Menu_Profiles/PostProcess Profile.asset
  artifactKey: Guid(50090c3f2847b9843a138ef78c309cbe) Importer(815301076,1909f56bfc062723c751e8b465ee728b)
Start importing Assets/Scenes/Main Menu_Profiles/PostProcess Profile.asset using Guid(50090c3f2847b9843a138ef78c309cbe) Importer(815301076,1909f56bfc062723c751e8b465ee728b) [PhysX] Initialized MultithreadedTaskDispatcher with 12 workers.
 -> (artifact id: 'ba91be1625d0dc6e891c4985cae1b09f') in 0.021214 seconds
Number of updated asset objects reloaded before import = 0
Number of asset objects unloaded after import = 1
========================================================================
Received Import Request.
  Time since last request: 37.411485 seconds.
  path: ProjectSettings/TagManager.asset
  artifactKey: Guid(00000000000000003000000000000000) Importer(815301076,1909f56bfc062723c751e8b465ee728b)
Start importing ProjectSettings/TagManager.asset using Guid(00000000000000003000000000000000) Importer(815301076,1909f56bfc062723c751e8b465ee728b) [PhysX] Initialized MultithreadedTaskDispatcher with 12 workers.
 -> (artifact id: '46dd72246a960b5839ae3fa1e72c4e70') in 0.000941 seconds
Number of updated asset objects reloaded before import = 0
Number of asset objects unloaded after import = 0
========================================================================
Received Prepare
Caller must complete domain reload
Begin MonoManager ReloadAssembly
- Loaded All Assemblies, in  0.381 seconds
Native extension for WindowsStandalone target not found
Native extension for WebGL target not found
Mono: successfully reloaded assembly
- Finished resetting the current domain, in  0.817 seconds
Domain Reload Profiling: 1196ms
	BeginReloadAssembly (134ms)
		ExecutionOrderSort (0ms)
		DisableScriptedObjects (5ms)
		BackupInstance (0ms)
		ReleaseScriptingObjects (0ms)
		CreateAndSetChildDomain (28ms)
	RebuildCommonClasses (26ms)
	RebuildNativeTypeToScriptingClass (8ms)
	initialDomainReloadingComplete (26ms)
	LoadAllAssembliesAndSetupDomain (184ms)
		LoadAssemblies (243ms)
		RebuildTransferFunctionScriptingTraits (0ms)
		AnalyzeDomain (13ms)
			TypeCache.Refresh (5ms)
				TypeCache.ScanAssembly (0ms)
			ScanForSourceGeneratedMonoScriptInfo (0ms)
			ResolveRequiredComponents (4ms)
	FinalizeReload (817ms)
		ReleaseScriptCaches (0ms)
		RebuildScriptCaches (0ms)
		SetupLoadedEditorAssemblies (386ms)
			LogAssemblyErrors (0ms)
			InitializePlatformSupportModulesInManaged (7ms)
			SetLoadedEditorAssemblies (3ms)
			RefreshPlugins (0ms)
			BeforeProcessingInitializeOnLoad (58ms)
			ProcessInitializeOnLoadAttributes (290ms)
			ProcessInitializeOnLoadMethodAttributes (21ms)
			AfterProcessingInitializeOnLoad (8ms)
			EditorAssembliesLoaded (0ms)
		ExecutionOrderSort2 (0ms)
		AwakeInstancesAfterBackupRestoration (8ms)
Refreshing native plugins compatible for Editor in 5.11 ms, found 3 plugins.
Preloading 0 native plugins for Editor in 0.00 ms.
Unloading 3251 Unused Serialized files (Serialized files now loaded: 0)
Unloading 53 unused Assets / (4.0 MB). Loaded Objects now: 3799.
Memory consumption went from 219.9 MB to 216.0 MB.
Total: 5.214800 ms (FindLiveObjects: 0.240100 ms CreateObjectMapping: 0.151600 ms MarkObjects: 3.410800 ms  DeleteObjects: 1.411100 ms)

Prepare: number of updated asset objects reloaded= 0
AssetImportParameters requested are different than current active one (requested -> active):
  custom:scripting/monoscript/fileName/Decorators.cs: 4533f6715dc3f8cdabbd37ff77d1dad7 -> 
  custom:scripting/monoscript/fileName/GlobalSettings.cs: e5eb35b80bdfaee4ead1e1630fd77998 -> 
  custom:scripting/monoscript/fileName/PostProcessEffectBaseEditor.cs: 972bdf00f442be0d879dcb6868e25c8e -> 
  custom:scripting/monoscript/fileName/PostProcessRenderContext.cs: 9e034c8bf7d42a1d6c2d4339915eccb0 -> 
  custom:scripting/monoscript/fileName/Spline.cs: 7876820de12ed89d33ad838af99a030e -> 
  custom:scripting/monoscript/fileName/ColorGrading.cs: ef67493fb3cf9676ba5f25862510a595 -> 
  custom:scripting/monoscript/fileName/Monitor.cs: e0eb5d32b3aade2e0ce8680b00ac2b78 -> 
  custom:scripting/precompiled-assembly-types:Unity.Postprocessing.Runtime: 655cd018e42ac91ed9a03cfbdae17956 -> 
  custom:scripting/monoscript/fileName/TemporalAntialiasing.cs: 71e40fdab49d34f4e07f83936454d904 -> 
  custom:container-demuxer-ogg: 62fdf1f143b41e24485cea50d1cbac27 -> 
  custom:scripting/monoscript/fileName/AmbientOcclusion.cs: 7a27923f9312611f0b2898a72e3ee96a -> 
  custom:scripting/monoscript/fileName/PostProcessDebugLayer.cs: 6d8a99809398beddf11f92dfbb0e6ad4 -> 
  custom:scripting/monoscript/fileName/ColorUtilities.cs: 47918ebfa890b947a816b80444ee2882 -> 
  custom:scripting/monoscript/fileName/ParameterOverride.cs: 5475497db741ca919df708e5019e593d -> 
  custom:scripting/monoscript/fileName/TextureLerper.cs: 973e800795f77d61d647ea0c3f0cf284 -> 
  custom:scripting/precompiled-assembly-types:Unity.Postprocessing.Editor: 23b49e25b965492466cd147d7735360a -> 
  custom:scripting/monoscript/fileName/Vignette.cs: e0b99ac31b7575ef776e7be56647abb0 -> 
  custom:scripting/monoscript/fileName/DepthOfFieldEditor.cs: 64cce655bf722c851048e2ebbf401a7b -> 
  custom:scripting/monoscript/fileName/DefaultPostProcessEffectEditor.cs: 06a1d8fcea7725e08b95f21cc15fd0a1 -> 
  custom:scripting/monoscript/fileName/PostProcessLayer.cs: aa288976158dcd4c24041d5304f25d07 -> 
  custom:scripting/monoscript/fileName/MaxAttribute.cs: d661645ab8c724f24b3e19978e87b44c -> 
  custom:scripting/monoscript/fileName/PostProcessDebugEditor.cs: 1a0488d8742bf880cc7334e53e2cc73d -> 
  custom:video-decoder-ogg-theora: a1e56fd34408186e4bbccfd4996cb3dc -> 
  custom:scripting/monoscript/fileName/SerializedParameterOverride.cs: 5e4deaf96895d013d32a8e84ec179f8e -> 
  custom:scripting/monoscript/fileName/MeshUtilities.cs: dc5356b699afd34cf9728f4d65b476a0 -> 
  custom:scripting/monoscript/fileName/AmbientOcclusionEditor.cs: 61e5422c29b8f52188d508eb7d382167 -> 
  custom:scripting/monoscript/fileName/FastApproximateAntialiasing.cs: bf5588b2deec2689a812a7d2eacd9bd5 -> 
  custom:scripting/monoscript/fileName/MotionBlur.cs: 823914e335803785a19e5990c6ab2911 -> 
  custom:scripting/monoscript/fileName/DefineSetter.cs: 292ba08e52064b1a72f8d4bb04301dd3 -> 
  custom:framework-win-MediaFoundation: 216162199b28c13a410421893ffa2e32 -> 
  custom:scripting/monoscript/fileName/ShaderIDs.cs: 96024f1f873475da65a783f1404f9117 -> 
  custom:scripting/monoscript/fileName/PostProcessEditorAttribute.cs: 672a58b4d5bab60112487a31c361c481 -> 
  custom:scripting/monoscript/fileName/LensDistortionEditor.cs: dee045d29944d55e8040435a58a7ce90 -> 
  custom:scripting/monoscript/fileName/MotionBlurEditor.cs: 3bd8d3e7e9a7ea94beb2e5517b62d27b -> 
  custom:scripting/monoscript/fileName/Dithering.cs: 3014fffaa718d0ad6dd2c7bb7956ed46 -> 
  custom:scripting/monoscript/fileName/DecoratorAttribute.cs: be5bd39119e1a41ea1a019fdb3818a3f -> 
  custom:scripting/monoscript/fileName/DisplayNameAttribute.cs: 935a6ac504eb8a852fba40cbcae9292c -> 
  custom:scripting/monoscript/fileName/PostProcessEffectSettings.cs: 2ab9d33170e863b1a9c8a9079cdd12aa -> 
  custom:scripting/monoscript/fileName/Fog.cs: 07e271953e2bcf8513b6a72a2737e767 -> 
  custom:scripting/monoscript/fileName/PostProcessManager.cs: 28ef7780d543a8111635e1f5051383d0 -> 
  custom:scripting/monoscript/fileName/VolumeFactory.cs: cc77136700c9e1ff894d234886ccb852 -> 
  custom:CustomObjectIndexerAttribute: 9a22284fe3817be447336de3de66b15e -> 
  custom:scripting/monoscript/fileName/PostProcessEvent.cs: 8fb6e54ff2cf1a8be7ecdd01fbdd78f8 -> 
  custom:scripting/monoscript/fileName/TrackballAttribute.cs: 8dea8f77de7bd03137cc578af1ea6656 -> 
  custom:scripting/monoscript/fileName/TrackballDecorator.cs: 6a2b6c747937d12d8d81be8f5b21fbd2 -> 
  custom:scripting/monoscript/fileName/MultiScaleVO.cs: d4c4732956ffb536e016475d75f04c43 -> 
  custom:scripting/monoscript/fileName/CubeLutAssetFactory.cs: db1961888d7cabf6be94b37e3b663de4 -> 
  custom:container-demuxer-webm: 4f35f7cbe854078d1ac9338744f61a02 -> 
  custom:scripting/monoscript/fileName/PostProcessVolumeEditor.cs: 7aae71821512dcac422c45dc773293c3 -> 
  custom:scripting/monoscript/fileName/ChromaticAberration.cs: 4d59e57f8324f5f986e16678ed451410 -> 
  custom:scripting/monoscript/fileName/VignetteEditor.cs: 345736fc911c5e8ab23e579751a40e4a -> 
  custom:scripting/monoscript/fileName/Styling.cs: d1c4aa14ff93670753edfbb93fc91bfe -> 
  custom:scripting/monoscript/fileName/PostProcessEffectRendererExtensions.cs: e953624d113e7e1739c702512603957d -> 
  custom:scripting/monoscript/fileName/ScalableAO.cs: 2f29d71d59b754086c809cfee1cdce34 -> 
  custom:scripting/monoscript/fileName/PostProcessLayerEditor.cs: d16de665ece05cd6e27dcc8d7bac4b9a -> 
  custom:scripting/monoscript/fileName/MinMaxAttribute.cs: a4b6ac8a4377612c7135a60f905792f1 -> 
  custom:scripting/monoscript/fileName/SubpixelMorphologicalAntialiasing.cs: 02dcb8839824addec278047da0509aea -> 
  custom:scripting/monoscript/fileName/BaseEditor.cs: 90647cc400823b41df847a6cbfc29026 -> 
  custom:container-muxer-webm: aa71ff27fc2769a1b78a27578f13a17b -> 
  custom:video-decoder-webm-vp8: 9c59270c3fd7afecdb556c50c9e8de78 -> 
  custom:SearchIndexIgnoredProperties: e643bd26f0fe6173181afceb89e7c659 -> 
  custom:scripting/monoscript/fileName/ChromaticAberrationEditor.cs: 3043bf57519b71f64b7a6de970c2487b -> 
  custom:scripting/monoscript/fileName/PostProcessEffectRenderer.cs: 577c5acf8157ecea944bb95c8c6d9a95 -> 
  custom:AudioImporter_EditorPlatform: d09bf68614088b80899f8185d706f6e7 -> 
  custom:scripting/monoscript/fileName/TextureFormatUtilities.cs: ba58c57cfaabc0f8201a9ca6902fcb23 -> 
  custom:scripting/monoscript/fileName/PostProcessVolume.cs: 3883cef4be0567c54caf457a416a2095 -> 
  custom:scripting/monoscript/fileName/LightMeterMonitor.cs: a897ae0c731cb153281aea9ecd0efb03 -> 
  custom:scripting/monoscript/fileName/ColorGradingEditor.cs: 25838050e3e1f12ef51713a5dcf60349 -> 
  custom:scripting/monoscript/fileName/AttributeDecorator.cs: 39b465f08cd0a5df82fc2ef70b766ca2 -> 
  custom:scripting/monoscript/fileName/AutoExposureEditor.cs: dfd15824649ea346b717bc72a871d75b -> 
  custom:scripting/monoscript/fileName/LensDistortion.cs: b7963bb1da21ba484a7b59b9f6ea3aec -> 
  custom:scripting/monoscript/fileName/ResourceAssetFactory.cs: bf6acc988648d854bb3c5751325d0d0a -> 
  custom:scripting/monoscript/fileName/PostProcessProfileEditor.cs: 1dcd55858a4126cb33b0f2de53c74fbe -> 
  custom:scripting/monoscript/fileName/Skybox.cs: c122ade9e2d3a916264f47a45be02789 -> 
  custom:scripting/monoscript/fileName/PostProcessDebug.cs: a653e9b773649e7452b035b4ce1dae82 -> 
  custom:scripting/monoscript/fileName/PostProcessAttribute.cs: e125947bf72ce7382f3b16f75797c897 -> 
  custom:scripting/monoscript/fileName/Grain.cs: 43f09a87a88d9937fbb9c4dbf3d5508e -> 
  custom:scripting/monoscript/fileName/HistogramMonitor.cs: 6fd024409d6e9db8d4c2c4e26430c2ad -> 
  custom:scripting/monoscript/fileName/PostProcessProfile.cs: f6dc030e2e953b2ed0eca334cce5d5cf -> 
  custom:scripting/monoscript/fileName/ProfileFactory.cs: f835845dfebfed501813f60a1cb006a3 -> 
  custom:scripting/monoscript/fileName/PostProcessEffectEditor.cs: 90647cc400823b41df847a6cbfc29026 -> 
  custom:scripting/monoscript/fileName/CubeLutAssetImporter.cs: 5e94ca4c74dad11cc8880f33d0ba9efb -> 
  custom:scripting/monoscript/fileName/PostProcessBundle.cs: f610f855c8ae8b896b5084e85ede373e -> 
  custom:scripting/monoscript/fileName/ScreenSpaceReflectionsEditor.cs: 59c13ba25de6098e70bafe8be94f609a -> 
  custom:video-encoder-webm-vp8: eb34c28f22e8b96e1ab97ce403110664 -> 
  custom:scripting/monoscript/fileName/RuntimeUtilities.cs: 76964d36e50cc48cfa29643bdde8d9a5 -> 
  custom:scripting/monoscript/fileName/Bloom.cs: 6f6d579a64201b97313a62a1e91b3575 -> 
  custom:audio-decoder-ogg-vorbis: bf7c407c2cedff20999df2af8eb42d56 -> 
  custom:scripting/monoscript/fileName/AutoExposure.cs: 0e7c21b17f53209ee8c5c61ab59d7835 -> 
  custom:scripting/monoscript/fileName/VectorscopeMonitor.cs: cb70c6437b976f01b752cd219cc47f32 -> 
  custom:scripting/monoscript/fileName/PropertySheetFactory.cs: cfc4667cc03e44252fafe18d99f24b25 -> 
  custom:scripting/monoscript/fileName/EditorUtilities.cs: 53a52fb113757c42f9c516115bd845ca -> 
  custom:scripting/monoscript/fileName/HaltonSeq.cs: a7590e55d6fae5328a1c395a2473d0cf -> 
  custom:scripting/monoscript/fileName/MinAttribute.cs: a3e7473301291585f4cca024ce307406 -> 
  custom:scripting/monoscript/fileName/DepthOfField.cs: d62178d8b5619f59fcdd6d24617ef5fd -> 
  custom:scripting/monoscript/fileName/BloomEditor.cs: c341bb26b40744c3a5c2a142ac3e1051 -> 
  custom:scripting/monoscript/fileName/WaveformMonitor.cs: 609651ee3f98f206575f684e9cce655d -> 
  custom:scripting/monoscript/fileName/HableCurve.cs: f244b24d6e7c556a2de06e25b0bbf4c1 -> 
  custom:audio-encoder-webm-vorbis: bf7c407c2cedff20999df2af8eb42d56 -> 
  custom:scripting/monoscript/fileName/PropertySheet.cs: e6bb03169eca9d33ea794a47ad6ce213 -> 
  custom:scripting/monoscript/fileName/TargetPool.cs: 6d29560228134c933c12fb1c113fb6ef -> 
  custom:scripting/monoscript/fileName/LogHistogram.cs: bab913d888834a1a8572eb834acec97c -> 
  custom:scripting/monoscript/fileName/ScreenSpaceReflections.cs: 8afa07200328ddfcb2536d4180c62536 -> 
  custom:scripting/precompiled-assembly-types:Assembly-CSharp: 9bc7c08e5c2b2dc83dd26948d420372a -> b5609ffa9375a1719a4b9b879c420584
  custom:scripting/monoscript/fileName/CurveEditor.cs: f5e872b2a5a6427a1785818cb10d95d1 -> 
  custom:scripting/monoscript/fileName/PostProcessResources.cs: 5089c17a701ba9b714a1f3d25fb9a9b0 -> 
  custom:scripting/monoscript/fileName/EffectListEditor.cs: 1ecdb4094d9e64024d6eb7725a86197b -> 
========================================================================
Received Prepare
Caller must complete domain reload
Begin MonoManager ReloadAssembly
- Loaded All Assemblies, in  0.377 seconds
Native extension for WindowsStandalone target not found
Native extension for WebGL target not found
Mono: successfully reloaded assembly
- Finished resetting the current domain, in  0.823 seconds
Domain Reload Profiling: 1197ms
	BeginReloadAssembly (129ms)
		ExecutionOrderSort (0ms)
		DisableScriptedObjects (5ms)
		BackupInstance (0ms)
		ReleaseScriptingObjects (0ms)
		CreateAndSetChildDomain (25ms)
	RebuildCommonClasses (27ms)
	RebuildNativeTypeToScriptingClass (8ms)
	initialDomainReloadingComplete (26ms)
	LoadAllAssembliesAndSetupDomain (184ms)
		LoadAssemblies (239ms)
		RebuildTransferFunctionScriptingTraits (0ms)
		AnalyzeDomain (15ms)
			TypeCache.Refresh (7ms)
				TypeCache.ScanAssembly (0ms)
			ScanForSourceGeneratedMonoScriptInfo (0ms)
			ResolveRequiredComponents (4ms)
	FinalizeReload (823ms)
		ReleaseScriptCaches (0ms)
		RebuildScriptCaches (0ms)
		SetupLoadedEditorAssemblies (392ms)
			LogAssemblyErrors (0ms)
			InitializePlatformSupportModulesInManaged (8ms)
			SetLoadedEditorAssemblies (3ms)
			RefreshPlugins (0ms)
			BeforeProcessingInitializeOnLoad (56ms)
			ProcessInitializeOnLoadAttributes (296ms)
			ProcessInitializeOnLoadMethodAttributes (22ms)
			AfterProcessingInitializeOnLoad (8ms)
			EditorAssembliesLoaded (0ms)
		ExecutionOrderSort2 (0ms)
		AwakeInstancesAfterBackupRestoration (7ms)
Refreshing native plugins compatible for Editor in 6.43 ms, found 3 plugins.
Preloading 0 native plugins for Editor in 0.00 ms.
Unloading 3252 Unused Serialized files (Serialized files now loaded: 0)
Unloading 53 unused Assets / (4.0 MB). Loaded Objects now: 3802.
Memory consumption went from 220.2 MB to 216.3 MB.
Total: 5.117800 ms (FindLiveObjects: 0.259000 ms CreateObjectMapping: 0.181500 ms MarkObjects: 3.141100 ms  DeleteObjects: 1.534200 ms)

Prepare: number of updated asset objects reloaded= 0
AssetImportParameters requested are different than current active one (requested -> active):
  custom:scripting/monoscript/fileName/Decorators.cs: 4533f6715dc3f8cdabbd37ff77d1dad7 -> 
  custom:scripting/monoscript/fileName/GlobalSettings.cs: e5eb35b80bdfaee4ead1e1630fd77998 -> 
  custom:scripting/monoscript/fileName/PostProcessEffectBaseEditor.cs: 972bdf00f442be0d879dcb6868e25c8e -> 
  custom:scripting/monoscript/fileName/PostProcessRenderContext.cs: 9e034c8bf7d42a1d6c2d4339915eccb0 -> 
  custom:scripting/monoscript/fileName/Spline.cs: 7876820de12ed89d33ad838af99a030e -> 
  custom:scripting/monoscript/fileName/ColorGrading.cs: ef67493fb3cf9676ba5f25862510a595 -> 
  custom:scripting/monoscript/fileName/Monitor.cs: e0eb5d32b3aade2e0ce8680b00ac2b78 -> 
  custom:scripting/precompiled-assembly-types:Unity.Postprocessing.Runtime: 655cd018e42ac91ed9a03cfbdae17956 -> 
  custom:scripting/monoscript/fileName/TemporalAntialiasing.cs: 71e40fdab49d34f4e07f83936454d904 -> 
  custom:container-demuxer-ogg: 62fdf1f143b41e24485cea50d1cbac27 -> 
  custom:scripting/monoscript/fileName/AmbientOcclusion.cs: 7a27923f9312611f0b2898a72e3ee96a -> 
  custom:scripting/monoscript/fileName/PostProcessDebugLayer.cs: 6d8a99809398beddf11f92dfbb0e6ad4 -> 
  custom:scripting/monoscript/fileName/ColorUtilities.cs: 47918ebfa890b947a816b80444ee2882 -> 
  custom:scripting/monoscript/fileName/ParameterOverride.cs: 5475497db741ca919df708e5019e593d -> 
  custom:scripting/monoscript/fileName/TextureLerper.cs: 973e800795f77d61d647ea0c3f0cf284 -> 
  custom:scripting/precompiled-assembly-types:Unity.Postprocessing.Editor: 23b49e25b965492466cd147d7735360a -> 
  custom:scripting/monoscript/fileName/Vignette.cs: e0b99ac31b7575ef776e7be56647abb0 -> 
  custom:scripting/monoscript/fileName/DepthOfFieldEditor.cs: 64cce655bf722c851048e2ebbf401a7b -> 
  custom:scripting/monoscript/fileName/DefaultPostProcessEffectEditor.cs: 06a1d8fcea7725e08b95f21cc15fd0a1 -> 
  custom:scripting/monoscript/fileName/PostProcessLayer.cs: aa288976158dcd4c24041d5304f25d07 -> 
  custom:scripting/monoscript/fileName/MaxAttribute.cs: d661645ab8c724f24b3e19978e87b44c -> 
  custom:scripting/monoscript/fileName/PostProcessDebugEditor.cs: 1a0488d8742bf880cc7334e53e2cc73d -> 
  custom:video-decoder-ogg-theora: a1e56fd34408186e4bbccfd4996cb3dc -> 
  custom:scripting/monoscript/fileName/SerializedParameterOverride.cs: 5e4deaf96895d013d32a8e84ec179f8e -> 
  custom:scripting/monoscript/fileName/MeshUtilities.cs: dc5356b699afd34cf9728f4d65b476a0 -> 
  custom:scripting/monoscript/fileName/AmbientOcclusionEditor.cs: 61e5422c29b8f52188d508eb7d382167 -> 
  custom:scripting/monoscript/fileName/FastApproximateAntialiasing.cs: bf5588b2deec2689a812a7d2eacd9bd5 -> 
  custom:scripting/monoscript/fileName/MotionBlur.cs: 823914e335803785a19e5990c6ab2911 -> 
  custom:scripting/monoscript/fileName/DefineSetter.cs: 292ba08e52064b1a72f8d4bb04301dd3 -> 
  custom:framework-win-MediaFoundation: 216162199b28c13a410421893ffa2e32 -> 
  custom:scripting/monoscript/fileName/ShaderIDs.cs: 96024f1f873475da65a783f1404f9117 -> 
  custom:scripting/monoscript/fileName/PostProcessEditorAttribute.cs: 672a58b4d5bab60112487a31c361c481 -> 
  custom:scripting/monoscript/fileName/LensDistortionEditor.cs: dee045d29944d55e8040435a58a7ce90 -> 
  custom:scripting/monoscript/fileName/MotionBlurEditor.cs: 3bd8d3e7e9a7ea94beb2e5517b62d27b -> 
  custom:scripting/monoscript/fileName/Dithering.cs: 3014fffaa718d0ad6dd2c7bb7956ed46 -> 
  custom:scripting/monoscript/fileName/DecoratorAttribute.cs: be5bd39119e1a41ea1a019fdb3818a3f -> 
  custom:scripting/monoscript/fileName/DisplayNameAttribute.cs: 935a6ac504eb8a852fba40cbcae9292c -> 
  custom:scripting/monoscript/fileName/PostProcessEffectSettings.cs: 2ab9d33170e863b1a9c8a9079cdd12aa -> 
  custom:scripting/monoscript/fileName/Fog.cs: 07e271953e2bcf8513b6a72a2737e767 -> 
  custom:scripting/monoscript/fileName/PostProcessManager.cs: 28ef7780d543a8111635e1f5051383d0 -> 
  custom:scripting/monoscript/fileName/VolumeFactory.cs: cc77136700c9e1ff894d234886ccb852 -> 
  custom:CustomObjectIndexerAttribute: 9a22284fe3817be447336de3de66b15e -> 
  custom:scripting/monoscript/fileName/PostProcessEvent.cs: 8fb6e54ff2cf1a8be7ecdd01fbdd78f8 -> 
  custom:scripting/monoscript/fileName/TrackballAttribute.cs: 8dea8f77de7bd03137cc578af1ea6656 -> 
  custom:scripting/monoscript/fileName/TrackballDecorator.cs: 6a2b6c747937d12d8d81be8f5b21fbd2 -> 
  custom:scripting/monoscript/fileName/MultiScaleVO.cs: d4c4732956ffb536e016475d75f04c43 -> 
  custom:scripting/monoscript/fileName/CubeLutAssetFactory.cs: db1961888d7cabf6be94b37e3b663de4 -> 
  custom:container-demuxer-webm: 4f35f7cbe854078d1ac9338744f61a02 -> 
  custom:scripting/monoscript/fileName/PostProcessVolumeEditor.cs: 7aae71821512dcac422c45dc773293c3 -> 
  custom:scripting/monoscript/fileName/ChromaticAberration.cs: 4d59e57f8324f5f986e16678ed451410 -> 
  custom:scripting/monoscript/fileName/VignetteEditor.cs: 345736fc911c5e8ab23e579751a40e4a -> 
  custom:scripting/monoscript/fileName/Styling.cs: d1c4aa14ff93670753edfbb93fc91bfe -> 
  custom:scripting/monoscript/fileName/PostProcessEffectRendererExtensions.cs: e953624d113e7e1739c702512603957d -> 
  custom:scripting/monoscript/fileName/ScalableAO.cs: 2f29d71d59b754086c809cfee1cdce34 -> 
  custom:scripting/monoscript/fileName/PostProcessLayerEditor.cs: d16de665ece05cd6e27dcc8d7bac4b9a -> 
  custom:scripting/monoscript/fileName/MinMaxAttribute.cs: a4b6ac8a4377612c7135a60f905792f1 -> 
  custom:scripting/monoscript/fileName/SubpixelMorphologicalAntialiasing.cs: 02dcb8839824addec278047da0509aea -> 
  custom:scripting/monoscript/fileName/BaseEditor.cs: 90647cc400823b41df847a6cbfc29026 -> 
  custom:container-muxer-webm: aa71ff27fc2769a1b78a27578f13a17b -> 
  custom:video-decoder-webm-vp8: 9c59270c3fd7afecdb556c50c9e8de78 -> 
  custom:SearchIndexIgnoredProperties: e643bd26f0fe6173181afceb89e7c659 -> 
  custom:scripting/monoscript/fileName/ChromaticAberrationEditor.cs: 3043bf57519b71f64b7a6de970c2487b -> 
  custom:scripting/monoscript/fileName/PostProcessEffectRenderer.cs: 577c5acf8157ecea944bb95c8c6d9a95 -> 
  custom:AudioImporter_EditorPlatform: d09bf68614088b80899f8185d706f6e7 -> 
  custom:scripting/monoscript/fileName/TextureFormatUtilities.cs: ba58c57cfaabc0f8201a9ca6902fcb23 -> 
  custom:scripting/monoscript/fileName/PostProcessVolume.cs: 3883cef4be0567c54caf457a416a2095 -> 
  custom:scripting/monoscript/fileName/LightMeterMonitor.cs: a897ae0c731cb153281aea9ecd0efb03 -> 
  custom:scripting/monoscript/fileName/ColorGradingEditor.cs: 25838050e3e1f12ef51713a5dcf60349 -> 
  custom:scripting/monoscript/fileName/AttributeDecorator.cs: 39b465f08cd0a5df82fc2ef70b766ca2 -> 
  custom:scripting/monoscript/fileName/AutoExposureEditor.cs: dfd15824649ea346b717bc72a871d75b -> 
  custom:scripting/monoscript/fileName/LensDistortion.cs: b7963bb1da21ba484a7b59b9f6ea3aec -> 
  custom:scripting/monoscript/fileName/ResourceAssetFactory.cs: bf6acc988648d854bb3c5751325d0d0a -> 
  custom:scripting/monoscript/fileName/PostProcessProfileEditor.cs: 1dcd55858a4126cb33b0f2de53c74fbe -> 
  custom:scripting/monoscript/fileName/Skybox.cs: c122ade9e2d3a916264f47a45be02789 -> 
  custom:scripting/monoscript/fileName/PostProcessDebug.cs: a653e9b773649e7452b035b4ce1dae82 -> 
  custom:scripting/monoscript/fileName/PostProcessAttribute.cs: e125947bf72ce7382f3b16f75797c897 -> 
  custom:scripting/monoscript/fileName/Grain.cs: 43f09a87a88d9937fbb9c4dbf3d5508e -> 
  custom:scripting/monoscript/fileName/HistogramMonitor.cs: 6fd024409d6e9db8d4c2c4e26430c2ad -> 
  custom:scripting/monoscript/fileName/PostProcessProfile.cs: f6dc030e2e953b2ed0eca334cce5d5cf -> 
  custom:scripting/monoscript/fileName/ProfileFactory.cs: f835845dfebfed501813f60a1cb006a3 -> 
  custom:scripting/monoscript/fileName/PostProcessEffectEditor.cs: 90647cc400823b41df847a6cbfc29026 -> 
  custom:scripting/monoscript/fileName/CubeLutAssetImporter.cs: 5e94ca4c74dad11cc8880f33d0ba9efb -> 
  custom:scripting/monoscript/fileName/PostProcessBundle.cs: f610f855c8ae8b896b5084e85ede373e -> 
  custom:scripting/monoscript/fileName/ScreenSpaceReflectionsEditor.cs: 59c13ba25de6098e70bafe8be94f609a -> 
  custom:video-encoder-webm-vp8: eb34c28f22e8b96e1ab97ce403110664 -> 
  custom:scripting/monoscript/fileName/RuntimeUtilities.cs: 76964d36e50cc48cfa29643bdde8d9a5 -> 
  custom:scripting/monoscript/fileName/Bloom.cs: 6f6d579a64201b97313a62a1e91b3575 -> 
  custom:audio-decoder-ogg-vorbis: bf7c407c2cedff20999df2af8eb42d56 -> 
  custom:scripting/monoscript/fileName/AutoExposure.cs: 0e7c21b17f53209ee8c5c61ab59d7835 -> 
  custom:scripting/monoscript/fileName/VectorscopeMonitor.cs: cb70c6437b976f01b752cd219cc47f32 -> 
  custom:scripting/monoscript/fileName/PropertySheetFactory.cs: cfc4667cc03e44252fafe18d99f24b25 -> 
  custom:scripting/monoscript/fileName/EditorUtilities.cs: 53a52fb113757c42f9c516115bd845ca -> 
  custom:scripting/monoscript/fileName/HaltonSeq.cs: a7590e55d6fae5328a1c395a2473d0cf -> 
  custom:scripting/monoscript/fileName/MinAttribute.cs: a3e7473301291585f4cca024ce307406 -> 
  custom:scripting/monoscript/fileName/DepthOfField.cs: d62178d8b5619f59fcdd6d24617ef5fd -> 
  custom:scripting/monoscript/fileName/BloomEditor.cs: c341bb26b40744c3a5c2a142ac3e1051 -> 
  custom:scripting/monoscript/fileName/WaveformMonitor.cs: 609651ee3f98f206575f684e9cce655d -> 
  custom:scripting/monoscript/fileName/HableCurve.cs: f244b24d6e7c556a2de06e25b0bbf4c1 -> 
  custom:audio-encoder-webm-vorbis: bf7c407c2cedff20999df2af8eb42d56 -> 
  custom:scripting/monoscript/fileName/PropertySheet.cs: e6bb03169eca9d33ea794a47ad6ce213 -> 
  custom:scripting/monoscript/fileName/TargetPool.cs: 6d29560228134c933c12fb1c113fb6ef -> 
  custom:scripting/monoscript/fileName/LogHistogram.cs: bab913d888834a1a8572eb834acec97c -> 
  custom:scripting/monoscript/fileName/ScreenSpaceReflections.cs: 8afa07200328ddfcb2536d4180c62536 -> 
  custom:scripting/precompiled-assembly-types:Assembly-CSharp: 9bc7c08e5c2b2dc83dd26948d420372a -> b5609ffa9375a1719a4b9b879c420584
  custom:scripting/monoscript/fileName/CurveEditor.cs: f5e872b2a5a6427a1785818cb10d95d1 -> 
  custom:scripting/monoscript/fileName/PostProcessResources.cs: 5089c17a701ba9b714a1f3d25fb9a9b0 -> 
  custom:scripting/monoscript/fileName/EffectListEditor.cs: 1ecdb4094d9e64024d6eb7725a86197b -> 
========================================================================
Received Prepare
Caller must complete domain reload
Begin MonoManager ReloadAssembly
- Loaded All Assemblies, in  0.379 seconds
Native extension for WindowsStandalone target not found
Native extension for WebGL target not found
Mono: successfully reloaded assembly
- Finished resetting the current domain, in  0.797 seconds
Domain Reload Profiling: 1173ms
	BeginReloadAssembly (133ms)
		ExecutionOrderSort (0ms)
		DisableScriptedObjects (4ms)
		BackupInstance (0ms)
		ReleaseScriptingObjects (0ms)
		CreateAndSetChildDomain (26ms)
	RebuildCommonClasses (27ms)
	RebuildNativeTypeToScriptingClass (9ms)
	initialDomainReloadingComplete (26ms)
	LoadAllAssembliesAndSetupDomain (181ms)
		LoadAssemblies (242ms)
		RebuildTransferFunctionScriptingTraits (0ms)
		AnalyzeDomain (12ms)
			TypeCache.Refresh (5ms)
				TypeCache.ScanAssembly (0ms)
			ScanForSourceGeneratedMonoScriptInfo (0ms)
			ResolveRequiredComponents (4ms)
	FinalizeReload (797ms)
		ReleaseScriptCaches (0ms)
		RebuildScriptCaches (0ms)
		SetupLoadedEditorAssemblies (362ms)
			LogAssemblyErrors (0ms)
			InitializePlatformSupportModulesInManaged (7ms)
			SetLoadedEditorAssemblies (3ms)
			RefreshPlugins (0ms)
			BeforeProcessingInitializeOnLoad (51ms)
			ProcessInitializeOnLoadAttributes (272ms)
			ProcessInitializeOnLoadMethodAttributes (20ms)
			AfterProcessingInitializeOnLoad (8ms)
			EditorAssembliesLoaded (0ms)
		ExecutionOrderSort2 (0ms)
		AwakeInstancesAfterBackupRestoration (7ms)
Refreshing native plugins compatible for Editor in 4.48 ms, found 3 plugins.
Preloading 0 native plugins for Editor in 0.00 ms.
Unloading 3252 Unused Serialized files (Serialized files now loaded: 0)
Unloading 53 unused Assets / (4.0 MB). Loaded Objects now: 3805.
Memory consumption went from 220.2 MB to 216.3 MB.
Total: 4.783600 ms (FindLiveObjects: 0.363600 ms CreateObjectMapping: 0.255200 ms MarkObjects: 2.895500 ms  DeleteObjects: 1.267400 ms)

Prepare: number of updated asset objects reloaded= 0
AssetImportParameters requested are different than current active one (requested -> active):
  custom:scripting/monoscript/fileName/Decorators.cs: 4533f6715dc3f8cdabbd37ff77d1dad7 -> 
  custom:scripting/monoscript/fileName/GlobalSettings.cs: e5eb35b80bdfaee4ead1e1630fd77998 -> 
  custom:scripting/monoscript/fileName/PostProcessEffectBaseEditor.cs: 972bdf00f442be0d879dcb6868e25c8e -> 
  custom:scripting/monoscript/fileName/PostProcessRenderContext.cs: 9e034c8bf7d42a1d6c2d4339915eccb0 -> 
  custom:scripting/monoscript/fileName/Spline.cs: 7876820de12ed89d33ad838af99a030e -> 
  custom:scripting/monoscript/fileName/ColorGrading.cs: ef67493fb3cf9676ba5f25862510a595 -> 
  custom:scripting/monoscript/fileName/Monitor.cs: e0eb5d32b3aade2e0ce8680b00ac2b78 -> 
  custom:scripting/precompiled-assembly-types:Unity.Postprocessing.Runtime: 655cd018e42ac91ed9a03cfbdae17956 -> 
  custom:scripting/monoscript/fileName/TemporalAntialiasing.cs: 71e40fdab49d34f4e07f83936454d904 -> 
  custom:container-demuxer-ogg: 62fdf1f143b41e24485cea50d1cbac27 -> 
  custom:scripting/monoscript/fileName/AmbientOcclusion.cs: 7a27923f9312611f0b2898a72e3ee96a -> 
  custom:scripting/monoscript/fileName/PostProcessDebugLayer.cs: 6d8a99809398beddf11f92dfbb0e6ad4 -> 
  custom:scripting/monoscript/fileName/ColorUtilities.cs: 47918ebfa890b947a816b80444ee2882 -> 
  custom:scripting/monoscript/fileName/ParameterOverride.cs: 5475497db741ca919df708e5019e593d -> 
  custom:scripting/monoscript/fileName/TextureLerper.cs: 973e800795f77d61d647ea0c3f0cf284 -> 
  custom:scripting/precompiled-assembly-types:Unity.Postprocessing.Editor: 23b49e25b965492466cd147d7735360a -> 
  custom:scripting/monoscript/fileName/Vignette.cs: e0b99ac31b7575ef776e7be56647abb0 -> 
  custom:scripting/monoscript/fileName/DepthOfFieldEditor.cs: 64cce655bf722c851048e2ebbf401a7b -> 
  custom:scripting/monoscript/fileName/DefaultPostProcessEffectEditor.cs: 06a1d8fcea7725e08b95f21cc15fd0a1 -> 
  custom:scripting/monoscript/fileName/PostProcessLayer.cs: aa288976158dcd4c24041d5304f25d07 -> 
  custom:scripting/monoscript/fileName/MaxAttribute.cs: d661645ab8c724f24b3e19978e87b44c -> 
  custom:scripting/monoscript/fileName/PostProcessDebugEditor.cs: 1a0488d8742bf880cc7334e53e2cc73d -> 
  custom:video-decoder-ogg-theora: a1e56fd34408186e4bbccfd4996cb3dc -> 
  custom:scripting/monoscript/fileName/SerializedParameterOverride.cs: 5e4deaf96895d013d32a8e84ec179f8e -> 
  custom:scripting/monoscript/fileName/MeshUtilities.cs: dc5356b699afd34cf9728f4d65b476a0 -> 
  custom:scripting/monoscript/fileName/AmbientOcclusionEditor.cs: 61e5422c29b8f52188d508eb7d382167 -> 
  custom:scripting/monoscript/fileName/FastApproximateAntialiasing.cs: bf5588b2deec2689a812a7d2eacd9bd5 -> 
  custom:scripting/monoscript/fileName/MotionBlur.cs: 823914e335803785a19e5990c6ab2911 -> 
  custom:scripting/monoscript/fileName/DefineSetter.cs: 292ba08e52064b1a72f8d4bb04301dd3 -> 
  custom:framework-win-MediaFoundation: 216162199b28c13a410421893ffa2e32 -> 
  custom:scripting/monoscript/fileName/ShaderIDs.cs: 96024f1f873475da65a783f1404f9117 -> 
  custom:scripting/monoscript/fileName/PostProcessEditorAttribute.cs: 672a58b4d5bab60112487a31c361c481 -> 
  custom:scripting/monoscript/fileName/LensDistortionEditor.cs: dee045d29944d55e8040435a58a7ce90 -> 
  custom:scripting/monoscript/fileName/MotionBlurEditor.cs: 3bd8d3e7e9a7ea94beb2e5517b62d27b -> 
  custom:scripting/monoscript/fileName/Dithering.cs: 3014fffaa718d0ad6dd2c7bb7956ed46 -> 
  custom:scripting/monoscript/fileName/DecoratorAttribute.cs: be5bd39119e1a41ea1a019fdb3818a3f -> 
  custom:scripting/monoscript/fileName/DisplayNameAttribute.cs: 935a6ac504eb8a852fba40cbcae9292c -> 
  custom:scripting/monoscript/fileName/PostProcessEffectSettings.cs: 2ab9d33170e863b1a9c8a9079cdd12aa -> 
  custom:scripting/monoscript/fileName/Fog.cs: 07e271953e2bcf8513b6a72a2737e767 -> 
  custom:scripting/monoscript/fileName/PostProcessManager.cs: 28ef7780d543a8111635e1f5051383d0 -> 
  custom:scripting/monoscript/fileName/VolumeFactory.cs: cc77136700c9e1ff894d234886ccb852 -> 
  custom:CustomObjectIndexerAttribute: 9a22284fe3817be447336de3de66b15e -> 
  custom:scripting/monoscript/fileName/PostProcessEvent.cs: 8fb6e54ff2cf1a8be7ecdd01fbdd78f8 -> 
  custom:scripting/monoscript/fileName/TrackballAttribute.cs: 8dea8f77de7bd03137cc578af1ea6656 -> 
  custom:scripting/monoscript/fileName/TrackballDecorator.cs: 6a2b6c747937d12d8d81be8f5b21fbd2 -> 
  custom:scripting/monoscript/fileName/MultiScaleVO.cs: d4c4732956ffb536e016475d75f04c43 -> 
  custom:scripting/monoscript/fileName/CubeLutAssetFactory.cs: db1961888d7cabf6be94b37e3b663de4 -> 
  custom:container-demuxer-webm: 4f35f7cbe854078d1ac9338744f61a02 -> 
  custom:scripting/monoscript/fileName/PostProcessVolumeEditor.cs: 7aae71821512dcac422c45dc773293c3 -> 
  custom:scripting/monoscript/fileName/ChromaticAberration.cs: 4d59e57f8324f5f986e16678ed451410 -> 
  custom:scripting/monoscript/fileName/VignetteEditor.cs: 345736fc911c5e8ab23e579751a40e4a -> 
  custom:scripting/monoscript/fileName/Styling.cs: d1c4aa14ff93670753edfbb93fc91bfe -> 
  custom:scripting/monoscript/fileName/PostProcessEffectRendererExtensions.cs: e953624d113e7e1739c702512603957d -> 
  custom:scripting/monoscript/fileName/ScalableAO.cs: 2f29d71d59b754086c809cfee1cdce34 -> 
  custom:scripting/monoscript/fileName/PostProcessLayerEditor.cs: d16de665ece05cd6e27dcc8d7bac4b9a -> 
  custom:scripting/monoscript/fileName/MinMaxAttribute.cs: a4b6ac8a4377612c7135a60f905792f1 -> 
  custom:scripting/monoscript/fileName/SubpixelMorphologicalAntialiasing.cs: 02dcb8839824addec278047da0509aea -> 
  custom:scripting/monoscript/fileName/BaseEditor.cs: 90647cc400823b41df847a6cbfc29026 -> 
  custom:container-muxer-webm: aa71ff27fc2769a1b78a27578f13a17b -> 
  custom:video-decoder-webm-vp8: 9c59270c3fd7afecdb556c50c9e8de78 -> 
  custom:SearchIndexIgnoredProperties: e643bd26f0fe6173181afceb89e7c659 -> 
  custom:scripting/monoscript/fileName/ChromaticAberrationEditor.cs: 3043bf57519b71f64b7a6de970c2487b -> 
  custom:scripting/monoscript/fileName/PostProcessEffectRenderer.cs: 577c5acf8157ecea944bb95c8c6d9a95 -> 
  custom:AudioImporter_EditorPlatform: d09bf68614088b80899f8185d706f6e7 -> 
  custom:scripting/monoscript/fileName/TextureFormatUtilities.cs: ba58c57cfaabc0f8201a9ca6902fcb23 -> 
  custom:scripting/monoscript/fileName/PostProcessVolume.cs: 3883cef4be0567c54caf457a416a2095 -> 
  custom:scripting/monoscript/fileName/LightMeterMonitor.cs: a897ae0c731cb153281aea9ecd0efb03 -> 
  custom:scripting/monoscript/fileName/ColorGradingEditor.cs: 25838050e3e1f12ef51713a5dcf60349 -> 
  custom:scripting/monoscript/fileName/AttributeDecorator.cs: 39b465f08cd0a5df82fc2ef70b766ca2 -> 
  custom:scripting/monoscript/fileName/AutoExposureEditor.cs: dfd15824649ea346b717bc72a871d75b -> 
  custom:scripting/monoscript/fileName/LensDistortion.cs: b7963bb1da21ba484a7b59b9f6ea3aec -> 
  custom:scripting/monoscript/fileName/ResourceAssetFactory.cs: bf6acc988648d854bb3c5751325d0d0a -> 
  custom:scripting/monoscript/fileName/PostProcessProfileEditor.cs: 1dcd55858a4126cb33b0f2de53c74fbe -> 
  custom:scripting/monoscript/fileName/Skybox.cs: c122ade9e2d3a916264f47a45be02789 -> 
  custom:scripting/monoscript/fileName/PostProcessDebug.cs: a653e9b773649e7452b035b4ce1dae82 -> 
  custom:scripting/monoscript/fileName/PostProcessAttribute.cs: e125947bf72ce7382f3b16f75797c897 -> 
  custom:scripting/monoscript/fileName/Grain.cs: 43f09a87a88d9937fbb9c4dbf3d5508e -> 
  custom:scripting/monoscript/fileName/HistogramMonitor.cs: 6fd024409d6e9db8d4c2c4e26430c2ad -> 
  custom:scripting/monoscript/fileName/PostProcessProfile.cs: f6dc030e2e953b2ed0eca334cce5d5cf -> 
  custom:scripting/monoscript/fileName/ProfileFactory.cs: f835845dfebfed501813f60a1cb006a3 -> 
  custom:scripting/monoscript/fileName/PostProcessEffectEditor.cs: 90647cc400823b41df847a6cbfc29026 -> 
  custom:scripting/monoscript/fileName/CubeLutAssetImporter.cs: 5e94ca4c74dad11cc8880f33d0ba9efb -> 
  custom:scripting/monoscript/fileName/PostProcessBundle.cs: f610f855c8ae8b896b5084e85ede373e -> 
  custom:scripting/monoscript/fileName/ScreenSpaceReflectionsEditor.cs: 59c13ba25de6098e70bafe8be94f609a -> 
  custom:video-encoder-webm-vp8: eb34c28f22e8b96e1ab97ce403110664 -> 
  custom:scripting/monoscript/fileName/RuntimeUtilities.cs: 76964d36e50cc48cfa29643bdde8d9a5 -> 
  custom:scripting/monoscript/fileName/Bloom.cs: 6f6d579a64201b97313a62a1e91b3575 -> 
  custom:audio-decoder-ogg-vorbis: bf7c407c2cedff20999df2af8eb42d56 -> 
  custom:scripting/monoscript/fileName/AutoExposure.cs: 0e7c21b17f53209ee8c5c61ab59d7835 -> 
  custom:scripting/monoscript/fileName/VectorscopeMonitor.cs: cb70c6437b976f01b752cd219cc47f32 -> 
  custom:scripting/monoscript/fileName/PropertySheetFactory.cs: cfc4667cc03e44252fafe18d99f24b25 -> 
  custom:scripting/monoscript/fileName/EditorUtilities.cs: 53a52fb113757c42f9c516115bd845ca -> 
  custom:scripting/monoscript/fileName/HaltonSeq.cs: a7590e55d6fae5328a1c395a2473d0cf -> 
  custom:scripting/monoscript/fileName/MinAttribute.cs: a3e7473301291585f4cca024ce307406 -> 
  custom:scripting/monoscript/fileName/DepthOfField.cs: d62178d8b5619f59fcdd6d24617ef5fd -> 
  custom:scripting/monoscript/fileName/BloomEditor.cs: c341bb26b40744c3a5c2a142ac3e1051 -> 
  custom:scripting/monoscript/fileName/WaveformMonitor.cs: 609651ee3f98f206575f684e9cce655d -> 
  custom:scripting/monoscript/fileName/HableCurve.cs: f244b24d6e7c556a2de06e25b0bbf4c1 -> 
  custom:audio-encoder-webm-vorbis: bf7c407c2cedff20999df2af8eb42d56 -> 
  custom:scripting/monoscript/fileName/PropertySheet.cs: e6bb03169eca9d33ea794a47ad6ce213 -> 
  custom:scripting/monoscript/fileName/TargetPool.cs: 6d29560228134c933c12fb1c113fb6ef -> 
  custom:scripting/monoscript/fileName/LogHistogram.cs: bab913d888834a1a8572eb834acec97c -> 
  custom:scripting/monoscript/fileName/ScreenSpaceReflections.cs: 8afa07200328ddfcb2536d4180c62536 -> 
  custom:scripting/precompiled-assembly-types:Assembly-CSharp: 9bc7c08e5c2b2dc83dd26948d420372a -> b5609ffa9375a1719a4b9b879c420584
  custom:scripting/monoscript/fileName/CurveEditor.cs: f5e872b2a5a6427a1785818cb10d95d1 -> 
  custom:scripting/monoscript/fileName/PostProcessResources.cs: 5089c17a701ba9b714a1f3d25fb9a9b0 -> 
  custom:scripting/monoscript/fileName/EffectListEditor.cs: 1ecdb4094d9e64024d6eb7725a86197b -> 
========================================================================
Received Prepare
Caller must complete domain reload
Begin MonoManager ReloadAssembly
- Loaded All Assemblies, in  0.387 seconds
Native extension for WindowsStandalone target not found
Native extension for WebGL target not found
Mono: successfully reloaded assembly
- Finished resetting the current domain, in  0.794 seconds
Domain Reload Profiling: 1179ms
	BeginReloadAssembly (138ms)
		ExecutionOrderSort (0ms)
		DisableScriptedObjects (5ms)
		BackupInstance (0ms)
		ReleaseScriptingObjects (0ms)
		CreateAndSetChildDomain (29ms)
	RebuildCommonClasses (26ms)
	RebuildNativeTypeToScriptingClass (8ms)
	initialDomainReloadingComplete (25ms)
	LoadAllAssembliesAndSetupDomain (187ms)
		LoadAssemblies (249ms)
		RebuildTransferFunctionScriptingTraits (0ms)
		AnalyzeDomain (13ms)
			TypeCache.Refresh (6ms)
				TypeCache.ScanAssembly (0ms)
			ScanForSourceGeneratedMonoScriptInfo (0ms)
			ResolveRequiredComponents (4ms)
	FinalizeReload (795ms)
		ReleaseScriptCaches (0ms)
		RebuildScriptCaches (0ms)
		SetupLoadedEditorAssemblies (362ms)
			LogAssemblyErrors (0ms)
			InitializePlatformSupportModulesInManaged (7ms)
			SetLoadedEditorAssemblies (3ms)
			RefreshPlugins (0ms)
			BeforeProcessingInitializeOnLoad (53ms)
			ProcessInitializeOnLoadAttributes (270ms)
			ProcessInitializeOnLoadMethodAttributes (20ms)
			AfterProcessingInitializeOnLoad (8ms)
			EditorAssembliesLoaded (0ms)
		ExecutionOrderSort2 (0ms)
		AwakeInstancesAfterBackupRestoration (7ms)
Refreshing native plugins compatible for Editor in 5.66 ms, found 3 plugins.
Preloading 0 native plugins for Editor in 0.00 ms.
Unloading 3252 Unused Serialized files (Serialized files now loaded: 0)
Unloading 53 unused Assets / (4.0 MB). Loaded Objects now: 3808.
Memory consumption went from 220.2 MB to 216.3 MB.
Total: 5.078800 ms (FindLiveObjects: 0.313000 ms CreateObjectMapping: 0.189700 ms MarkObjects: 3.015300 ms  DeleteObjects: 1.559000 ms)

Prepare: number of updated asset objects reloaded= 0
AssetImportParameters requested are different than current active one (requested -> active):
  custom:scripting/monoscript/fileName/Decorators.cs: 4533f6715dc3f8cdabbd37ff77d1dad7 -> 
  custom:scripting/monoscript/fileName/GlobalSettings.cs: e5eb35b80bdfaee4ead1e1630fd77998 -> 
  custom:scripting/monoscript/fileName/PostProcessEffectBaseEditor.cs: 972bdf00f442be0d879dcb6868e25c8e -> 
  custom:scripting/monoscript/fileName/PostProcessRenderContext.cs: 9e034c8bf7d42a1d6c2d4339915eccb0 -> 
  custom:scripting/monoscript/fileName/Spline.cs: 7876820de12ed89d33ad838af99a030e -> 
  custom:scripting/monoscript/fileName/ColorGrading.cs: ef67493fb3cf9676ba5f25862510a595 -> 
  custom:scripting/monoscript/fileName/Monitor.cs: e0eb5d32b3aade2e0ce8680b00ac2b78 -> 
  custom:scripting/precompiled-assembly-types:Unity.Postprocessing.Runtime: 655cd018e42ac91ed9a03cfbdae17956 -> 
  custom:scripting/monoscript/fileName/TemporalAntialiasing.cs: 71e40fdab49d34f4e07f83936454d904 -> 
  custom:container-demuxer-ogg: 62fdf1f143b41e24485cea50d1cbac27 -> 
  custom:scripting/monoscript/fileName/AmbientOcclusion.cs: 7a27923f9312611f0b2898a72e3ee96a -> 
  custom:scripting/monoscript/fileName/PostProcessDebugLayer.cs: 6d8a99809398beddf11f92dfbb0e6ad4 -> 
  custom:scripting/monoscript/fileName/ColorUtilities.cs: 47918ebfa890b947a816b80444ee2882 -> 
  custom:scripting/monoscript/fileName/ParameterOverride.cs: 5475497db741ca919df708e5019e593d -> 
  custom:scripting/monoscript/fileName/TextureLerper.cs: 973e800795f77d61d647ea0c3f0cf284 -> 
  custom:scripting/precompiled-assembly-types:Unity.Postprocessing.Editor: 23b49e25b965492466cd147d7735360a -> 
  custom:scripting/monoscript/fileName/Vignette.cs: e0b99ac31b7575ef776e7be56647abb0 -> 
  custom:scripting/monoscript/fileName/DepthOfFieldEditor.cs: 64cce655bf722c851048e2ebbf401a7b -> 
  custom:scripting/monoscript/fileName/DefaultPostProcessEffectEditor.cs: 06a1d8fcea7725e08b95f21cc15fd0a1 -> 
  custom:scripting/monoscript/fileName/PostProcessLayer.cs: aa288976158dcd4c24041d5304f25d07 -> 
  custom:scripting/monoscript/fileName/MaxAttribute.cs: d661645ab8c724f24b3e19978e87b44c -> 
  custom:scripting/monoscript/fileName/PostProcessDebugEditor.cs: 1a0488d8742bf880cc7334e53e2cc73d -> 
  custom:video-decoder-ogg-theora: a1e56fd34408186e4bbccfd4996cb3dc -> 
  custom:scripting/monoscript/fileName/SerializedParameterOverride.cs: 5e4deaf96895d013d32a8e84ec179f8e -> 
  custom:scripting/monoscript/fileName/MeshUtilities.cs: dc5356b699afd34cf9728f4d65b476a0 -> 
  custom:scripting/monoscript/fileName/AmbientOcclusionEditor.cs: 61e5422c29b8f52188d508eb7d382167 -> 
  custom:scripting/monoscript/fileName/FastApproximateAntialiasing.cs: bf5588b2deec2689a812a7d2eacd9bd5 -> 
  custom:scripting/monoscript/fileName/MotionBlur.cs: 823914e335803785a19e5990c6ab2911 -> 
  custom:scripting/monoscript/fileName/DefineSetter.cs: 292ba08e52064b1a72f8d4bb04301dd3 -> 
  custom:framework-win-MediaFoundation: 216162199b28c13a410421893ffa2e32 -> 
  custom:scripting/monoscript/fileName/ShaderIDs.cs: 96024f1f873475da65a783f1404f9117 -> 
  custom:scripting/monoscript/fileName/PostProcessEditorAttribute.cs: 672a58b4d5bab60112487a31c361c481 -> 
  custom:scripting/monoscript/fileName/LensDistortionEditor.cs: dee045d29944d55e8040435a58a7ce90 -> 
  custom:scripting/monoscript/fileName/MotionBlurEditor.cs: 3bd8d3e7e9a7ea94beb2e5517b62d27b -> 
  custom:scripting/monoscript/fileName/Dithering.cs: 3014fffaa718d0ad6dd2c7bb7956ed46 -> 
  custom:scripting/monoscript/fileName/DecoratorAttribute.cs: be5bd39119e1a41ea1a019fdb3818a3f -> 
  custom:scripting/monoscript/fileName/DisplayNameAttribute.cs: 935a6ac504eb8a852fba40cbcae9292c -> 
  custom:scripting/monoscript/fileName/PostProcessEffectSettings.cs: 2ab9d33170e863b1a9c8a9079cdd12aa -> 
  custom:scripting/monoscript/fileName/Fog.cs: 07e271953e2bcf8513b6a72a2737e767 -> 
  custom:scripting/monoscript/fileName/PostProcessManager.cs: 28ef7780d543a8111635e1f5051383d0 -> 
  custom:scripting/monoscript/fileName/VolumeFactory.cs: cc77136700c9e1ff894d234886ccb852 -> 
  custom:CustomObjectIndexerAttribute: 9a22284fe3817be447336de3de66b15e -> 
  custom:scripting/monoscript/fileName/PostProcessEvent.cs: 8fb6e54ff2cf1a8be7ecdd01fbdd78f8 -> 
  custom:scripting/monoscript/fileName/TrackballAttribute.cs: 8dea8f77de7bd03137cc578af1ea6656 -> 
  custom:scripting/monoscript/fileName/TrackballDecorator.cs: 6a2b6c747937d12d8d81be8f5b21fbd2 -> 
  custom:scripting/monoscript/fileName/MultiScaleVO.cs: d4c4732956ffb536e016475d75f04c43 -> 
  custom:scripting/monoscript/fileName/CubeLutAssetFactory.cs: db1961888d7cabf6be94b37e3b663de4 -> 
  custom:container-demuxer-webm: 4f35f7cbe854078d1ac9338744f61a02 -> 
  custom:scripting/monoscript/fileName/PostProcessVolumeEditor.cs: 7aae71821512dcac422c45dc773293c3 -> 
  custom:scripting/monoscript/fileName/ChromaticAberration.cs: 4d59e57f8324f5f986e16678ed451410 -> 
  custom:scripting/monoscript/fileName/VignetteEditor.cs: 345736fc911c5e8ab23e579751a40e4a -> 
  custom:scripting/monoscript/fileName/Styling.cs: d1c4aa14ff93670753edfbb93fc91bfe -> 
  custom:scripting/monoscript/fileName/PostProcessEffectRendererExtensions.cs: e953624d113e7e1739c702512603957d -> 
  custom:scripting/monoscript/fileName/ScalableAO.cs: 2f29d71d59b754086c809cfee1cdce34 -> 
  custom:scripting/monoscript/fileName/PostProcessLayerEditor.cs: d16de665ece05cd6e27dcc8d7bac4b9a -> 
  custom:scripting/monoscript/fileName/MinMaxAttribute.cs: a4b6ac8a4377612c7135a60f905792f1 -> 
  custom:scripting/monoscript/fileName/SubpixelMorphologicalAntialiasing.cs: 02dcb8839824addec278047da0509aea -> 
  custom:scripting/monoscript/fileName/BaseEditor.cs: 90647cc400823b41df847a6cbfc29026 -> 
  custom:container-muxer-webm: aa71ff27fc2769a1b78a27578f13a17b -> 
  custom:video-decoder-webm-vp8: 9c59270c3fd7afecdb556c50c9e8de78 -> 
  custom:SearchIndexIgnoredProperties: e643bd26f0fe6173181afceb89e7c659 -> 
  custom:scripting/monoscript/fileName/ChromaticAberrationEditor.cs: 3043bf57519b71f64b7a6de970c2487b -> 
  custom:scripting/monoscript/fileName/PostProcessEffectRenderer.cs: 577c5acf8157ecea944bb95c8c6d9a95 -> 
  custom:AudioImporter_EditorPlatform: d09bf68614088b80899f8185d706f6e7 -> 
  custom:scripting/monoscript/fileName/TextureFormatUtilities.cs: ba58c57cfaabc0f8201a9ca6902fcb23 -> 
  custom:scripting/monoscript/fileName/PostProcessVolume.cs: 3883cef4be0567c54caf457a416a2095 -> 
  custom:scripting/monoscript/fileName/LightMeterMonitor.cs: a897ae0c731cb153281aea9ecd0efb03 -> 
  custom:scripting/monoscript/fileName/ColorGradingEditor.cs: 25838050e3e1f12ef51713a5dcf60349 -> 
  custom:scripting/monoscript/fileName/AttributeDecorator.cs: 39b465f08cd0a5df82fc2ef70b766ca2 -> 
  custom:scripting/monoscript/fileName/AutoExposureEditor.cs: dfd15824649ea346b717bc72a871d75b -> 
  custom:scripting/monoscript/fileName/LensDistortion.cs: b7963bb1da21ba484a7b59b9f6ea3aec -> 
  custom:scripting/monoscript/fileName/ResourceAssetFactory.cs: bf6acc988648d854bb3c5751325d0d0a -> 
  custom:scripting/monoscript/fileName/PostProcessProfileEditor.cs: 1dcd55858a4126cb33b0f2de53c74fbe -> 
  custom:scripting/monoscript/fileName/Skybox.cs: c122ade9e2d3a916264f47a45be02789 -> 
  custom:scripting/monoscript/fileName/PostProcessDebug.cs: a653e9b773649e7452b035b4ce1dae82 -> 
  custom:scripting/monoscript/fileName/PostProcessAttribute.cs: e125947bf72ce7382f3b16f75797c897 -> 
  custom:scripting/monoscript/fileName/Grain.cs: 43f09a87a88d9937fbb9c4dbf3d5508e -> 
  custom:scripting/monoscript/fileName/HistogramMonitor.cs: 6fd024409d6e9db8d4c2c4e26430c2ad -> 
  custom:scripting/monoscript/fileName/PostProcessProfile.cs: f6dc030e2e953b2ed0eca334cce5d5cf -> 
  custom:scripting/monoscript/fileName/ProfileFactory.cs: f835845dfebfed501813f60a1cb006a3 -> 
  custom:scripting/monoscript/fileName/PostProcessEffectEditor.cs: 90647cc400823b41df847a6cbfc29026 -> 
  custom:scripting/monoscript/fileName/CubeLutAssetImporter.cs: 5e94ca4c74dad11cc8880f33d0ba9efb -> 
  custom:scripting/monoscript/fileName/PostProcessBundle.cs: f610f855c8ae8b896b5084e85ede373e -> 
  custom:scripting/monoscript/fileName/ScreenSpaceReflectionsEditor.cs: 59c13ba25de6098e70bafe8be94f609a -> 
  custom:video-encoder-webm-vp8: eb34c28f22e8b96e1ab97ce403110664 -> 
  custom:scripting/monoscript/fileName/RuntimeUtilities.cs: 76964d36e50cc48cfa29643bdde8d9a5 -> 
  custom:scripting/monoscript/fileName/Bloom.cs: 6f6d579a64201b97313a62a1e91b3575 -> 
  custom:audio-decoder-ogg-vorbis: bf7c407c2cedff20999df2af8eb42d56 -> 
  custom:scripting/monoscript/fileName/AutoExposure.cs: 0e7c21b17f53209ee8c5c61ab59d7835 -> 
  custom:scripting/monoscript/fileName/VectorscopeMonitor.cs: cb70c6437b976f01b752cd219cc47f32 -> 
  custom:scripting/monoscript/fileName/PropertySheetFactory.cs: cfc4667cc03e44252fafe18d99f24b25 -> 
  custom:scripting/monoscript/fileName/EditorUtilities.cs: 53a52fb113757c42f9c516115bd845ca -> 
  custom:scripting/monoscript/fileName/HaltonSeq.cs: a7590e55d6fae5328a1c395a2473d0cf -> 
  custom:scripting/monoscript/fileName/MinAttribute.cs: a3e7473301291585f4cca024ce307406 -> 
  custom:scripting/monoscript/fileName/DepthOfField.cs: d62178d8b5619f59fcdd6d24617ef5fd -> 
  custom:scripting/monoscript/fileName/BloomEditor.cs: c341bb26b40744c3a5c2a142ac3e1051 -> 
  custom:scripting/monoscript/fileName/WaveformMonitor.cs: 609651ee3f98f206575f684e9cce655d -> 
  custom:scripting/monoscript/fileName/HableCurve.cs: f244b24d6e7c556a2de06e25b0bbf4c1 -> 
  custom:audio-encoder-webm-vorbis: bf7c407c2cedff20999df2af8eb42d56 -> 
  custom:scripting/monoscript/fileName/PropertySheet.cs: e6bb03169eca9d33ea794a47ad6ce213 -> 
  custom:scripting/monoscript/fileName/TargetPool.cs: 6d29560228134c933c12fb1c113fb6ef -> 
  custom:scripting/monoscript/fileName/LogHistogram.cs: bab913d888834a1a8572eb834acec97c -> 
  custom:scripting/monoscript/fileName/ScreenSpaceReflections.cs: 8afa07200328ddfcb2536d4180c62536 -> 
  custom:scripting/precompiled-assembly-types:Assembly-CSharp: 9bc7c08e5c2b2dc83dd26948d420372a -> b5609ffa9375a1719a4b9b879c420584
  custom:scripting/monoscript/fileName/CurveEditor.cs: f5e872b2a5a6427a1785818cb10d95d1 -> 
  custom:scripting/monoscript/fileName/PostProcessResources.cs: 5089c17a701ba9b714a1f3d25fb9a9b0 -> 
  custom:scripting/monoscript/fileName/EffectListEditor.cs: 1ecdb4094d9e64024d6eb7725a86197b -> 
========================================================================
Received Prepare
Caller must complete domain reload
Begin MonoManager ReloadAssembly
- Loaded All Assemblies, in  0.362 seconds
Native extension for WindowsStandalone target not found
Native extension for WebGL target not found
Mono: successfully reloaded assembly
- Finished resetting the current domain, in  0.761 seconds
Domain Reload Profiling: 1121ms
	BeginReloadAssembly (121ms)
		ExecutionOrderSort (0ms)
		DisableScriptedObjects (4ms)
		BackupInstance (0ms)
		ReleaseScriptingObjects (0ms)
		CreateAndSetChildDomain (26ms)
	RebuildCommonClasses (26ms)
	RebuildNativeTypeToScriptingClass (9ms)
	initialDomainReloadingComplete (24ms)
	LoadAllAssembliesAndSetupDomain (180ms)
		LoadAssemblies (239ms)
		RebuildTransferFunctionScriptingTraits (0ms)
		AnalyzeDomain (13ms)
			TypeCache.Refresh (5ms)
				TypeCache.ScanAssembly (0ms)
			ScanForSourceGeneratedMonoScriptInfo (0ms)
			ResolveRequiredComponents (4ms)
	FinalizeReload (762ms)
		ReleaseScriptCaches (0ms)
		RebuildScriptCaches (0ms)
		SetupLoadedEditorAssemblies (348ms)
			LogAssemblyErrors (0ms)
			InitializePlatformSupportModulesInManaged (7ms)
			SetLoadedEditorAssemblies (3ms)
			RefreshPlugins (0ms)
			BeforeProcessingInitializeOnLoad (51ms)
			ProcessInitializeOnLoadAttributes (261ms)
			ProcessInitializeOnLoadMethodAttributes (20ms)
			AfterProcessingInitializeOnLoad (7ms)
			EditorAssembliesLoaded (0ms)
		ExecutionOrderSort2 (0ms)
		AwakeInstancesAfterBackupRestoration (7ms)
Refreshing native plugins compatible for Editor in 5.90 ms, found 3 plugins.
Preloading 0 native plugins for Editor in 0.00 ms.
Unloading 3252 Unused Serialized files (Serialized files now loaded: 0)
Unloading 53 unused Assets / (4.0 MB). Loaded Objects now: 3811.
Memory consumption went from 220.2 MB to 216.3 MB.
Total: 5.152000 ms (FindLiveObjects: 0.282300 ms CreateObjectMapping: 0.188300 ms MarkObjects: 2.986800 ms  DeleteObjects: 1.693200 ms)

Prepare: number of updated asset objects reloaded= 0
AssetImportParameters requested are different than current active one (requested -> active):
  custom:scripting/monoscript/fileName/Decorators.cs: 4533f6715dc3f8cdabbd37ff77d1dad7 -> 
  custom:scripting/monoscript/fileName/GlobalSettings.cs: e5eb35b80bdfaee4ead1e1630fd77998 -> 
  custom:scripting/monoscript/fileName/PostProcessEffectBaseEditor.cs: 972bdf00f442be0d879dcb6868e25c8e -> 
  custom:scripting/monoscript/fileName/PostProcessRenderContext.cs: 9e034c8bf7d42a1d6c2d4339915eccb0 -> 
  custom:scripting/monoscript/fileName/Spline.cs: 7876820de12ed89d33ad838af99a030e -> 
  custom:scripting/monoscript/fileName/ColorGrading.cs: ef67493fb3cf9676ba5f25862510a595 -> 
  custom:scripting/monoscript/fileName/Monitor.cs: e0eb5d32b3aade2e0ce8680b00ac2b78 -> 
  custom:scripting/precompiled-assembly-types:Unity.Postprocessing.Runtime: 655cd018e42ac91ed9a03cfbdae17956 -> 
  custom:scripting/monoscript/fileName/TemporalAntialiasing.cs: 71e40fdab49d34f4e07f83936454d904 -> 
  custom:container-demuxer-ogg: 62fdf1f143b41e24485cea50d1cbac27 -> 
  custom:scripting/monoscript/fileName/AmbientOcclusion.cs: 7a27923f9312611f0b2898a72e3ee96a -> 
  custom:scripting/monoscript/fileName/PostProcessDebugLayer.cs: 6d8a99809398beddf11f92dfbb0e6ad4 -> 
  custom:scripting/monoscript/fileName/ColorUtilities.cs: 47918ebfa890b947a816b80444ee2882 -> 
  custom:scripting/monoscript/fileName/ParameterOverride.cs: 5475497db741ca919df708e5019e593d -> 
  custom:scripting/monoscript/fileName/TextureLerper.cs: 973e800795f77d61d647ea0c3f0cf284 -> 
  custom:scripting/precompiled-assembly-types:Unity.Postprocessing.Editor: 23b49e25b965492466cd147d7735360a -> 
  custom:scripting/monoscript/fileName/Vignette.cs: e0b99ac31b7575ef776e7be56647abb0 -> 
  custom:scripting/monoscript/fileName/DepthOfFieldEditor.cs: 64cce655bf722c851048e2ebbf401a7b -> 
  custom:scripting/monoscript/fileName/DefaultPostProcessEffectEditor.cs: 06a1d8fcea7725e08b95f21cc15fd0a1 -> 
  custom:scripting/monoscript/fileName/PostProcessLayer.cs: aa288976158dcd4c24041d5304f25d07 -> 
  custom:scripting/monoscript/fileName/MaxAttribute.cs: d661645ab8c724f24b3e19978e87b44c -> 
  custom:scripting/monoscript/fileName/PostProcessDebugEditor.cs: 1a0488d8742bf880cc7334e53e2cc73d -> 
  custom:video-decoder-ogg-theora: a1e56fd34408186e4bbccfd4996cb3dc -> 
  custom:scripting/monoscript/fileName/SerializedParameterOverride.cs: 5e4deaf96895d013d32a8e84ec179f8e -> 
  custom:scripting/monoscript/fileName/MeshUtilities.cs: dc5356b699afd34cf9728f4d65b476a0 -> 
  custom:scripting/monoscript/fileName/AmbientOcclusionEditor.cs: 61e5422c29b8f52188d508eb7d382167 -> 
  custom:scripting/monoscript/fileName/FastApproximateAntialiasing.cs: bf5588b2deec2689a812a7d2eacd9bd5 -> 
  custom:scripting/monoscript/fileName/MotionBlur.cs: 823914e335803785a19e5990c6ab2911 -> 
  custom:scripting/monoscript/fileName/DefineSetter.cs: 292ba08e52064b1a72f8d4bb04301dd3 -> 
  custom:framework-win-MediaFoundation: 216162199b28c13a410421893ffa2e32 -> 
  custom:scripting/monoscript/fileName/ShaderIDs.cs: 96024f1f873475da65a783f1404f9117 -> 
  custom:scripting/monoscript/fileName/PostProcessEditorAttribute.cs: 672a58b4d5bab60112487a31c361c481 -> 
  custom:scripting/monoscript/fileName/LensDistortionEditor.cs: dee045d29944d55e8040435a58a7ce90 -> 
  custom:scripting/monoscript/fileName/MotionBlurEditor.cs: 3bd8d3e7e9a7ea94beb2e5517b62d27b -> 
  custom:scripting/monoscript/fileName/Dithering.cs: 3014fffaa718d0ad6dd2c7bb7956ed46 -> 
  custom:scripting/monoscript/fileName/DecoratorAttribute.cs: be5bd39119e1a41ea1a019fdb3818a3f -> 
  custom:scripting/monoscript/fileName/DisplayNameAttribute.cs: 935a6ac504eb8a852fba40cbcae9292c -> 
  custom:scripting/monoscript/fileName/PostProcessEffectSettings.cs: 2ab9d33170e863b1a9c8a9079cdd12aa -> 
  custom:scripting/monoscript/fileName/Fog.cs: 07e271953e2bcf8513b6a72a2737e767 -> 
  custom:scripting/monoscript/fileName/PostProcessManager.cs: 28ef7780d543a8111635e1f5051383d0 -> 
  custom:scripting/monoscript/fileName/VolumeFactory.cs: cc77136700c9e1ff894d234886ccb852 -> 
  custom:CustomObjectIndexerAttribute: 9a22284fe3817be447336de3de66b15e -> 
  custom:scripting/monoscript/fileName/PostProcessEvent.cs: 8fb6e54ff2cf1a8be7ecdd01fbdd78f8 -> 
  custom:scripting/monoscript/fileName/TrackballAttribute.cs: 8dea8f77de7bd03137cc578af1ea6656 -> 
  custom:scripting/monoscript/fileName/TrackballDecorator.cs: 6a2b6c747937d12d8d81be8f5b21fbd2 -> 
  custom:scripting/monoscript/fileName/MultiScaleVO.cs: d4c4732956ffb536e016475d75f04c43 -> 
  custom:scripting/monoscript/fileName/CubeLutAssetFactory.cs: db1961888d7cabf6be94b37e3b663de4 -> 
  custom:container-demuxer-webm: 4f35f7cbe854078d1ac9338744f61a02 -> 
  custom:scripting/monoscript/fileName/PostProcessVolumeEditor.cs: 7aae71821512dcac422c45dc773293c3 -> 
  custom:scripting/monoscript/fileName/ChromaticAberration.cs: 4d59e57f8324f5f986e16678ed451410 -> 
  custom:scripting/monoscript/fileName/VignetteEditor.cs: 345736fc911c5e8ab23e579751a40e4a -> 
  custom:scripting/monoscript/fileName/Styling.cs: d1c4aa14ff93670753edfbb93fc91bfe -> 
  custom:scripting/monoscript/fileName/PostProcessEffectRendererExtensions.cs: e953624d113e7e1739c702512603957d -> 
  custom:scripting/monoscript/fileName/ScalableAO.cs: 2f29d71d59b754086c809cfee1cdce34 -> 
  custom:scripting/monoscript/fileName/PostProcessLayerEditor.cs: d16de665ece05cd6e27dcc8d7bac4b9a -> 
  custom:scripting/monoscript/fileName/MinMaxAttribute.cs: a4b6ac8a4377612c7135a60f905792f1 -> 
  custom:scripting/monoscript/fileName/SubpixelMorphologicalAntialiasing.cs: 02dcb8839824addec278047da0509aea -> 
  custom:scripting/monoscript/fileName/BaseEditor.cs: 90647cc400823b41df847a6cbfc29026 -> 
  custom:container-muxer-webm: aa71ff27fc2769a1b78a27578f13a17b -> 
  custom:video-decoder-webm-vp8: 9c59270c3fd7afecdb556c50c9e8de78 -> 
  custom:SearchIndexIgnoredProperties: e643bd26f0fe6173181afceb89e7c659 -> 
  custom:scripting/monoscript/fileName/ChromaticAberrationEditor.cs: 3043bf57519b71f64b7a6de970c2487b -> 
  custom:scripting/monoscript/fileName/PostProcessEffectRenderer.cs: 577c5acf8157ecea944bb95c8c6d9a95 -> 
  custom:AudioImporter_EditorPlatform: d09bf68614088b80899f8185d706f6e7 -> 
  custom:scripting/monoscript/fileName/TextureFormatUtilities.cs: ba58c57cfaabc0f8201a9ca6902fcb23 -> 
  custom:scripting/monoscript/fileName/PostProcessVolume.cs: 3883cef4be0567c54caf457a416a2095 -> 
  custom:scripting/monoscript/fileName/LightMeterMonitor.cs: a897ae0c731cb153281aea9ecd0efb03 -> 
  custom:scripting/monoscript/fileName/ColorGradingEditor.cs: 25838050e3e1f12ef51713a5dcf60349 -> 
  custom:scripting/monoscript/fileName/AttributeDecorator.cs: 39b465f08cd0a5df82fc2ef70b766ca2 -> 
  custom:scripting/monoscript/fileName/AutoExposureEditor.cs: dfd15824649ea346b717bc72a871d75b -> 
  custom:scripting/monoscript/fileName/LensDistortion.cs: b7963bb1da21ba484a7b59b9f6ea3aec -> 
  custom:scripting/monoscript/fileName/ResourceAssetFactory.cs: bf6acc988648d854bb3c5751325d0d0a -> 
  custom:scripting/monoscript/fileName/PostProcessProfileEditor.cs: 1dcd55858a4126cb33b0f2de53c74fbe -> 
  custom:scripting/monoscript/fileName/Skybox.cs: c122ade9e2d3a916264f47a45be02789 -> 
  custom:scripting/monoscript/fileName/PostProcessDebug.cs: a653e9b773649e7452b035b4ce1dae82 -> 
  custom:scripting/monoscript/fileName/PostProcessAttribute.cs: e125947bf72ce7382f3b16f75797c897 -> 
  custom:scripting/monoscript/fileName/Grain.cs: 43f09a87a88d9937fbb9c4dbf3d5508e -> 
  custom:scripting/monoscript/fileName/HistogramMonitor.cs: 6fd024409d6e9db8d4c2c4e26430c2ad -> 
  custom:scripting/monoscript/fileName/PostProcessProfile.cs: f6dc030e2e953b2ed0eca334cce5d5cf -> 
  custom:scripting/monoscript/fileName/ProfileFactory.cs: f835845dfebfed501813f60a1cb006a3 -> 
  custom:scripting/monoscript/fileName/PostProcessEffectEditor.cs: 90647cc400823b41df847a6cbfc29026 -> 
  custom:scripting/monoscript/fileName/CubeLutAssetImporter.cs: 5e94ca4c74dad11cc8880f33d0ba9efb -> 
  custom:scripting/monoscript/fileName/PostProcessBundle.cs: f610f855c8ae8b896b5084e85ede373e -> 
  custom:scripting/monoscript/fileName/ScreenSpaceReflectionsEditor.cs: 59c13ba25de6098e70bafe8be94f609a -> 
  custom:video-encoder-webm-vp8: eb34c28f22e8b96e1ab97ce403110664 -> 
  custom:scripting/monoscript/fileName/RuntimeUtilities.cs: 76964d36e50cc48cfa29643bdde8d9a5 -> 
  custom:scripting/monoscript/fileName/Bloom.cs: 6f6d579a64201b97313a62a1e91b3575 -> 
  custom:audio-decoder-ogg-vorbis: bf7c407c2cedff20999df2af8eb42d56 -> 
  custom:scripting/monoscript/fileName/AutoExposure.cs: 0e7c21b17f53209ee8c5c61ab59d7835 -> 
  custom:scripting/monoscript/fileName/VectorscopeMonitor.cs: cb70c6437b976f01b752cd219cc47f32 -> 
  custom:scripting/monoscript/fileName/PropertySheetFactory.cs: cfc4667cc03e44252fafe18d99f24b25 -> 
  custom:scripting/monoscript/fileName/EditorUtilities.cs: 53a52fb113757c42f9c516115bd845ca -> 
  custom:scripting/monoscript/fileName/HaltonSeq.cs: a7590e55d6fae5328a1c395a2473d0cf -> 
  custom:scripting/monoscript/fileName/MinAttribute.cs: a3e7473301291585f4cca024ce307406 -> 
  custom:scripting/monoscript/fileName/DepthOfField.cs: d62178d8b5619f59fcdd6d24617ef5fd -> 
  custom:scripting/monoscript/fileName/BloomEditor.cs: c341bb26b40744c3a5c2a142ac3e1051 -> 
  custom:scripting/monoscript/fileName/WaveformMonitor.cs: 609651ee3f98f206575f684e9cce655d -> 
  custom:scripting/monoscript/fileName/HableCurve.cs: f244b24d6e7c556a2de06e25b0bbf4c1 -> 
  custom:audio-encoder-webm-vorbis: bf7c407c2cedff20999df2af8eb42d56 -> 
  custom:scripting/monoscript/fileName/PropertySheet.cs: e6bb03169eca9d33ea794a47ad6ce213 -> 
  custom:scripting/monoscript/fileName/TargetPool.cs: 6d29560228134c933c12fb1c113fb6ef -> 
  custom:scripting/monoscript/fileName/LogHistogram.cs: bab913d888834a1a8572eb834acec97c -> 
  custom:scripting/monoscript/fileName/ScreenSpaceReflections.cs: 8afa07200328ddfcb2536d4180c62536 -> 
  custom:scripting/precompiled-assembly-types:Assembly-CSharp: 9bc7c08e5c2b2dc83dd26948d420372a -> b5609ffa9375a1719a4b9b879c420584
  custom:scripting/monoscript/fileName/CurveEditor.cs: f5e872b2a5a6427a1785818cb10d95d1 -> 
  custom:scripting/monoscript/fileName/PostProcessResources.cs: 5089c17a701ba9b714a1f3d25fb9a9b0 -> 
  custom:scripting/monoscript/fileName/EffectListEditor.cs: 1ecdb4094d9e64024d6eb7725a86197b -> 
========================================================================
Received Prepare
Caller must complete domain reload
Begin MonoManager ReloadAssembly
- Loaded All Assemblies, in  0.381 seconds
Native extension for WindowsStandalone target not found
Native extension for WebGL target not found
Mono: successfully reloaded assembly
- Finished resetting the current domain, in  0.779 seconds
Domain Reload Profiling: 1157ms
	BeginReloadAssembly (138ms)
		ExecutionOrderSort (0ms)
		DisableScriptedObjects (4ms)
		BackupInstance (0ms)
		ReleaseScriptingObjects (0ms)
		CreateAndSetChildDomain (26ms)
	RebuildCommonClasses (27ms)
	RebuildNativeTypeToScriptingClass (8ms)
	initialDomainReloadingComplete (24ms)
	LoadAllAssembliesAndSetupDomain (180ms)
		LoadAssemblies (246ms)
		RebuildTransferFunctionScriptingTraits (0ms)
		AnalyzeDomain (13ms)
			TypeCache.Refresh (6ms)
				TypeCache.ScanAssembly (0ms)
			ScanForSourceGeneratedMonoScriptInfo (0ms)
			ResolveRequiredComponents (4ms)
	FinalizeReload (779ms)
		ReleaseScriptCaches (0ms)
		RebuildScriptCaches (0ms)
		SetupLoadedEditorAssemblies (355ms)
			LogAssemblyErrors (0ms)
			InitializePlatformSupportModulesInManaged (7ms)
			SetLoadedEditorAssemblies (2ms)
			RefreshPlugins (0ms)
			BeforeProcessingInitializeOnLoad (52ms)
			ProcessInitializeOnLoadAttributes (263ms)
			ProcessInitializeOnLoadMethodAttributes (22ms)
			AfterProcessingInitializeOnLoad (8ms)
			EditorAssembliesLoaded (0ms)
		ExecutionOrderSort2 (0ms)
		AwakeInstancesAfterBackupRestoration (7ms)
Refreshing native plugins compatible for Editor in 5.38 ms, found 3 plugins.
Preloading 0 native plugins for Editor in 0.00 ms.
Unloading 3252 Unused Serialized files (Serialized files now loaded: 0)
Unloading 53 unused Assets / (4.0 MB). Loaded Objects now: 3814.
Memory consumption went from 220.2 MB to 216.3 MB.
Total: 5.270100 ms (FindLiveObjects: 0.314400 ms CreateObjectMapping: 0.202100 ms MarkObjects: 3.235100 ms  DeleteObjects: 1.517100 ms)

Prepare: number of updated asset objects reloaded= 0
AssetImportParameters requested are different than current active one (requested -> active):
  custom:scripting/monoscript/fileName/Decorators.cs: 4533f6715dc3f8cdabbd37ff77d1dad7 -> 
  custom:scripting/monoscript/fileName/GlobalSettings.cs: e5eb35b80bdfaee4ead1e1630fd77998 -> 
  custom:scripting/monoscript/fileName/PostProcessEffectBaseEditor.cs: 972bdf00f442be0d879dcb6868e25c8e -> 
  custom:scripting/monoscript/fileName/PostProcessRenderContext.cs: 9e034c8bf7d42a1d6c2d4339915eccb0 -> 
  custom:scripting/monoscript/fileName/Spline.cs: 7876820de12ed89d33ad838af99a030e -> 
  custom:scripting/monoscript/fileName/ColorGrading.cs: ef67493fb3cf9676ba5f25862510a595 -> 
  custom:scripting/monoscript/fileName/Monitor.cs: e0eb5d32b3aade2e0ce8680b00ac2b78 -> 
  custom:scripting/precompiled-assembly-types:Unity.Postprocessing.Runtime: 655cd018e42ac91ed9a03cfbdae17956 -> 
  custom:scripting/monoscript/fileName/TemporalAntialiasing.cs: 71e40fdab49d34f4e07f83936454d904 -> 
  custom:container-demuxer-ogg: 62fdf1f143b41e24485cea50d1cbac27 -> 
  custom:scripting/monoscript/fileName/AmbientOcclusion.cs: 7a27923f9312611f0b2898a72e3ee96a -> 
  custom:scripting/monoscript/fileName/PostProcessDebugLayer.cs: 6d8a99809398beddf11f92dfbb0e6ad4 -> 
  custom:scripting/monoscript/fileName/ColorUtilities.cs: 47918ebfa890b947a816b80444ee2882 -> 
  custom:scripting/monoscript/fileName/ParameterOverride.cs: 5475497db741ca919df708e5019e593d -> 
  custom:scripting/monoscript/fileName/TextureLerper.cs: 973e800795f77d61d647ea0c3f0cf284 -> 
  custom:scripting/precompiled-assembly-types:Unity.Postprocessing.Editor: 23b49e25b965492466cd147d7735360a -> 
  custom:scripting/monoscript/fileName/Vignette.cs: e0b99ac31b7575ef776e7be56647abb0 -> 
  custom:scripting/monoscript/fileName/DepthOfFieldEditor.cs: 64cce655bf722c851048e2ebbf401a7b -> 
  custom:scripting/monoscript/fileName/DefaultPostProcessEffectEditor.cs: 06a1d8fcea7725e08b95f21cc15fd0a1 -> 
  custom:scripting/monoscript/fileName/PostProcessLayer.cs: aa288976158dcd4c24041d5304f25d07 -> 
  custom:scripting/monoscript/fileName/MaxAttribute.cs: d661645ab8c724f24b3e19978e87b44c -> 
  custom:scripting/monoscript/fileName/PostProcessDebugEditor.cs: 1a0488d8742bf880cc7334e53e2cc73d -> 
  custom:video-decoder-ogg-theora: a1e56fd34408186e4bbccfd4996cb3dc -> 
  custom:scripting/monoscript/fileName/SerializedParameterOverride.cs: 5e4deaf96895d013d32a8e84ec179f8e -> 
  custom:scripting/monoscript/fileName/MeshUtilities.cs: dc5356b699afd34cf9728f4d65b476a0 -> 
  custom:scripting/monoscript/fileName/AmbientOcclusionEditor.cs: 61e5422c29b8f52188d508eb7d382167 -> 
  custom:scripting/monoscript/fileName/FastApproximateAntialiasing.cs: bf5588b2deec2689a812a7d2eacd9bd5 -> 
  custom:scripting/monoscript/fileName/MotionBlur.cs: 823914e335803785a19e5990c6ab2911 -> 
  custom:scripting/monoscript/fileName/DefineSetter.cs: 292ba08e52064b1a72f8d4bb04301dd3 -> 
  custom:framework-win-MediaFoundation: 216162199b28c13a410421893ffa2e32 -> 
  custom:scripting/monoscript/fileName/ShaderIDs.cs: 96024f1f873475da65a783f1404f9117 -> 
  custom:scripting/monoscript/fileName/PostProcessEditorAttribute.cs: 672a58b4d5bab60112487a31c361c481 -> 
  custom:scripting/monoscript/fileName/LensDistortionEditor.cs: dee045d29944d55e8040435a58a7ce90 -> 
  custom:scripting/monoscript/fileName/MotionBlurEditor.cs: 3bd8d3e7e9a7ea94beb2e5517b62d27b -> 
  custom:scripting/monoscript/fileName/Dithering.cs: 3014fffaa718d0ad6dd2c7bb7956ed46 -> 
  custom:scripting/monoscript/fileName/DecoratorAttribute.cs: be5bd39119e1a41ea1a019fdb3818a3f -> 
  custom:scripting/monoscript/fileName/DisplayNameAttribute.cs: 935a6ac504eb8a852fba40cbcae9292c -> 
  custom:scripting/monoscript/fileName/PostProcessEffectSettings.cs: 2ab9d33170e863b1a9c8a9079cdd12aa -> 
  custom:scripting/monoscript/fileName/Fog.cs: 07e271953e2bcf8513b6a72a2737e767 -> 
  custom:scripting/monoscript/fileName/PostProcessManager.cs: 28ef7780d543a8111635e1f5051383d0 -> 
  custom:scripting/monoscript/fileName/VolumeFactory.cs: cc77136700c9e1ff894d234886ccb852 -> 
  custom:CustomObjectIndexerAttribute: 9a22284fe3817be447336de3de66b15e -> 
  custom:scripting/monoscript/fileName/PostProcessEvent.cs: 8fb6e54ff2cf1a8be7ecdd01fbdd78f8 -> 
  custom:scripting/monoscript/fileName/TrackballAttribute.cs: 8dea8f77de7bd03137cc578af1ea6656 -> 
  custom:scripting/monoscript/fileName/TrackballDecorator.cs: 6a2b6c747937d12d8d81be8f5b21fbd2 -> 
  custom:scripting/monoscript/fileName/MultiScaleVO.cs: d4c4732956ffb536e016475d75f04c43 -> 
  custom:scripting/monoscript/fileName/CubeLutAssetFactory.cs: db1961888d7cabf6be94b37e3b663de4 -> 
  custom:container-demuxer-webm: 4f35f7cbe854078d1ac9338744f61a02 -> 
  custom:scripting/monoscript/fileName/PostProcessVolumeEditor.cs: 7aae71821512dcac422c45dc773293c3 -> 
  custom:scripting/monoscript/fileName/ChromaticAberration.cs: 4d59e57f8324f5f986e16678ed451410 -> 
  custom:scripting/monoscript/fileName/VignetteEditor.cs: 345736fc911c5e8ab23e579751a40e4a -> 
  custom:scripting/monoscript/fileName/Styling.cs: d1c4aa14ff93670753edfbb93fc91bfe -> 
  custom:scripting/monoscript/fileName/PostProcessEffectRendererExtensions.cs: e953624d113e7e1739c702512603957d -> 
  custom:scripting/monoscript/fileName/ScalableAO.cs: 2f29d71d59b754086c809cfee1cdce34 -> 
  custom:scripting/monoscript/fileName/PostProcessLayerEditor.cs: d16de665ece05cd6e27dcc8d7bac4b9a -> 
  custom:scripting/monoscript/fileName/MinMaxAttribute.cs: a4b6ac8a4377612c7135a60f905792f1 -> 
  custom:scripting/monoscript/fileName/SubpixelMorphologicalAntialiasing.cs: 02dcb8839824addec278047da0509aea -> 
  custom:scripting/monoscript/fileName/BaseEditor.cs: 90647cc400823b41df847a6cbfc29026 -> 
  custom:container-muxer-webm: aa71ff27fc2769a1b78a27578f13a17b -> 
  custom:video-decoder-webm-vp8: 9c59270c3fd7afecdb556c50c9e8de78 -> 
  custom:SearchIndexIgnoredProperties: e643bd26f0fe6173181afceb89e7c659 -> 
  custom:scripting/monoscript/fileName/ChromaticAberrationEditor.cs: 3043bf57519b71f64b7a6de970c2487b -> 
  custom:scripting/monoscript/fileName/PostProcessEffectRenderer.cs: 577c5acf8157ecea944bb95c8c6d9a95 -> 
  custom:AudioImporter_EditorPlatform: d09bf68614088b80899f8185d706f6e7 -> 
  custom:scripting/monoscript/fileName/TextureFormatUtilities.cs: ba58c57cfaabc0f8201a9ca6902fcb23 -> 
  custom:scripting/monoscript/fileName/PostProcessVolume.cs: 3883cef4be0567c54caf457a416a2095 -> 
  custom:scripting/monoscript/fileName/LightMeterMonitor.cs: a897ae0c731cb153281aea9ecd0efb03 -> 
  custom:scripting/monoscript/fileName/ColorGradingEditor.cs: 25838050e3e1f12ef51713a5dcf60349 -> 
  custom:scripting/monoscript/fileName/AttributeDecorator.cs: 39b465f08cd0a5df82fc2ef70b766ca2 -> 
  custom:scripting/monoscript/fileName/AutoExposureEditor.cs: dfd15824649ea346b717bc72a871d75b -> 
  custom:scripting/monoscript/fileName/LensDistortion.cs: b7963bb1da21ba484a7b59b9f6ea3aec -> 
  custom:scripting/monoscript/fileName/ResourceAssetFactory.cs: bf6acc988648d854bb3c5751325d0d0a -> 
  custom:scripting/monoscript/fileName/PostProcessProfileEditor.cs: 1dcd55858a4126cb33b0f2de53c74fbe -> 
  custom:scripting/monoscript/fileName/Skybox.cs: c122ade9e2d3a916264f47a45be02789 -> 
  custom:scripting/monoscript/fileName/PostProcessDebug.cs: a653e9b773649e7452b035b4ce1dae82 -> 
  custom:scripting/monoscript/fileName/PostProcessAttribute.cs: e125947bf72ce7382f3b16f75797c897 -> 
  custom:scripting/monoscript/fileName/Grain.cs: 43f09a87a88d9937fbb9c4dbf3d5508e -> 
  custom:scripting/monoscript/fileName/HistogramMonitor.cs: 6fd024409d6e9db8d4c2c4e26430c2ad -> 
  custom:scripting/monoscript/fileName/PostProcessProfile.cs: f6dc030e2e953b2ed0eca334cce5d5cf -> 
  custom:scripting/monoscript/fileName/ProfileFactory.cs: f835845dfebfed501813f60a1cb006a3 -> 
  custom:scripting/monoscript/fileName/PostProcessEffectEditor.cs: 90647cc400823b41df847a6cbfc29026 -> 
  custom:scripting/monoscript/fileName/CubeLutAssetImporter.cs: 5e94ca4c74dad11cc8880f33d0ba9efb -> 
  custom:scripting/monoscript/fileName/PostProcessBundle.cs: f610f855c8ae8b896b5084e85ede373e -> 
  custom:scripting/monoscript/fileName/ScreenSpaceReflectionsEditor.cs: 59c13ba25de6098e70bafe8be94f609a -> 
  custom:video-encoder-webm-vp8: eb34c28f22e8b96e1ab97ce403110664 -> 
  custom:scripting/monoscript/fileName/RuntimeUtilities.cs: 76964d36e50cc48cfa29643bdde8d9a5 -> 
  custom:scripting/monoscript/fileName/Bloom.cs: 6f6d579a64201b97313a62a1e91b3575 -> 
  custom:audio-decoder-ogg-vorbis: bf7c407c2cedff20999df2af8eb42d56 -> 
  custom:scripting/monoscript/fileName/AutoExposure.cs: 0e7c21b17f53209ee8c5c61ab59d7835 -> 
  custom:scripting/monoscript/fileName/VectorscopeMonitor.cs: cb70c6437b976f01b752cd219cc47f32 -> 
  custom:scripting/monoscript/fileName/PropertySheetFactory.cs: cfc4667cc03e44252fafe18d99f24b25 -> 
  custom:scripting/monoscript/fileName/EditorUtilities.cs: 53a52fb113757c42f9c516115bd845ca -> 
  custom:scripting/monoscript/fileName/HaltonSeq.cs: a7590e55d6fae5328a1c395a2473d0cf -> 
  custom:scripting/monoscript/fileName/MinAttribute.cs: a3e7473301291585f4cca024ce307406 -> 
  custom:scripting/monoscript/fileName/DepthOfField.cs: d62178d8b5619f59fcdd6d24617ef5fd -> 
  custom:scripting/monoscript/fileName/BloomEditor.cs: c341bb26b40744c3a5c2a142ac3e1051 -> 
  custom:scripting/monoscript/fileName/WaveformMonitor.cs: 609651ee3f98f206575f684e9cce655d -> 
  custom:scripting/monoscript/fileName/HableCurve.cs: f244b24d6e7c556a2de06e25b0bbf4c1 -> 
  custom:audio-encoder-webm-vorbis: bf7c407c2cedff20999df2af8eb42d56 -> 
  custom:scripting/monoscript/fileName/PropertySheet.cs: e6bb03169eca9d33ea794a47ad6ce213 -> 
  custom:scripting/monoscript/fileName/TargetPool.cs: 6d29560228134c933c12fb1c113fb6ef -> 
  custom:scripting/monoscript/fileName/LogHistogram.cs: bab913d888834a1a8572eb834acec97c -> 
  custom:scripting/monoscript/fileName/ScreenSpaceReflections.cs: 8afa07200328ddfcb2536d4180c62536 -> 
  custom:scripting/precompiled-assembly-types:Assembly-CSharp: 9bc7c08e5c2b2dc83dd26948d420372a -> b5609ffa9375a1719a4b9b879c420584
  custom:scripting/monoscript/fileName/CurveEditor.cs: f5e872b2a5a6427a1785818cb10d95d1 -> 
  custom:scripting/monoscript/fileName/PostProcessResources.cs: 5089c17a701ba9b714a1f3d25fb9a9b0 -> 
  custom:scripting/monoscript/fileName/EffectListEditor.cs: 1ecdb4094d9e64024d6eb7725a86197b -> 
========================================================================
Received Prepare
Caller must complete domain reload
Begin MonoManager ReloadAssembly
- Loaded All Assemblies, in  0.367 seconds
Native extension for WindowsStandalone target not found
Native extension for WebGL target not found
Mono: successfully reloaded assembly
- Finished resetting the current domain, in  0.783 seconds
Domain Reload Profiling: 1148ms
	BeginReloadAssembly (128ms)
		ExecutionOrderSort (0ms)
		DisableScriptedObjects (4ms)
		BackupInstance (0ms)
		ReleaseScriptingObjects (0ms)
		CreateAndSetChildDomain (24ms)
	RebuildCommonClasses (26ms)
	RebuildNativeTypeToScriptingClass (8ms)
	initialDomainReloadingComplete (25ms)
	LoadAllAssembliesAndSetupDomain (176ms)
		LoadAssemblies (236ms)
		RebuildTransferFunctionScriptingTraits (0ms)
		AnalyzeDomain (13ms)
			TypeCache.Refresh (5ms)
				TypeCache.ScanAssembly (0ms)
			ScanForSourceGeneratedMonoScriptInfo (0ms)
			ResolveRequiredComponents (4ms)
	FinalizeReload (784ms)
		ReleaseScriptCaches (0ms)
		RebuildScriptCaches (0ms)
		SetupLoadedEditorAssemblies (349ms)
			LogAssemblyErrors (0ms)
			InitializePlatformSupportModulesInManaged (8ms)
			SetLoadedEditorAssemblies (3ms)
			RefreshPlugins (0ms)
			BeforeProcessingInitializeOnLoad (53ms)
			ProcessInitializeOnLoadAttributes (259ms)
			ProcessInitializeOnLoadMethodAttributes (19ms)
			AfterProcessingInitializeOnLoad (7ms)
			EditorAssembliesLoaded (0ms)
		ExecutionOrderSort2 (0ms)
		AwakeInstancesAfterBackupRestoration (6ms)
Refreshing native plugins compatible for Editor in 4.64 ms, found 3 plugins.
Preloading 0 native plugins for Editor in 0.00 ms.
Unloading 3252 Unused Serialized files (Serialized files now loaded: 0)
Unloading 53 unused Assets / (4.0 MB). Loaded Objects now: 3817.
Memory consumption went from 220.2 MB to 216.3 MB.
Total: 4.563700 ms (FindLiveObjects: 0.247100 ms CreateObjectMapping: 0.143100 ms MarkObjects: 2.889900 ms  DeleteObjects: 1.281900 ms)

Prepare: number of updated asset objects reloaded= 0
AssetImportParameters requested are different than current active one (requested -> active):
  custom:scripting/monoscript/fileName/Decorators.cs: 4533f6715dc3f8cdabbd37ff77d1dad7 -> 
  custom:scripting/monoscript/fileName/GlobalSettings.cs: e5eb35b80bdfaee4ead1e1630fd77998 -> 
  custom:scripting/monoscript/fileName/PostProcessEffectBaseEditor.cs: 972bdf00f442be0d879dcb6868e25c8e -> 
  custom:scripting/monoscript/fileName/PostProcessRenderContext.cs: 9e034c8bf7d42a1d6c2d4339915eccb0 -> 
  custom:scripting/monoscript/fileName/Spline.cs: 7876820de12ed89d33ad838af99a030e -> 
  custom:scripting/monoscript/fileName/ColorGrading.cs: ef67493fb3cf9676ba5f25862510a595 -> 
  custom:scripting/monoscript/fileName/Monitor.cs: e0eb5d32b3aade2e0ce8680b00ac2b78 -> 
  custom:scripting/precompiled-assembly-types:Unity.Postprocessing.Runtime: 655cd018e42ac91ed9a03cfbdae17956 -> 
  custom:scripting/monoscript/fileName/TemporalAntialiasing.cs: 71e40fdab49d34f4e07f83936454d904 -> 
  custom:container-demuxer-ogg: 62fdf1f143b41e24485cea50d1cbac27 -> 
  custom:scripting/monoscript/fileName/AmbientOcclusion.cs: 7a27923f9312611f0b2898a72e3ee96a -> 
  custom:scripting/monoscript/fileName/PostProcessDebugLayer.cs: 6d8a99809398beddf11f92dfbb0e6ad4 -> 
  custom:scripting/monoscript/fileName/ColorUtilities.cs: 47918ebfa890b947a816b80444ee2882 -> 
  custom:scripting/monoscript/fileName/ParameterOverride.cs: 5475497db741ca919df708e5019e593d -> 
  custom:scripting/monoscript/fileName/TextureLerper.cs: 973e800795f77d61d647ea0c3f0cf284 -> 
  custom:scripting/precompiled-assembly-types:Unity.Postprocessing.Editor: 23b49e25b965492466cd147d7735360a -> 
  custom:scripting/monoscript/fileName/Vignette.cs: e0b99ac31b7575ef776e7be56647abb0 -> 
  custom:scripting/monoscript/fileName/DepthOfFieldEditor.cs: 64cce655bf722c851048e2ebbf401a7b -> 
  custom:scripting/monoscript/fileName/DefaultPostProcessEffectEditor.cs: 06a1d8fcea7725e08b95f21cc15fd0a1 -> 
  custom:scripting/monoscript/fileName/PostProcessLayer.cs: aa288976158dcd4c24041d5304f25d07 -> 
  custom:scripting/monoscript/fileName/MaxAttribute.cs: d661645ab8c724f24b3e19978e87b44c -> 
  custom:scripting/monoscript/fileName/PostProcessDebugEditor.cs: 1a0488d8742bf880cc7334e53e2cc73d -> 
  custom:video-decoder-ogg-theora: a1e56fd34408186e4bbccfd4996cb3dc -> 
  custom:scripting/monoscript/fileName/SerializedParameterOverride.cs: 5e4deaf96895d013d32a8e84ec179f8e -> 
  custom:scripting/monoscript/fileName/MeshUtilities.cs: dc5356b699afd34cf9728f4d65b476a0 -> 
  custom:scripting/monoscript/fileName/AmbientOcclusionEditor.cs: 61e5422c29b8f52188d508eb7d382167 -> 
  custom:scripting/monoscript/fileName/FastApproximateAntialiasing.cs: bf5588b2deec2689a812a7d2eacd9bd5 -> 
  custom:scripting/monoscript/fileName/MotionBlur.cs: 823914e335803785a19e5990c6ab2911 -> 
  custom:scripting/monoscript/fileName/DefineSetter.cs: 292ba08e52064b1a72f8d4bb04301dd3 -> 
  custom:framework-win-MediaFoundation: 216162199b28c13a410421893ffa2e32 -> 
  custom:scripting/monoscript/fileName/ShaderIDs.cs: 96024f1f873475da65a783f1404f9117 -> 
  custom:scripting/monoscript/fileName/PostProcessEditorAttribute.cs: 672a58b4d5bab60112487a31c361c481 -> 
  custom:scripting/monoscript/fileName/LensDistortionEditor.cs: dee045d29944d55e8040435a58a7ce90 -> 
  custom:scripting/monoscript/fileName/MotionBlurEditor.cs: 3bd8d3e7e9a7ea94beb2e5517b62d27b -> 
  custom:scripting/monoscript/fileName/Dithering.cs: 3014fffaa718d0ad6dd2c7bb7956ed46 -> 
  custom:scripting/monoscript/fileName/DecoratorAttribute.cs: be5bd39119e1a41ea1a019fdb3818a3f -> 
  custom:scripting/monoscript/fileName/DisplayNameAttribute.cs: 935a6ac504eb8a852fba40cbcae9292c -> 
  custom:scripting/monoscript/fileName/PostProcessEffectSettings.cs: 2ab9d33170e863b1a9c8a9079cdd12aa -> 
  custom:scripting/monoscript/fileName/Fog.cs: 07e271953e2bcf8513b6a72a2737e767 -> 
  custom:scripting/monoscript/fileName/PostProcessManager.cs: 28ef7780d543a8111635e1f5051383d0 -> 
  custom:scripting/monoscript/fileName/VolumeFactory.cs: cc77136700c9e1ff894d234886ccb852 -> 
  custom:CustomObjectIndexerAttribute: 9a22284fe3817be447336de3de66b15e -> 
  custom:scripting/monoscript/fileName/PostProcessEvent.cs: 8fb6e54ff2cf1a8be7ecdd01fbdd78f8 -> 
  custom:scripting/monoscript/fileName/TrackballAttribute.cs: 8dea8f77de7bd03137cc578af1ea6656 -> 
  custom:scripting/monoscript/fileName/TrackballDecorator.cs: 6a2b6c747937d12d8d81be8f5b21fbd2 -> 
  custom:scripting/monoscript/fileName/MultiScaleVO.cs: d4c4732956ffb536e016475d75f04c43 -> 
  custom:scripting/monoscript/fileName/CubeLutAssetFactory.cs: db1961888d7cabf6be94b37e3b663de4 -> 
  custom:container-demuxer-webm: 4f35f7cbe854078d1ac9338744f61a02 -> 
  custom:scripting/monoscript/fileName/PostProcessVolumeEditor.cs: 7aae71821512dcac422c45dc773293c3 -> 
  custom:scripting/monoscript/fileName/ChromaticAberration.cs: 4d59e57f8324f5f986e16678ed451410 -> 
  custom:scripting/monoscript/fileName/VignetteEditor.cs: 345736fc911c5e8ab23e579751a40e4a -> 
  custom:scripting/monoscript/fileName/Styling.cs: d1c4aa14ff93670753edfbb93fc91bfe -> 
  custom:scripting/monoscript/fileName/PostProcessEffectRendererExtensions.cs: e953624d113e7e1739c702512603957d -> 
  custom:scripting/monoscript/fileName/ScalableAO.cs: 2f29d71d59b754086c809cfee1cdce34 -> 
  custom:scripting/monoscript/fileName/PostProcessLayerEditor.cs: d16de665ece05cd6e27dcc8d7bac4b9a -> 
  custom:scripting/monoscript/fileName/MinMaxAttribute.cs: a4b6ac8a4377612c7135a60f905792f1 -> 
  custom:scripting/monoscript/fileName/SubpixelMorphologicalAntialiasing.cs: 02dcb8839824addec278047da0509aea -> 
  custom:scripting/monoscript/fileName/BaseEditor.cs: 90647cc400823b41df847a6cbfc29026 -> 
  custom:container-muxer-webm: aa71ff27fc2769a1b78a27578f13a17b -> 
  custom:video-decoder-webm-vp8: 9c59270c3fd7afecdb556c50c9e8de78 -> 
  custom:SearchIndexIgnoredProperties: e643bd26f0fe6173181afceb89e7c659 -> 
  custom:scripting/monoscript/fileName/ChromaticAberrationEditor.cs: 3043bf57519b71f64b7a6de970c2487b -> 
  custom:scripting/monoscript/fileName/PostProcessEffectRenderer.cs: 577c5acf8157ecea944bb95c8c6d9a95 -> 
  custom:AudioImporter_EditorPlatform: d09bf68614088b80899f8185d706f6e7 -> 
  custom:scripting/monoscript/fileName/TextureFormatUtilities.cs: ba58c57cfaabc0f8201a9ca6902fcb23 -> 
  custom:scripting/monoscript/fileName/PostProcessVolume.cs: 3883cef4be0567c54caf457a416a2095 -> 
  custom:scripting/monoscript/fileName/LightMeterMonitor.cs: a897ae0c731cb153281aea9ecd0efb03 -> 
  custom:scripting/monoscript/fileName/ColorGradingEditor.cs: 25838050e3e1f12ef51713a5dcf60349 -> 
  custom:scripting/monoscript/fileName/AttributeDecorator.cs: 39b465f08cd0a5df82fc2ef70b766ca2 -> 
  custom:scripting/monoscript/fileName/AutoExposureEditor.cs: dfd15824649ea346b717bc72a871d75b -> 
  custom:scripting/monoscript/fileName/LensDistortion.cs: b7963bb1da21ba484a7b59b9f6ea3aec -> 
  custom:scripting/monoscript/fileName/ResourceAssetFactory.cs: bf6acc988648d854bb3c5751325d0d0a -> 
  custom:scripting/monoscript/fileName/PostProcessProfileEditor.cs: 1dcd55858a4126cb33b0f2de53c74fbe -> 
  custom:scripting/monoscript/fileName/Skybox.cs: c122ade9e2d3a916264f47a45be02789 -> 
  custom:scripting/monoscript/fileName/PostProcessDebug.cs: a653e9b773649e7452b035b4ce1dae82 -> 
  custom:scripting/monoscript/fileName/PostProcessAttribute.cs: e125947bf72ce7382f3b16f75797c897 -> 
  custom:scripting/monoscript/fileName/Grain.cs: 43f09a87a88d9937fbb9c4dbf3d5508e -> 
  custom:scripting/monoscript/fileName/HistogramMonitor.cs: 6fd024409d6e9db8d4c2c4e26430c2ad -> 
  custom:scripting/monoscript/fileName/PostProcessProfile.cs: f6dc030e2e953b2ed0eca334cce5d5cf -> 
  custom:scripting/monoscript/fileName/ProfileFactory.cs: f835845dfebfed501813f60a1cb006a3 -> 
  custom:scripting/monoscript/fileName/PostProcessEffectEditor.cs: 90647cc400823b41df847a6cbfc29026 -> 
  custom:scripting/monoscript/fileName/CubeLutAssetImporter.cs: 5e94ca4c74dad11cc8880f33d0ba9efb -> 
  custom:scripting/monoscript/fileName/PostProcessBundle.cs: f610f855c8ae8b896b5084e85ede373e -> 
  custom:scripting/monoscript/fileName/ScreenSpaceReflectionsEditor.cs: 59c13ba25de6098e70bafe8be94f609a -> 
  custom:video-encoder-webm-vp8: eb34c28f22e8b96e1ab97ce403110664 -> 
  custom:scripting/monoscript/fileName/RuntimeUtilities.cs: 76964d36e50cc48cfa29643bdde8d9a5 -> 
  custom:scripting/monoscript/fileName/Bloom.cs: 6f6d579a64201b97313a62a1e91b3575 -> 
  custom:audio-decoder-ogg-vorbis: bf7c407c2cedff20999df2af8eb42d56 -> 
  custom:scripting/monoscript/fileName/AutoExposure.cs: 0e7c21b17f53209ee8c5c61ab59d7835 -> 
  custom:scripting/monoscript/fileName/VectorscopeMonitor.cs: cb70c6437b976f01b752cd219cc47f32 -> 
  custom:scripting/monoscript/fileName/PropertySheetFactory.cs: cfc4667cc03e44252fafe18d99f24b25 -> 
  custom:scripting/monoscript/fileName/EditorUtilities.cs: 53a52fb113757c42f9c516115bd845ca -> 
  custom:scripting/monoscript/fileName/HaltonSeq.cs: a7590e55d6fae5328a1c395a2473d0cf -> 
  custom:scripting/monoscript/fileName/MinAttribute.cs: a3e7473301291585f4cca024ce307406 -> 
  custom:scripting/monoscript/fileName/DepthOfField.cs: d62178d8b5619f59fcdd6d24617ef5fd -> 
  custom:scripting/monoscript/fileName/BloomEditor.cs: c341bb26b40744c3a5c2a142ac3e1051 -> 
  custom:scripting/monoscript/fileName/WaveformMonitor.cs: 609651ee3f98f206575f684e9cce655d -> 
  custom:scripting/monoscript/fileName/HableCurve.cs: f244b24d6e7c556a2de06e25b0bbf4c1 -> 
  custom:audio-encoder-webm-vorbis: bf7c407c2cedff20999df2af8eb42d56 -> 
  custom:scripting/monoscript/fileName/PropertySheet.cs: e6bb03169eca9d33ea794a47ad6ce213 -> 
  custom:scripting/monoscript/fileName/TargetPool.cs: 6d29560228134c933c12fb1c113fb6ef -> 
  custom:scripting/monoscript/fileName/LogHistogram.cs: bab913d888834a1a8572eb834acec97c -> 
  custom:scripting/monoscript/fileName/ScreenSpaceReflections.cs: 8afa07200328ddfcb2536d4180c62536 -> 
  custom:scripting/precompiled-assembly-types:Assembly-CSharp: 9bc7c08e5c2b2dc83dd26948d420372a -> b5609ffa9375a1719a4b9b879c420584
  custom:scripting/monoscript/fileName/CurveEditor.cs: f5e872b2a5a6427a1785818cb10d95d1 -> 
  custom:scripting/monoscript/fileName/PostProcessResources.cs: 5089c17a701ba9b714a1f3d25fb9a9b0 -> 
  custom:scripting/monoscript/fileName/EffectListEditor.cs: 1ecdb4094d9e64024d6eb7725a86197b -> 
========================================================================
Received Prepare
Caller must complete domain reload
Begin MonoManager ReloadAssembly
- Loaded All Assemblies, in  0.377 seconds
Native extension for WindowsStandalone target not found
Native extension for WebGL target not found
Mono: successfully reloaded assembly
- Finished resetting the current domain, in  0.771 seconds
Domain Reload Profiling: 1146ms
	BeginReloadAssembly (130ms)
		ExecutionOrderSort (0ms)
		DisableScriptedObjects (4ms)
		BackupInstance (0ms)
		ReleaseScriptingObjects (0ms)
		CreateAndSetChildDomain (24ms)
	RebuildCommonClasses (28ms)
	RebuildNativeTypeToScriptingClass (8ms)
	initialDomainReloadingComplete (27ms)
	LoadAllAssembliesAndSetupDomain (181ms)
		LoadAssemblies (238ms)
		RebuildTransferFunctionScriptingTraits (0ms)
		AnalyzeDomain (13ms)
			TypeCache.Refresh (5ms)
				TypeCache.ScanAssembly (0ms)
			ScanForSourceGeneratedMonoScriptInfo (0ms)
			ResolveRequiredComponents (4ms)
	FinalizeReload (772ms)
		ReleaseScriptCaches (0ms)
		RebuildScriptCaches (0ms)
		SetupLoadedEditorAssemblies (347ms)
			LogAssemblyErrors (0ms)
			InitializePlatformSupportModulesInManaged (7ms)
			SetLoadedEditorAssemblies (2ms)
			RefreshPlugins (0ms)
			BeforeProcessingInitializeOnLoad (53ms)
			ProcessInitializeOnLoadAttributes (258ms)
			ProcessInitializeOnLoadMethodAttributes (19ms)
			AfterProcessingInitializeOnLoad (7ms)
			EditorAssembliesLoaded (0ms)
		ExecutionOrderSort2 (0ms)
		AwakeInstancesAfterBackupRestoration (6ms)
Refreshing native plugins compatible for Editor in 5.73 ms, found 3 plugins.
Preloading 0 native plugins for Editor in 0.00 ms.
Unloading 3252 Unused Serialized files (Serialized files now loaded: 0)
Unloading 53 unused Assets / (3.9 MB). Loaded Objects now: 3820.
Memory consumption went from 220.2 MB to 216.3 MB.
Total: 5.550900 ms (FindLiveObjects: 0.283100 ms CreateObjectMapping: 0.172600 ms MarkObjects: 3.354300 ms  DeleteObjects: 1.739600 ms)

Prepare: number of updated asset objects reloaded= 0
AssetImportParameters requested are different than current active one (requested -> active):
  custom:scripting/monoscript/fileName/Decorators.cs: 4533f6715dc3f8cdabbd37ff77d1dad7 -> 
  custom:scripting/monoscript/fileName/GlobalSettings.cs: e5eb35b80bdfaee4ead1e1630fd77998 -> 
  custom:scripting/monoscript/fileName/PostProcessEffectBaseEditor.cs: 972bdf00f442be0d879dcb6868e25c8e -> 
  custom:scripting/monoscript/fileName/PostProcessRenderContext.cs: 9e034c8bf7d42a1d6c2d4339915eccb0 -> 
  custom:scripting/monoscript/fileName/Spline.cs: 7876820de12ed89d33ad838af99a030e -> 
  custom:scripting/monoscript/fileName/ColorGrading.cs: ef67493fb3cf9676ba5f25862510a595 -> 
  custom:scripting/monoscript/fileName/Monitor.cs: e0eb5d32b3aade2e0ce8680b00ac2b78 -> 
  custom:scripting/precompiled-assembly-types:Unity.Postprocessing.Runtime: 655cd018e42ac91ed9a03cfbdae17956 -> 
  custom:scripting/monoscript/fileName/TemporalAntialiasing.cs: 71e40fdab49d34f4e07f83936454d904 -> 
  custom:container-demuxer-ogg: 62fdf1f143b41e24485cea50d1cbac27 -> 
  custom:scripting/monoscript/fileName/AmbientOcclusion.cs: 7a27923f9312611f0b2898a72e3ee96a -> 
  custom:scripting/monoscript/fileName/PostProcessDebugLayer.cs: 6d8a99809398beddf11f92dfbb0e6ad4 -> 
  custom:scripting/monoscript/fileName/ColorUtilities.cs: 47918ebfa890b947a816b80444ee2882 -> 
  custom:scripting/monoscript/fileName/ParameterOverride.cs: 5475497db741ca919df708e5019e593d -> 
  custom:scripting/monoscript/fileName/TextureLerper.cs: 973e800795f77d61d647ea0c3f0cf284 -> 
  custom:scripting/precompiled-assembly-types:Unity.Postprocessing.Editor: 23b49e25b965492466cd147d7735360a -> 
  custom:scripting/monoscript/fileName/Vignette.cs: e0b99ac31b7575ef776e7be56647abb0 -> 
  custom:scripting/monoscript/fileName/DepthOfFieldEditor.cs: 64cce655bf722c851048e2ebbf401a7b -> 
  custom:scripting/monoscript/fileName/DefaultPostProcessEffectEditor.cs: 06a1d8fcea7725e08b95f21cc15fd0a1 -> 
  custom:scripting/monoscript/fileName/PostProcessLayer.cs: aa288976158dcd4c24041d5304f25d07 -> 
  custom:scripting/monoscript/fileName/MaxAttribute.cs: d661645ab8c724f24b3e19978e87b44c -> 
  custom:scripting/monoscript/fileName/PostProcessDebugEditor.cs: 1a0488d8742bf880cc7334e53e2cc73d -> 
  custom:video-decoder-ogg-theora: a1e56fd34408186e4bbccfd4996cb3dc -> 
  custom:scripting/monoscript/fileName/SerializedParameterOverride.cs: 5e4deaf96895d013d32a8e84ec179f8e -> 
  custom:scripting/monoscript/fileName/MeshUtilities.cs: dc5356b699afd34cf9728f4d65b476a0 -> 
  custom:scripting/monoscript/fileName/AmbientOcclusionEditor.cs: 61e5422c29b8f52188d508eb7d382167 -> 
  custom:scripting/monoscript/fileName/FastApproximateAntialiasing.cs: bf5588b2deec2689a812a7d2eacd9bd5 -> 
  custom:scripting/monoscript/fileName/MotionBlur.cs: 823914e335803785a19e5990c6ab2911 -> 
  custom:scripting/monoscript/fileName/DefineSetter.cs: 292ba08e52064b1a72f8d4bb04301dd3 -> 
  custom:framework-win-MediaFoundation: 216162199b28c13a410421893ffa2e32 -> 
  custom:scripting/monoscript/fileName/ShaderIDs.cs: 96024f1f873475da65a783f1404f9117 -> 
  custom:scripting/monoscript/fileName/PostProcessEditorAttribute.cs: 672a58b4d5bab60112487a31c361c481 -> 
  custom:scripting/monoscript/fileName/LensDistortionEditor.cs: dee045d29944d55e8040435a58a7ce90 -> 
  custom:scripting/monoscript/fileName/MotionBlurEditor.cs: 3bd8d3e7e9a7ea94beb2e5517b62d27b -> 
  custom:scripting/monoscript/fileName/Dithering.cs: 3014fffaa718d0ad6dd2c7bb7956ed46 -> 
  custom:scripting/monoscript/fileName/DecoratorAttribute.cs: be5bd39119e1a41ea1a019fdb3818a3f -> 
  custom:scripting/monoscript/fileName/DisplayNameAttribute.cs: 935a6ac504eb8a852fba40cbcae9292c -> 
  custom:scripting/monoscript/fileName/PostProcessEffectSettings.cs: 2ab9d33170e863b1a9c8a9079cdd12aa -> 
  custom:scripting/monoscript/fileName/Fog.cs: 07e271953e2bcf8513b6a72a2737e767 -> 
  custom:scripting/monoscript/fileName/PostProcessManager.cs: 28ef7780d543a8111635e1f5051383d0 -> 
  custom:scripting/monoscript/fileName/VolumeFactory.cs: cc77136700c9e1ff894d234886ccb852 -> 
  custom:CustomObjectIndexerAttribute: 9a22284fe3817be447336de3de66b15e -> 
  custom:scripting/monoscript/fileName/PostProcessEvent.cs: 8fb6e54ff2cf1a8be7ecdd01fbdd78f8 -> 
  custom:scripting/monoscript/fileName/TrackballAttribute.cs: 8dea8f77de7bd03137cc578af1ea6656 -> 
  custom:scripting/monoscript/fileName/TrackballDecorator.cs: 6a2b6c747937d12d8d81be8f5b21fbd2 -> 
  custom:scripting/monoscript/fileName/MultiScaleVO.cs: d4c4732956ffb536e016475d75f04c43 -> 
  custom:scripting/monoscript/fileName/CubeLutAssetFactory.cs: db1961888d7cabf6be94b37e3b663de4 -> 
  custom:container-demuxer-webm: 4f35f7cbe854078d1ac9338744f61a02 -> 
  custom:scripting/monoscript/fileName/PostProcessVolumeEditor.cs: 7aae71821512dcac422c45dc773293c3 -> 
  custom:scripting/monoscript/fileName/ChromaticAberration.cs: 4d59e57f8324f5f986e16678ed451410 -> 
  custom:scripting/monoscript/fileName/VignetteEditor.cs: 345736fc911c5e8ab23e579751a40e4a -> 
  custom:scripting/monoscript/fileName/Styling.cs: d1c4aa14ff93670753edfbb93fc91bfe -> 
  custom:scripting/monoscript/fileName/PostProcessEffectRendererExtensions.cs: e953624d113e7e1739c702512603957d -> 
  custom:scripting/monoscript/fileName/ScalableAO.cs: 2f29d71d59b754086c809cfee1cdce34 -> 
  custom:scripting/monoscript/fileName/PostProcessLayerEditor.cs: d16de665ece05cd6e27dcc8d7bac4b9a -> 
  custom:scripting/monoscript/fileName/MinMaxAttribute.cs: a4b6ac8a4377612c7135a60f905792f1 -> 
  custom:scripting/monoscript/fileName/SubpixelMorphologicalAntialiasing.cs: 02dcb8839824addec278047da0509aea -> 
  custom:scripting/monoscript/fileName/BaseEditor.cs: 90647cc400823b41df847a6cbfc29026 -> 
  custom:container-muxer-webm: aa71ff27fc2769a1b78a27578f13a17b -> 
  custom:video-decoder-webm-vp8: 9c59270c3fd7afecdb556c50c9e8de78 -> 
  custom:SearchIndexIgnoredProperties: e643bd26f0fe6173181afceb89e7c659 -> 
  custom:scripting/monoscript/fileName/ChromaticAberrationEditor.cs: 3043bf57519b71f64b7a6de970c2487b -> 
  custom:scripting/monoscript/fileName/PostProcessEffectRenderer.cs: 577c5acf8157ecea944bb95c8c6d9a95 -> 
  custom:AudioImporter_EditorPlatform: d09bf68614088b80899f8185d706f6e7 -> 
  custom:scripting/monoscript/fileName/TextureFormatUtilities.cs: ba58c57cfaabc0f8201a9ca6902fcb23 -> 
  custom:scripting/monoscript/fileName/PostProcessVolume.cs: 3883cef4be0567c54caf457a416a2095 -> 
  custom:scripting/monoscript/fileName/LightMeterMonitor.cs: a897ae0c731cb153281aea9ecd0efb03 -> 
  custom:scripting/monoscript/fileName/ColorGradingEditor.cs: 25838050e3e1f12ef51713a5dcf60349 -> 
  custom:scripting/monoscript/fileName/AttributeDecorator.cs: 39b465f08cd0a5df82fc2ef70b766ca2 -> 
  custom:scripting/monoscript/fileName/AutoExposureEditor.cs: dfd15824649ea346b717bc72a871d75b -> 
  custom:scripting/monoscript/fileName/LensDistortion.cs: b7963bb1da21ba484a7b59b9f6ea3aec -> 
  custom:scripting/monoscript/fileName/ResourceAssetFactory.cs: bf6acc988648d854bb3c5751325d0d0a -> 
  custom:scripting/monoscript/fileName/PostProcessProfileEditor.cs: 1dcd55858a4126cb33b0f2de53c74fbe -> 
  custom:scripting/monoscript/fileName/Skybox.cs: c122ade9e2d3a916264f47a45be02789 -> 
  custom:scripting/monoscript/fileName/PostProcessDebug.cs: a653e9b773649e7452b035b4ce1dae82 -> 
  custom:scripting/monoscript/fileName/PostProcessAttribute.cs: e125947bf72ce7382f3b16f75797c897 -> 
  custom:scripting/monoscript/fileName/Grain.cs: 43f09a87a88d9937fbb9c4dbf3d5508e -> 
  custom:scripting/monoscript/fileName/HistogramMonitor.cs: 6fd024409d6e9db8d4c2c4e26430c2ad -> 
  custom:scripting/monoscript/fileName/PostProcessProfile.cs: f6dc030e2e953b2ed0eca334cce5d5cf -> 
  custom:scripting/monoscript/fileName/ProfileFactory.cs: f835845dfebfed501813f60a1cb006a3 -> 
  custom:scripting/monoscript/fileName/PostProcessEffectEditor.cs: 90647cc400823b41df847a6cbfc29026 -> 
  custom:scripting/monoscript/fileName/CubeLutAssetImporter.cs: 5e94ca4c74dad11cc8880f33d0ba9efb -> 
  custom:scripting/monoscript/fileName/PostProcessBundle.cs: f610f855c8ae8b896b5084e85ede373e -> 
  custom:scripting/monoscript/fileName/ScreenSpaceReflectionsEditor.cs: 59c13ba25de6098e70bafe8be94f609a -> 
  custom:video-encoder-webm-vp8: eb34c28f22e8b96e1ab97ce403110664 -> 
  custom:scripting/monoscript/fileName/RuntimeUtilities.cs: 76964d36e50cc48cfa29643bdde8d9a5 -> 
  custom:scripting/monoscript/fileName/Bloom.cs: 6f6d579a64201b97313a62a1e91b3575 -> 
  custom:audio-decoder-ogg-vorbis: bf7c407c2cedff20999df2af8eb42d56 -> 
  custom:scripting/monoscript/fileName/AutoExposure.cs: 0e7c21b17f53209ee8c5c61ab59d7835 -> 
  custom:scripting/monoscript/fileName/VectorscopeMonitor.cs: cb70c6437b976f01b752cd219cc47f32 -> 
  custom:scripting/monoscript/fileName/PropertySheetFactory.cs: cfc4667cc03e44252fafe18d99f24b25 -> 
  custom:scripting/monoscript/fileName/EditorUtilities.cs: 53a52fb113757c42f9c516115bd845ca -> 
  custom:scripting/monoscript/fileName/HaltonSeq.cs: a7590e55d6fae5328a1c395a2473d0cf -> 
  custom:scripting/monoscript/fileName/MinAttribute.cs: a3e7473301291585f4cca024ce307406 -> 
  custom:scripting/monoscript/fileName/DepthOfField.cs: d62178d8b5619f59fcdd6d24617ef5fd -> 
  custom:scripting/monoscript/fileName/BloomEditor.cs: c341bb26b40744c3a5c2a142ac3e1051 -> 
  custom:scripting/monoscript/fileName/WaveformMonitor.cs: 609651ee3f98f206575f684e9cce655d -> 
  custom:scripting/monoscript/fileName/HableCurve.cs: f244b24d6e7c556a2de06e25b0bbf4c1 -> 
  custom:audio-encoder-webm-vorbis: bf7c407c2cedff20999df2af8eb42d56 -> 
  custom:scripting/monoscript/fileName/PropertySheet.cs: e6bb03169eca9d33ea794a47ad6ce213 -> 
  custom:scripting/monoscript/fileName/TargetPool.cs: 6d29560228134c933c12fb1c113fb6ef -> 
  custom:scripting/monoscript/fileName/LogHistogram.cs: bab913d888834a1a8572eb834acec97c -> 
  custom:scripting/monoscript/fileName/ScreenSpaceReflections.cs: 8afa07200328ddfcb2536d4180c62536 -> 
  custom:scripting/precompiled-assembly-types:Assembly-CSharp: 9bc7c08e5c2b2dc83dd26948d420372a -> b5609ffa9375a1719a4b9b879c420584
  custom:scripting/monoscript/fileName/CurveEditor.cs: f5e872b2a5a6427a1785818cb10d95d1 -> 
  custom:scripting/monoscript/fileName/PostProcessResources.cs: 5089c17a701ba9b714a1f3d25fb9a9b0 -> 
  custom:scripting/monoscript/fileName/EffectListEditor.cs: 1ecdb4094d9e64024d6eb7725a86197b -> 
========================================================================
Received Prepare
Caller must complete domain reload
Begin MonoManager ReloadAssembly
- Loaded All Assemblies, in  0.375 seconds
Native extension for WindowsStandalone target not found
Native extension for WebGL target not found
Mono: successfully reloaded assembly
- Finished resetting the current domain, in  0.782 seconds
Domain Reload Profiling: 1154ms
	BeginReloadAssembly (130ms)
		ExecutionOrderSort (0ms)
		DisableScriptedObjects (4ms)
		BackupInstance (0ms)
		ReleaseScriptingObjects (0ms)
		CreateAndSetChildDomain (24ms)
	RebuildCommonClasses (26ms)
	RebuildNativeTypeToScriptingClass (8ms)
	initialDomainReloadingComplete (25ms)
	LoadAllAssembliesAndSetupDomain (181ms)
		LoadAssemblies (241ms)
		RebuildTransferFunctionScriptingTraits (0ms)
		AnalyzeDomain (12ms)
			TypeCache.Refresh (5ms)
				TypeCache.ScanAssembly (0ms)
			ScanForSourceGeneratedMonoScriptInfo (0ms)
			ResolveRequiredComponents (5ms)
	FinalizeReload (783ms)
		ReleaseScriptCaches (0ms)
		RebuildScriptCaches (0ms)
		SetupLoadedEditorAssemblies (361ms)
			LogAssemblyErrors (0ms)
			InitializePlatformSupportModulesInManaged (8ms)
			SetLoadedEditorAssemblies (3ms)
			RefreshPlugins (0ms)
			BeforeProcessingInitializeOnLoad (54ms)
			ProcessInitializeOnLoadAttributes (266ms)
			ProcessInitializeOnLoadMethodAttributes (22ms)
			AfterProcessingInitializeOnLoad (8ms)
			EditorAssembliesLoaded (0ms)
		ExecutionOrderSort2 (0ms)
		AwakeInstancesAfterBackupRestoration (8ms)
Refreshing native plugins compatible for Editor in 4.61 ms, found 3 plugins.
Preloading 0 native plugins for Editor in 0.00 ms.
Unloading 3252 Unused Serialized files (Serialized files now loaded: 0)
Unloading 53 unused Assets / (4.0 MB). Loaded Objects now: 3823.
Memory consumption went from 220.3 MB to 216.3 MB.
Total: 4.833300 ms (FindLiveObjects: 0.286400 ms CreateObjectMapping: 0.151300 ms MarkObjects: 2.788000 ms  DeleteObjects: 1.606300 ms)

Prepare: number of updated asset objects reloaded= 0
AssetImportParameters requested are different than current active one (requested -> active):
  custom:scripting/monoscript/fileName/Decorators.cs: 4533f6715dc3f8cdabbd37ff77d1dad7 -> 
  custom:scripting/monoscript/fileName/GlobalSettings.cs: e5eb35b80bdfaee4ead1e1630fd77998 -> 
  custom:scripting/monoscript/fileName/PostProcessEffectBaseEditor.cs: 972bdf00f442be0d879dcb6868e25c8e -> 
  custom:scripting/monoscript/fileName/PostProcessRenderContext.cs: 9e034c8bf7d42a1d6c2d4339915eccb0 -> 
  custom:scripting/monoscript/fileName/Spline.cs: 7876820de12ed89d33ad838af99a030e -> 
  custom:scripting/monoscript/fileName/ColorGrading.cs: ef67493fb3cf9676ba5f25862510a595 -> 
  custom:scripting/monoscript/fileName/Monitor.cs: e0eb5d32b3aade2e0ce8680b00ac2b78 -> 
  custom:scripting/precompiled-assembly-types:Unity.Postprocessing.Runtime: 655cd018e42ac91ed9a03cfbdae17956 -> 
  custom:scripting/monoscript/fileName/TemporalAntialiasing.cs: 71e40fdab49d34f4e07f83936454d904 -> 
  custom:container-demuxer-ogg: 62fdf1f143b41e24485cea50d1cbac27 -> 
  custom:scripting/monoscript/fileName/AmbientOcclusion.cs: 7a27923f9312611f0b2898a72e3ee96a -> 
  custom:scripting/monoscript/fileName/PostProcessDebugLayer.cs: 6d8a99809398beddf11f92dfbb0e6ad4 -> 
  custom:scripting/monoscript/fileName/ColorUtilities.cs: 47918ebfa890b947a816b80444ee2882 -> 
  custom:scripting/monoscript/fileName/ParameterOverride.cs: 5475497db741ca919df708e5019e593d -> 
  custom:scripting/monoscript/fileName/TextureLerper.cs: 973e800795f77d61d647ea0c3f0cf284 -> 
  custom:scripting/precompiled-assembly-types:Unity.Postprocessing.Editor: 23b49e25b965492466cd147d7735360a -> 
  custom:scripting/monoscript/fileName/Vignette.cs: e0b99ac31b7575ef776e7be56647abb0 -> 
  custom:scripting/monoscript/fileName/DepthOfFieldEditor.cs: 64cce655bf722c851048e2ebbf401a7b -> 
  custom:scripting/monoscript/fileName/DefaultPostProcessEffectEditor.cs: 06a1d8fcea7725e08b95f21cc15fd0a1 -> 
  custom:scripting/monoscript/fileName/PostProcessLayer.cs: aa288976158dcd4c24041d5304f25d07 -> 
  custom:scripting/monoscript/fileName/MaxAttribute.cs: d661645ab8c724f24b3e19978e87b44c -> 
  custom:scripting/monoscript/fileName/PostProcessDebugEditor.cs: 1a0488d8742bf880cc7334e53e2cc73d -> 
  custom:video-decoder-ogg-theora: a1e56fd34408186e4bbccfd4996cb3dc -> 
  custom:scripting/monoscript/fileName/SerializedParameterOverride.cs: 5e4deaf96895d013d32a8e84ec179f8e -> 
  custom:scripting/monoscript/fileName/MeshUtilities.cs: dc5356b699afd34cf9728f4d65b476a0 -> 
  custom:scripting/monoscript/fileName/AmbientOcclusionEditor.cs: 61e5422c29b8f52188d508eb7d382167 -> 
  custom:scripting/monoscript/fileName/FastApproximateAntialiasing.cs: bf5588b2deec2689a812a7d2eacd9bd5 -> 
  custom:scripting/monoscript/fileName/MotionBlur.cs: 823914e335803785a19e5990c6ab2911 -> 
  custom:scripting/monoscript/fileName/DefineSetter.cs: 292ba08e52064b1a72f8d4bb04301dd3 -> 
  custom:framework-win-MediaFoundation: 216162199b28c13a410421893ffa2e32 -> 
  custom:scripting/monoscript/fileName/ShaderIDs.cs: 96024f1f873475da65a783f1404f9117 -> 
  custom:scripting/monoscript/fileName/PostProcessEditorAttribute.cs: 672a58b4d5bab60112487a31c361c481 -> 
  custom:scripting/monoscript/fileName/LensDistortionEditor.cs: dee045d29944d55e8040435a58a7ce90 -> 
  custom:scripting/monoscript/fileName/MotionBlurEditor.cs: 3bd8d3e7e9a7ea94beb2e5517b62d27b -> 
  custom:scripting/monoscript/fileName/Dithering.cs: 3014fffaa718d0ad6dd2c7bb7956ed46 -> 
  custom:scripting/monoscript/fileName/DecoratorAttribute.cs: be5bd39119e1a41ea1a019fdb3818a3f -> 
  custom:scripting/monoscript/fileName/DisplayNameAttribute.cs: 935a6ac504eb8a852fba40cbcae9292c -> 
  custom:scripting/monoscript/fileName/PostProcessEffectSettings.cs: 2ab9d33170e863b1a9c8a9079cdd12aa -> 
  custom:scripting/monoscript/fileName/Fog.cs: 07e271953e2bcf8513b6a72a2737e767 -> 
  custom:scripting/monoscript/fileName/PostProcessManager.cs: 28ef7780d543a8111635e1f5051383d0 -> 
  custom:scripting/monoscript/fileName/VolumeFactory.cs: cc77136700c9e1ff894d234886ccb852 -> 
  custom:CustomObjectIndexerAttribute: 9a22284fe3817be447336de3de66b15e -> 
  custom:scripting/monoscript/fileName/PostProcessEvent.cs: 8fb6e54ff2cf1a8be7ecdd01fbdd78f8 -> 
  custom:scripting/monoscript/fileName/TrackballAttribute.cs: 8dea8f77de7bd03137cc578af1ea6656 -> 
  custom:scripting/monoscript/fileName/TrackballDecorator.cs: 6a2b6c747937d12d8d81be8f5b21fbd2 -> 
  custom:scripting/monoscript/fileName/MultiScaleVO.cs: d4c4732956ffb536e016475d75f04c43 -> 
  custom:scripting/monoscript/fileName/CubeLutAssetFactory.cs: db1961888d7cabf6be94b37e3b663de4 -> 
  custom:container-demuxer-webm: 4f35f7cbe854078d1ac9338744f61a02 -> 
  custom:scripting/monoscript/fileName/PostProcessVolumeEditor.cs: 7aae71821512dcac422c45dc773293c3 -> 
  custom:scripting/monoscript/fileName/ChromaticAberration.cs: 4d59e57f8324f5f986e16678ed451410 -> 
  custom:scripting/monoscript/fileName/VignetteEditor.cs: 345736fc911c5e8ab23e579751a40e4a -> 
  custom:scripting/monoscript/fileName/Styling.cs: d1c4aa14ff93670753edfbb93fc91bfe -> 
  custom:scripting/monoscript/fileName/PostProcessEffectRendererExtensions.cs: e953624d113e7e1739c702512603957d -> 
  custom:scripting/monoscript/fileName/ScalableAO.cs: 2f29d71d59b754086c809cfee1cdce34 -> 
  custom:scripting/monoscript/fileName/PostProcessLayerEditor.cs: d16de665ece05cd6e27dcc8d7bac4b9a -> 
  custom:scripting/monoscript/fileName/MinMaxAttribute.cs: a4b6ac8a4377612c7135a60f905792f1 -> 
  custom:scripting/monoscript/fileName/SubpixelMorphologicalAntialiasing.cs: 02dcb8839824addec278047da0509aea -> 
  custom:scripting/monoscript/fileName/BaseEditor.cs: 90647cc400823b41df847a6cbfc29026 -> 
  custom:container-muxer-webm: aa71ff27fc2769a1b78a27578f13a17b -> 
  custom:video-decoder-webm-vp8: 9c59270c3fd7afecdb556c50c9e8de78 -> 
  custom:SearchIndexIgnoredProperties: e643bd26f0fe6173181afceb89e7c659 -> 
  custom:scripting/monoscript/fileName/ChromaticAberrationEditor.cs: 3043bf57519b71f64b7a6de970c2487b -> 
  custom:scripting/monoscript/fileName/PostProcessEffectRenderer.cs: 577c5acf8157ecea944bb95c8c6d9a95 -> 
  custom:AudioImporter_EditorPlatform: d09bf68614088b80899f8185d706f6e7 -> 
  custom:scripting/monoscript/fileName/TextureFormatUtilities.cs: ba58c57cfaabc0f8201a9ca6902fcb23 -> 
  custom:scripting/monoscript/fileName/PostProcessVolume.cs: 3883cef4be0567c54caf457a416a2095 -> 
  custom:scripting/monoscript/fileName/LightMeterMonitor.cs: a897ae0c731cb153281aea9ecd0efb03 -> 
  custom:scripting/monoscript/fileName/ColorGradingEditor.cs: 25838050e3e1f12ef51713a5dcf60349 -> 
  custom:scripting/monoscript/fileName/AttributeDecorator.cs: 39b465f08cd0a5df82fc2ef70b766ca2 -> 
  custom:scripting/monoscript/fileName/AutoExposureEditor.cs: dfd15824649ea346b717bc72a871d75b -> 
  custom:scripting/monoscript/fileName/LensDistortion.cs: b7963bb1da21ba484a7b59b9f6ea3aec -> 
  custom:scripting/monoscript/fileName/ResourceAssetFactory.cs: bf6acc988648d854bb3c5751325d0d0a -> 
  custom:scripting/monoscript/fileName/PostProcessProfileEditor.cs: 1dcd55858a4126cb33b0f2de53c74fbe -> 
  custom:scripting/monoscript/fileName/Skybox.cs: c122ade9e2d3a916264f47a45be02789 -> 
  custom:scripting/monoscript/fileName/PostProcessDebug.cs: a653e9b773649e7452b035b4ce1dae82 -> 
  custom:scripting/monoscript/fileName/PostProcessAttribute.cs: e125947bf72ce7382f3b16f75797c897 -> 
  custom:scripting/monoscript/fileName/Grain.cs: 43f09a87a88d9937fbb9c4dbf3d5508e -> 
  custom:scripting/monoscript/fileName/HistogramMonitor.cs: 6fd024409d6e9db8d4c2c4e26430c2ad -> 
  custom:scripting/monoscript/fileName/PostProcessProfile.cs: f6dc030e2e953b2ed0eca334cce5d5cf -> 
  custom:scripting/monoscript/fileName/ProfileFactory.cs: f835845dfebfed501813f60a1cb006a3 -> 
  custom:scripting/monoscript/fileName/PostProcessEffectEditor.cs: 90647cc400823b41df847a6cbfc29026 -> 
  custom:scripting/monoscript/fileName/CubeLutAssetImporter.cs: 5e94ca4c74dad11cc8880f33d0ba9efb -> 
  custom:scripting/monoscript/fileName/PostProcessBundle.cs: f610f855c8ae8b896b5084e85ede373e -> 
  custom:scripting/monoscript/fileName/ScreenSpaceReflectionsEditor.cs: 59c13ba25de6098e70bafe8be94f609a -> 
  custom:video-encoder-webm-vp8: eb34c28f22e8b96e1ab97ce403110664 -> 
  custom:scripting/monoscript/fileName/RuntimeUtilities.cs: 76964d36e50cc48cfa29643bdde8d9a5 -> 
  custom:scripting/monoscript/fileName/Bloom.cs: 6f6d579a64201b97313a62a1e91b3575 -> 
  custom:audio-decoder-ogg-vorbis: bf7c407c2cedff20999df2af8eb42d56 -> 
  custom:scripting/monoscript/fileName/AutoExposure.cs: 0e7c21b17f53209ee8c5c61ab59d7835 -> 
  custom:scripting/monoscript/fileName/VectorscopeMonitor.cs: cb70c6437b976f01b752cd219cc47f32 -> 
  custom:scripting/monoscript/fileName/PropertySheetFactory.cs: cfc4667cc03e44252fafe18d99f24b25 -> 
  custom:scripting/monoscript/fileName/EditorUtilities.cs: 53a52fb113757c42f9c516115bd845ca -> 
  custom:scripting/monoscript/fileName/HaltonSeq.cs: a7590e55d6fae5328a1c395a2473d0cf -> 
  custom:scripting/monoscript/fileName/MinAttribute.cs: a3e7473301291585f4cca024ce307406 -> 
  custom:scripting/monoscript/fileName/DepthOfField.cs: d62178d8b5619f59fcdd6d24617ef5fd -> 
  custom:scripting/monoscript/fileName/BloomEditor.cs: c341bb26b40744c3a5c2a142ac3e1051 -> 
  custom:scripting/monoscript/fileName/WaveformMonitor.cs: 609651ee3f98f206575f684e9cce655d -> 
  custom:scripting/monoscript/fileName/HableCurve.cs: f244b24d6e7c556a2de06e25b0bbf4c1 -> 
  custom:audio-encoder-webm-vorbis: bf7c407c2cedff20999df2af8eb42d56 -> 
  custom:scripting/monoscript/fileName/PropertySheet.cs: e6bb03169eca9d33ea794a47ad6ce213 -> 
  custom:scripting/monoscript/fileName/TargetPool.cs: 6d29560228134c933c12fb1c113fb6ef -> 
  custom:scripting/monoscript/fileName/LogHistogram.cs: bab913d888834a1a8572eb834acec97c -> 
  custom:scripting/monoscript/fileName/ScreenSpaceReflections.cs: 8afa07200328ddfcb2536d4180c62536 -> 
  custom:scripting/precompiled-assembly-types:Assembly-CSharp: 9bc7c08e5c2b2dc83dd26948d420372a -> b5609ffa9375a1719a4b9b879c420584
  custom:scripting/monoscript/fileName/CurveEditor.cs: f5e872b2a5a6427a1785818cb10d95d1 -> 
  custom:scripting/monoscript/fileName/PostProcessResources.cs: 5089c17a701ba9b714a1f3d25fb9a9b0 -> 
  custom:scripting/monoscript/fileName/EffectListEditor.cs: 1ecdb4094d9e64024d6eb7725a86197b -> 
========================================================================
Received Prepare
Caller must complete domain reload
Begin MonoManager ReloadAssembly
- Loaded All Assemblies, in  0.373 seconds
Native extension for WindowsStandalone target not found
Native extension for WebGL target not found
Mono: successfully reloaded assembly
- Finished resetting the current domain, in  0.778 seconds
Domain Reload Profiling: 1149ms
	BeginReloadAssembly (129ms)
		ExecutionOrderSort (0ms)
		DisableScriptedObjects (4ms)
		BackupInstance (0ms)
		ReleaseScriptingObjects (0ms)
		CreateAndSetChildDomain (24ms)
	RebuildCommonClasses (26ms)
	RebuildNativeTypeToScriptingClass (8ms)
	initialDomainReloadingComplete (25ms)
	LoadAllAssembliesAndSetupDomain (181ms)
		LoadAssemblies (242ms)
		RebuildTransferFunctionScriptingTraits (0ms)
		AnalyzeDomain (12ms)
			TypeCache.Refresh (5ms)
				TypeCache.ScanAssembly (0ms)
			ScanForSourceGeneratedMonoScriptInfo (0ms)
			ResolveRequiredComponents (4ms)
	FinalizeReload (779ms)
		ReleaseScriptCaches (0ms)
		RebuildScriptCaches (0ms)
		SetupLoadedEditorAssemblies (356ms)
			LogAssemblyErrors (0ms)
			InitializePlatformSupportModulesInManaged (7ms)
			SetLoadedEditorAssemblies (3ms)
			RefreshPlugins (0ms)
			BeforeProcessingInitializeOnLoad (52ms)
			ProcessInitializeOnLoadAttributes (263ms)
			ProcessInitializeOnLoadMethodAttributes (23ms)
			AfterProcessingInitializeOnLoad (7ms)
			EditorAssembliesLoaded (0ms)
		ExecutionOrderSort2 (0ms)
		AwakeInstancesAfterBackupRestoration (8ms)
Refreshing native plugins compatible for Editor in 4.94 ms, found 3 plugins.
Preloading 0 native plugins for Editor in 0.00 ms.
Unloading 3252 Unused Serialized files (Serialized files now loaded: 0)
Unloading 53 unused Assets / (4.0 MB). Loaded Objects now: 3826.
Memory consumption went from 220.2 MB to 216.3 MB.
Total: 4.920700 ms (FindLiveObjects: 0.233900 ms CreateObjectMapping: 0.153100 ms MarkObjects: 3.015700 ms  DeleteObjects: 1.516500 ms)

Prepare: number of updated asset objects reloaded= 0
AssetImportParameters requested are different than current active one (requested -> active):
  custom:scripting/monoscript/fileName/Decorators.cs: 4533f6715dc3f8cdabbd37ff77d1dad7 -> 
  custom:scripting/monoscript/fileName/GlobalSettings.cs: e5eb35b80bdfaee4ead1e1630fd77998 -> 
  custom:scripting/monoscript/fileName/PostProcessEffectBaseEditor.cs: 972bdf00f442be0d879dcb6868e25c8e -> 
  custom:scripting/monoscript/fileName/PostProcessRenderContext.cs: 9e034c8bf7d42a1d6c2d4339915eccb0 -> 
  custom:scripting/monoscript/fileName/Spline.cs: 7876820de12ed89d33ad838af99a030e -> 
  custom:scripting/monoscript/fileName/ColorGrading.cs: ef67493fb3cf9676ba5f25862510a595 -> 
  custom:scripting/monoscript/fileName/Monitor.cs: e0eb5d32b3aade2e0ce8680b00ac2b78 -> 
  custom:scripting/precompiled-assembly-types:Unity.Postprocessing.Runtime: 655cd018e42ac91ed9a03cfbdae17956 -> 
  custom:scripting/monoscript/fileName/TemporalAntialiasing.cs: 71e40fdab49d34f4e07f83936454d904 -> 
  custom:container-demuxer-ogg: 62fdf1f143b41e24485cea50d1cbac27 -> 
  custom:scripting/monoscript/fileName/AmbientOcclusion.cs: 7a27923f9312611f0b2898a72e3ee96a -> 
  custom:scripting/monoscript/fileName/PostProcessDebugLayer.cs: 6d8a99809398beddf11f92dfbb0e6ad4 -> 
  custom:scripting/monoscript/fileName/ColorUtilities.cs: 47918ebfa890b947a816b80444ee2882 -> 
  custom:scripting/monoscript/fileName/ParameterOverride.cs: 5475497db741ca919df708e5019e593d -> 
  custom:scripting/monoscript/fileName/TextureLerper.cs: 973e800795f77d61d647ea0c3f0cf284 -> 
  custom:scripting/precompiled-assembly-types:Unity.Postprocessing.Editor: 23b49e25b965492466cd147d7735360a -> 
  custom:scripting/monoscript/fileName/Vignette.cs: e0b99ac31b7575ef776e7be56647abb0 -> 
  custom:scripting/monoscript/fileName/DepthOfFieldEditor.cs: 64cce655bf722c851048e2ebbf401a7b -> 
  custom:scripting/monoscript/fileName/DefaultPostProcessEffectEditor.cs: 06a1d8fcea7725e08b95f21cc15fd0a1 -> 
  custom:scripting/monoscript/fileName/PostProcessLayer.cs: aa288976158dcd4c24041d5304f25d07 -> 
  custom:scripting/monoscript/fileName/MaxAttribute.cs: d661645ab8c724f24b3e19978e87b44c -> 
  custom:scripting/monoscript/fileName/PostProcessDebugEditor.cs: 1a0488d8742bf880cc7334e53e2cc73d -> 
  custom:video-decoder-ogg-theora: a1e56fd34408186e4bbccfd4996cb3dc -> 
  custom:scripting/monoscript/fileName/SerializedParameterOverride.cs: 5e4deaf96895d013d32a8e84ec179f8e -> 
  custom:scripting/monoscript/fileName/MeshUtilities.cs: dc5356b699afd34cf9728f4d65b476a0 -> 
  custom:scripting/monoscript/fileName/AmbientOcclusionEditor.cs: 61e5422c29b8f52188d508eb7d382167 -> 
  custom:scripting/monoscript/fileName/FastApproximateAntialiasing.cs: bf5588b2deec2689a812a7d2eacd9bd5 -> 
  custom:scripting/monoscript/fileName/MotionBlur.cs: 823914e335803785a19e5990c6ab2911 -> 
  custom:scripting/monoscript/fileName/DefineSetter.cs: 292ba08e52064b1a72f8d4bb04301dd3 -> 
  custom:framework-win-MediaFoundation: 216162199b28c13a410421893ffa2e32 -> 
  custom:scripting/monoscript/fileName/ShaderIDs.cs: 96024f1f873475da65a783f1404f9117 -> 
  custom:scripting/monoscript/fileName/PostProcessEditorAttribute.cs: 672a58b4d5bab60112487a31c361c481 -> 
  custom:scripting/monoscript/fileName/LensDistortionEditor.cs: dee045d29944d55e8040435a58a7ce90 -> 
  custom:scripting/monoscript/fileName/MotionBlurEditor.cs: 3bd8d3e7e9a7ea94beb2e5517b62d27b -> 
  custom:scripting/monoscript/fileName/Dithering.cs: 3014fffaa718d0ad6dd2c7bb7956ed46 -> 
  custom:scripting/monoscript/fileName/DecoratorAttribute.cs: be5bd39119e1a41ea1a019fdb3818a3f -> 
  custom:scripting/monoscript/fileName/DisplayNameAttribute.cs: 935a6ac504eb8a852fba40cbcae9292c -> 
  custom:scripting/monoscript/fileName/PostProcessEffectSettings.cs: 2ab9d33170e863b1a9c8a9079cdd12aa -> 
  custom:scripting/monoscript/fileName/Fog.cs: 07e271953e2bcf8513b6a72a2737e767 -> 
  custom:scripting/monoscript/fileName/PostProcessManager.cs: 28ef7780d543a8111635e1f5051383d0 -> 
  custom:scripting/monoscript/fileName/VolumeFactory.cs: cc77136700c9e1ff894d234886ccb852 -> 
  custom:CustomObjectIndexerAttribute: 9a22284fe3817be447336de3de66b15e -> 
  custom:scripting/monoscript/fileName/PostProcessEvent.cs: 8fb6e54ff2cf1a8be7ecdd01fbdd78f8 -> 
  custom:scripting/monoscript/fileName/TrackballAttribute.cs: 8dea8f77de7bd03137cc578af1ea6656 -> 
  custom:scripting/monoscript/fileName/TrackballDecorator.cs: 6a2b6c747937d12d8d81be8f5b21fbd2 -> 
  custom:scripting/monoscript/fileName/MultiScaleVO.cs: d4c4732956ffb536e016475d75f04c43 -> 
  custom:scripting/monoscript/fileName/CubeLutAssetFactory.cs: db1961888d7cabf6be94b37e3b663de4 -> 
  custom:container-demuxer-webm: 4f35f7cbe854078d1ac9338744f61a02 -> 
  custom:scripting/monoscript/fileName/PostProcessVolumeEditor.cs: 7aae71821512dcac422c45dc773293c3 -> 
  custom:scripting/monoscript/fileName/ChromaticAberration.cs: 4d59e57f8324f5f986e16678ed451410 -> 
  custom:scripting/monoscript/fileName/VignetteEditor.cs: 345736fc911c5e8ab23e579751a40e4a -> 
  custom:scripting/monoscript/fileName/Styling.cs: d1c4aa14ff93670753edfbb93fc91bfe -> 
  custom:scripting/monoscript/fileName/PostProcessEffectRendererExtensions.cs: e953624d113e7e1739c702512603957d -> 
  custom:scripting/monoscript/fileName/ScalableAO.cs: 2f29d71d59b754086c809cfee1cdce34 -> 
  custom:scripting/monoscript/fileName/PostProcessLayerEditor.cs: d16de665ece05cd6e27dcc8d7bac4b9a -> 
  custom:scripting/monoscript/fileName/MinMaxAttribute.cs: a4b6ac8a4377612c7135a60f905792f1 -> 
  custom:scripting/monoscript/fileName/SubpixelMorphologicalAntialiasing.cs: 02dcb8839824addec278047da0509aea -> 
  custom:scripting/monoscript/fileName/BaseEditor.cs: 90647cc400823b41df847a6cbfc29026 -> 
  custom:container-muxer-webm: aa71ff27fc2769a1b78a27578f13a17b -> 
  custom:video-decoder-webm-vp8: 9c59270c3fd7afecdb556c50c9e8de78 -> 
  custom:SearchIndexIgnoredProperties: e643bd26f0fe6173181afceb89e7c659 -> 
  custom:scripting/monoscript/fileName/ChromaticAberrationEditor.cs: 3043bf57519b71f64b7a6de970c2487b -> 
  custom:scripting/monoscript/fileName/PostProcessEffectRenderer.cs: 577c5acf8157ecea944bb95c8c6d9a95 -> 
  custom:AudioImporter_EditorPlatform: d09bf68614088b80899f8185d706f6e7 -> 
  custom:scripting/monoscript/fileName/TextureFormatUtilities.cs: ba58c57cfaabc0f8201a9ca6902fcb23 -> 
  custom:scripting/monoscript/fileName/PostProcessVolume.cs: 3883cef4be0567c54caf457a416a2095 -> 
  custom:scripting/monoscript/fileName/LightMeterMonitor.cs: a897ae0c731cb153281aea9ecd0efb03 -> 
  custom:scripting/monoscript/fileName/ColorGradingEditor.cs: 25838050e3e1f12ef51713a5dcf60349 -> 
  custom:scripting/monoscript/fileName/AttributeDecorator.cs: 39b465f08cd0a5df82fc2ef70b766ca2 -> 
  custom:scripting/monoscript/fileName/AutoExposureEditor.cs: dfd15824649ea346b717bc72a871d75b -> 
  custom:scripting/monoscript/fileName/LensDistortion.cs: b7963bb1da21ba484a7b59b9f6ea3aec -> 
  custom:scripting/monoscript/fileName/ResourceAssetFactory.cs: bf6acc988648d854bb3c5751325d0d0a -> 
  custom:scripting/monoscript/fileName/PostProcessProfileEditor.cs: 1dcd55858a4126cb33b0f2de53c74fbe -> 
  custom:scripting/monoscript/fileName/Skybox.cs: c122ade9e2d3a916264f47a45be02789 -> 
  custom:scripting/monoscript/fileName/PostProcessDebug.cs: a653e9b773649e7452b035b4ce1dae82 -> 
  custom:scripting/monoscript/fileName/PostProcessAttribute.cs: e125947bf72ce7382f3b16f75797c897 -> 
  custom:scripting/monoscript/fileName/Grain.cs: 43f09a87a88d9937fbb9c4dbf3d5508e -> 
  custom:scripting/monoscript/fileName/HistogramMonitor.cs: 6fd024409d6e9db8d4c2c4e26430c2ad -> 
  custom:scripting/monoscript/fileName/PostProcessProfile.cs: f6dc030e2e953b2ed0eca334cce5d5cf -> 
  custom:scripting/monoscript/fileName/ProfileFactory.cs: f835845dfebfed501813f60a1cb006a3 -> 
  custom:scripting/monoscript/fileName/PostProcessEffectEditor.cs: 90647cc400823b41df847a6cbfc29026 -> 
  custom:scripting/monoscript/fileName/CubeLutAssetImporter.cs: 5e94ca4c74dad11cc8880f33d0ba9efb -> 
  custom:scripting/monoscript/fileName/PostProcessBundle.cs: f610f855c8ae8b896b5084e85ede373e -> 
  custom:scripting/monoscript/fileName/ScreenSpaceReflectionsEditor.cs: 59c13ba25de6098e70bafe8be94f609a -> 
  custom:video-encoder-webm-vp8: eb34c28f22e8b96e1ab97ce403110664 -> 
  custom:scripting/monoscript/fileName/RuntimeUtilities.cs: 76964d36e50cc48cfa29643bdde8d9a5 -> 
  custom:scripting/monoscript/fileName/Bloom.cs: 6f6d579a64201b97313a62a1e91b3575 -> 
  custom:audio-decoder-ogg-vorbis: bf7c407c2cedff20999df2af8eb42d56 -> 
  custom:scripting/monoscript/fileName/AutoExposure.cs: 0e7c21b17f53209ee8c5c61ab59d7835 -> 
  custom:scripting/monoscript/fileName/VectorscopeMonitor.cs: cb70c6437b976f01b752cd219cc47f32 -> 
  custom:scripting/monoscript/fileName/PropertySheetFactory.cs: cfc4667cc03e44252fafe18d99f24b25 -> 
  custom:scripting/monoscript/fileName/EditorUtilities.cs: 53a52fb113757c42f9c516115bd845ca -> 
  custom:scripting/monoscript/fileName/HaltonSeq.cs: a7590e55d6fae5328a1c395a2473d0cf -> 
  custom:scripting/monoscript/fileName/MinAttribute.cs: a3e7473301291585f4cca024ce307406 -> 
  custom:scripting/monoscript/fileName/DepthOfField.cs: d62178d8b5619f59fcdd6d24617ef5fd -> 
  custom:scripting/monoscript/fileName/BloomEditor.cs: c341bb26b40744c3a5c2a142ac3e1051 -> 
  custom:scripting/monoscript/fileName/WaveformMonitor.cs: 609651ee3f98f206575f684e9cce655d -> 
  custom:scripting/monoscript/fileName/HableCurve.cs: f244b24d6e7c556a2de06e25b0bbf4c1 -> 
  custom:audio-encoder-webm-vorbis: bf7c407c2cedff20999df2af8eb42d56 -> 
  custom:scripting/monoscript/fileName/PropertySheet.cs: e6bb03169eca9d33ea794a47ad6ce213 -> 
  custom:scripting/monoscript/fileName/TargetPool.cs: 6d29560228134c933c12fb1c113fb6ef -> 
  custom:scripting/monoscript/fileName/LogHistogram.cs: bab913d888834a1a8572eb834acec97c -> 
  custom:scripting/monoscript/fileName/ScreenSpaceReflections.cs: 8afa07200328ddfcb2536d4180c62536 -> 
  custom:scripting/precompiled-assembly-types:Assembly-CSharp: 9bc7c08e5c2b2dc83dd26948d420372a -> b5609ffa9375a1719a4b9b879c420584
  custom:scripting/monoscript/fileName/CurveEditor.cs: f5e872b2a5a6427a1785818cb10d95d1 -> 
  custom:scripting/monoscript/fileName/PostProcessResources.cs: 5089c17a701ba9b714a1f3d25fb9a9b0 -> 
  custom:scripting/monoscript/fileName/EffectListEditor.cs: 1ecdb4094d9e64024d6eb7725a86197b -> 
========================================================================
Received Import Request.
  Time since last request: 1570.620578 seconds.
  path: Assets/Main Menu/Sounds
  artifactKey: Guid(052e012d1e7b54b4382b55f83a864442) Importer(815301076,1909f56bfc062723c751e8b465ee728b)
Start importing Assets/Main Menu/Sounds using Guid(052e012d1e7b54b4382b55f83a864442) Importer(815301076,1909f56bfc062723c751e8b465ee728b) [PhysX] Initialized MultithreadedTaskDispatcher with 12 workers.
 -> (artifact id: '1120567dbac290e860e7933a31a1cb70') in 0.005375 seconds
Number of updated asset objects reloaded before import = 0
Number of asset objects unloaded after import = 0
========================================================================
Received Import Request.
  Time since last request: 3.503906 seconds.
  path: Assets/Main Menu/Sounds/Game.wav
  artifactKey: Guid(c5eee18228db5674ca7a6bea852c02a2) Importer(815301076,1909f56bfc062723c751e8b465ee728b)
Start importing Assets/Main Menu/Sounds/Game.wav using Guid(c5eee18228db5674ca7a6bea852c02a2) Importer(815301076,1909f56bfc062723c751e8b465ee728b) [PhysX] Initialized MultithreadedTaskDispatcher with 12 workers.
[PhysX] Initialized MultithreadedTaskDispatcher with 12 workers.
 -> (artifact id: '4068f31890aa6b9e38daa29048b7ed7b') in 0.068091 seconds
Number of updated asset objects reloaded before import = 0
Number of asset objects unloaded after import = 2
========================================================================
Received Import Request.
  Time since last request: 77.304055 seconds.
  path: Assets/Main Menu/Sounds/Game.wav
  artifactKey: Guid(c5eee18228db5674ca7a6bea852c02a2) Importer(815301076,1909f56bfc062723c751e8b465ee728b)
Start importing Assets/Main Menu/Sounds/Game.wav using Guid(c5eee18228db5674ca7a6bea852c02a2) Importer(815301076,1909f56bfc062723c751e8b465ee728b) [PhysX] Initialized MultithreadedTaskDispatcher with 12 workers.
[PhysX] Initialized MultithreadedTaskDispatcher with 12 workers.
 -> (artifact id: '422e91e542c17e124464a777d01a1f02') in 0.022015 seconds
Number of updated asset objects reloaded before import = 0
Number of asset objects unloaded after import = 2
========================================================================
Received Prepare
Caller must complete domain reload
Begin MonoManager ReloadAssembly
- Loaded All Assemblies, in  0.455 seconds
Native extension for WindowsStandalone target not found
Native extension for WebGL target not found
Mono: successfully reloaded assembly
- Finished resetting the current domain, in  0.793 seconds
Domain Reload Profiling: 1246ms
	BeginReloadAssembly (155ms)
		ExecutionOrderSort (0ms)
		DisableScriptedObjects (4ms)
		BackupInstance (0ms)
		ReleaseScriptingObjects (0ms)
		CreateAndSetChildDomain (36ms)
	RebuildCommonClasses (28ms)
	RebuildNativeTypeToScriptingClass (8ms)
	initialDomainReloadingComplete (27ms)
	LoadAllAssembliesAndSetupDomain (235ms)
		LoadAssemblies (308ms)
		RebuildTransferFunctionScriptingTraits (0ms)
		AnalyzeDomain (12ms)
			TypeCache.Refresh (5ms)
				TypeCache.ScanAssembly (0ms)
			ScanForSourceGeneratedMonoScriptInfo (0ms)
			ResolveRequiredComponents (5ms)
	FinalizeReload (794ms)
		ReleaseScriptCaches (0ms)
		RebuildScriptCaches (0ms)
		SetupLoadedEditorAssemblies (363ms)
			LogAssemblyErrors (0ms)
			InitializePlatformSupportModulesInManaged (8ms)
			SetLoadedEditorAssemblies (3ms)
			RefreshPlugins (0ms)
			BeforeProcessingInitializeOnLoad (53ms)
			ProcessInitializeOnLoadAttributes (272ms)
			ProcessInitializeOnLoadMethodAttributes (20ms)
			AfterProcessingInitializeOnLoad (7ms)
			EditorAssembliesLoaded (0ms)
		ExecutionOrderSort2 (0ms)
		AwakeInstancesAfterBackupRestoration (7ms)
Refreshing native plugins compatible for Editor in 5.94 ms, found 3 plugins.
Preloading 0 native plugins for Editor in 0.00 ms.
Unloading 3251 Unused Serialized files (Serialized files now loaded: 0)
Unloading 53 unused Assets / (4.0 MB). Loaded Objects now: 3829.
Memory consumption went from 220.0 MB to 216.0 MB.
Total: 5.387700 ms (FindLiveObjects: 0.304000 ms CreateObjectMapping: 0.344500 ms MarkObjects: 3.230300 ms  DeleteObjects: 1.507200 ms)

Prepare: number of updated asset objects reloaded= 0
AssetImportParameters requested are different than current active one (requested -> active):
  custom:scripting/monoscript/fileName/Decorators.cs: 4533f6715dc3f8cdabbd37ff77d1dad7 -> 
  custom:scripting/monoscript/fileName/GlobalSettings.cs: e5eb35b80bdfaee4ead1e1630fd77998 -> 
  custom:scripting/monoscript/fileName/PostProcessEffectBaseEditor.cs: 972bdf00f442be0d879dcb6868e25c8e -> 
  custom:scripting/monoscript/fileName/PostProcessRenderContext.cs: 9e034c8bf7d42a1d6c2d4339915eccb0 -> 
  custom:scripting/monoscript/fileName/Spline.cs: 7876820de12ed89d33ad838af99a030e -> 
  custom:scripting/monoscript/fileName/ColorGrading.cs: ef67493fb3cf9676ba5f25862510a595 -> 
  custom:scripting/monoscript/fileName/Monitor.cs: e0eb5d32b3aade2e0ce8680b00ac2b78 -> 
  custom:scripting/precompiled-assembly-types:Unity.Postprocessing.Runtime: 655cd018e42ac91ed9a03cfbdae17956 -> 
  custom:scripting/monoscript/fileName/TemporalAntialiasing.cs: 71e40fdab49d34f4e07f83936454d904 -> 
  custom:container-demuxer-ogg: 62fdf1f143b41e24485cea50d1cbac27 -> 
  custom:scripting/monoscript/fileName/AmbientOcclusion.cs: 7a27923f9312611f0b2898a72e3ee96a -> 
  custom:scripting/monoscript/fileName/PostProcessDebugLayer.cs: 6d8a99809398beddf11f92dfbb0e6ad4 -> 
  custom:scripting/monoscript/fileName/ColorUtilities.cs: 47918ebfa890b947a816b80444ee2882 -> 
  custom:scripting/monoscript/fileName/ParameterOverride.cs: 5475497db741ca919df708e5019e593d -> 
  custom:scripting/monoscript/fileName/TextureLerper.cs: 973e800795f77d61d647ea0c3f0cf284 -> 
  custom:scripting/precompiled-assembly-types:Unity.Postprocessing.Editor: 23b49e25b965492466cd147d7735360a -> 
  custom:scripting/monoscript/fileName/Vignette.cs: e0b99ac31b7575ef776e7be56647abb0 -> 
  custom:scripting/monoscript/fileName/DepthOfFieldEditor.cs: 64cce655bf722c851048e2ebbf401a7b -> 
  custom:scripting/monoscript/fileName/DefaultPostProcessEffectEditor.cs: 06a1d8fcea7725e08b95f21cc15fd0a1 -> 
  custom:scripting/monoscript/fileName/PostProcessLayer.cs: aa288976158dcd4c24041d5304f25d07 -> 
  custom:scripting/monoscript/fileName/MaxAttribute.cs: d661645ab8c724f24b3e19978e87b44c -> 
  custom:scripting/monoscript/fileName/PostProcessDebugEditor.cs: 1a0488d8742bf880cc7334e53e2cc73d -> 
  custom:video-decoder-ogg-theora: a1e56fd34408186e4bbccfd4996cb3dc -> 
  custom:scripting/monoscript/fileName/SerializedParameterOverride.cs: 5e4deaf96895d013d32a8e84ec179f8e -> 
  custom:scripting/monoscript/fileName/MeshUtilities.cs: dc5356b699afd34cf9728f4d65b476a0 -> 
  custom:scripting/monoscript/fileName/AmbientOcclusionEditor.cs: 61e5422c29b8f52188d508eb7d382167 -> 
  custom:scripting/monoscript/fileName/FastApproximateAntialiasing.cs: bf5588b2deec2689a812a7d2eacd9bd5 -> 
  custom:scripting/monoscript/fileName/MotionBlur.cs: 823914e335803785a19e5990c6ab2911 -> 
  custom:scripting/monoscript/fileName/DefineSetter.cs: 292ba08e52064b1a72f8d4bb04301dd3 -> 
  custom:framework-win-MediaFoundation: 216162199b28c13a410421893ffa2e32 -> 
  custom:scripting/monoscript/fileName/ShaderIDs.cs: 96024f1f873475da65a783f1404f9117 -> 
  custom:scripting/monoscript/fileName/PostProcessEditorAttribute.cs: 672a58b4d5bab60112487a31c361c481 -> 
  custom:scripting/monoscript/fileName/LensDistortionEditor.cs: dee045d29944d55e8040435a58a7ce90 -> 
  custom:scripting/monoscript/fileName/MotionBlurEditor.cs: 3bd8d3e7e9a7ea94beb2e5517b62d27b -> 
  custom:scripting/monoscript/fileName/Dithering.cs: 3014fffaa718d0ad6dd2c7bb7956ed46 -> 
  custom:scripting/monoscript/fileName/DecoratorAttribute.cs: be5bd39119e1a41ea1a019fdb3818a3f -> 
  custom:scripting/monoscript/fileName/DisplayNameAttribute.cs: 935a6ac504eb8a852fba40cbcae9292c -> 
  custom:scripting/monoscript/fileName/PostProcessEffectSettings.cs: 2ab9d33170e863b1a9c8a9079cdd12aa -> 
  custom:scripting/monoscript/fileName/Fog.cs: 07e271953e2bcf8513b6a72a2737e767 -> 
  custom:scripting/monoscript/fileName/PostProcessManager.cs: 28ef7780d543a8111635e1f5051383d0 -> 
  custom:scripting/monoscript/fileName/VolumeFactory.cs: cc77136700c9e1ff894d234886ccb852 -> 
  custom:CustomObjectIndexerAttribute: 9a22284fe3817be447336de3de66b15e -> 
  custom:scripting/monoscript/fileName/PostProcessEvent.cs: 8fb6e54ff2cf1a8be7ecdd01fbdd78f8 -> 
  custom:scripting/monoscript/fileName/TrackballAttribute.cs: 8dea8f77de7bd03137cc578af1ea6656 -> 
  custom:scripting/monoscript/fileName/TrackballDecorator.cs: 6a2b6c747937d12d8d81be8f5b21fbd2 -> 
  custom:scripting/monoscript/fileName/MultiScaleVO.cs: d4c4732956ffb536e016475d75f04c43 -> 
  custom:scripting/monoscript/fileName/CubeLutAssetFactory.cs: db1961888d7cabf6be94b37e3b663de4 -> 
  custom:container-demuxer-webm: 4f35f7cbe854078d1ac9338744f61a02 -> 
  custom:scripting/monoscript/fileName/PostProcessVolumeEditor.cs: 7aae71821512dcac422c45dc773293c3 -> 
  custom:scripting/monoscript/fileName/ChromaticAberration.cs: 4d59e57f8324f5f986e16678ed451410 -> 
  custom:scripting/monoscript/fileName/VignetteEditor.cs: 345736fc911c5e8ab23e579751a40e4a -> 
  custom:scripting/monoscript/fileName/Styling.cs: d1c4aa14ff93670753edfbb93fc91bfe -> 
  custom:scripting/monoscript/fileName/PostProcessEffectRendererExtensions.cs: e953624d113e7e1739c702512603957d -> 
  custom:scripting/monoscript/fileName/ScalableAO.cs: 2f29d71d59b754086c809cfee1cdce34 -> 
  custom:scripting/monoscript/fileName/PostProcessLayerEditor.cs: d16de665ece05cd6e27dcc8d7bac4b9a -> 
  custom:scripting/monoscript/fileName/MinMaxAttribute.cs: a4b6ac8a4377612c7135a60f905792f1 -> 
  custom:scripting/monoscript/fileName/SubpixelMorphologicalAntialiasing.cs: 02dcb8839824addec278047da0509aea -> 
  custom:scripting/monoscript/fileName/BaseEditor.cs: 90647cc400823b41df847a6cbfc29026 -> 
  custom:container-muxer-webm: aa71ff27fc2769a1b78a27578f13a17b -> 
  custom:video-decoder-webm-vp8: 9c59270c3fd7afecdb556c50c9e8de78 -> 
  custom:SearchIndexIgnoredProperties: e643bd26f0fe6173181afceb89e7c659 -> 
  custom:scripting/monoscript/fileName/ChromaticAberrationEditor.cs: 3043bf57519b71f64b7a6de970c2487b -> 
  custom:scripting/monoscript/fileName/PostProcessEffectRenderer.cs: 577c5acf8157ecea944bb95c8c6d9a95 -> 
  custom:AudioImporter_EditorPlatform: d09bf68614088b80899f8185d706f6e7 -> 
  custom:scripting/monoscript/fileName/TextureFormatUtilities.cs: ba58c57cfaabc0f8201a9ca6902fcb23 -> 
  custom:scripting/monoscript/fileName/PostProcessVolume.cs: 3883cef4be0567c54caf457a416a2095 -> 
  custom:scripting/monoscript/fileName/LightMeterMonitor.cs: a897ae0c731cb153281aea9ecd0efb03 -> 
  custom:scripting/monoscript/fileName/ColorGradingEditor.cs: 25838050e3e1f12ef51713a5dcf60349 -> 
  custom:scripting/monoscript/fileName/AttributeDecorator.cs: 39b465f08cd0a5df82fc2ef70b766ca2 -> 
  custom:scripting/monoscript/fileName/AutoExposureEditor.cs: dfd15824649ea346b717bc72a871d75b -> 
  custom:scripting/monoscript/fileName/LensDistortion.cs: b7963bb1da21ba484a7b59b9f6ea3aec -> 
  custom:scripting/monoscript/fileName/ResourceAssetFactory.cs: bf6acc988648d854bb3c5751325d0d0a -> 
  custom:scripting/monoscript/fileName/PostProcessProfileEditor.cs: 1dcd55858a4126cb33b0f2de53c74fbe -> 
  custom:scripting/monoscript/fileName/Skybox.cs: c122ade9e2d3a916264f47a45be02789 -> 
  custom:scripting/monoscript/fileName/PostProcessDebug.cs: a653e9b773649e7452b035b4ce1dae82 -> 
  custom:scripting/monoscript/fileName/PostProcessAttribute.cs: e125947bf72ce7382f3b16f75797c897 -> 
  custom:scripting/monoscript/fileName/Grain.cs: 43f09a87a88d9937fbb9c4dbf3d5508e -> 
  custom:scripting/monoscript/fileName/HistogramMonitor.cs: 6fd024409d6e9db8d4c2c4e26430c2ad -> 
  custom:scripting/monoscript/fileName/PostProcessProfile.cs: f6dc030e2e953b2ed0eca334cce5d5cf -> 
  custom:scripting/monoscript/fileName/ProfileFactory.cs: f835845dfebfed501813f60a1cb006a3 -> 
  custom:scripting/monoscript/fileName/PostProcessEffectEditor.cs: 90647cc400823b41df847a6cbfc29026 -> 
  custom:scripting/monoscript/fileName/CubeLutAssetImporter.cs: 5e94ca4c74dad11cc8880f33d0ba9efb -> 
  custom:scripting/monoscript/fileName/PostProcessBundle.cs: f610f855c8ae8b896b5084e85ede373e -> 
  custom:scripting/monoscript/fileName/ScreenSpaceReflectionsEditor.cs: 59c13ba25de6098e70bafe8be94f609a -> 
  custom:video-encoder-webm-vp8: eb34c28f22e8b96e1ab97ce403110664 -> 
  custom:scripting/monoscript/fileName/RuntimeUtilities.cs: 76964d36e50cc48cfa29643bdde8d9a5 -> 
  custom:scripting/monoscript/fileName/Bloom.cs: 6f6d579a64201b97313a62a1e91b3575 -> 
  custom:audio-decoder-ogg-vorbis: bf7c407c2cedff20999df2af8eb42d56 -> 
  custom:scripting/monoscript/fileName/AutoExposure.cs: 0e7c21b17f53209ee8c5c61ab59d7835 -> 
  custom:scripting/monoscript/fileName/VectorscopeMonitor.cs: cb70c6437b976f01b752cd219cc47f32 -> 
  custom:scripting/monoscript/fileName/PropertySheetFactory.cs: cfc4667cc03e44252fafe18d99f24b25 -> 
  custom:scripting/monoscript/fileName/EditorUtilities.cs: 53a52fb113757c42f9c516115bd845ca -> 
  custom:scripting/monoscript/fileName/HaltonSeq.cs: a7590e55d6fae5328a1c395a2473d0cf -> 
  custom:scripting/monoscript/fileName/MinAttribute.cs: a3e7473301291585f4cca024ce307406 -> 
  custom:scripting/monoscript/fileName/DepthOfField.cs: d62178d8b5619f59fcdd6d24617ef5fd -> 
  custom:scripting/monoscript/fileName/BloomEditor.cs: c341bb26b40744c3a5c2a142ac3e1051 -> 
  custom:scripting/monoscript/fileName/WaveformMonitor.cs: 609651ee3f98f206575f684e9cce655d -> 
  custom:scripting/monoscript/fileName/HableCurve.cs: f244b24d6e7c556a2de06e25b0bbf4c1 -> 
  custom:audio-encoder-webm-vorbis: bf7c407c2cedff20999df2af8eb42d56 -> 
  custom:scripting/monoscript/fileName/PropertySheet.cs: e6bb03169eca9d33ea794a47ad6ce213 -> 
  custom:scripting/monoscript/fileName/TargetPool.cs: 6d29560228134c933c12fb1c113fb6ef -> 
  custom:scripting/monoscript/fileName/LogHistogram.cs: bab913d888834a1a8572eb834acec97c -> 
  custom:scripting/monoscript/fileName/ScreenSpaceReflections.cs: 8afa07200328ddfcb2536d4180c62536 -> 
  custom:scripting/precompiled-assembly-types:Assembly-CSharp: 9bc7c08e5c2b2dc83dd26948d420372a -> b5609ffa9375a1719a4b9b879c420584
  custom:scripting/monoscript/fileName/CurveEditor.cs: f5e872b2a5a6427a1785818cb10d95d1 -> 
  custom:scripting/monoscript/fileName/PostProcessResources.cs: 5089c17a701ba9b714a1f3d25fb9a9b0 -> 
  custom:scripting/monoscript/fileName/EffectListEditor.cs: 1ecdb4094d9e64024d6eb7725a86197b -> 
========================================================================
Received Import Request.
  Time since last request: 145.744382 seconds.
  path: Assets/Scene1/Assets/Charpai/source/scharpai.fbx
  artifactKey: Guid(73c4be2dcfe52624c83783afdcdbe2eb) Importer(815301076,1909f56bfc062723c751e8b465ee728b)
Start importing Assets/Scene1/Assets/Charpai/source/scharpai.fbx using Guid(73c4be2dcfe52624c83783afdcdbe2eb) Importer(815301076,1909f56bfc062723c751e8b465ee728b) [PhysX] Initialized MultithreadedTaskDispatcher with 12 workers.
[PhysX] Initialized MultithreadedTaskDispatcher with 12 workers.
[PhysX] Initialized MultithreadedTaskDispatcher with 12 workers.
[PhysX] Initialized MultithreadedTaskDispatcher with 12 workers.
[PhysX] Initialized MultithreadedTaskDispatcher with 12 workers.
[PhysX] Initialized MultithreadedTaskDispatcher with 12 workers.
[PhysX] Initialized MultithreadedTaskDispatcher with 12 workers.
[PhysX] Initialized MultithreadedTaskDispatcher with 12 workers.
 -> (artifact id: 'b459e13c4a4949370b8cdfafd7ddb921') in 0.185686 seconds
Number of updated asset objects reloaded before import = 0
Number of asset objects unloaded after import = 18
========================================================================
Received Import Request.
  Time since last request: 30.692903 seconds.
  path: Assets/Main Menu/Scripts/MainMenu.cs
  artifactKey: Guid(6a049c6bb6258e743a0a8882d0f8bfa9) Importer(815301076,1909f56bfc062723c751e8b465ee728b)
Start importing Assets/Main Menu/Scripts/MainMenu.cs using Guid(6a049c6bb6258e743a0a8882d0f8bfa9) Importer(815301076,1909f56bfc062723c751e8b465ee728b) [PhysX] Initialized MultithreadedTaskDispatcher with 12 workers.
 -> (artifact id: '8bfbcffb09ee3878ce965905325fd9ad') in 0.000769 seconds
Number of updated asset objects reloaded before import = 0
Number of asset objects unloaded after import = 0
========================================================================
Received Prepare
Caller must complete domain reload
Begin MonoManager ReloadAssembly
- Loaded All Assemblies, in  2.405 seconds
Native extension for WindowsStandalone target not found
Native extension for WebGL target not found
Mono: successfully reloaded assembly
- Finished resetting the current domain, in  2.662 seconds
Domain Reload Profiling: 5065ms
	BeginReloadAssembly (482ms)
		ExecutionOrderSort (0ms)
		DisableScriptedObjects (9ms)
		BackupInstance (0ms)
		ReleaseScriptingObjects (0ms)
		CreateAndSetChildDomain (113ms)
	RebuildCommonClasses (154ms)
	RebuildNativeTypeToScriptingClass (32ms)
	initialDomainReloadingComplete (93ms)
	LoadAllAssembliesAndSetupDomain (1641ms)
		LoadAssemblies (1791ms)
		RebuildTransferFunctionScriptingTraits (0ms)
		AnalyzeDomain (123ms)
			TypeCache.Refresh (24ms)
				TypeCache.ScanAssembly (0ms)
			ScanForSourceGeneratedMonoScriptInfo (45ms)
			ResolveRequiredComponents (48ms)
	FinalizeReload (2663ms)
		ReleaseScriptCaches (0ms)
		RebuildScriptCaches (0ms)
		SetupLoadedEditorAssemblies (729ms)
			LogAssemblyErrors (0ms)
			InitializePlatformSupportModulesInManaged (17ms)
			SetLoadedEditorAssemblies (6ms)
			RefreshPlugins (0ms)
			BeforeProcessingInitializeOnLoad (111ms)
			ProcessInitializeOnLoadAttributes (539ms)
			ProcessInitializeOnLoadMethodAttributes (37ms)
			AfterProcessingInitializeOnLoad (19ms)
			EditorAssembliesLoaded (0ms)
		ExecutionOrderSort2 (0ms)
		AwakeInstancesAfterBackupRestoration (15ms)
Refreshing native plugins compatible for Editor in 11.62 ms, found 3 plugins.
Preloading 0 native plugins for Editor in 0.00 ms.
Unloading 3252 Unused Serialized files (Serialized files now loaded: 0)
Unloading 53 unused Assets / (4.0 MB). Loaded Objects now: 3836.
Memory consumption went from 220.1 MB to 216.2 MB.
Total: 6.116100 ms (FindLiveObjects: 0.426500 ms CreateObjectMapping: 0.152400 ms MarkObjects: 3.615300 ms  DeleteObjects: 1.919200 ms)

Prepare: number of updated asset objects reloaded= 0
AssetImportParameters requested are different than current active one (requested -> active):
  custom:scripting/monoscript/fileName/Decorators.cs: 4533f6715dc3f8cdabbd37ff77d1dad7 -> 
  custom:scripting/monoscript/fileName/GlobalSettings.cs: e5eb35b80bdfaee4ead1e1630fd77998 -> 
  custom:scripting/monoscript/fileName/PostProcessEffectBaseEditor.cs: 972bdf00f442be0d879dcb6868e25c8e -> 
  custom:scripting/monoscript/fileName/PostProcessRenderContext.cs: 9e034c8bf7d42a1d6c2d4339915eccb0 -> 
  custom:scripting/monoscript/fileName/MainMenu.cs: c093076ba5753d7bec74a8a751ffb653 -> 
  custom:scripting/monoscript/fileName/Spline.cs: 7876820de12ed89d33ad838af99a030e -> 
  custom:scripting/monoscript/fileName/ColorGrading.cs: ef67493fb3cf9676ba5f25862510a595 -> 
  custom:scripting/monoscript/fileName/Monitor.cs: e0eb5d32b3aade2e0ce8680b00ac2b78 -> 
  custom:scripting/precompiled-assembly-types:Unity.Postprocessing.Runtime: 655cd018e42ac91ed9a03cfbdae17956 -> 
  custom:scripting/monoscript/fileName/TemporalAntialiasing.cs: 71e40fdab49d34f4e07f83936454d904 -> 
  custom:container-demuxer-ogg: 62fdf1f143b41e24485cea50d1cbac27 -> 
  custom:scripting/monoscript/fileName/AmbientOcclusion.cs: 7a27923f9312611f0b2898a72e3ee96a -> 
  custom:scripting/monoscript/fileName/PostProcessDebugLayer.cs: 6d8a99809398beddf11f92dfbb0e6ad4 -> 
  custom:scripting/monoscript/fileName/ColorUtilities.cs: 47918ebfa890b947a816b80444ee2882 -> 
  custom:scripting/monoscript/fileName/ParameterOverride.cs: 5475497db741ca919df708e5019e593d -> 
  custom:scripting/monoscript/fileName/TextureLerper.cs: 973e800795f77d61d647ea0c3f0cf284 -> 
  custom:scripting/precompiled-assembly-types:Unity.Postprocessing.Editor: 23b49e25b965492466cd147d7735360a -> 
  custom:scripting/monoscript/fileName/Vignette.cs: e0b99ac31b7575ef776e7be56647abb0 -> 
  custom:scripting/monoscript/fileName/DepthOfFieldEditor.cs: 64cce655bf722c851048e2ebbf401a7b -> 
  custom:scripting/monoscript/fileName/DefaultPostProcessEffectEditor.cs: 06a1d8fcea7725e08b95f21cc15fd0a1 -> 
  custom:scripting/monoscript/fileName/PostProcessLayer.cs: aa288976158dcd4c24041d5304f25d07 -> 
  custom:scripting/monoscript/fileName/MaxAttribute.cs: d661645ab8c724f24b3e19978e87b44c -> 
  custom:scripting/monoscript/fileName/PostProcessDebugEditor.cs: 1a0488d8742bf880cc7334e53e2cc73d -> 
  custom:video-decoder-ogg-theora: a1e56fd34408186e4bbccfd4996cb3dc -> 
  custom:scripting/monoscript/fileName/SerializedParameterOverride.cs: 5e4deaf96895d013d32a8e84ec179f8e -> 
  custom:scripting/monoscript/fileName/MeshUtilities.cs: dc5356b699afd34cf9728f4d65b476a0 -> 
  custom:scripting/monoscript/fileName/AmbientOcclusionEditor.cs: 61e5422c29b8f52188d508eb7d382167 -> 
  custom:scripting/monoscript/fileName/FastApproximateAntialiasing.cs: bf5588b2deec2689a812a7d2eacd9bd5 -> 
  custom:scripting/monoscript/fileName/MotionBlur.cs: 823914e335803785a19e5990c6ab2911 -> 
  custom:scripting/monoscript/fileName/DefineSetter.cs: 292ba08e52064b1a72f8d4bb04301dd3 -> 
  custom:framework-win-MediaFoundation: 216162199b28c13a410421893ffa2e32 -> 
  custom:scripting/monoscript/fileName/ShaderIDs.cs: 96024f1f873475da65a783f1404f9117 -> 
  custom:scripting/monoscript/fileName/PostProcessEditorAttribute.cs: 672a58b4d5bab60112487a31c361c481 -> 
  custom:scripting/monoscript/fileName/LensDistortionEditor.cs: dee045d29944d55e8040435a58a7ce90 -> 
  custom:scripting/monoscript/fileName/MotionBlurEditor.cs: 3bd8d3e7e9a7ea94beb2e5517b62d27b -> 
  custom:scripting/monoscript/fileName/Dithering.cs: 3014fffaa718d0ad6dd2c7bb7956ed46 -> 
  custom:scripting/monoscript/fileName/DecoratorAttribute.cs: be5bd39119e1a41ea1a019fdb3818a3f -> 
  custom:scripting/monoscript/fileName/DisplayNameAttribute.cs: 935a6ac504eb8a852fba40cbcae9292c -> 
  custom:scripting/monoscript/fileName/PostProcessEffectSettings.cs: 2ab9d33170e863b1a9c8a9079cdd12aa -> 
  custom:scripting/monoscript/fileName/Fog.cs: 07e271953e2bcf8513b6a72a2737e767 -> 
  custom:scripting/monoscript/fileName/PostProcessManager.cs: 28ef7780d543a8111635e1f5051383d0 -> 
  custom:scripting/monoscript/fileName/VolumeFactory.cs: cc77136700c9e1ff894d234886ccb852 -> 
  custom:CustomObjectIndexerAttribute: 9a22284fe3817be447336de3de66b15e -> 
  custom:scripting/monoscript/fileName/PostProcessEvent.cs: 8fb6e54ff2cf1a8be7ecdd01fbdd78f8 -> 
  custom:scripting/monoscript/fileName/TrackballAttribute.cs: 8dea8f77de7bd03137cc578af1ea6656 -> 
  custom:scripting/monoscript/fileName/TrackballDecorator.cs: 6a2b6c747937d12d8d81be8f5b21fbd2 -> 
  custom:scripting/monoscript/fileName/MultiScaleVO.cs: d4c4732956ffb536e016475d75f04c43 -> 
  custom:scripting/monoscript/fileName/CubeLutAssetFactory.cs: db1961888d7cabf6be94b37e3b663de4 -> 
  custom:container-demuxer-webm: 4f35f7cbe854078d1ac9338744f61a02 -> 
  custom:scripting/monoscript/fileName/PostProcessVolumeEditor.cs: 7aae71821512dcac422c45dc773293c3 -> 
  custom:scripting/monoscript/fileName/ChromaticAberration.cs: 4d59e57f8324f5f986e16678ed451410 -> 
  custom:scripting/monoscript/fileName/VignetteEditor.cs: 345736fc911c5e8ab23e579751a40e4a -> 
  custom:scripting/monoscript/fileName/Styling.cs: d1c4aa14ff93670753edfbb93fc91bfe -> 
  custom:scripting/monoscript/fileName/PostProcessEffectRendererExtensions.cs: e953624d113e7e1739c702512603957d -> 
  custom:scripting/monoscript/fileName/ScalableAO.cs: 2f29d71d59b754086c809cfee1cdce34 -> 
  custom:scripting/monoscript/fileName/PostProcessLayerEditor.cs: d16de665ece05cd6e27dcc8d7bac4b9a -> 
  custom:scripting/monoscript/fileName/MinMaxAttribute.cs: a4b6ac8a4377612c7135a60f905792f1 -> 
  custom:scripting/monoscript/fileName/SubpixelMorphologicalAntialiasing.cs: 02dcb8839824addec278047da0509aea -> 
  custom:scripting/monoscript/fileName/BaseEditor.cs: 90647cc400823b41df847a6cbfc29026 -> 
  custom:container-muxer-webm: aa71ff27fc2769a1b78a27578f13a17b -> 
  custom:video-decoder-webm-vp8: 9c59270c3fd7afecdb556c50c9e8de78 -> 
  custom:SearchIndexIgnoredProperties: e643bd26f0fe6173181afceb89e7c659 -> 
  custom:scripting/monoscript/fileName/ChromaticAberrationEditor.cs: 3043bf57519b71f64b7a6de970c2487b -> 
  custom:scripting/monoscript/fileName/PostProcessEffectRenderer.cs: 577c5acf8157ecea944bb95c8c6d9a95 -> 
  custom:AudioImporter_EditorPlatform: d09bf68614088b80899f8185d706f6e7 -> 
  custom:scripting/monoscript/fileName/TextureFormatUtilities.cs: ba58c57cfaabc0f8201a9ca6902fcb23 -> 
  custom:scripting/monoscript/fileName/PostProcessVolume.cs: 3883cef4be0567c54caf457a416a2095 -> 
  custom:scripting/monoscript/fileName/LightMeterMonitor.cs: a897ae0c731cb153281aea9ecd0efb03 -> 
  custom:scripting/monoscript/fileName/ColorGradingEditor.cs: 25838050e3e1f12ef51713a5dcf60349 -> 
  custom:scripting/monoscript/fileName/AttributeDecorator.cs: 39b465f08cd0a5df82fc2ef70b766ca2 -> 
  custom:scripting/monoscript/fileName/AutoExposureEditor.cs: dfd15824649ea346b717bc72a871d75b -> 
  custom:scripting/monoscript/fileName/LensDistortion.cs: b7963bb1da21ba484a7b59b9f6ea3aec -> 
  custom:scripting/monoscript/fileName/ResourceAssetFactory.cs: bf6acc988648d854bb3c5751325d0d0a -> 
  custom:scripting/monoscript/fileName/PostProcessProfileEditor.cs: 1dcd55858a4126cb33b0f2de53c74fbe -> 
  custom:scripting/monoscript/fileName/Skybox.cs: c122ade9e2d3a916264f47a45be02789 -> 
  custom:scripting/monoscript/fileName/PostProcessDebug.cs: a653e9b773649e7452b035b4ce1dae82 -> 
  custom:scripting/monoscript/fileName/PostProcessAttribute.cs: e125947bf72ce7382f3b16f75797c897 -> 
  custom:scripting/monoscript/fileName/Grain.cs: 43f09a87a88d9937fbb9c4dbf3d5508e -> 
  custom:scripting/monoscript/fileName/HistogramMonitor.cs: 6fd024409d6e9db8d4c2c4e26430c2ad -> 
  custom:scripting/monoscript/fileName/PostProcessProfile.cs: f6dc030e2e953b2ed0eca334cce5d5cf -> 
  custom:scripting/monoscript/fileName/ProfileFactory.cs: f835845dfebfed501813f60a1cb006a3 -> 
  custom:scripting/monoscript/fileName/PostProcessEffectEditor.cs: 90647cc400823b41df847a6cbfc29026 -> 
  custom:scripting/monoscript/fileName/CubeLutAssetImporter.cs: 5e94ca4c74dad11cc8880f33d0ba9efb -> 
  custom:scripting/monoscript/fileName/PostProcessBundle.cs: f610f855c8ae8b896b5084e85ede373e -> 
  custom:scripting/monoscript/fileName/ScreenSpaceReflectionsEditor.cs: 59c13ba25de6098e70bafe8be94f609a -> 
  custom:video-encoder-webm-vp8: eb34c28f22e8b96e1ab97ce403110664 -> 
  custom:scripting/monoscript/fileName/RuntimeUtilities.cs: 76964d36e50cc48cfa29643bdde8d9a5 -> 
  custom:scripting/monoscript/fileName/Bloom.cs: 6f6d579a64201b97313a62a1e91b3575 -> 
  custom:audio-decoder-ogg-vorbis: bf7c407c2cedff20999df2af8eb42d56 -> 
  custom:scripting/monoscript/fileName/AutoExposure.cs: 0e7c21b17f53209ee8c5c61ab59d7835 -> 
  custom:scripting/monoscript/fileName/VectorscopeMonitor.cs: cb70c6437b976f01b752cd219cc47f32 -> 
  custom:scripting/monoscript/fileName/PropertySheetFactory.cs: cfc4667cc03e44252fafe18d99f24b25 -> 
  custom:scripting/monoscript/fileName/EditorUtilities.cs: 53a52fb113757c42f9c516115bd845ca -> 
  custom:scripting/monoscript/fileName/HaltonSeq.cs: a7590e55d6fae5328a1c395a2473d0cf -> 
  custom:scripting/monoscript/fileName/MinAttribute.cs: a3e7473301291585f4cca024ce307406 -> 
  custom:scripting/monoscript/fileName/DepthOfField.cs: d62178d8b5619f59fcdd6d24617ef5fd -> 
  custom:scripting/monoscript/fileName/BloomEditor.cs: c341bb26b40744c3a5c2a142ac3e1051 -> 
  custom:scripting/monoscript/fileName/WaveformMonitor.cs: 609651ee3f98f206575f684e9cce655d -> 
  custom:scripting/monoscript/fileName/HableCurve.cs: f244b24d6e7c556a2de06e25b0bbf4c1 -> 
  custom:audio-encoder-webm-vorbis: bf7c407c2cedff20999df2af8eb42d56 -> 
  custom:scripting/monoscript/fileName/PropertySheet.cs: e6bb03169eca9d33ea794a47ad6ce213 -> 
  custom:scripting/monoscript/fileName/TargetPool.cs: 6d29560228134c933c12fb1c113fb6ef -> 
  custom:scripting/monoscript/fileName/LogHistogram.cs: bab913d888834a1a8572eb834acec97c -> 
  custom:scripting/monoscript/fileName/ScreenSpaceReflections.cs: 8afa07200328ddfcb2536d4180c62536 -> 
  custom:scripting/precompiled-assembly-types:Assembly-CSharp: d6fe0ff31029f2d2cc0617ccb9ee00f5 -> b5609ffa9375a1719a4b9b879c420584
  custom:scripting/monoscript/fileName/CurveEditor.cs: f5e872b2a5a6427a1785818cb10d95d1 -> 
  custom:scripting/monoscript/fileName/PostProcessResources.cs: 5089c17a701ba9b714a1f3d25fb9a9b0 -> 
  custom:scripting/monoscript/fileName/EffectListEditor.cs: 1ecdb4094d9e64024d6eb7725a86197b -> 
========================================================================
Received Import Request.
  Time since last request: 13.229843 seconds.
  path: Assets/Main Menu/Scripts/MainMenu.cs
  artifactKey: Guid(6a049c6bb6258e743a0a8882d0f8bfa9) Importer(815301076,1909f56bfc062723c751e8b465ee728b)
Start importing Assets/Main Menu/Scripts/MainMenu.cs using Guid(6a049c6bb6258e743a0a8882d0f8bfa9) Importer(815301076,1909f56bfc062723c751e8b465ee728b) [PhysX] Initialized MultithreadedTaskDispatcher with 12 workers.
 -> (artifact id: '24ca418fd45119ba97e36373b3b67146') in 0.005768 seconds
Number of updated asset objects reloaded before import = 0
Number of asset objects unloaded after import = 0
========================================================================
Received Import Request.
  Time since last request: 76.457105 seconds.
  path: Assets/Main Menu/Scripts/MainMenu.cs
  artifactKey: Guid(6a049c6bb6258e743a0a8882d0f8bfa9) Importer(815301076,1909f56bfc062723c751e8b465ee728b)
Start importing Assets/Main Menu/Scripts/MainMenu.cs using Guid(6a049c6bb6258e743a0a8882d0f8bfa9) Importer(815301076,1909f56bfc062723c751e8b465ee728b) [PhysX] Initialized MultithreadedTaskDispatcher with 12 workers.
 -> (artifact id: 'b3a5edeca7e876c7a0a83d4d488de212') in 0.001009 seconds
Number of updated asset objects reloaded before import = 0
Number of asset objects unloaded after import = 0
========================================================================
Received Prepare
Caller must complete domain reload
Begin MonoManager ReloadAssembly
- Loaded All Assemblies, in  0.472 seconds
Native extension for WindowsStandalone target not found
Native extension for WebGL target not found
Mono: successfully reloaded assembly
- Finished resetting the current domain, in  0.844 seconds
Domain Reload Profiling: 1313ms
	BeginReloadAssembly (164ms)
		ExecutionOrderSort (0ms)
		DisableScriptedObjects (4ms)
		BackupInstance (0ms)
		ReleaseScriptingObjects (0ms)
		CreateAndSetChildDomain (33ms)
	RebuildCommonClasses (32ms)
	RebuildNativeTypeToScriptingClass (11ms)
	initialDomainReloadingComplete (36ms)
	LoadAllAssembliesAndSetupDomain (225ms)
		LoadAssemblies (300ms)
		RebuildTransferFunctionScriptingTraits (0ms)
		AnalyzeDomain (21ms)
			TypeCache.Refresh (8ms)
				TypeCache.ScanAssembly (0ms)
			ScanForSourceGeneratedMonoScriptInfo (6ms)
			ResolveRequiredComponents (4ms)
	FinalizeReload (845ms)
		ReleaseScriptCaches (0ms)
		RebuildScriptCaches (0ms)
		SetupLoadedEditorAssemblies (371ms)
			LogAssemblyErrors (0ms)
			InitializePlatformSupportModulesInManaged (8ms)
			SetLoadedEditorAssemblies (3ms)
			RefreshPlugins (0ms)
			BeforeProcessingInitializeOnLoad (57ms)
			ProcessInitializeOnLoadAttributes (278ms)
			ProcessInitializeOnLoadMethodAttributes (17ms)
			AfterProcessingInitializeOnLoad (8ms)
			EditorAssembliesLoaded (0ms)
		ExecutionOrderSort2 (0ms)
		AwakeInstancesAfterBackupRestoration (6ms)
Refreshing native plugins compatible for Editor in 4.43 ms, found 3 plugins.
Preloading 0 native plugins for Editor in 0.00 ms.
Unloading 3252 Unused Serialized files (Serialized files now loaded: 0)
Unloading 53 unused Assets / (4.0 MB). Loaded Objects now: 3839.
Memory consumption went from 220.1 MB to 216.2 MB.
Total: 4.419200 ms (FindLiveObjects: 0.238600 ms CreateObjectMapping: 0.125400 ms MarkObjects: 2.781300 ms  DeleteObjects: 1.271800 ms)

Prepare: number of updated asset objects reloaded= 0
AssetImportParameters requested are different than current active one (requested -> active):
  custom:scripting/monoscript/fileName/Decorators.cs: 4533f6715dc3f8cdabbd37ff77d1dad7 -> 
  custom:scripting/monoscript/fileName/GlobalSettings.cs: e5eb35b80bdfaee4ead1e1630fd77998 -> 
  custom:scripting/monoscript/fileName/PostProcessEffectBaseEditor.cs: 972bdf00f442be0d879dcb6868e25c8e -> 
  custom:scripting/monoscript/fileName/PostProcessRenderContext.cs: 9e034c8bf7d42a1d6c2d4339915eccb0 -> 
  custom:scripting/monoscript/fileName/MainMenu.cs: c093076ba5753d7bec74a8a751ffb653 -> 
  custom:scripting/monoscript/fileName/Spline.cs: 7876820de12ed89d33ad838af99a030e -> 
  custom:scripting/monoscript/fileName/ColorGrading.cs: ef67493fb3cf9676ba5f25862510a595 -> 
  custom:scripting/monoscript/fileName/Monitor.cs: e0eb5d32b3aade2e0ce8680b00ac2b78 -> 
  custom:scripting/precompiled-assembly-types:Unity.Postprocessing.Runtime: 655cd018e42ac91ed9a03cfbdae17956 -> 
  custom:scripting/monoscript/fileName/TemporalAntialiasing.cs: 71e40fdab49d34f4e07f83936454d904 -> 
  custom:container-demuxer-ogg: 62fdf1f143b41e24485cea50d1cbac27 -> 
  custom:scripting/monoscript/fileName/AmbientOcclusion.cs: 7a27923f9312611f0b2898a72e3ee96a -> 
  custom:scripting/monoscript/fileName/PostProcessDebugLayer.cs: 6d8a99809398beddf11f92dfbb0e6ad4 -> 
  custom:scripting/monoscript/fileName/ColorUtilities.cs: 47918ebfa890b947a816b80444ee2882 -> 
  custom:scripting/monoscript/fileName/ParameterOverride.cs: 5475497db741ca919df708e5019e593d -> 
  custom:scripting/monoscript/fileName/TextureLerper.cs: 973e800795f77d61d647ea0c3f0cf284 -> 
  custom:scripting/precompiled-assembly-types:Unity.Postprocessing.Editor: 23b49e25b965492466cd147d7735360a -> 
  custom:scripting/monoscript/fileName/Vignette.cs: e0b99ac31b7575ef776e7be56647abb0 -> 
  custom:scripting/monoscript/fileName/DepthOfFieldEditor.cs: 64cce655bf722c851048e2ebbf401a7b -> 
  custom:scripting/monoscript/fileName/DefaultPostProcessEffectEditor.cs: 06a1d8fcea7725e08b95f21cc15fd0a1 -> 
  custom:scripting/monoscript/fileName/PostProcessLayer.cs: aa288976158dcd4c24041d5304f25d07 -> 
  custom:scripting/monoscript/fileName/MaxAttribute.cs: d661645ab8c724f24b3e19978e87b44c -> 
  custom:scripting/monoscript/fileName/PostProcessDebugEditor.cs: 1a0488d8742bf880cc7334e53e2cc73d -> 
  custom:video-decoder-ogg-theora: a1e56fd34408186e4bbccfd4996cb3dc -> 
  custom:scripting/monoscript/fileName/SerializedParameterOverride.cs: 5e4deaf96895d013d32a8e84ec179f8e -> 
  custom:scripting/monoscript/fileName/MeshUtilities.cs: dc5356b699afd34cf9728f4d65b476a0 -> 
  custom:scripting/monoscript/fileName/AmbientOcclusionEditor.cs: 61e5422c29b8f52188d508eb7d382167 -> 
  custom:scripting/monoscript/fileName/FastApproximateAntialiasing.cs: bf5588b2deec2689a812a7d2eacd9bd5 -> 
  custom:scripting/monoscript/fileName/MotionBlur.cs: 823914e335803785a19e5990c6ab2911 -> 
  custom:scripting/monoscript/fileName/DefineSetter.cs: 292ba08e52064b1a72f8d4bb04301dd3 -> 
  custom:framework-win-MediaFoundation: 216162199b28c13a410421893ffa2e32 -> 
  custom:scripting/monoscript/fileName/ShaderIDs.cs: 96024f1f873475da65a783f1404f9117 -> 
  custom:scripting/monoscript/fileName/PostProcessEditorAttribute.cs: 672a58b4d5bab60112487a31c361c481 -> 
  custom:scripting/monoscript/fileName/LensDistortionEditor.cs: dee045d29944d55e8040435a58a7ce90 -> 
  custom:scripting/monoscript/fileName/MotionBlurEditor.cs: 3bd8d3e7e9a7ea94beb2e5517b62d27b -> 
  custom:scripting/monoscript/fileName/Dithering.cs: 3014fffaa718d0ad6dd2c7bb7956ed46 -> 
  custom:scripting/monoscript/fileName/DecoratorAttribute.cs: be5bd39119e1a41ea1a019fdb3818a3f -> 
  custom:scripting/monoscript/fileName/DisplayNameAttribute.cs: 935a6ac504eb8a852fba40cbcae9292c -> 
  custom:scripting/monoscript/fileName/PostProcessEffectSettings.cs: 2ab9d33170e863b1a9c8a9079cdd12aa -> 
  custom:scripting/monoscript/fileName/Fog.cs: 07e271953e2bcf8513b6a72a2737e767 -> 
  custom:scripting/monoscript/fileName/PostProcessManager.cs: 28ef7780d543a8111635e1f5051383d0 -> 
  custom:scripting/monoscript/fileName/VolumeFactory.cs: cc77136700c9e1ff894d234886ccb852 -> 
  custom:CustomObjectIndexerAttribute: 9a22284fe3817be447336de3de66b15e -> 
  custom:scripting/monoscript/fileName/PostProcessEvent.cs: 8fb6e54ff2cf1a8be7ecdd01fbdd78f8 -> 
  custom:scripting/monoscript/fileName/TrackballAttribute.cs: 8dea8f77de7bd03137cc578af1ea6656 -> 
  custom:scripting/monoscript/fileName/TrackballDecorator.cs: 6a2b6c747937d12d8d81be8f5b21fbd2 -> 
  custom:scripting/monoscript/fileName/MultiScaleVO.cs: d4c4732956ffb536e016475d75f04c43 -> 
  custom:scripting/monoscript/fileName/CubeLutAssetFactory.cs: db1961888d7cabf6be94b37e3b663de4 -> 
  custom:container-demuxer-webm: 4f35f7cbe854078d1ac9338744f61a02 -> 
  custom:scripting/monoscript/fileName/PostProcessVolumeEditor.cs: 7aae71821512dcac422c45dc773293c3 -> 
  custom:scripting/monoscript/fileName/ChromaticAberration.cs: 4d59e57f8324f5f986e16678ed451410 -> 
  custom:scripting/monoscript/fileName/VignetteEditor.cs: 345736fc911c5e8ab23e579751a40e4a -> 
  custom:scripting/monoscript/fileName/Styling.cs: d1c4aa14ff93670753edfbb93fc91bfe -> 
  custom:scripting/monoscript/fileName/PostProcessEffectRendererExtensions.cs: e953624d113e7e1739c702512603957d -> 
  custom:scripting/monoscript/fileName/ScalableAO.cs: 2f29d71d59b754086c809cfee1cdce34 -> 
  custom:scripting/monoscript/fileName/PostProcessLayerEditor.cs: d16de665ece05cd6e27dcc8d7bac4b9a -> 
  custom:scripting/monoscript/fileName/MinMaxAttribute.cs: a4b6ac8a4377612c7135a60f905792f1 -> 
  custom:scripting/monoscript/fileName/SubpixelMorphologicalAntialiasing.cs: 02dcb8839824addec278047da0509aea -> 
  custom:scripting/monoscript/fileName/BaseEditor.cs: 90647cc400823b41df847a6cbfc29026 -> 
  custom:container-muxer-webm: aa71ff27fc2769a1b78a27578f13a17b -> 
  custom:video-decoder-webm-vp8: 9c59270c3fd7afecdb556c50c9e8de78 -> 
  custom:SearchIndexIgnoredProperties: e643bd26f0fe6173181afceb89e7c659 -> 
  custom:scripting/monoscript/fileName/ChromaticAberrationEditor.cs: 3043bf57519b71f64b7a6de970c2487b -> 
  custom:scripting/monoscript/fileName/PostProcessEffectRenderer.cs: 577c5acf8157ecea944bb95c8c6d9a95 -> 
  custom:AudioImporter_EditorPlatform: d09bf68614088b80899f8185d706f6e7 -> 
  custom:scripting/monoscript/fileName/TextureFormatUtilities.cs: ba58c57cfaabc0f8201a9ca6902fcb23 -> 
  custom:scripting/monoscript/fileName/PostProcessVolume.cs: 3883cef4be0567c54caf457a416a2095 -> 
  custom:scripting/monoscript/fileName/LightMeterMonitor.cs: a897ae0c731cb153281aea9ecd0efb03 -> 
  custom:scripting/monoscript/fileName/ColorGradingEditor.cs: 25838050e3e1f12ef51713a5dcf60349 -> 
  custom:scripting/monoscript/fileName/AttributeDecorator.cs: 39b465f08cd0a5df82fc2ef70b766ca2 -> 
  custom:scripting/monoscript/fileName/AutoExposureEditor.cs: dfd15824649ea346b717bc72a871d75b -> 
  custom:scripting/monoscript/fileName/LensDistortion.cs: b7963bb1da21ba484a7b59b9f6ea3aec -> 
  custom:scripting/monoscript/fileName/ResourceAssetFactory.cs: bf6acc988648d854bb3c5751325d0d0a -> 
  custom:scripting/monoscript/fileName/PostProcessProfileEditor.cs: 1dcd55858a4126cb33b0f2de53c74fbe -> 
  custom:scripting/monoscript/fileName/Skybox.cs: c122ade9e2d3a916264f47a45be02789 -> 
  custom:scripting/monoscript/fileName/PostProcessDebug.cs: a653e9b773649e7452b035b4ce1dae82 -> 
  custom:scripting/monoscript/fileName/PostProcessAttribute.cs: e125947bf72ce7382f3b16f75797c897 -> 
  custom:scripting/monoscript/fileName/Grain.cs: 43f09a87a88d9937fbb9c4dbf3d5508e -> 
  custom:scripting/monoscript/fileName/HistogramMonitor.cs: 6fd024409d6e9db8d4c2c4e26430c2ad -> 
  custom:scripting/monoscript/fileName/PostProcessProfile.cs: f6dc030e2e953b2ed0eca334cce5d5cf -> 
  custom:scripting/monoscript/fileName/ProfileFactory.cs: f835845dfebfed501813f60a1cb006a3 -> 
  custom:scripting/monoscript/fileName/PostProcessEffectEditor.cs: 90647cc400823b41df847a6cbfc29026 -> 
  custom:scripting/monoscript/fileName/CubeLutAssetImporter.cs: 5e94ca4c74dad11cc8880f33d0ba9efb -> 
  custom:scripting/monoscript/fileName/PostProcessBundle.cs: f610f855c8ae8b896b5084e85ede373e -> 
  custom:scripting/monoscript/fileName/ScreenSpaceReflectionsEditor.cs: 59c13ba25de6098e70bafe8be94f609a -> 
  custom:video-encoder-webm-vp8: eb34c28f22e8b96e1ab97ce403110664 -> 
  custom:scripting/monoscript/fileName/RuntimeUtilities.cs: 76964d36e50cc48cfa29643bdde8d9a5 -> 
  custom:scripting/monoscript/fileName/Bloom.cs: 6f6d579a64201b97313a62a1e91b3575 -> 
  custom:audio-decoder-ogg-vorbis: bf7c407c2cedff20999df2af8eb42d56 -> 
  custom:scripting/monoscript/fileName/AutoExposure.cs: 0e7c21b17f53209ee8c5c61ab59d7835 -> 
  custom:scripting/monoscript/fileName/VectorscopeMonitor.cs: cb70c6437b976f01b752cd219cc47f32 -> 
  custom:scripting/monoscript/fileName/PropertySheetFactory.cs: cfc4667cc03e44252fafe18d99f24b25 -> 
  custom:scripting/monoscript/fileName/EditorUtilities.cs: 53a52fb113757c42f9c516115bd845ca -> 
  custom:scripting/monoscript/fileName/HaltonSeq.cs: a7590e55d6fae5328a1c395a2473d0cf -> 
  custom:scripting/monoscript/fileName/MinAttribute.cs: a3e7473301291585f4cca024ce307406 -> 
  custom:scripting/monoscript/fileName/DepthOfField.cs: d62178d8b5619f59fcdd6d24617ef5fd -> 
  custom:scripting/monoscript/fileName/BloomEditor.cs: c341bb26b40744c3a5c2a142ac3e1051 -> 
  custom:scripting/monoscript/fileName/WaveformMonitor.cs: 609651ee3f98f206575f684e9cce655d -> 
  custom:scripting/monoscript/fileName/HableCurve.cs: f244b24d6e7c556a2de06e25b0bbf4c1 -> 
  custom:audio-encoder-webm-vorbis: bf7c407c2cedff20999df2af8eb42d56 -> 
  custom:scripting/monoscript/fileName/PropertySheet.cs: e6bb03169eca9d33ea794a47ad6ce213 -> 
  custom:scripting/monoscript/fileName/TargetPool.cs: 6d29560228134c933c12fb1c113fb6ef -> 
  custom:scripting/monoscript/fileName/LogHistogram.cs: bab913d888834a1a8572eb834acec97c -> 
  custom:scripting/monoscript/fileName/ScreenSpaceReflections.cs: 8afa07200328ddfcb2536d4180c62536 -> 
  custom:scripting/precompiled-assembly-types:Assembly-CSharp: d6fe0ff31029f2d2cc0617ccb9ee00f5 -> b5609ffa9375a1719a4b9b879c420584
  custom:scripting/monoscript/fileName/CurveEditor.cs: f5e872b2a5a6427a1785818cb10d95d1 -> 
  custom:scripting/monoscript/fileName/PostProcessResources.cs: 5089c17a701ba9b714a1f3d25fb9a9b0 -> 
  custom:scripting/monoscript/fileName/EffectListEditor.cs: 1ecdb4094d9e64024d6eb7725a86197b -> 
========================================================================
Received Prepare
Caller must complete domain reload
Begin MonoManager ReloadAssembly
- Loaded All Assemblies, in  0.382 seconds
Native extension for WindowsStandalone target not found
Native extension for WebGL target not found
Mono: successfully reloaded assembly
- Finished resetting the current domain, in  0.808 seconds
Domain Reload Profiling: 1188ms
	BeginReloadAssembly (132ms)
		ExecutionOrderSort (0ms)
		DisableScriptedObjects (4ms)
		BackupInstance (0ms)
		ReleaseScriptingObjects (0ms)
		CreateAndSetChildDomain (26ms)
	RebuildCommonClasses (27ms)
	RebuildNativeTypeToScriptingClass (8ms)
	initialDomainReloadingComplete (26ms)
	LoadAllAssembliesAndSetupDomain (186ms)
		LoadAssemblies (245ms)
		RebuildTransferFunctionScriptingTraits (0ms)
		AnalyzeDomain (13ms)
			TypeCache.Refresh (5ms)
				TypeCache.ScanAssembly (0ms)
			ScanForSourceGeneratedMonoScriptInfo (0ms)
			ResolveRequiredComponents (5ms)
	FinalizeReload (808ms)
		ReleaseScriptCaches (0ms)
		RebuildScriptCaches (0ms)
		SetupLoadedEditorAssemblies (354ms)
			LogAssemblyErrors (0ms)
			InitializePlatformSupportModulesInManaged (9ms)
			SetLoadedEditorAssemblies (3ms)
			RefreshPlugins (0ms)
			BeforeProcessingInitializeOnLoad (53ms)
			ProcessInitializeOnLoadAttributes (260ms)
			ProcessInitializeOnLoadMethodAttributes (18ms)
			AfterProcessingInitializeOnLoad (10ms)
			EditorAssembliesLoaded (0ms)
		ExecutionOrderSort2 (0ms)
		AwakeInstancesAfterBackupRestoration (7ms)
Refreshing native plugins compatible for Editor in 5.46 ms, found 3 plugins.
Preloading 0 native plugins for Editor in 0.00 ms.
Unloading 3253 Unused Serialized files (Serialized files now loaded: 0)
Unloading 53 unused Assets / (4.0 MB). Loaded Objects now: 3842.
Memory consumption went from 220.4 MB to 216.4 MB.
Total: 5.183300 ms (FindLiveObjects: 0.292200 ms CreateObjectMapping: 0.274300 ms MarkObjects: 3.223300 ms  DeleteObjects: 1.390100 ms)

Prepare: number of updated asset objects reloaded= 0
AssetImportParameters requested are different than current active one (requested -> active):
  custom:scripting/monoscript/fileName/Decorators.cs: 4533f6715dc3f8cdabbd37ff77d1dad7 -> 
  custom:scripting/monoscript/fileName/GlobalSettings.cs: e5eb35b80bdfaee4ead1e1630fd77998 -> 
  custom:scripting/monoscript/fileName/PostProcessEffectBaseEditor.cs: 972bdf00f442be0d879dcb6868e25c8e -> 
  custom:scripting/monoscript/fileName/PostProcessRenderContext.cs: 9e034c8bf7d42a1d6c2d4339915eccb0 -> 
  custom:scripting/monoscript/fileName/MainMenu.cs: c093076ba5753d7bec74a8a751ffb653 -> 
  custom:scripting/monoscript/fileName/Spline.cs: 7876820de12ed89d33ad838af99a030e -> 
  custom:scripting/monoscript/fileName/ColorGrading.cs: ef67493fb3cf9676ba5f25862510a595 -> 
  custom:scripting/monoscript/fileName/Monitor.cs: e0eb5d32b3aade2e0ce8680b00ac2b78 -> 
  custom:scripting/precompiled-assembly-types:Unity.Postprocessing.Runtime: 655cd018e42ac91ed9a03cfbdae17956 -> 
  custom:scripting/monoscript/fileName/TemporalAntialiasing.cs: 71e40fdab49d34f4e07f83936454d904 -> 
  custom:container-demuxer-ogg: 62fdf1f143b41e24485cea50d1cbac27 -> 
  custom:scripting/monoscript/fileName/AmbientOcclusion.cs: 7a27923f9312611f0b2898a72e3ee96a -> 
  custom:scripting/monoscript/fileName/PostProcessDebugLayer.cs: 6d8a99809398beddf11f92dfbb0e6ad4 -> 
  custom:scripting/monoscript/fileName/ColorUtilities.cs: 47918ebfa890b947a816b80444ee2882 -> 
  custom:scripting/monoscript/fileName/ParameterOverride.cs: 5475497db741ca919df708e5019e593d -> 
  custom:scripting/monoscript/fileName/TextureLerper.cs: 973e800795f77d61d647ea0c3f0cf284 -> 
  custom:scripting/precompiled-assembly-types:Unity.Postprocessing.Editor: 23b49e25b965492466cd147d7735360a -> 
  custom:scripting/monoscript/fileName/Vignette.cs: e0b99ac31b7575ef776e7be56647abb0 -> 
  custom:scripting/monoscript/fileName/DepthOfFieldEditor.cs: 64cce655bf722c851048e2ebbf401a7b -> 
  custom:scripting/monoscript/fileName/DefaultPostProcessEffectEditor.cs: 06a1d8fcea7725e08b95f21cc15fd0a1 -> 
  custom:scripting/monoscript/fileName/PostProcessLayer.cs: aa288976158dcd4c24041d5304f25d07 -> 
  custom:scripting/monoscript/fileName/MaxAttribute.cs: d661645ab8c724f24b3e19978e87b44c -> 
  custom:scripting/monoscript/fileName/PostProcessDebugEditor.cs: 1a0488d8742bf880cc7334e53e2cc73d -> 
  custom:video-decoder-ogg-theora: a1e56fd34408186e4bbccfd4996cb3dc -> 
  custom:scripting/monoscript/fileName/SerializedParameterOverride.cs: 5e4deaf96895d013d32a8e84ec179f8e -> 
  custom:scripting/monoscript/fileName/MeshUtilities.cs: dc5356b699afd34cf9728f4d65b476a0 -> 
  custom:scripting/monoscript/fileName/AmbientOcclusionEditor.cs: 61e5422c29b8f52188d508eb7d382167 -> 
  custom:scripting/monoscript/fileName/FastApproximateAntialiasing.cs: bf5588b2deec2689a812a7d2eacd9bd5 -> 
  custom:scripting/monoscript/fileName/MotionBlur.cs: 823914e335803785a19e5990c6ab2911 -> 
  custom:scripting/monoscript/fileName/DefineSetter.cs: 292ba08e52064b1a72f8d4bb04301dd3 -> 
  custom:framework-win-MediaFoundation: 216162199b28c13a410421893ffa2e32 -> 
  custom:scripting/monoscript/fileName/ShaderIDs.cs: 96024f1f873475da65a783f1404f9117 -> 
  custom:scripting/monoscript/fileName/PostProcessEditorAttribute.cs: 672a58b4d5bab60112487a31c361c481 -> 
  custom:scripting/monoscript/fileName/LensDistortionEditor.cs: dee045d29944d55e8040435a58a7ce90 -> 
  custom:scripting/monoscript/fileName/MotionBlurEditor.cs: 3bd8d3e7e9a7ea94beb2e5517b62d27b -> 
  custom:scripting/monoscript/fileName/Dithering.cs: 3014fffaa718d0ad6dd2c7bb7956ed46 -> 
  custom:scripting/monoscript/fileName/DecoratorAttribute.cs: be5bd39119e1a41ea1a019fdb3818a3f -> 
  custom:scripting/monoscript/fileName/DisplayNameAttribute.cs: 935a6ac504eb8a852fba40cbcae9292c -> 
  custom:scripting/monoscript/fileName/PostProcessEffectSettings.cs: 2ab9d33170e863b1a9c8a9079cdd12aa -> 
  custom:scripting/monoscript/fileName/Fog.cs: 07e271953e2bcf8513b6a72a2737e767 -> 
  custom:scripting/monoscript/fileName/PostProcessManager.cs: 28ef7780d543a8111635e1f5051383d0 -> 
  custom:scripting/monoscript/fileName/VolumeFactory.cs: cc77136700c9e1ff894d234886ccb852 -> 
  custom:CustomObjectIndexerAttribute: 9a22284fe3817be447336de3de66b15e -> 
  custom:scripting/monoscript/fileName/PostProcessEvent.cs: 8fb6e54ff2cf1a8be7ecdd01fbdd78f8 -> 
  custom:scripting/monoscript/fileName/TrackballAttribute.cs: 8dea8f77de7bd03137cc578af1ea6656 -> 
  custom:scripting/monoscript/fileName/TrackballDecorator.cs: 6a2b6c747937d12d8d81be8f5b21fbd2 -> 
  custom:scripting/monoscript/fileName/MultiScaleVO.cs: d4c4732956ffb536e016475d75f04c43 -> 
  custom:scripting/monoscript/fileName/CubeLutAssetFactory.cs: db1961888d7cabf6be94b37e3b663de4 -> 
  custom:container-demuxer-webm: 4f35f7cbe854078d1ac9338744f61a02 -> 
  custom:scripting/monoscript/fileName/PostProcessVolumeEditor.cs: 7aae71821512dcac422c45dc773293c3 -> 
  custom:scripting/monoscript/fileName/ChromaticAberration.cs: 4d59e57f8324f5f986e16678ed451410 -> 
  custom:scripting/monoscript/fileName/VignetteEditor.cs: 345736fc911c5e8ab23e579751a40e4a -> 
  custom:scripting/monoscript/fileName/Styling.cs: d1c4aa14ff93670753edfbb93fc91bfe -> 
  custom:scripting/monoscript/fileName/PostProcessEffectRendererExtensions.cs: e953624d113e7e1739c702512603957d -> 
  custom:scripting/monoscript/fileName/ScalableAO.cs: 2f29d71d59b754086c809cfee1cdce34 -> 
  custom:scripting/monoscript/fileName/PostProcessLayerEditor.cs: d16de665ece05cd6e27dcc8d7bac4b9a -> 
  custom:scripting/monoscript/fileName/MinMaxAttribute.cs: a4b6ac8a4377612c7135a60f905792f1 -> 
  custom:scripting/monoscript/fileName/SubpixelMorphologicalAntialiasing.cs: 02dcb8839824addec278047da0509aea -> 
  custom:scripting/monoscript/fileName/BaseEditor.cs: 90647cc400823b41df847a6cbfc29026 -> 
  custom:container-muxer-webm: aa71ff27fc2769a1b78a27578f13a17b -> 
  custom:video-decoder-webm-vp8: 9c59270c3fd7afecdb556c50c9e8de78 -> 
  custom:SearchIndexIgnoredProperties: e643bd26f0fe6173181afceb89e7c659 -> 
  custom:scripting/monoscript/fileName/ChromaticAberrationEditor.cs: 3043bf57519b71f64b7a6de970c2487b -> 
  custom:scripting/monoscript/fileName/PostProcessEffectRenderer.cs: 577c5acf8157ecea944bb95c8c6d9a95 -> 
  custom:AudioImporter_EditorPlatform: d09bf68614088b80899f8185d706f6e7 -> 
  custom:scripting/monoscript/fileName/TextureFormatUtilities.cs: ba58c57cfaabc0f8201a9ca6902fcb23 -> 
  custom:scripting/monoscript/fileName/PostProcessVolume.cs: 3883cef4be0567c54caf457a416a2095 -> 
  custom:scripting/monoscript/fileName/LightMeterMonitor.cs: a897ae0c731cb153281aea9ecd0efb03 -> 
  custom:scripting/monoscript/fileName/ColorGradingEditor.cs: 25838050e3e1f12ef51713a5dcf60349 -> 
  custom:scripting/monoscript/fileName/AttributeDecorator.cs: 39b465f08cd0a5df82fc2ef70b766ca2 -> 
  custom:scripting/monoscript/fileName/AutoExposureEditor.cs: dfd15824649ea346b717bc72a871d75b -> 
  custom:scripting/monoscript/fileName/LensDistortion.cs: b7963bb1da21ba484a7b59b9f6ea3aec -> 
  custom:scripting/monoscript/fileName/ResourceAssetFactory.cs: bf6acc988648d854bb3c5751325d0d0a -> 
  custom:scripting/monoscript/fileName/PostProcessProfileEditor.cs: 1dcd55858a4126cb33b0f2de53c74fbe -> 
  custom:scripting/monoscript/fileName/Skybox.cs: c122ade9e2d3a916264f47a45be02789 -> 
  custom:scripting/monoscript/fileName/PostProcessDebug.cs: a653e9b773649e7452b035b4ce1dae82 -> 
  custom:scripting/monoscript/fileName/PostProcessAttribute.cs: e125947bf72ce7382f3b16f75797c897 -> 
  custom:scripting/monoscript/fileName/Grain.cs: 43f09a87a88d9937fbb9c4dbf3d5508e -> 
  custom:scripting/monoscript/fileName/HistogramMonitor.cs: 6fd024409d6e9db8d4c2c4e26430c2ad -> 
  custom:scripting/monoscript/fileName/PostProcessProfile.cs: f6dc030e2e953b2ed0eca334cce5d5cf -> 
  custom:scripting/monoscript/fileName/ProfileFactory.cs: f835845dfebfed501813f60a1cb006a3 -> 
  custom:scripting/monoscript/fileName/PostProcessEffectEditor.cs: 90647cc400823b41df847a6cbfc29026 -> 
  custom:scripting/monoscript/fileName/CubeLutAssetImporter.cs: 5e94ca4c74dad11cc8880f33d0ba9efb -> 
  custom:scripting/monoscript/fileName/PostProcessBundle.cs: f610f855c8ae8b896b5084e85ede373e -> 
  custom:scripting/monoscript/fileName/ScreenSpaceReflectionsEditor.cs: 59c13ba25de6098e70bafe8be94f609a -> 
  custom:video-encoder-webm-vp8: eb34c28f22e8b96e1ab97ce403110664 -> 
  custom:scripting/monoscript/fileName/RuntimeUtilities.cs: 76964d36e50cc48cfa29643bdde8d9a5 -> 
  custom:scripting/monoscript/fileName/Bloom.cs: 6f6d579a64201b97313a62a1e91b3575 -> 
  custom:audio-decoder-ogg-vorbis: bf7c407c2cedff20999df2af8eb42d56 -> 
  custom:scripting/monoscript/fileName/AutoExposure.cs: 0e7c21b17f53209ee8c5c61ab59d7835 -> 
  custom:scripting/monoscript/fileName/VectorscopeMonitor.cs: cb70c6437b976f01b752cd219cc47f32 -> 
  custom:scripting/monoscript/fileName/PropertySheetFactory.cs: cfc4667cc03e44252fafe18d99f24b25 -> 
  custom:scripting/monoscript/fileName/EditorUtilities.cs: 53a52fb113757c42f9c516115bd845ca -> 
  custom:scripting/monoscript/fileName/HaltonSeq.cs: a7590e55d6fae5328a1c395a2473d0cf -> 
  custom:scripting/monoscript/fileName/MinAttribute.cs: a3e7473301291585f4cca024ce307406 -> 
  custom:scripting/monoscript/fileName/DepthOfField.cs: d62178d8b5619f59fcdd6d24617ef5fd -> 
  custom:scripting/monoscript/fileName/BloomEditor.cs: c341bb26b40744c3a5c2a142ac3e1051 -> 
  custom:scripting/monoscript/fileName/WaveformMonitor.cs: 609651ee3f98f206575f684e9cce655d -> 
  custom:scripting/monoscript/fileName/HableCurve.cs: f244b24d6e7c556a2de06e25b0bbf4c1 -> 
  custom:audio-encoder-webm-vorbis: bf7c407c2cedff20999df2af8eb42d56 -> 
  custom:scripting/monoscript/fileName/PropertySheet.cs: e6bb03169eca9d33ea794a47ad6ce213 -> 
  custom:scripting/monoscript/fileName/TargetPool.cs: 6d29560228134c933c12fb1c113fb6ef -> 
  custom:scripting/monoscript/fileName/LogHistogram.cs: bab913d888834a1a8572eb834acec97c -> 
  custom:scripting/monoscript/fileName/ScreenSpaceReflections.cs: 8afa07200328ddfcb2536d4180c62536 -> 
  custom:scripting/precompiled-assembly-types:Assembly-CSharp: d6fe0ff31029f2d2cc0617ccb9ee00f5 -> b5609ffa9375a1719a4b9b879c420584
  custom:scripting/monoscript/fileName/CurveEditor.cs: f5e872b2a5a6427a1785818cb10d95d1 -> 
  custom:scripting/monoscript/fileName/PostProcessResources.cs: 5089c17a701ba9b714a1f3d25fb9a9b0 -> 
  custom:scripting/monoscript/fileName/EffectListEditor.cs: 1ecdb4094d9e64024d6eb7725a86197b -> 
========================================================================
Received Prepare
Refreshing native plugins compatible for Editor in 13.83 ms, found 3 plugins.
Preloading 0 native plugins for Editor in 0.00 ms.
Unloading 40 Unused Serialized files (Serialized files now loaded: 0)
Unloading 40 unused Assets / (3.9 MB). Loaded Objects now: 3842.
Memory consumption went from 170.7 MB to 166.7 MB.
Total: 16.542700 ms (FindLiveObjects: 0.286300 ms CreateObjectMapping: 0.215800 ms MarkObjects: 7.110600 ms  DeleteObjects: 8.928100 ms)

Prepare: number of updated asset objects reloaded= 0
AssetImportParameters requested are different than current active one (requested -> active):
  custom:scripting/monoscript/fileName/Decorators.cs: 4533f6715dc3f8cdabbd37ff77d1dad7 -> 
  custom:scripting/monoscript/fileName/GlobalSettings.cs: e5eb35b80bdfaee4ead1e1630fd77998 -> 
  custom:scripting/monoscript/fileName/PostProcessEffectBaseEditor.cs: 972bdf00f442be0d879dcb6868e25c8e -> 
  custom:scripting/monoscript/fileName/PostProcessRenderContext.cs: 9e034c8bf7d42a1d6c2d4339915eccb0 -> 
  custom:scripting/monoscript/fileName/MainMenu.cs: c093076ba5753d7bec74a8a751ffb653 -> 
  custom:scripting/monoscript/fileName/Spline.cs: 7876820de12ed89d33ad838af99a030e -> 
  custom:scripting/monoscript/fileName/ColorGrading.cs: ef67493fb3cf9676ba5f25862510a595 -> 
  custom:scripting/monoscript/fileName/Monitor.cs: e0eb5d32b3aade2e0ce8680b00ac2b78 -> 
  custom:scripting/precompiled-assembly-types:Unity.Postprocessing.Runtime: 655cd018e42ac91ed9a03cfbdae17956 -> 
  custom:scripting/monoscript/fileName/TemporalAntialiasing.cs: 71e40fdab49d34f4e07f83936454d904 -> 
  custom:container-demuxer-ogg: 62fdf1f143b41e24485cea50d1cbac27 -> 
  custom:scripting/monoscript/fileName/AmbientOcclusion.cs: 7a27923f9312611f0b2898a72e3ee96a -> 
  custom:scripting/monoscript/fileName/PostProcessDebugLayer.cs: 6d8a99809398beddf11f92dfbb0e6ad4 -> 
  custom:scripting/monoscript/fileName/ColorUtilities.cs: 47918ebfa890b947a816b80444ee2882 -> 
  custom:scripting/monoscript/fileName/ParameterOverride.cs: 5475497db741ca919df708e5019e593d -> 
  custom:scripting/monoscript/fileName/TextureLerper.cs: 973e800795f77d61d647ea0c3f0cf284 -> 
  custom:scripting/precompiled-assembly-types:Unity.Postprocessing.Editor: 23b49e25b965492466cd147d7735360a -> 
  custom:scripting/monoscript/fileName/Vignette.cs: e0b99ac31b7575ef776e7be56647abb0 -> 
  custom:scripting/monoscript/fileName/DepthOfFieldEditor.cs: 64cce655bf722c851048e2ebbf401a7b -> 
  custom:scripting/monoscript/fileName/DefaultPostProcessEffectEditor.cs: 06a1d8fcea7725e08b95f21cc15fd0a1 -> 
  custom:scripting/monoscript/fileName/PostProcessLayer.cs: aa288976158dcd4c24041d5304f25d07 -> 
  custom:scripting/monoscript/fileName/MaxAttribute.cs: d661645ab8c724f24b3e19978e87b44c -> 
  custom:scripting/monoscript/fileName/PostProcessDebugEditor.cs: 1a0488d8742bf880cc7334e53e2cc73d -> 
  custom:video-decoder-ogg-theora: a1e56fd34408186e4bbccfd4996cb3dc -> 
  custom:scripting/monoscript/fileName/SerializedParameterOverride.cs: 5e4deaf96895d013d32a8e84ec179f8e -> 
  custom:scripting/monoscript/fileName/MeshUtilities.cs: dc5356b699afd34cf9728f4d65b476a0 -> 
  custom:scripting/monoscript/fileName/AmbientOcclusionEditor.cs: 61e5422c29b8f52188d508eb7d382167 -> 
  custom:scripting/monoscript/fileName/FastApproximateAntialiasing.cs: bf5588b2deec2689a812a7d2eacd9bd5 -> 
  custom:scripting/monoscript/fileName/MotionBlur.cs: 823914e335803785a19e5990c6ab2911 -> 
  custom:scripting/monoscript/fileName/DefineSetter.cs: 292ba08e52064b1a72f8d4bb04301dd3 -> 
  custom:framework-win-MediaFoundation: 216162199b28c13a410421893ffa2e32 -> 
  custom:scripting/monoscript/fileName/ShaderIDs.cs: 96024f1f873475da65a783f1404f9117 -> 
  custom:scripting/monoscript/fileName/PostProcessEditorAttribute.cs: 672a58b4d5bab60112487a31c361c481 -> 
  custom:scripting/monoscript/fileName/LensDistortionEditor.cs: dee045d29944d55e8040435a58a7ce90 -> 
  custom:scripting/monoscript/fileName/MotionBlurEditor.cs: 3bd8d3e7e9a7ea94beb2e5517b62d27b -> 
  custom:scripting/monoscript/fileName/Dithering.cs: 3014fffaa718d0ad6dd2c7bb7956ed46 -> 
  custom:scripting/monoscript/fileName/DecoratorAttribute.cs: be5bd39119e1a41ea1a019fdb3818a3f -> 
  custom:scripting/monoscript/fileName/DisplayNameAttribute.cs: 935a6ac504eb8a852fba40cbcae9292c -> 
  custom:scripting/monoscript/fileName/PostProcessEffectSettings.cs: 2ab9d33170e863b1a9c8a9079cdd12aa -> 
  custom:scripting/monoscript/fileName/Fog.cs: 07e271953e2bcf8513b6a72a2737e767 -> 
  custom:scripting/monoscript/fileName/PostProcessManager.cs: 28ef7780d543a8111635e1f5051383d0 -> 
  custom:scripting/monoscript/fileName/VolumeFactory.cs: cc77136700c9e1ff894d234886ccb852 -> 
  custom:CustomObjectIndexerAttribute: 9a22284fe3817be447336de3de66b15e -> 
  custom:scripting/monoscript/fileName/PostProcessEvent.cs: 8fb6e54ff2cf1a8be7ecdd01fbdd78f8 -> 
  custom:scripting/monoscript/fileName/TrackballAttribute.cs: 8dea8f77de7bd03137cc578af1ea6656 -> 
  custom:scripting/monoscript/fileName/TrackballDecorator.cs: 6a2b6c747937d12d8d81be8f5b21fbd2 -> 
  custom:scripting/monoscript/fileName/MultiScaleVO.cs: d4c4732956ffb536e016475d75f04c43 -> 
  custom:scripting/monoscript/fileName/CubeLutAssetFactory.cs: db1961888d7cabf6be94b37e3b663de4 -> 
  custom:container-demuxer-webm: 4f35f7cbe854078d1ac9338744f61a02 -> 
  custom:scripting/monoscript/fileName/PostProcessVolumeEditor.cs: 7aae71821512dcac422c45dc773293c3 -> 
  custom:scripting/monoscript/fileName/ChromaticAberration.cs: 4d59e57f8324f5f986e16678ed451410 -> 
  custom:scripting/monoscript/fileName/VignetteEditor.cs: 345736fc911c5e8ab23e579751a40e4a -> 
  custom:scripting/monoscript/fileName/Styling.cs: d1c4aa14ff93670753edfbb93fc91bfe -> 
  custom:scripting/monoscript/fileName/PostProcessEffectRendererExtensions.cs: e953624d113e7e1739c702512603957d -> 
  custom:scripting/monoscript/fileName/ScalableAO.cs: 2f29d71d59b754086c809cfee1cdce34 -> 
  custom:scripting/monoscript/fileName/PostProcessLayerEditor.cs: d16de665ece05cd6e27dcc8d7bac4b9a -> 
  custom:scripting/monoscript/fileName/MinMaxAttribute.cs: a4b6ac8a4377612c7135a60f905792f1 -> 
  custom:scripting/monoscript/fileName/SubpixelMorphologicalAntialiasing.cs: 02dcb8839824addec278047da0509aea -> 
  custom:scripting/monoscript/fileName/BaseEditor.cs: 90647cc400823b41df847a6cbfc29026 -> 
  custom:container-muxer-webm: aa71ff27fc2769a1b78a27578f13a17b -> 
  custom:video-decoder-webm-vp8: 9c59270c3fd7afecdb556c50c9e8de78 -> 
  custom:SearchIndexIgnoredProperties: e643bd26f0fe6173181afceb89e7c659 -> 
  custom:scripting/monoscript/fileName/ChromaticAberrationEditor.cs: 3043bf57519b71f64b7a6de970c2487b -> 
  custom:scripting/monoscript/fileName/PostProcessEffectRenderer.cs: 577c5acf8157ecea944bb95c8c6d9a95 -> 
  custom:AudioImporter_EditorPlatform: d09bf68614088b80899f8185d706f6e7 -> 
  custom:scripting/monoscript/fileName/TextureFormatUtilities.cs: ba58c57cfaabc0f8201a9ca6902fcb23 -> 
  custom:scripting/monoscript/fileName/PostProcessVolume.cs: 3883cef4be0567c54caf457a416a2095 -> 
  custom:scripting/monoscript/fileName/LightMeterMonitor.cs: a897ae0c731cb153281aea9ecd0efb03 -> 
  custom:scripting/monoscript/fileName/ColorGradingEditor.cs: 25838050e3e1f12ef51713a5dcf60349 -> 
  custom:scripting/monoscript/fileName/AttributeDecorator.cs: 39b465f08cd0a5df82fc2ef70b766ca2 -> 
  custom:scripting/monoscript/fileName/AutoExposureEditor.cs: dfd15824649ea346b717bc72a871d75b -> 
  custom:scripting/monoscript/fileName/LensDistortion.cs: b7963bb1da21ba484a7b59b9f6ea3aec -> 
  custom:scripting/monoscript/fileName/ResourceAssetFactory.cs: bf6acc988648d854bb3c5751325d0d0a -> 
  custom:scripting/monoscript/fileName/PostProcessProfileEditor.cs: 1dcd55858a4126cb33b0f2de53c74fbe -> 
  custom:scripting/monoscript/fileName/Skybox.cs: c122ade9e2d3a916264f47a45be02789 -> 
  custom:scripting/monoscript/fileName/PostProcessDebug.cs: a653e9b773649e7452b035b4ce1dae82 -> 
  custom:scripting/monoscript/fileName/PostProcessAttribute.cs: e125947bf72ce7382f3b16f75797c897 -> 
  custom:scripting/monoscript/fileName/Grain.cs: 43f09a87a88d9937fbb9c4dbf3d5508e -> 
  custom:scripting/monoscript/fileName/HistogramMonitor.cs: 6fd024409d6e9db8d4c2c4e26430c2ad -> 
  custom:scripting/monoscript/fileName/PostProcessProfile.cs: f6dc030e2e953b2ed0eca334cce5d5cf -> 
  custom:scripting/monoscript/fileName/ProfileFactory.cs: f835845dfebfed501813f60a1cb006a3 -> 
  custom:scripting/monoscript/fileName/PostProcessEffectEditor.cs: 90647cc400823b41df847a6cbfc29026 -> 
  custom:scripting/monoscript/fileName/CubeLutAssetImporter.cs: 5e94ca4c74dad11cc8880f33d0ba9efb -> 
  custom:scripting/monoscript/fileName/PostProcessBundle.cs: f610f855c8ae8b896b5084e85ede373e -> 
  custom:scripting/monoscript/fileName/ScreenSpaceReflectionsEditor.cs: 59c13ba25de6098e70bafe8be94f609a -> 
  custom:video-encoder-webm-vp8: eb34c28f22e8b96e1ab97ce403110664 -> 
  custom:scripting/monoscript/fileName/RuntimeUtilities.cs: 76964d36e50cc48cfa29643bdde8d9a5 -> 
  custom:scripting/monoscript/fileName/Bloom.cs: 6f6d579a64201b97313a62a1e91b3575 -> 
  custom:audio-decoder-ogg-vorbis: bf7c407c2cedff20999df2af8eb42d56 -> 
  custom:scripting/monoscript/fileName/AutoExposure.cs: 0e7c21b17f53209ee8c5c61ab59d7835 -> 
  custom:scripting/monoscript/fileName/VectorscopeMonitor.cs: cb70c6437b976f01b752cd219cc47f32 -> 
  custom:scripting/monoscript/fileName/PropertySheetFactory.cs: cfc4667cc03e44252fafe18d99f24b25 -> 
  custom:scripting/monoscript/fileName/EditorUtilities.cs: 53a52fb113757c42f9c516115bd845ca -> 
  custom:scripting/monoscript/fileName/HaltonSeq.cs: a7590e55d6fae5328a1c395a2473d0cf -> 
  custom:scripting/monoscript/fileName/MinAttribute.cs: a3e7473301291585f4cca024ce307406 -> 
  custom:scripting/monoscript/fileName/DepthOfField.cs: d62178d8b5619f59fcdd6d24617ef5fd -> 
  custom:scripting/monoscript/fileName/BloomEditor.cs: c341bb26b40744c3a5c2a142ac3e1051 -> 
  custom:scripting/monoscript/fileName/WaveformMonitor.cs: 609651ee3f98f206575f684e9cce655d -> 
  custom:scripting/monoscript/fileName/HableCurve.cs: f244b24d6e7c556a2de06e25b0bbf4c1 -> 
  custom:audio-encoder-webm-vorbis: bf7c407c2cedff20999df2af8eb42d56 -> 
  custom:scripting/monoscript/fileName/PropertySheet.cs: e6bb03169eca9d33ea794a47ad6ce213 -> 
  custom:scripting/monoscript/fileName/TargetPool.cs: 6d29560228134c933c12fb1c113fb6ef -> 
  custom:scripting/monoscript/fileName/LogHistogram.cs: bab913d888834a1a8572eb834acec97c -> 
  custom:scripting/monoscript/fileName/ScreenSpaceReflections.cs: 8afa07200328ddfcb2536d4180c62536 -> 
  custom:scripting/precompiled-assembly-types:Assembly-CSharp: d6fe0ff31029f2d2cc0617ccb9ee00f5 -> b5609ffa9375a1719a4b9b879c420584
  custom:scripting/monoscript/fileName/CurveEditor.cs: f5e872b2a5a6427a1785818cb10d95d1 -> 
  custom:scripting/monoscript/fileName/PostProcessResources.cs: 5089c17a701ba9b714a1f3d25fb9a9b0 -> 
  custom:scripting/monoscript/fileName/EffectListEditor.cs: 1ecdb4094d9e64024d6eb7725a86197b -> 
========================================================================
Received Import Request.
  Time since last request: 222.122369 seconds.
  path: Assets/Main Menu/Camera anims/main menu.anim
  artifactKey: Guid(715195895c095d242891b8a0fb98098d) Importer(815301076,1909f56bfc062723c751e8b465ee728b)
Start importing Assets/Main Menu/Camera anims/main menu.anim using Guid(715195895c095d242891b8a0fb98098d) Importer(815301076,1909f56bfc062723c751e8b465ee728b) [PhysX] Initialized MultithreadedTaskDispatcher with 12 workers.
 -> (artifact id: 'b54e4bbbcc490ae7c391a5f92e8082f3') in 0.025628 seconds
Number of updated asset objects reloaded before import = 0
Number of asset objects unloaded after import = 1
========================================================================
Received Import Request.
  Time since last request: 6.226619 seconds.
  path: Assets/Main Menu/Camera anims/Fade.anim
  artifactKey: Guid(715195895c095d242891b8a0fb98098d) Importer(815301076,1909f56bfc062723c751e8b465ee728b)
Start importing Assets/Main Menu/Camera anims/Fade.anim using Guid(715195895c095d242891b8a0fb98098d) Importer(815301076,1909f56bfc062723c751e8b465ee728b) [PhysX] Initialized MultithreadedTaskDispatcher with 12 workers.
 -> (artifact id: '9ca85bd799e3eec4b19add54efdc84a3') in 0.001237 seconds
Number of updated asset objects reloaded before import = 0
Number of asset objects unloaded after import = 1
========================================================================
Received Import Request.
  Time since last request: 85.485520 seconds.
  path: Assets/Main Menu/Camera anims/Fade.anim
  artifactKey: Guid(715195895c095d242891b8a0fb98098d) Importer(815301076,1909f56bfc062723c751e8b465ee728b)
Start importing Assets/Main Menu/Camera anims/Fade.anim using Guid(715195895c095d242891b8a0fb98098d) Importer(815301076,1909f56bfc062723c751e8b465ee728b) [PhysX] Initialized MultithreadedTaskDispatcher with 12 workers.
 -> (artifact id: '65dd0ec7883b547d9b13f0ec9a0949f8') in 0.002620 seconds
Number of updated asset objects reloaded before import = 0
Number of asset objects unloaded after import = 1
========================================================================
Received Prepare
Caller must complete domain reload
Begin MonoManager ReloadAssembly
- Loaded All Assemblies, in  0.394 seconds
Native extension for WindowsStandalone target not found
Native extension for WebGL target not found
Mono: successfully reloaded assembly
- Finished resetting the current domain, in  0.787 seconds
Domain Reload Profiling: 1178ms
	BeginReloadAssembly (142ms)
		ExecutionOrderSort (0ms)
		DisableScriptedObjects (7ms)
		BackupInstance (0ms)
		ReleaseScriptingObjects (0ms)
		CreateAndSetChildDomain (30ms)
	RebuildCommonClasses (27ms)
	RebuildNativeTypeToScriptingClass (9ms)
	initialDomainReloadingComplete (26ms)
	LoadAllAssembliesAndSetupDomain (186ms)
		LoadAssemblies (248ms)
		RebuildTransferFunctionScriptingTraits (0ms)
		AnalyzeDomain (11ms)
			TypeCache.Refresh (5ms)
				TypeCache.ScanAssembly (0ms)
			ScanForSourceGeneratedMonoScriptInfo (0ms)
			ResolveRequiredComponents (4ms)
	FinalizeReload (787ms)
		ReleaseScriptCaches (0ms)
		RebuildScriptCaches (0ms)
		SetupLoadedEditorAssemblies (354ms)
			LogAssemblyErrors (0ms)
			InitializePlatformSupportModulesInManaged (7ms)
			SetLoadedEditorAssemblies (3ms)
			RefreshPlugins (0ms)
			BeforeProcessingInitializeOnLoad (51ms)
			ProcessInitializeOnLoadAttributes (263ms)
			ProcessInitializeOnLoadMethodAttributes (20ms)
			AfterProcessingInitializeOnLoad (10ms)
			EditorAssembliesLoaded (0ms)
		ExecutionOrderSort2 (0ms)
		AwakeInstancesAfterBackupRestoration (8ms)
Refreshing native plugins compatible for Editor in 6.01 ms, found 3 plugins.
Preloading 0 native plugins for Editor in 0.00 ms.
Unloading 3252 Unused Serialized files (Serialized files now loaded: 0)
Unloading 53 unused Assets / (3.9 MB). Loaded Objects now: 3845.
Memory consumption went from 220.1 MB to 216.2 MB.
Total: 5.977000 ms (FindLiveObjects: 0.482900 ms CreateObjectMapping: 0.439800 ms MarkObjects: 3.667100 ms  DeleteObjects: 1.385600 ms)

Prepare: number of updated asset objects reloaded= 0
AssetImportParameters requested are different than current active one (requested -> active):
  custom:scripting/monoscript/fileName/Decorators.cs: 4533f6715dc3f8cdabbd37ff77d1dad7 -> 
  custom:scripting/monoscript/fileName/GlobalSettings.cs: e5eb35b80bdfaee4ead1e1630fd77998 -> 
  custom:scripting/monoscript/fileName/PostProcessEffectBaseEditor.cs: 972bdf00f442be0d879dcb6868e25c8e -> 
  custom:scripting/monoscript/fileName/PostProcessRenderContext.cs: 9e034c8bf7d42a1d6c2d4339915eccb0 -> 
  custom:scripting/monoscript/fileName/MainMenu.cs: c093076ba5753d7bec74a8a751ffb653 -> 
  custom:scripting/monoscript/fileName/Spline.cs: 7876820de12ed89d33ad838af99a030e -> 
  custom:scripting/monoscript/fileName/ColorGrading.cs: ef67493fb3cf9676ba5f25862510a595 -> 
  custom:scripting/monoscript/fileName/Monitor.cs: e0eb5d32b3aade2e0ce8680b00ac2b78 -> 
  custom:scripting/precompiled-assembly-types:Unity.Postprocessing.Runtime: 655cd018e42ac91ed9a03cfbdae17956 -> 
  custom:scripting/monoscript/fileName/TemporalAntialiasing.cs: 71e40fdab49d34f4e07f83936454d904 -> 
  custom:container-demuxer-ogg: 62fdf1f143b41e24485cea50d1cbac27 -> 
  custom:scripting/monoscript/fileName/AmbientOcclusion.cs: 7a27923f9312611f0b2898a72e3ee96a -> 
  custom:scripting/monoscript/fileName/PostProcessDebugLayer.cs: 6d8a99809398beddf11f92dfbb0e6ad4 -> 
  custom:scripting/monoscript/fileName/ColorUtilities.cs: 47918ebfa890b947a816b80444ee2882 -> 
  custom:scripting/monoscript/fileName/ParameterOverride.cs: 5475497db741ca919df708e5019e593d -> 
  custom:scripting/monoscript/fileName/TextureLerper.cs: 973e800795f77d61d647ea0c3f0cf284 -> 
  custom:scripting/precompiled-assembly-types:Unity.Postprocessing.Editor: 23b49e25b965492466cd147d7735360a -> 
  custom:scripting/monoscript/fileName/Vignette.cs: e0b99ac31b7575ef776e7be56647abb0 -> 
  custom:scripting/monoscript/fileName/DepthOfFieldEditor.cs: 64cce655bf722c851048e2ebbf401a7b -> 
  custom:scripting/monoscript/fileName/DefaultPostProcessEffectEditor.cs: 06a1d8fcea7725e08b95f21cc15fd0a1 -> 
  custom:scripting/monoscript/fileName/PostProcessLayer.cs: aa288976158dcd4c24041d5304f25d07 -> 
  custom:scripting/monoscript/fileName/MaxAttribute.cs: d661645ab8c724f24b3e19978e87b44c -> 
  custom:scripting/monoscript/fileName/PostProcessDebugEditor.cs: 1a0488d8742bf880cc7334e53e2cc73d -> 
  custom:video-decoder-ogg-theora: a1e56fd34408186e4bbccfd4996cb3dc -> 
  custom:scripting/monoscript/fileName/SerializedParameterOverride.cs: 5e4deaf96895d013d32a8e84ec179f8e -> 
  custom:scripting/monoscript/fileName/MeshUtilities.cs: dc5356b699afd34cf9728f4d65b476a0 -> 
  custom:scripting/monoscript/fileName/AmbientOcclusionEditor.cs: 61e5422c29b8f52188d508eb7d382167 -> 
  custom:scripting/monoscript/fileName/FastApproximateAntialiasing.cs: bf5588b2deec2689a812a7d2eacd9bd5 -> 
  custom:scripting/monoscript/fileName/MotionBlur.cs: 823914e335803785a19e5990c6ab2911 -> 
  custom:scripting/monoscript/fileName/DefineSetter.cs: 292ba08e52064b1a72f8d4bb04301dd3 -> 
  custom:framework-win-MediaFoundation: 216162199b28c13a410421893ffa2e32 -> 
  custom:scripting/monoscript/fileName/ShaderIDs.cs: 96024f1f873475da65a783f1404f9117 -> 
  custom:scripting/monoscript/fileName/PostProcessEditorAttribute.cs: 672a58b4d5bab60112487a31c361c481 -> 
  custom:scripting/monoscript/fileName/LensDistortionEditor.cs: dee045d29944d55e8040435a58a7ce90 -> 
  custom:scripting/monoscript/fileName/MotionBlurEditor.cs: 3bd8d3e7e9a7ea94beb2e5517b62d27b -> 
  custom:scripting/monoscript/fileName/Dithering.cs: 3014fffaa718d0ad6dd2c7bb7956ed46 -> 
  custom:scripting/monoscript/fileName/DecoratorAttribute.cs: be5bd39119e1a41ea1a019fdb3818a3f -> 
  custom:scripting/monoscript/fileName/DisplayNameAttribute.cs: 935a6ac504eb8a852fba40cbcae9292c -> 
  custom:scripting/monoscript/fileName/PostProcessEffectSettings.cs: 2ab9d33170e863b1a9c8a9079cdd12aa -> 
  custom:scripting/monoscript/fileName/Fog.cs: 07e271953e2bcf8513b6a72a2737e767 -> 
  custom:scripting/monoscript/fileName/PostProcessManager.cs: 28ef7780d543a8111635e1f5051383d0 -> 
  custom:scripting/monoscript/fileName/VolumeFactory.cs: cc77136700c9e1ff894d234886ccb852 -> 
  custom:CustomObjectIndexerAttribute: 9a22284fe3817be447336de3de66b15e -> 
  custom:scripting/monoscript/fileName/PostProcessEvent.cs: 8fb6e54ff2cf1a8be7ecdd01fbdd78f8 -> 
  custom:scripting/monoscript/fileName/TrackballAttribute.cs: 8dea8f77de7bd03137cc578af1ea6656 -> 
  custom:scripting/monoscript/fileName/TrackballDecorator.cs: 6a2b6c747937d12d8d81be8f5b21fbd2 -> 
  custom:scripting/monoscript/fileName/MultiScaleVO.cs: d4c4732956ffb536e016475d75f04c43 -> 
  custom:scripting/monoscript/fileName/CubeLutAssetFactory.cs: db1961888d7cabf6be94b37e3b663de4 -> 
  custom:container-demuxer-webm: 4f35f7cbe854078d1ac9338744f61a02 -> 
  custom:scripting/monoscript/fileName/PostProcessVolumeEditor.cs: 7aae71821512dcac422c45dc773293c3 -> 
  custom:scripting/monoscript/fileName/ChromaticAberration.cs: 4d59e57f8324f5f986e16678ed451410 -> 
  custom:scripting/monoscript/fileName/VignetteEditor.cs: 345736fc911c5e8ab23e579751a40e4a -> 
  custom:scripting/monoscript/fileName/Styling.cs: d1c4aa14ff93670753edfbb93fc91bfe -> 
  custom:scripting/monoscript/fileName/PostProcessEffectRendererExtensions.cs: e953624d113e7e1739c702512603957d -> 
  custom:scripting/monoscript/fileName/ScalableAO.cs: 2f29d71d59b754086c809cfee1cdce34 -> 
  custom:scripting/monoscript/fileName/PostProcessLayerEditor.cs: d16de665ece05cd6e27dcc8d7bac4b9a -> 
  custom:scripting/monoscript/fileName/MinMaxAttribute.cs: a4b6ac8a4377612c7135a60f905792f1 -> 
  custom:scripting/monoscript/fileName/SubpixelMorphologicalAntialiasing.cs: 02dcb8839824addec278047da0509aea -> 
  custom:scripting/monoscript/fileName/BaseEditor.cs: 90647cc400823b41df847a6cbfc29026 -> 
  custom:container-muxer-webm: aa71ff27fc2769a1b78a27578f13a17b -> 
  custom:video-decoder-webm-vp8: 9c59270c3fd7afecdb556c50c9e8de78 -> 
  custom:SearchIndexIgnoredProperties: e643bd26f0fe6173181afceb89e7c659 -> 
  custom:scripting/monoscript/fileName/ChromaticAberrationEditor.cs: 3043bf57519b71f64b7a6de970c2487b -> 
  custom:scripting/monoscript/fileName/PostProcessEffectRenderer.cs: 577c5acf8157ecea944bb95c8c6d9a95 -> 
  custom:AudioImporter_EditorPlatform: d09bf68614088b80899f8185d706f6e7 -> 
  custom:scripting/monoscript/fileName/TextureFormatUtilities.cs: ba58c57cfaabc0f8201a9ca6902fcb23 -> 
  custom:scripting/monoscript/fileName/PostProcessVolume.cs: 3883cef4be0567c54caf457a416a2095 -> 
  custom:scripting/monoscript/fileName/LightMeterMonitor.cs: a897ae0c731cb153281aea9ecd0efb03 -> 
  custom:scripting/monoscript/fileName/ColorGradingEditor.cs: 25838050e3e1f12ef51713a5dcf60349 -> 
  custom:scripting/monoscript/fileName/AttributeDecorator.cs: 39b465f08cd0a5df82fc2ef70b766ca2 -> 
  custom:scripting/monoscript/fileName/AutoExposureEditor.cs: dfd15824649ea346b717bc72a871d75b -> 
  custom:scripting/monoscript/fileName/LensDistortion.cs: b7963bb1da21ba484a7b59b9f6ea3aec -> 
  custom:scripting/monoscript/fileName/ResourceAssetFactory.cs: bf6acc988648d854bb3c5751325d0d0a -> 
  custom:scripting/monoscript/fileName/PostProcessProfileEditor.cs: 1dcd55858a4126cb33b0f2de53c74fbe -> 
  custom:scripting/monoscript/fileName/Skybox.cs: c122ade9e2d3a916264f47a45be02789 -> 
  custom:scripting/monoscript/fileName/PostProcessDebug.cs: a653e9b773649e7452b035b4ce1dae82 -> 
  custom:scripting/monoscript/fileName/PostProcessAttribute.cs: e125947bf72ce7382f3b16f75797c897 -> 
  custom:scripting/monoscript/fileName/Grain.cs: 43f09a87a88d9937fbb9c4dbf3d5508e -> 
  custom:scripting/monoscript/fileName/HistogramMonitor.cs: 6fd024409d6e9db8d4c2c4e26430c2ad -> 
  custom:scripting/monoscript/fileName/PostProcessProfile.cs: f6dc030e2e953b2ed0eca334cce5d5cf -> 
  custom:scripting/monoscript/fileName/ProfileFactory.cs: f835845dfebfed501813f60a1cb006a3 -> 
  custom:scripting/monoscript/fileName/PostProcessEffectEditor.cs: 90647cc400823b41df847a6cbfc29026 -> 
  custom:scripting/monoscript/fileName/CubeLutAssetImporter.cs: 5e94ca4c74dad11cc8880f33d0ba9efb -> 
  custom:scripting/monoscript/fileName/PostProcessBundle.cs: f610f855c8ae8b896b5084e85ede373e -> 
  custom:scripting/monoscript/fileName/ScreenSpaceReflectionsEditor.cs: 59c13ba25de6098e70bafe8be94f609a -> 
  custom:video-encoder-webm-vp8: eb34c28f22e8b96e1ab97ce403110664 -> 
  custom:scripting/monoscript/fileName/RuntimeUtilities.cs: 76964d36e50cc48cfa29643bdde8d9a5 -> 
  custom:scripting/monoscript/fileName/Bloom.cs: 6f6d579a64201b97313a62a1e91b3575 -> 
  custom:audio-decoder-ogg-vorbis: bf7c407c2cedff20999df2af8eb42d56 -> 
  custom:scripting/monoscript/fileName/AutoExposure.cs: 0e7c21b17f53209ee8c5c61ab59d7835 -> 
  custom:scripting/monoscript/fileName/VectorscopeMonitor.cs: cb70c6437b976f01b752cd219cc47f32 -> 
  custom:scripting/monoscript/fileName/PropertySheetFactory.cs: cfc4667cc03e44252fafe18d99f24b25 -> 
  custom:scripting/monoscript/fileName/EditorUtilities.cs: 53a52fb113757c42f9c516115bd845ca -> 
  custom:scripting/monoscript/fileName/HaltonSeq.cs: a7590e55d6fae5328a1c395a2473d0cf -> 
  custom:scripting/monoscript/fileName/MinAttribute.cs: a3e7473301291585f4cca024ce307406 -> 
  custom:scripting/monoscript/fileName/DepthOfField.cs: d62178d8b5619f59fcdd6d24617ef5fd -> 
  custom:scripting/monoscript/fileName/BloomEditor.cs: c341bb26b40744c3a5c2a142ac3e1051 -> 
  custom:scripting/monoscript/fileName/WaveformMonitor.cs: 609651ee3f98f206575f684e9cce655d -> 
  custom:scripting/monoscript/fileName/HableCurve.cs: f244b24d6e7c556a2de06e25b0bbf4c1 -> 
  custom:audio-encoder-webm-vorbis: bf7c407c2cedff20999df2af8eb42d56 -> 
  custom:scripting/monoscript/fileName/PropertySheet.cs: e6bb03169eca9d33ea794a47ad6ce213 -> 
  custom:scripting/monoscript/fileName/TargetPool.cs: 6d29560228134c933c12fb1c113fb6ef -> 
  custom:scripting/monoscript/fileName/LogHistogram.cs: bab913d888834a1a8572eb834acec97c -> 
  custom:scripting/monoscript/fileName/ScreenSpaceReflections.cs: 8afa07200328ddfcb2536d4180c62536 -> 
  custom:scripting/precompiled-assembly-types:Assembly-CSharp: d6fe0ff31029f2d2cc0617ccb9ee00f5 -> b5609ffa9375a1719a4b9b879c420584
  custom:scripting/monoscript/fileName/CurveEditor.cs: f5e872b2a5a6427a1785818cb10d95d1 -> 
  custom:scripting/monoscript/fileName/PostProcessResources.cs: 5089c17a701ba9b714a1f3d25fb9a9b0 -> 
  custom:scripting/monoscript/fileName/EffectListEditor.cs: 1ecdb4094d9e64024d6eb7725a86197b -> 
========================================================================
Received Import Request.
  Time since last request: 25.127108 seconds.
  path: Assets/Main Menu/Camera anims/Fade.anim
  artifactKey: Guid(715195895c095d242891b8a0fb98098d) Importer(815301076,1909f56bfc062723c751e8b465ee728b)
Start importing Assets/Main Menu/Camera anims/Fade.anim using Guid(715195895c095d242891b8a0fb98098d) Importer(815301076,1909f56bfc062723c751e8b465ee728b) [PhysX] Initialized MultithreadedTaskDispatcher with 12 workers.
 -> (artifact id: 'acf5710deeaa9382e65f9637812c5cea') in 0.012762 seconds
Number of updated asset objects reloaded before import = 0
Number of asset objects unloaded after import = 1
========================================================================
Received Import Request.
  Time since last request: 37.544978 seconds.
  path: Assets/Main Menu/Camera anims/camera.controller
  artifactKey: Guid(98b51108e5b111f47a1bc26bdd6e8c63) Importer(815301076,1909f56bfc062723c751e8b465ee728b)
Start importing Assets/Main Menu/Camera anims/camera.controller using Guid(98b51108e5b111f47a1bc26bdd6e8c63) Importer(815301076,1909f56bfc062723c751e8b465ee728b) [PhysX] Initialized MultithreadedTaskDispatcher with 12 workers.
 -> (artifact id: '1fcf116a1cae24ff946e9271414e11b6') in 0.004030 seconds
Number of updated asset objects reloaded before import = 0
Number of asset objects unloaded after import = 4
========================================================================
Received Import Request.
  Time since last request: 50.159764 seconds.
  path: Assets/Scene1/Assets/broom-psx/source/Broom.fbx
  artifactKey: Guid(93a8b998d314d2d4299bd48d9d2d1350) Importer(815301076,1909f56bfc062723c751e8b465ee728b)
Start importing Assets/Scene1/Assets/broom-psx/source/Broom.fbx using Guid(93a8b998d314d2d4299bd48d9d2d1350) Importer(815301076,1909f56bfc062723c751e8b465ee728b) [PhysX] Initialized MultithreadedTaskDispatcher with 12 workers.
[PhysX] Initialized MultithreadedTaskDispatcher with 12 workers.
[PhysX] Initialized MultithreadedTaskDispatcher with 12 workers.
[PhysX] Initialized MultithreadedTaskDispatcher with 12 workers.
[PhysX] Initialized MultithreadedTaskDispatcher with 12 workers.
 -> (artifact id: 'b7e131e6055ac73cba86c422c38daecc') in 0.142680 seconds
Number of updated asset objects reloaded before import = 0
Number of asset objects unloaded after import = 11
========================================================================
Received Import Request.
  Time since last request: 0.902469 seconds.
  path: Assets/Skybox/SkySeries Freebie/DarkStorm.mat
  artifactKey: Guid(2039a0ad0a9d05549928b70362f54902) Importer(815301076,1909f56bfc062723c751e8b465ee728b)
Start importing Assets/Skybox/SkySeries Freebie/DarkStorm.mat using Guid(2039a0ad0a9d05549928b70362f54902) Importer(815301076,1909f56bfc062723c751e8b465ee728b) [PhysX] Initialized MultithreadedTaskDispatcher with 12 workers.
[PhysX] Initialized MultithreadedTaskDispatcher with 12 workers.
 -> (artifact id: 'b56d9f581ca0a990b6cf548576363665') in 0.068973 seconds
Number of updated asset objects reloaded before import = 0
Number of asset objects unloaded after import = 2
========================================================================
Received Import Request.
  Time since last request: 0.124220 seconds.
  path: Assets/TextMesh Pro/Resources/Style Sheets/Default Style Sheet.asset
  artifactKey: Guid(f952c082cb03451daed3ee968ac6c63e) Importer(815301076,1909f56bfc062723c751e8b465ee728b)
Start importing Assets/TextMesh Pro/Resources/Style Sheets/Default Style Sheet.asset using Guid(f952c082cb03451daed3ee968ac6c63e) Importer(815301076,1909f56bfc062723c751e8b465ee728b) [PhysX] Initialized MultithreadedTaskDispatcher with 12 workers.
 -> (artifact id: '7a4a535f0c8369ad622695c42259c11d') in 0.003555 seconds
Number of updated asset objects reloaded before import = 0
Number of asset objects unloaded after import = 1
========================================================================
Received Import Request.
  Time since last request: 0.059267 seconds.
  path: Assets/TextMesh Pro/Resources/Sprite Assets/EmojiOne.asset
  artifactKey: Guid(c41005c129ba4d66911b75229fd70b45) Importer(815301076,1909f56bfc062723c751e8b465ee728b)
Start importing Assets/TextMesh Pro/Resources/Sprite Assets/EmojiOne.asset using Guid(c41005c129ba4d66911b75229fd70b45) Importer(815301076,1909f56bfc062723c751e8b465ee728b) [PhysX] Initialized MultithreadedTaskDispatcher with 12 workers.
 -> (artifact id: '77e024dcd111caf583b0b4b9ba9adc9a') in 0.005837 seconds
Number of updated asset objects reloaded before import = 0
Number of asset objects unloaded after import = 3
========================================================================
Received Import Request.
  Time since last request: 60.883479 seconds.
  path: Assets/Main Menu/Camera anims/Fade.cs
  artifactKey: Guid(d39175c672f22384c8fece37d24e9f06) Importer(815301076,1909f56bfc062723c751e8b465ee728b)
Start importing Assets/Main Menu/Camera anims/Fade.cs using Guid(d39175c672f22384c8fece37d24e9f06) Importer(815301076,1909f56bfc062723c751e8b465ee728b) [PhysX] Initialized MultithreadedTaskDispatcher with 12 workers.
 -> (artifact id: '7c14a96f857ebd8fcdfce153a236164c') in 0.000620 seconds
Number of updated asset objects reloaded before import = 0
Number of asset objects unloaded after import = 0
========================================================================
Received Prepare
Caller must complete domain reload
Begin MonoManager ReloadAssembly
- Loaded All Assemblies, in  0.397 seconds
Native extension for WindowsStandalone target not found
Native extension for WebGL target not found
Mono: successfully reloaded assembly
- Finished resetting the current domain, in  1.117 seconds
Domain Reload Profiling: 1511ms
	BeginReloadAssembly (137ms)
		ExecutionOrderSort (0ms)
		DisableScriptedObjects (4ms)
		BackupInstance (0ms)
		ReleaseScriptingObjects (0ms)
		CreateAndSetChildDomain (27ms)
	RebuildCommonClasses (28ms)
	RebuildNativeTypeToScriptingClass (9ms)
	initialDomainReloadingComplete (28ms)
	LoadAllAssembliesAndSetupDomain (192ms)
		LoadAssemblies (250ms)
		RebuildTransferFunctionScriptingTraits (0ms)
		AnalyzeDomain (20ms)
			TypeCache.Refresh (8ms)
				TypeCache.ScanAssembly (0ms)
			ScanForSourceGeneratedMonoScriptInfo (6ms)
			ResolveRequiredComponents (4ms)
	FinalizeReload (1118ms)
		ReleaseScriptCaches (0ms)
		RebuildScriptCaches (0ms)
		SetupLoadedEditorAssemblies (634ms)
			LogAssemblyErrors (0ms)
			InitializePlatformSupportModulesInManaged (9ms)
			SetLoadedEditorAssemblies (3ms)
			RefreshPlugins (0ms)
			BeforeProcessingInitializeOnLoad (62ms)
			ProcessInitializeOnLoadAttributes (505ms)
			ProcessInitializeOnLoadMethodAttributes (38ms)
			AfterProcessingInitializeOnLoad (17ms)
			EditorAssembliesLoaded (0ms)
		ExecutionOrderSort2 (0ms)
		AwakeInstancesAfterBackupRestoration (9ms)
Refreshing native plugins compatible for Editor in 6.82 ms, found 3 plugins.
Preloading 0 native plugins for Editor in 0.00 ms.
Unloading 3253 Unused Serialized files (Serialized files now loaded: 0)
Unloading 53 unused Assets / (4.0 MB). Loaded Objects now: 3849.
Memory consumption went from 220.2 MB to 216.2 MB.
Total: 6.052800 ms (FindLiveObjects: 0.338300 ms CreateObjectMapping: 0.223500 ms MarkObjects: 3.400100 ms  DeleteObjects: 2.089000 ms)

Prepare: number of updated asset objects reloaded= 0
AssetImportParameters requested are different than current active one (requested -> active):
  custom:scripting/monoscript/fileName/Decorators.cs: 4533f6715dc3f8cdabbd37ff77d1dad7 -> 
  custom:scripting/monoscript/fileName/GlobalSettings.cs: e5eb35b80bdfaee4ead1e1630fd77998 -> 
  custom:scripting/monoscript/fileName/PostProcessEffectBaseEditor.cs: 972bdf00f442be0d879dcb6868e25c8e -> 
  custom:scripting/monoscript/fileName/PostProcessRenderContext.cs: 9e034c8bf7d42a1d6c2d4339915eccb0 -> 
  custom:scripting/monoscript/fileName/MainMenu.cs: c093076ba5753d7bec74a8a751ffb653 -> 
  custom:scripting/monoscript/fileName/Spline.cs: 7876820de12ed89d33ad838af99a030e -> 
  custom:scripting/monoscript/fileName/ColorGrading.cs: ef67493fb3cf9676ba5f25862510a595 -> 
  custom:scripting/monoscript/fileName/Monitor.cs: e0eb5d32b3aade2e0ce8680b00ac2b78 -> 
  custom:scripting/precompiled-assembly-types:Unity.Postprocessing.Runtime: 655cd018e42ac91ed9a03cfbdae17956 -> 
  custom:scripting/monoscript/fileName/TemporalAntialiasing.cs: 71e40fdab49d34f4e07f83936454d904 -> 
  custom:container-demuxer-ogg: 62fdf1f143b41e24485cea50d1cbac27 -> 
  custom:scripting/monoscript/fileName/AmbientOcclusion.cs: 7a27923f9312611f0b2898a72e3ee96a -> 
  custom:scripting/monoscript/fileName/PostProcessDebugLayer.cs: 6d8a99809398beddf11f92dfbb0e6ad4 -> 
  custom:scripting/monoscript/fileName/ColorUtilities.cs: 47918ebfa890b947a816b80444ee2882 -> 
  custom:scripting/monoscript/fileName/ParameterOverride.cs: 5475497db741ca919df708e5019e593d -> 
  custom:scripting/monoscript/fileName/TextureLerper.cs: 973e800795f77d61d647ea0c3f0cf284 -> 
  custom:scripting/precompiled-assembly-types:Unity.Postprocessing.Editor: 23b49e25b965492466cd147d7735360a -> 
  custom:scripting/monoscript/fileName/Vignette.cs: e0b99ac31b7575ef776e7be56647abb0 -> 
  custom:scripting/monoscript/fileName/DepthOfFieldEditor.cs: 64cce655bf722c851048e2ebbf401a7b -> 
  custom:scripting/monoscript/fileName/DefaultPostProcessEffectEditor.cs: 06a1d8fcea7725e08b95f21cc15fd0a1 -> 
  custom:scripting/monoscript/fileName/PostProcessLayer.cs: aa288976158dcd4c24041d5304f25d07 -> 
  custom:scripting/monoscript/fileName/MaxAttribute.cs: d661645ab8c724f24b3e19978e87b44c -> 
  custom:scripting/monoscript/fileName/PostProcessDebugEditor.cs: 1a0488d8742bf880cc7334e53e2cc73d -> 
  custom:video-decoder-ogg-theora: a1e56fd34408186e4bbccfd4996cb3dc -> 
  custom:scripting/monoscript/fileName/SerializedParameterOverride.cs: 5e4deaf96895d013d32a8e84ec179f8e -> 
  custom:scripting/monoscript/fileName/MeshUtilities.cs: dc5356b699afd34cf9728f4d65b476a0 -> 
  custom:scripting/monoscript/fileName/AmbientOcclusionEditor.cs: 61e5422c29b8f52188d508eb7d382167 -> 
  custom:scripting/monoscript/fileName/FastApproximateAntialiasing.cs: bf5588b2deec2689a812a7d2eacd9bd5 -> 
  custom:scripting/monoscript/fileName/MotionBlur.cs: 823914e335803785a19e5990c6ab2911 -> 
  custom:scripting/monoscript/fileName/DefineSetter.cs: 292ba08e52064b1a72f8d4bb04301dd3 -> 
  custom:framework-win-MediaFoundation: 216162199b28c13a410421893ffa2e32 -> 
  custom:scripting/monoscript/fileName/ShaderIDs.cs: 96024f1f873475da65a783f1404f9117 -> 
  custom:scripting/monoscript/fileName/PostProcessEditorAttribute.cs: 672a58b4d5bab60112487a31c361c481 -> 
  custom:scripting/monoscript/fileName/LensDistortionEditor.cs: dee045d29944d55e8040435a58a7ce90 -> 
  custom:scripting/monoscript/fileName/MotionBlurEditor.cs: 3bd8d3e7e9a7ea94beb2e5517b62d27b -> 
  custom:scripting/monoscript/fileName/Dithering.cs: 3014fffaa718d0ad6dd2c7bb7956ed46 -> 
  custom:scripting/monoscript/fileName/DecoratorAttribute.cs: be5bd39119e1a41ea1a019fdb3818a3f -> 
  custom:scripting/monoscript/fileName/DisplayNameAttribute.cs: 935a6ac504eb8a852fba40cbcae9292c -> 
  custom:scripting/monoscript/fileName/PostProcessEffectSettings.cs: 2ab9d33170e863b1a9c8a9079cdd12aa -> 
  custom:scripting/monoscript/fileName/Fog.cs: 07e271953e2bcf8513b6a72a2737e767 -> 
  custom:scripting/monoscript/fileName/PostProcessManager.cs: 28ef7780d543a8111635e1f5051383d0 -> 
  custom:scripting/monoscript/fileName/VolumeFactory.cs: cc77136700c9e1ff894d234886ccb852 -> 
  custom:CustomObjectIndexerAttribute: 9a22284fe3817be447336de3de66b15e -> 
  custom:scripting/monoscript/fileName/PostProcessEvent.cs: 8fb6e54ff2cf1a8be7ecdd01fbdd78f8 -> 
  custom:scripting/monoscript/fileName/TrackballAttribute.cs: 8dea8f77de7bd03137cc578af1ea6656 -> 
  custom:scripting/monoscript/fileName/TrackballDecorator.cs: 6a2b6c747937d12d8d81be8f5b21fbd2 -> 
  custom:scripting/monoscript/fileName/MultiScaleVO.cs: d4c4732956ffb536e016475d75f04c43 -> 
  custom:scripting/monoscript/fileName/CubeLutAssetFactory.cs: db1961888d7cabf6be94b37e3b663de4 -> 
  custom:container-demuxer-webm: 4f35f7cbe854078d1ac9338744f61a02 -> 
  custom:scripting/monoscript/fileName/PostProcessVolumeEditor.cs: 7aae71821512dcac422c45dc773293c3 -> 
  custom:scripting/monoscript/fileName/ChromaticAberration.cs: 4d59e57f8324f5f986e16678ed451410 -> 
  custom:scripting/monoscript/fileName/VignetteEditor.cs: 345736fc911c5e8ab23e579751a40e4a -> 
  custom:scripting/monoscript/fileName/Styling.cs: d1c4aa14ff93670753edfbb93fc91bfe -> 
  custom:scripting/monoscript/fileName/PostProcessEffectRendererExtensions.cs: e953624d113e7e1739c702512603957d -> 
  custom:scripting/monoscript/fileName/ScalableAO.cs: 2f29d71d59b754086c809cfee1cdce34 -> 
  custom:scripting/monoscript/fileName/PostProcessLayerEditor.cs: d16de665ece05cd6e27dcc8d7bac4b9a -> 
  custom:scripting/monoscript/fileName/MinMaxAttribute.cs: a4b6ac8a4377612c7135a60f905792f1 -> 
  custom:scripting/monoscript/fileName/SubpixelMorphologicalAntialiasing.cs: 02dcb8839824addec278047da0509aea -> 
  custom:scripting/monoscript/fileName/BaseEditor.cs: 90647cc400823b41df847a6cbfc29026 -> 
  custom:container-muxer-webm: aa71ff27fc2769a1b78a27578f13a17b -> 
  custom:video-decoder-webm-vp8: 9c59270c3fd7afecdb556c50c9e8de78 -> 
  custom:SearchIndexIgnoredProperties: e643bd26f0fe6173181afceb89e7c659 -> 
  custom:scripting/monoscript/fileName/ChromaticAberrationEditor.cs: 3043bf57519b71f64b7a6de970c2487b -> 
  custom:scripting/monoscript/fileName/PostProcessEffectRenderer.cs: 577c5acf8157ecea944bb95c8c6d9a95 -> 
  custom:AudioImporter_EditorPlatform: d09bf68614088b80899f8185d706f6e7 -> 
  custom:scripting/monoscript/fileName/TextureFormatUtilities.cs: ba58c57cfaabc0f8201a9ca6902fcb23 -> 
  custom:scripting/monoscript/fileName/PostProcessVolume.cs: 3883cef4be0567c54caf457a416a2095 -> 
  custom:scripting/monoscript/fileName/LightMeterMonitor.cs: a897ae0c731cb153281aea9ecd0efb03 -> 
  custom:scripting/monoscript/fileName/ColorGradingEditor.cs: 25838050e3e1f12ef51713a5dcf60349 -> 
  custom:scripting/monoscript/fileName/AttributeDecorator.cs: 39b465f08cd0a5df82fc2ef70b766ca2 -> 
  custom:scripting/monoscript/fileName/AutoExposureEditor.cs: dfd15824649ea346b717bc72a871d75b -> 
  custom:scripting/monoscript/fileName/LensDistortion.cs: b7963bb1da21ba484a7b59b9f6ea3aec -> 
  custom:scripting/monoscript/fileName/ResourceAssetFactory.cs: bf6acc988648d854bb3c5751325d0d0a -> 
  custom:scripting/monoscript/fileName/PostProcessProfileEditor.cs: 1dcd55858a4126cb33b0f2de53c74fbe -> 
  custom:scripting/monoscript/fileName/Skybox.cs: c122ade9e2d3a916264f47a45be02789 -> 
  custom:scripting/monoscript/fileName/PostProcessDebug.cs: a653e9b773649e7452b035b4ce1dae82 -> 
  custom:scripting/monoscript/fileName/PostProcessAttribute.cs: e125947bf72ce7382f3b16f75797c897 -> 
  custom:scripting/monoscript/fileName/Grain.cs: 43f09a87a88d9937fbb9c4dbf3d5508e -> 
  custom:scripting/monoscript/fileName/HistogramMonitor.cs: 6fd024409d6e9db8d4c2c4e26430c2ad -> 
  custom:scripting/monoscript/fileName/PostProcessProfile.cs: f6dc030e2e953b2ed0eca334cce5d5cf -> 
  custom:scripting/monoscript/fileName/ProfileFactory.cs: f835845dfebfed501813f60a1cb006a3 -> 
  custom:scripting/monoscript/fileName/PostProcessEffectEditor.cs: 90647cc400823b41df847a6cbfc29026 -> 
  custom:scripting/monoscript/fileName/CubeLutAssetImporter.cs: 5e94ca4c74dad11cc8880f33d0ba9efb -> 
  custom:scripting/monoscript/fileName/PostProcessBundle.cs: f610f855c8ae8b896b5084e85ede373e -> 
  custom:scripting/monoscript/fileName/ScreenSpaceReflectionsEditor.cs: 59c13ba25de6098e70bafe8be94f609a -> 
  custom:video-encoder-webm-vp8: eb34c28f22e8b96e1ab97ce403110664 -> 
  custom:scripting/monoscript/fileName/RuntimeUtilities.cs: 76964d36e50cc48cfa29643bdde8d9a5 -> 
  custom:scripting/monoscript/fileName/Bloom.cs: 6f6d579a64201b97313a62a1e91b3575 -> 
  custom:audio-decoder-ogg-vorbis: bf7c407c2cedff20999df2af8eb42d56 -> 
  custom:scripting/monoscript/fileName/Fade.cs: 61320f8e17687c119db9aa01d877447f -> 
  custom:scripting/monoscript/fileName/AutoExposure.cs: 0e7c21b17f53209ee8c5c61ab59d7835 -> 
  custom:scripting/monoscript/fileName/VectorscopeMonitor.cs: cb70c6437b976f01b752cd219cc47f32 -> 
  custom:scripting/monoscript/fileName/PropertySheetFactory.cs: cfc4667cc03e44252fafe18d99f24b25 -> 
  custom:scripting/monoscript/fileName/EditorUtilities.cs: 53a52fb113757c42f9c516115bd845ca -> 
  custom:scripting/monoscript/fileName/HaltonSeq.cs: a7590e55d6fae5328a1c395a2473d0cf -> 
  custom:scripting/monoscript/fileName/MinAttribute.cs: a3e7473301291585f4cca024ce307406 -> 
  custom:scripting/monoscript/fileName/DepthOfField.cs: d62178d8b5619f59fcdd6d24617ef5fd -> 
  custom:scripting/monoscript/fileName/BloomEditor.cs: c341bb26b40744c3a5c2a142ac3e1051 -> 
  custom:scripting/monoscript/fileName/WaveformMonitor.cs: 609651ee3f98f206575f684e9cce655d -> 
  custom:scripting/monoscript/fileName/HableCurve.cs: f244b24d6e7c556a2de06e25b0bbf4c1 -> 
  custom:audio-encoder-webm-vorbis: bf7c407c2cedff20999df2af8eb42d56 -> 
  custom:scripting/monoscript/fileName/PropertySheet.cs: e6bb03169eca9d33ea794a47ad6ce213 -> 
  custom:scripting/monoscript/fileName/TargetPool.cs: 6d29560228134c933c12fb1c113fb6ef -> 
  custom:scripting/monoscript/fileName/LogHistogram.cs: bab913d888834a1a8572eb834acec97c -> 
  custom:scripting/monoscript/fileName/ScreenSpaceReflections.cs: 8afa07200328ddfcb2536d4180c62536 -> 
  custom:scripting/precompiled-assembly-types:Assembly-CSharp: 6d37409c62bc548d36c3b8e8c9e08545 -> b5609ffa9375a1719a4b9b879c420584
  custom:scripting/monoscript/fileName/CurveEditor.cs: f5e872b2a5a6427a1785818cb10d95d1 -> 
  custom:scripting/monoscript/fileName/PostProcessResources.cs: 5089c17a701ba9b714a1f3d25fb9a9b0 -> 
  custom:scripting/monoscript/fileName/EffectListEditor.cs: 1ecdb4094d9e64024d6eb7725a86197b -> 
========================================================================
Received Import Request.
  Time since last request: 5.454731 seconds.
  path: Assets/Main Menu/Camera anims/Fade.cs
  artifactKey: Guid(d39175c672f22384c8fece37d24e9f06) Importer(815301076,1909f56bfc062723c751e8b465ee728b)
Start importing Assets/Main Menu/Camera anims/Fade.cs using Guid(d39175c672f22384c8fece37d24e9f06) Importer(815301076,1909f56bfc062723c751e8b465ee728b) [PhysX] Initialized MultithreadedTaskDispatcher with 12 workers.
 -> (artifact id: 'c742bd889aeb40fb2b1a32a200c49ab3') in 0.004796 seconds
Number of updated asset objects reloaded before import = 0
Number of asset objects unloaded after import = 0
========================================================================
Received Prepare
Caller must complete domain reload
Begin MonoManager ReloadAssembly
- Loaded All Assemblies, in  0.394 seconds
Native extension for WindowsStandalone target not found
Native extension for WebGL target not found
Mono: successfully reloaded assembly
- Finished resetting the current domain, in  0.872 seconds
Domain Reload Profiling: 1264ms
	BeginReloadAssembly (137ms)
		ExecutionOrderSort (0ms)
		DisableScriptedObjects (4ms)
		BackupInstance (0ms)
		ReleaseScriptingObjects (0ms)
		CreateAndSetChildDomain (25ms)
	RebuildCommonClasses (31ms)
	RebuildNativeTypeToScriptingClass (9ms)
	initialDomainReloadingComplete (29ms)
	LoadAllAssembliesAndSetupDomain (185ms)
		LoadAssemblies (251ms)
		RebuildTransferFunctionScriptingTraits (0ms)
		AnalyzeDomain (13ms)
			TypeCache.Refresh (5ms)
				TypeCache.ScanAssembly (0ms)
			ScanForSourceGeneratedMonoScriptInfo (0ms)
			ResolveRequiredComponents (4ms)
	FinalizeReload (872ms)
		ReleaseScriptCaches (0ms)
		RebuildScriptCaches (0ms)
		SetupLoadedEditorAssemblies (341ms)
			LogAssemblyErrors (0ms)
			InitializePlatformSupportModulesInManaged (8ms)
			SetLoadedEditorAssemblies (3ms)
			RefreshPlugins (0ms)
			BeforeProcessingInitializeOnLoad (52ms)
			ProcessInitializeOnLoadAttributes (254ms)
			ProcessInitializeOnLoadMethodAttributes (17ms)
			AfterProcessingInitializeOnLoad (7ms)
			EditorAssembliesLoaded (0ms)
		ExecutionOrderSort2 (0ms)
		AwakeInstancesAfterBackupRestoration (6ms)
Refreshing native plugins compatible for Editor in 4.61 ms, found 3 plugins.
Preloading 0 native plugins for Editor in 0.00 ms.
Unloading 3253 Unused Serialized files (Serialized files now loaded: 0)
Unloading 53 unused Assets / (3.9 MB). Loaded Objects now: 3852.
Memory consumption went from 220.2 MB to 216.2 MB.
Total: 4.381400 ms (FindLiveObjects: 0.237700 ms CreateObjectMapping: 0.142000 ms MarkObjects: 2.755700 ms  DeleteObjects: 1.244500 ms)

Prepare: number of updated asset objects reloaded= 0
AssetImportParameters requested are different than current active one (requested -> active):
  custom:scripting/monoscript/fileName/Decorators.cs: 4533f6715dc3f8cdabbd37ff77d1dad7 -> 
  custom:scripting/monoscript/fileName/GlobalSettings.cs: e5eb35b80bdfaee4ead1e1630fd77998 -> 
  custom:scripting/monoscript/fileName/PostProcessEffectBaseEditor.cs: 972bdf00f442be0d879dcb6868e25c8e -> 
  custom:scripting/monoscript/fileName/PostProcessRenderContext.cs: 9e034c8bf7d42a1d6c2d4339915eccb0 -> 
  custom:scripting/monoscript/fileName/MainMenu.cs: c093076ba5753d7bec74a8a751ffb653 -> 
  custom:scripting/monoscript/fileName/Spline.cs: 7876820de12ed89d33ad838af99a030e -> 
  custom:scripting/monoscript/fileName/ColorGrading.cs: ef67493fb3cf9676ba5f25862510a595 -> 
  custom:scripting/monoscript/fileName/Monitor.cs: e0eb5d32b3aade2e0ce8680b00ac2b78 -> 
  custom:scripting/precompiled-assembly-types:Unity.Postprocessing.Runtime: 655cd018e42ac91ed9a03cfbdae17956 -> 
  custom:scripting/monoscript/fileName/TemporalAntialiasing.cs: 71e40fdab49d34f4e07f83936454d904 -> 
  custom:container-demuxer-ogg: 62fdf1f143b41e24485cea50d1cbac27 -> 
  custom:scripting/monoscript/fileName/AmbientOcclusion.cs: 7a27923f9312611f0b2898a72e3ee96a -> 
  custom:scripting/monoscript/fileName/PostProcessDebugLayer.cs: 6d8a99809398beddf11f92dfbb0e6ad4 -> 
  custom:scripting/monoscript/fileName/ColorUtilities.cs: 47918ebfa890b947a816b80444ee2882 -> 
  custom:scripting/monoscript/fileName/ParameterOverride.cs: 5475497db741ca919df708e5019e593d -> 
  custom:scripting/monoscript/fileName/TextureLerper.cs: 973e800795f77d61d647ea0c3f0cf284 -> 
  custom:scripting/precompiled-assembly-types:Unity.Postprocessing.Editor: 23b49e25b965492466cd147d7735360a -> 
  custom:scripting/monoscript/fileName/Vignette.cs: e0b99ac31b7575ef776e7be56647abb0 -> 
  custom:scripting/monoscript/fileName/DepthOfFieldEditor.cs: 64cce655bf722c851048e2ebbf401a7b -> 
  custom:scripting/monoscript/fileName/DefaultPostProcessEffectEditor.cs: 06a1d8fcea7725e08b95f21cc15fd0a1 -> 
  custom:scripting/monoscript/fileName/PostProcessLayer.cs: aa288976158dcd4c24041d5304f25d07 -> 
  custom:scripting/monoscript/fileName/MaxAttribute.cs: d661645ab8c724f24b3e19978e87b44c -> 
  custom:scripting/monoscript/fileName/PostProcessDebugEditor.cs: 1a0488d8742bf880cc7334e53e2cc73d -> 
  custom:video-decoder-ogg-theora: a1e56fd34408186e4bbccfd4996cb3dc -> 
  custom:scripting/monoscript/fileName/SerializedParameterOverride.cs: 5e4deaf96895d013d32a8e84ec179f8e -> 
  custom:scripting/monoscript/fileName/MeshUtilities.cs: dc5356b699afd34cf9728f4d65b476a0 -> 
  custom:scripting/monoscript/fileName/AmbientOcclusionEditor.cs: 61e5422c29b8f52188d508eb7d382167 -> 
  custom:scripting/monoscript/fileName/FastApproximateAntialiasing.cs: bf5588b2deec2689a812a7d2eacd9bd5 -> 
  custom:scripting/monoscript/fileName/MotionBlur.cs: 823914e335803785a19e5990c6ab2911 -> 
  custom:scripting/monoscript/fileName/DefineSetter.cs: 292ba08e52064b1a72f8d4bb04301dd3 -> 
  custom:framework-win-MediaFoundation: 216162199b28c13a410421893ffa2e32 -> 
  custom:scripting/monoscript/fileName/ShaderIDs.cs: 96024f1f873475da65a783f1404f9117 -> 
  custom:scripting/monoscript/fileName/PostProcessEditorAttribute.cs: 672a58b4d5bab60112487a31c361c481 -> 
  custom:scripting/monoscript/fileName/LensDistortionEditor.cs: dee045d29944d55e8040435a58a7ce90 -> 
  custom:scripting/monoscript/fileName/MotionBlurEditor.cs: 3bd8d3e7e9a7ea94beb2e5517b62d27b -> 
  custom:scripting/monoscript/fileName/Dithering.cs: 3014fffaa718d0ad6dd2c7bb7956ed46 -> 
  custom:scripting/monoscript/fileName/DecoratorAttribute.cs: be5bd39119e1a41ea1a019fdb3818a3f -> 
  custom:scripting/monoscript/fileName/DisplayNameAttribute.cs: 935a6ac504eb8a852fba40cbcae9292c -> 
  custom:scripting/monoscript/fileName/PostProcessEffectSettings.cs: 2ab9d33170e863b1a9c8a9079cdd12aa -> 
  custom:scripting/monoscript/fileName/Fog.cs: 07e271953e2bcf8513b6a72a2737e767 -> 
  custom:scripting/monoscript/fileName/PostProcessManager.cs: 28ef7780d543a8111635e1f5051383d0 -> 
  custom:scripting/monoscript/fileName/VolumeFactory.cs: cc77136700c9e1ff894d234886ccb852 -> 
  custom:CustomObjectIndexerAttribute: 9a22284fe3817be447336de3de66b15e -> 
  custom:scripting/monoscript/fileName/PostProcessEvent.cs: 8fb6e54ff2cf1a8be7ecdd01fbdd78f8 -> 
  custom:scripting/monoscript/fileName/TrackballAttribute.cs: 8dea8f77de7bd03137cc578af1ea6656 -> 
  custom:scripting/monoscript/fileName/TrackballDecorator.cs: 6a2b6c747937d12d8d81be8f5b21fbd2 -> 
  custom:scripting/monoscript/fileName/MultiScaleVO.cs: d4c4732956ffb536e016475d75f04c43 -> 
  custom:scripting/monoscript/fileName/CubeLutAssetFactory.cs: db1961888d7cabf6be94b37e3b663de4 -> 
  custom:container-demuxer-webm: 4f35f7cbe854078d1ac9338744f61a02 -> 
  custom:scripting/monoscript/fileName/PostProcessVolumeEditor.cs: 7aae71821512dcac422c45dc773293c3 -> 
  custom:scripting/monoscript/fileName/ChromaticAberration.cs: 4d59e57f8324f5f986e16678ed451410 -> 
  custom:scripting/monoscript/fileName/VignetteEditor.cs: 345736fc911c5e8ab23e579751a40e4a -> 
  custom:scripting/monoscript/fileName/Styling.cs: d1c4aa14ff93670753edfbb93fc91bfe -> 
  custom:scripting/monoscript/fileName/PostProcessEffectRendererExtensions.cs: e953624d113e7e1739c702512603957d -> 
  custom:scripting/monoscript/fileName/ScalableAO.cs: 2f29d71d59b754086c809cfee1cdce34 -> 
  custom:scripting/monoscript/fileName/PostProcessLayerEditor.cs: d16de665ece05cd6e27dcc8d7bac4b9a -> 
  custom:scripting/monoscript/fileName/MinMaxAttribute.cs: a4b6ac8a4377612c7135a60f905792f1 -> 
  custom:scripting/monoscript/fileName/SubpixelMorphologicalAntialiasing.cs: 02dcb8839824addec278047da0509aea -> 
  custom:scripting/monoscript/fileName/BaseEditor.cs: 90647cc400823b41df847a6cbfc29026 -> 
  custom:container-muxer-webm: aa71ff27fc2769a1b78a27578f13a17b -> 
  custom:video-decoder-webm-vp8: 9c59270c3fd7afecdb556c50c9e8de78 -> 
  custom:SearchIndexIgnoredProperties: e643bd26f0fe6173181afceb89e7c659 -> 
  custom:scripting/monoscript/fileName/ChromaticAberrationEditor.cs: 3043bf57519b71f64b7a6de970c2487b -> 
  custom:scripting/monoscript/fileName/PostProcessEffectRenderer.cs: 577c5acf8157ecea944bb95c8c6d9a95 -> 
  custom:AudioImporter_EditorPlatform: d09bf68614088b80899f8185d706f6e7 -> 
  custom:scripting/monoscript/fileName/TextureFormatUtilities.cs: ba58c57cfaabc0f8201a9ca6902fcb23 -> 
  custom:scripting/monoscript/fileName/PostProcessVolume.cs: 3883cef4be0567c54caf457a416a2095 -> 
  custom:scripting/monoscript/fileName/LightMeterMonitor.cs: a897ae0c731cb153281aea9ecd0efb03 -> 
  custom:scripting/monoscript/fileName/ColorGradingEditor.cs: 25838050e3e1f12ef51713a5dcf60349 -> 
  custom:scripting/monoscript/fileName/AttributeDecorator.cs: 39b465f08cd0a5df82fc2ef70b766ca2 -> 
  custom:scripting/monoscript/fileName/AutoExposureEditor.cs: dfd15824649ea346b717bc72a871d75b -> 
  custom:scripting/monoscript/fileName/LensDistortion.cs: b7963bb1da21ba484a7b59b9f6ea3aec -> 
  custom:scripting/monoscript/fileName/ResourceAssetFactory.cs: bf6acc988648d854bb3c5751325d0d0a -> 
  custom:scripting/monoscript/fileName/PostProcessProfileEditor.cs: 1dcd55858a4126cb33b0f2de53c74fbe -> 
  custom:scripting/monoscript/fileName/Skybox.cs: c122ade9e2d3a916264f47a45be02789 -> 
  custom:scripting/monoscript/fileName/PostProcessDebug.cs: a653e9b773649e7452b035b4ce1dae82 -> 
  custom:scripting/monoscript/fileName/PostProcessAttribute.cs: e125947bf72ce7382f3b16f75797c897 -> 
  custom:scripting/monoscript/fileName/Grain.cs: 43f09a87a88d9937fbb9c4dbf3d5508e -> 
  custom:scripting/monoscript/fileName/HistogramMonitor.cs: 6fd024409d6e9db8d4c2c4e26430c2ad -> 
  custom:scripting/monoscript/fileName/PostProcessProfile.cs: f6dc030e2e953b2ed0eca334cce5d5cf -> 
  custom:scripting/monoscript/fileName/ProfileFactory.cs: f835845dfebfed501813f60a1cb006a3 -> 
  custom:scripting/monoscript/fileName/PostProcessEffectEditor.cs: 90647cc400823b41df847a6cbfc29026 -> 
  custom:scripting/monoscript/fileName/CubeLutAssetImporter.cs: 5e94ca4c74dad11cc8880f33d0ba9efb -> 
  custom:scripting/monoscript/fileName/PostProcessBundle.cs: f610f855c8ae8b896b5084e85ede373e -> 
  custom:scripting/monoscript/fileName/ScreenSpaceReflectionsEditor.cs: 59c13ba25de6098e70bafe8be94f609a -> 
  custom:video-encoder-webm-vp8: eb34c28f22e8b96e1ab97ce403110664 -> 
  custom:scripting/monoscript/fileName/RuntimeUtilities.cs: 76964d36e50cc48cfa29643bdde8d9a5 -> 
  custom:scripting/monoscript/fileName/Bloom.cs: 6f6d579a64201b97313a62a1e91b3575 -> 
  custom:audio-decoder-ogg-vorbis: bf7c407c2cedff20999df2af8eb42d56 -> 
  custom:scripting/monoscript/fileName/Fade.cs: 61320f8e17687c119db9aa01d877447f -> 
  custom:scripting/monoscript/fileName/AutoExposure.cs: 0e7c21b17f53209ee8c5c61ab59d7835 -> 
  custom:scripting/monoscript/fileName/VectorscopeMonitor.cs: cb70c6437b976f01b752cd219cc47f32 -> 
  custom:scripting/monoscript/fileName/PropertySheetFactory.cs: cfc4667cc03e44252fafe18d99f24b25 -> 
  custom:scripting/monoscript/fileName/EditorUtilities.cs: 53a52fb113757c42f9c516115bd845ca -> 
  custom:scripting/monoscript/fileName/HaltonSeq.cs: a7590e55d6fae5328a1c395a2473d0cf -> 
  custom:scripting/monoscript/fileName/MinAttribute.cs: a3e7473301291585f4cca024ce307406 -> 
  custom:scripting/monoscript/fileName/DepthOfField.cs: d62178d8b5619f59fcdd6d24617ef5fd -> 
  custom:scripting/monoscript/fileName/BloomEditor.cs: c341bb26b40744c3a5c2a142ac3e1051 -> 
  custom:scripting/monoscript/fileName/WaveformMonitor.cs: 609651ee3f98f206575f684e9cce655d -> 
  custom:scripting/monoscript/fileName/HableCurve.cs: f244b24d6e7c556a2de06e25b0bbf4c1 -> 
  custom:audio-encoder-webm-vorbis: bf7c407c2cedff20999df2af8eb42d56 -> 
  custom:scripting/monoscript/fileName/PropertySheet.cs: e6bb03169eca9d33ea794a47ad6ce213 -> 
  custom:scripting/monoscript/fileName/TargetPool.cs: 6d29560228134c933c12fb1c113fb6ef -> 
  custom:scripting/monoscript/fileName/LogHistogram.cs: bab913d888834a1a8572eb834acec97c -> 
  custom:scripting/monoscript/fileName/ScreenSpaceReflections.cs: 8afa07200328ddfcb2536d4180c62536 -> 
  custom:scripting/precompiled-assembly-types:Assembly-CSharp: 6d37409c62bc548d36c3b8e8c9e08545 -> b5609ffa9375a1719a4b9b879c420584
  custom:scripting/monoscript/fileName/CurveEditor.cs: f5e872b2a5a6427a1785818cb10d95d1 -> 
  custom:scripting/monoscript/fileName/PostProcessResources.cs: 5089c17a701ba9b714a1f3d25fb9a9b0 -> 
  custom:scripting/monoscript/fileName/EffectListEditor.cs: 1ecdb4094d9e64024d6eb7725a86197b -> 
========================================================================
Received Prepare
Caller must complete domain reload
Begin MonoManager ReloadAssembly
- Loaded All Assemblies, in  0.402 seconds
Native extension for WindowsStandalone target not found
Native extension for WebGL target not found
Mono: successfully reloaded assembly
- Finished resetting the current domain, in  0.734 seconds
Domain Reload Profiling: 1134ms
	BeginReloadAssembly (121ms)
		ExecutionOrderSort (0ms)
		DisableScriptedObjects (4ms)
		BackupInstance (0ms)
		ReleaseScriptingObjects (0ms)
		CreateAndSetChildDomain (25ms)
	RebuildCommonClasses (37ms)
	RebuildNativeTypeToScriptingClass (9ms)
	initialDomainReloadingComplete (31ms)
	LoadAllAssembliesAndSetupDomain (201ms)
		LoadAssemblies (252ms)
		RebuildTransferFunctionScriptingTraits (0ms)
		AnalyzeDomain (22ms)
			TypeCache.Refresh (8ms)
				TypeCache.ScanAssembly (0ms)
			ScanForSourceGeneratedMonoScriptInfo (6ms)
			ResolveRequiredComponents (4ms)
	FinalizeReload (735ms)
		ReleaseScriptCaches (0ms)
		RebuildScriptCaches (0ms)
		SetupLoadedEditorAssemblies (314ms)
			LogAssemblyErrors (0ms)
			InitializePlatformSupportModulesInManaged (7ms)
			SetLoadedEditorAssemblies (3ms)
			RefreshPlugins (0ms)
			BeforeProcessingInitializeOnLoad (49ms)
			ProcessInitializeOnLoadAttributes (233ms)
			ProcessInitializeOnLoadMethodAttributes (15ms)
			AfterProcessingInitializeOnLoad (7ms)
			EditorAssembliesLoaded (0ms)
		ExecutionOrderSort2 (0ms)
		AwakeInstancesAfterBackupRestoration (6ms)
Refreshing native plugins compatible for Editor in 4.28 ms, found 3 plugins.
Preloading 0 native plugins for Editor in 0.00 ms.
Unloading 3253 Unused Serialized files (Serialized files now loaded: 0)
Unloading 54 unused Assets / (4.0 MB). Loaded Objects now: 3854.
Memory consumption went from 220.4 MB to 216.5 MB.
Total: 5.407500 ms (FindLiveObjects: 0.479700 ms CreateObjectMapping: 0.156100 ms MarkObjects: 3.362000 ms  DeleteObjects: 1.408000 ms)

Prepare: number of updated asset objects reloaded= 0
AssetImportParameters requested are different than current active one (requested -> active):
  custom:scripting/monoscript/fileName/Decorators.cs: 4533f6715dc3f8cdabbd37ff77d1dad7 -> 
  custom:scripting/monoscript/fileName/GlobalSettings.cs: e5eb35b80bdfaee4ead1e1630fd77998 -> 
  custom:scripting/monoscript/fileName/PostProcessEffectBaseEditor.cs: 972bdf00f442be0d879dcb6868e25c8e -> 
  custom:scripting/monoscript/fileName/PostProcessRenderContext.cs: 9e034c8bf7d42a1d6c2d4339915eccb0 -> 
  custom:scripting/monoscript/fileName/MainMenu.cs: c093076ba5753d7bec74a8a751ffb653 -> 
  custom:scripting/monoscript/fileName/Spline.cs: 7876820de12ed89d33ad838af99a030e -> 
  custom:scripting/monoscript/fileName/ColorGrading.cs: ef67493fb3cf9676ba5f25862510a595 -> 
  custom:scripting/monoscript/fileName/Monitor.cs: e0eb5d32b3aade2e0ce8680b00ac2b78 -> 
  custom:scripting/precompiled-assembly-types:Unity.Postprocessing.Runtime: 655cd018e42ac91ed9a03cfbdae17956 -> 
  custom:scripting/monoscript/fileName/TemporalAntialiasing.cs: 71e40fdab49d34f4e07f83936454d904 -> 
  custom:container-demuxer-ogg: 62fdf1f143b41e24485cea50d1cbac27 -> 
  custom:scripting/monoscript/fileName/AmbientOcclusion.cs: 7a27923f9312611f0b2898a72e3ee96a -> 
  custom:scripting/monoscript/fileName/PostProcessDebugLayer.cs: 6d8a99809398beddf11f92dfbb0e6ad4 -> 
  custom:scripting/monoscript/fileName/ColorUtilities.cs: 47918ebfa890b947a816b80444ee2882 -> 
  custom:scripting/monoscript/fileName/ParameterOverride.cs: 5475497db741ca919df708e5019e593d -> 
  custom:scripting/monoscript/fileName/TextureLerper.cs: 973e800795f77d61d647ea0c3f0cf284 -> 
  custom:scripting/precompiled-assembly-types:Unity.Postprocessing.Editor: 23b49e25b965492466cd147d7735360a -> 
  custom:scripting/monoscript/fileName/Vignette.cs: e0b99ac31b7575ef776e7be56647abb0 -> 
  custom:scripting/monoscript/fileName/DepthOfFieldEditor.cs: 64cce655bf722c851048e2ebbf401a7b -> 
  custom:scripting/monoscript/fileName/DefaultPostProcessEffectEditor.cs: 06a1d8fcea7725e08b95f21cc15fd0a1 -> 
  custom:scripting/monoscript/fileName/PostProcessLayer.cs: aa288976158dcd4c24041d5304f25d07 -> 
  custom:scripting/monoscript/fileName/MaxAttribute.cs: d661645ab8c724f24b3e19978e87b44c -> 
  custom:scripting/monoscript/fileName/PostProcessDebugEditor.cs: 1a0488d8742bf880cc7334e53e2cc73d -> 
  custom:video-decoder-ogg-theora: a1e56fd34408186e4bbccfd4996cb3dc -> 
  custom:scripting/monoscript/fileName/SerializedParameterOverride.cs: 5e4deaf96895d013d32a8e84ec179f8e -> 
  custom:scripting/monoscript/fileName/MeshUtilities.cs: dc5356b699afd34cf9728f4d65b476a0 -> 
  custom:scripting/monoscript/fileName/AmbientOcclusionEditor.cs: 61e5422c29b8f52188d508eb7d382167 -> 
  custom:scripting/monoscript/fileName/FastApproximateAntialiasing.cs: bf5588b2deec2689a812a7d2eacd9bd5 -> 
  custom:scripting/monoscript/fileName/MotionBlur.cs: 823914e335803785a19e5990c6ab2911 -> 
  custom:scripting/monoscript/fileName/DefineSetter.cs: 292ba08e52064b1a72f8d4bb04301dd3 -> 
  custom:framework-win-MediaFoundation: 216162199b28c13a410421893ffa2e32 -> 
  custom:scripting/monoscript/fileName/ShaderIDs.cs: 96024f1f873475da65a783f1404f9117 -> 
  custom:scripting/monoscript/fileName/PostProcessEditorAttribute.cs: 672a58b4d5bab60112487a31c361c481 -> 
  custom:scripting/monoscript/fileName/LensDistortionEditor.cs: dee045d29944d55e8040435a58a7ce90 -> 
  custom:scripting/monoscript/fileName/MotionBlurEditor.cs: 3bd8d3e7e9a7ea94beb2e5517b62d27b -> 
  custom:scripting/monoscript/fileName/Dithering.cs: 3014fffaa718d0ad6dd2c7bb7956ed46 -> 
  custom:scripting/monoscript/fileName/DecoratorAttribute.cs: be5bd39119e1a41ea1a019fdb3818a3f -> 
  custom:scripting/monoscript/fileName/DisplayNameAttribute.cs: 935a6ac504eb8a852fba40cbcae9292c -> 
  custom:scripting/monoscript/fileName/PostProcessEffectSettings.cs: 2ab9d33170e863b1a9c8a9079cdd12aa -> 
  custom:scripting/monoscript/fileName/Fog.cs: 07e271953e2bcf8513b6a72a2737e767 -> 
  custom:scripting/monoscript/fileName/PostProcessManager.cs: 28ef7780d543a8111635e1f5051383d0 -> 
  custom:scripting/monoscript/fileName/VolumeFactory.cs: cc77136700c9e1ff894d234886ccb852 -> 
  custom:CustomObjectIndexerAttribute: 9a22284fe3817be447336de3de66b15e -> 
  custom:scripting/monoscript/fileName/PostProcessEvent.cs: 8fb6e54ff2cf1a8be7ecdd01fbdd78f8 -> 
  custom:scripting/monoscript/fileName/TrackballAttribute.cs: 8dea8f77de7bd03137cc578af1ea6656 -> 
  custom:scripting/monoscript/fileName/TrackballDecorator.cs: 6a2b6c747937d12d8d81be8f5b21fbd2 -> 
  custom:scripting/monoscript/fileName/MultiScaleVO.cs: d4c4732956ffb536e016475d75f04c43 -> 
  custom:scripting/monoscript/fileName/CubeLutAssetFactory.cs: db1961888d7cabf6be94b37e3b663de4 -> 
  custom:container-demuxer-webm: 4f35f7cbe854078d1ac9338744f61a02 -> 
  custom:scripting/monoscript/fileName/PostProcessVolumeEditor.cs: 7aae71821512dcac422c45dc773293c3 -> 
  custom:scripting/monoscript/fileName/ChromaticAberration.cs: 4d59e57f8324f5f986e16678ed451410 -> 
  custom:scripting/monoscript/fileName/VignetteEditor.cs: 345736fc911c5e8ab23e579751a40e4a -> 
  custom:scripting/monoscript/fileName/Styling.cs: d1c4aa14ff93670753edfbb93fc91bfe -> 
  custom:scripting/monoscript/fileName/PostProcessEffectRendererExtensions.cs: e953624d113e7e1739c702512603957d -> 
  custom:scripting/monoscript/fileName/ScalableAO.cs: 2f29d71d59b754086c809cfee1cdce34 -> 
  custom:scripting/monoscript/fileName/PostProcessLayerEditor.cs: d16de665ece05cd6e27dcc8d7bac4b9a -> 
  custom:scripting/monoscript/fileName/MinMaxAttribute.cs: a4b6ac8a4377612c7135a60f905792f1 -> 
  custom:scripting/monoscript/fileName/SubpixelMorphologicalAntialiasing.cs: 02dcb8839824addec278047da0509aea -> 
  custom:scripting/monoscript/fileName/BaseEditor.cs: 90647cc400823b41df847a6cbfc29026 -> 
  custom:container-muxer-webm: aa71ff27fc2769a1b78a27578f13a17b -> 
  custom:video-decoder-webm-vp8: 9c59270c3fd7afecdb556c50c9e8de78 -> 
  custom:SearchIndexIgnoredProperties: e643bd26f0fe6173181afceb89e7c659 -> 
  custom:scripting/monoscript/fileName/ChromaticAberrationEditor.cs: 3043bf57519b71f64b7a6de970c2487b -> 
  custom:scripting/monoscript/fileName/PostProcessEffectRenderer.cs: 577c5acf8157ecea944bb95c8c6d9a95 -> 
  custom:AudioImporter_EditorPlatform: d09bf68614088b80899f8185d706f6e7 -> 
  custom:scripting/monoscript/fileName/TextureFormatUtilities.cs: ba58c57cfaabc0f8201a9ca6902fcb23 -> 
  custom:scripting/monoscript/fileName/PostProcessVolume.cs: 3883cef4be0567c54caf457a416a2095 -> 
  custom:scripting/monoscript/fileName/LightMeterMonitor.cs: a897ae0c731cb153281aea9ecd0efb03 -> 
  custom:scripting/monoscript/fileName/ColorGradingEditor.cs: 25838050e3e1f12ef51713a5dcf60349 -> 
  custom:scripting/monoscript/fileName/AttributeDecorator.cs: 39b465f08cd0a5df82fc2ef70b766ca2 -> 
  custom:scripting/monoscript/fileName/AutoExposureEditor.cs: dfd15824649ea346b717bc72a871d75b -> 
  custom:scripting/monoscript/fileName/LensDistortion.cs: b7963bb1da21ba484a7b59b9f6ea3aec -> 
  custom:scripting/monoscript/fileName/ResourceAssetFactory.cs: bf6acc988648d854bb3c5751325d0d0a -> 
  custom:scripting/monoscript/fileName/PostProcessProfileEditor.cs: 1dcd55858a4126cb33b0f2de53c74fbe -> 
  custom:scripting/monoscript/fileName/Skybox.cs: c122ade9e2d3a916264f47a45be02789 -> 
  custom:scripting/monoscript/fileName/PostProcessDebug.cs: a653e9b773649e7452b035b4ce1dae82 -> 
  custom:scripting/monoscript/fileName/PostProcessAttribute.cs: e125947bf72ce7382f3b16f75797c897 -> 
  custom:scripting/monoscript/fileName/Grain.cs: 43f09a87a88d9937fbb9c4dbf3d5508e -> 
  custom:scripting/monoscript/fileName/HistogramMonitor.cs: 6fd024409d6e9db8d4c2c4e26430c2ad -> 
  custom:scripting/monoscript/fileName/PostProcessProfile.cs: f6dc030e2e953b2ed0eca334cce5d5cf -> 
  custom:scripting/monoscript/fileName/ProfileFactory.cs: f835845dfebfed501813f60a1cb006a3 -> 
  custom:scripting/monoscript/fileName/PostProcessEffectEditor.cs: 90647cc400823b41df847a6cbfc29026 -> 
  custom:scripting/monoscript/fileName/CubeLutAssetImporter.cs: 5e94ca4c74dad11cc8880f33d0ba9efb -> 
  custom:scripting/monoscript/fileName/PostProcessBundle.cs: f610f855c8ae8b896b5084e85ede373e -> 
  custom:scripting/monoscript/fileName/ScreenSpaceReflectionsEditor.cs: 59c13ba25de6098e70bafe8be94f609a -> 
  custom:video-encoder-webm-vp8: eb34c28f22e8b96e1ab97ce403110664 -> 
  custom:scripting/monoscript/fileName/RuntimeUtilities.cs: 76964d36e50cc48cfa29643bdde8d9a5 -> 
  custom:scripting/monoscript/fileName/Bloom.cs: 6f6d579a64201b97313a62a1e91b3575 -> 
  custom:audio-decoder-ogg-vorbis: bf7c407c2cedff20999df2af8eb42d56 -> 
  custom:scripting/monoscript/fileName/Fade.cs: 61320f8e17687c119db9aa01d877447f -> 
  custom:scripting/monoscript/fileName/AutoExposure.cs: 0e7c21b17f53209ee8c5c61ab59d7835 -> 
  custom:scripting/monoscript/fileName/VectorscopeMonitor.cs: cb70c6437b976f01b752cd219cc47f32 -> 
  custom:scripting/monoscript/fileName/PropertySheetFactory.cs: cfc4667cc03e44252fafe18d99f24b25 -> 
  custom:scripting/monoscript/fileName/EditorUtilities.cs: 53a52fb113757c42f9c516115bd845ca -> 
  custom:scripting/monoscript/fileName/HaltonSeq.cs: a7590e55d6fae5328a1c395a2473d0cf -> 
  custom:scripting/monoscript/fileName/MinAttribute.cs: a3e7473301291585f4cca024ce307406 -> 
  custom:scripting/monoscript/fileName/DepthOfField.cs: d62178d8b5619f59fcdd6d24617ef5fd -> 
  custom:scripting/monoscript/fileName/BloomEditor.cs: c341bb26b40744c3a5c2a142ac3e1051 -> 
  custom:scripting/monoscript/fileName/WaveformMonitor.cs: 609651ee3f98f206575f684e9cce655d -> 
  custom:scripting/monoscript/fileName/HableCurve.cs: f244b24d6e7c556a2de06e25b0bbf4c1 -> 
  custom:audio-encoder-webm-vorbis: bf7c407c2cedff20999df2af8eb42d56 -> 
  custom:scripting/monoscript/fileName/PropertySheet.cs: e6bb03169eca9d33ea794a47ad6ce213 -> 
  custom:scripting/monoscript/fileName/TargetPool.cs: 6d29560228134c933c12fb1c113fb6ef -> 
  custom:scripting/monoscript/fileName/LogHistogram.cs: bab913d888834a1a8572eb834acec97c -> 
  custom:scripting/monoscript/fileName/ScreenSpaceReflections.cs: 8afa07200328ddfcb2536d4180c62536 -> 
  custom:scripting/precompiled-assembly-types:Assembly-CSharp: d6fe0ff31029f2d2cc0617ccb9ee00f5 -> b5609ffa9375a1719a4b9b879c420584
  custom:scripting/monoscript/fileName/CurveEditor.cs: f5e872b2a5a6427a1785818cb10d95d1 -> 
  custom:scripting/monoscript/fileName/PostProcessResources.cs: 5089c17a701ba9b714a1f3d25fb9a9b0 -> 
  custom:scripting/monoscript/fileName/EffectListEditor.cs: 1ecdb4094d9e64024d6eb7725a86197b -> 
========================================================================
Received Import Request.
  Time since last request: 12.864949 seconds.
  path: Assets/Main Menu/Scripts/MainMenu.cs
  artifactKey: Guid(6a049c6bb6258e743a0a8882d0f8bfa9) Importer(815301076,1909f56bfc062723c751e8b465ee728b)
Start importing Assets/Main Menu/Scripts/MainMenu.cs using Guid(6a049c6bb6258e743a0a8882d0f8bfa9) Importer(815301076,1909f56bfc062723c751e8b465ee728b) [PhysX] Initialized MultithreadedTaskDispatcher with 12 workers.
 -> (artifact id: '3cfead473236b231d349c7214582e071') in 0.004016 seconds
Number of updated asset objects reloaded before import = 0
Number of asset objects unloaded after import = 0
========================================================================
Received Prepare
Caller must complete domain reload
Begin MonoManager ReloadAssembly
- Loaded All Assemblies, in  0.745 seconds
Native extension for WindowsStandalone target not found
Native extension for WebGL target not found
Mono: successfully reloaded assembly
- Finished resetting the current domain, in  3.147 seconds
Domain Reload Profiling: 3886ms
	BeginReloadAssembly (235ms)
		ExecutionOrderSort (0ms)
		DisableScriptedObjects (12ms)
		BackupInstance (0ms)
		ReleaseScriptingObjects (0ms)
		CreateAndSetChildDomain (37ms)
	RebuildCommonClasses (48ms)
	RebuildNativeTypeToScriptingClass (17ms)
	initialDomainReloadingComplete (54ms)
	LoadAllAssembliesAndSetupDomain (383ms)
		LoadAssemblies (489ms)
		RebuildTransferFunctionScriptingTraits (0ms)
		AnalyzeDomain (33ms)
			TypeCache.Refresh (12ms)
				TypeCache.ScanAssembly (0ms)
			ScanForSourceGeneratedMonoScriptInfo (10ms)
			ResolveRequiredComponents (8ms)
	FinalizeReload (3149ms)
		ReleaseScriptCaches (0ms)
		RebuildScriptCaches (0ms)
		SetupLoadedEditorAssemblies (1062ms)
			LogAssemblyErrors (0ms)
			InitializePlatformSupportModulesInManaged (45ms)
			SetLoadedEditorAssemblies (17ms)
			RefreshPlugins (0ms)
			BeforeProcessingInitializeOnLoad (186ms)
			ProcessInitializeOnLoadAttributes (758ms)
			ProcessInitializeOnLoadMethodAttributes (32ms)
			AfterProcessingInitializeOnLoad (25ms)
			EditorAssembliesLoaded (0ms)
		ExecutionOrderSort2 (0ms)
		AwakeInstancesAfterBackupRestoration (17ms)
Refreshing native plugins compatible for Editor in 8.85 ms, found 3 plugins.
Preloading 0 native plugins for Editor in 0.00 ms.
Unloading 3252 Unused Serialized files (Serialized files now loaded: 0)
Unloading 53 unused Assets / (3.9 MB). Loaded Objects now: 3857.
Memory consumption went from 220.2 MB to 216.2 MB.
Total: 5.664500 ms (FindLiveObjects: 0.372000 ms CreateObjectMapping: 0.150700 ms MarkObjects: 3.454900 ms  DeleteObjects: 1.685600 ms)

Prepare: number of updated asset objects reloaded= 0
AssetImportParameters requested are different than current active one (requested -> active):
  custom:scripting/monoscript/fileName/Decorators.cs: 4533f6715dc3f8cdabbd37ff77d1dad7 -> 
  custom:scripting/monoscript/fileName/GlobalSettings.cs: e5eb35b80bdfaee4ead1e1630fd77998 -> 
  custom:scripting/monoscript/fileName/PostProcessEffectBaseEditor.cs: 972bdf00f442be0d879dcb6868e25c8e -> 
  custom:scripting/monoscript/fileName/PostProcessRenderContext.cs: 9e034c8bf7d42a1d6c2d4339915eccb0 -> 
  custom:scripting/monoscript/fileName/MainMenu.cs: c093076ba5753d7bec74a8a751ffb653 -> 
  custom:scripting/monoscript/fileName/Spline.cs: 7876820de12ed89d33ad838af99a030e -> 
  custom:scripting/monoscript/fileName/ColorGrading.cs: ef67493fb3cf9676ba5f25862510a595 -> 
  custom:scripting/monoscript/fileName/Monitor.cs: e0eb5d32b3aade2e0ce8680b00ac2b78 -> 
  custom:scripting/precompiled-assembly-types:Unity.Postprocessing.Runtime: 655cd018e42ac91ed9a03cfbdae17956 -> 
  custom:scripting/monoscript/fileName/TemporalAntialiasing.cs: 71e40fdab49d34f4e07f83936454d904 -> 
  custom:container-demuxer-ogg: 62fdf1f143b41e24485cea50d1cbac27 -> 
  custom:scripting/monoscript/fileName/AmbientOcclusion.cs: 7a27923f9312611f0b2898a72e3ee96a -> 
  custom:scripting/monoscript/fileName/PostProcessDebugLayer.cs: 6d8a99809398beddf11f92dfbb0e6ad4 -> 
  custom:scripting/monoscript/fileName/ColorUtilities.cs: 47918ebfa890b947a816b80444ee2882 -> 
  custom:scripting/monoscript/fileName/ParameterOverride.cs: 5475497db741ca919df708e5019e593d -> 
  custom:scripting/monoscript/fileName/TextureLerper.cs: 973e800795f77d61d647ea0c3f0cf284 -> 
  custom:scripting/precompiled-assembly-types:Unity.Postprocessing.Editor: 23b49e25b965492466cd147d7735360a -> 
  custom:scripting/monoscript/fileName/Vignette.cs: e0b99ac31b7575ef776e7be56647abb0 -> 
  custom:scripting/monoscript/fileName/DepthOfFieldEditor.cs: 64cce655bf722c851048e2ebbf401a7b -> 
  custom:scripting/monoscript/fileName/DefaultPostProcessEffectEditor.cs: 06a1d8fcea7725e08b95f21cc15fd0a1 -> 
  custom:scripting/monoscript/fileName/PostProcessLayer.cs: aa288976158dcd4c24041d5304f25d07 -> 
  custom:scripting/monoscript/fileName/MaxAttribute.cs: d661645ab8c724f24b3e19978e87b44c -> 
  custom:scripting/monoscript/fileName/PostProcessDebugEditor.cs: 1a0488d8742bf880cc7334e53e2cc73d -> 
  custom:video-decoder-ogg-theora: a1e56fd34408186e4bbccfd4996cb3dc -> 
  custom:scripting/monoscript/fileName/SerializedParameterOverride.cs: 5e4deaf96895d013d32a8e84ec179f8e -> 
  custom:scripting/monoscript/fileName/MeshUtilities.cs: dc5356b699afd34cf9728f4d65b476a0 -> 
  custom:scripting/monoscript/fileName/AmbientOcclusionEditor.cs: 61e5422c29b8f52188d508eb7d382167 -> 
  custom:scripting/monoscript/fileName/FastApproximateAntialiasing.cs: bf5588b2deec2689a812a7d2eacd9bd5 -> 
  custom:scripting/monoscript/fileName/MotionBlur.cs: 823914e335803785a19e5990c6ab2911 -> 
  custom:scripting/monoscript/fileName/DefineSetter.cs: 292ba08e52064b1a72f8d4bb04301dd3 -> 
  custom:framework-win-MediaFoundation: 216162199b28c13a410421893ffa2e32 -> 
  custom:scripting/monoscript/fileName/ShaderIDs.cs: 96024f1f873475da65a783f1404f9117 -> 
  custom:scripting/monoscript/fileName/PostProcessEditorAttribute.cs: 672a58b4d5bab60112487a31c361c481 -> 
  custom:scripting/monoscript/fileName/LensDistortionEditor.cs: dee045d29944d55e8040435a58a7ce90 -> 
  custom:scripting/monoscript/fileName/MotionBlurEditor.cs: 3bd8d3e7e9a7ea94beb2e5517b62d27b -> 
  custom:scripting/monoscript/fileName/Dithering.cs: 3014fffaa718d0ad6dd2c7bb7956ed46 -> 
  custom:scripting/monoscript/fileName/DecoratorAttribute.cs: be5bd39119e1a41ea1a019fdb3818a3f -> 
  custom:scripting/monoscript/fileName/DisplayNameAttribute.cs: 935a6ac504eb8a852fba40cbcae9292c -> 
  custom:scripting/monoscript/fileName/PostProcessEffectSettings.cs: 2ab9d33170e863b1a9c8a9079cdd12aa -> 
  custom:scripting/monoscript/fileName/Fog.cs: 07e271953e2bcf8513b6a72a2737e767 -> 
  custom:scripting/monoscript/fileName/PostProcessManager.cs: 28ef7780d543a8111635e1f5051383d0 -> 
  custom:scripting/monoscript/fileName/VolumeFactory.cs: cc77136700c9e1ff894d234886ccb852 -> 
  custom:CustomObjectIndexerAttribute: 9a22284fe3817be447336de3de66b15e -> 
  custom:scripting/monoscript/fileName/PostProcessEvent.cs: 8fb6e54ff2cf1a8be7ecdd01fbdd78f8 -> 
  custom:scripting/monoscript/fileName/TrackballAttribute.cs: 8dea8f77de7bd03137cc578af1ea6656 -> 
  custom:scripting/monoscript/fileName/TrackballDecorator.cs: 6a2b6c747937d12d8d81be8f5b21fbd2 -> 
  custom:scripting/monoscript/fileName/MultiScaleVO.cs: d4c4732956ffb536e016475d75f04c43 -> 
  custom:scripting/monoscript/fileName/CubeLutAssetFactory.cs: db1961888d7cabf6be94b37e3b663de4 -> 
  custom:container-demuxer-webm: 4f35f7cbe854078d1ac9338744f61a02 -> 
  custom:scripting/monoscript/fileName/PostProcessVolumeEditor.cs: 7aae71821512dcac422c45dc773293c3 -> 
  custom:scripting/monoscript/fileName/ChromaticAberration.cs: 4d59e57f8324f5f986e16678ed451410 -> 
  custom:scripting/monoscript/fileName/VignetteEditor.cs: 345736fc911c5e8ab23e579751a40e4a -> 
  custom:scripting/monoscript/fileName/Styling.cs: d1c4aa14ff93670753edfbb93fc91bfe -> 
  custom:scripting/monoscript/fileName/PostProcessEffectRendererExtensions.cs: e953624d113e7e1739c702512603957d -> 
  custom:scripting/monoscript/fileName/ScalableAO.cs: 2f29d71d59b754086c809cfee1cdce34 -> 
  custom:scripting/monoscript/fileName/PostProcessLayerEditor.cs: d16de665ece05cd6e27dcc8d7bac4b9a -> 
  custom:scripting/monoscript/fileName/MinMaxAttribute.cs: a4b6ac8a4377612c7135a60f905792f1 -> 
  custom:scripting/monoscript/fileName/SubpixelMorphologicalAntialiasing.cs: 02dcb8839824addec278047da0509aea -> 
  custom:scripting/monoscript/fileName/BaseEditor.cs: 90647cc400823b41df847a6cbfc29026 -> 
  custom:container-muxer-webm: aa71ff27fc2769a1b78a27578f13a17b -> 
  custom:video-decoder-webm-vp8: 9c59270c3fd7afecdb556c50c9e8de78 -> 
  custom:SearchIndexIgnoredProperties: e643bd26f0fe6173181afceb89e7c659 -> 
  custom:scripting/monoscript/fileName/ChromaticAberrationEditor.cs: 3043bf57519b71f64b7a6de970c2487b -> 
  custom:scripting/monoscript/fileName/PostProcessEffectRenderer.cs: 577c5acf8157ecea944bb95c8c6d9a95 -> 
  custom:AudioImporter_EditorPlatform: d09bf68614088b80899f8185d706f6e7 -> 
  custom:scripting/monoscript/fileName/TextureFormatUtilities.cs: ba58c57cfaabc0f8201a9ca6902fcb23 -> 
  custom:scripting/monoscript/fileName/PostProcessVolume.cs: 3883cef4be0567c54caf457a416a2095 -> 
  custom:scripting/monoscript/fileName/LightMeterMonitor.cs: a897ae0c731cb153281aea9ecd0efb03 -> 
  custom:scripting/monoscript/fileName/ColorGradingEditor.cs: 25838050e3e1f12ef51713a5dcf60349 -> 
  custom:scripting/monoscript/fileName/AttributeDecorator.cs: 39b465f08cd0a5df82fc2ef70b766ca2 -> 
  custom:scripting/monoscript/fileName/AutoExposureEditor.cs: dfd15824649ea346b717bc72a871d75b -> 
  custom:scripting/monoscript/fileName/LensDistortion.cs: b7963bb1da21ba484a7b59b9f6ea3aec -> 
  custom:scripting/monoscript/fileName/ResourceAssetFactory.cs: bf6acc988648d854bb3c5751325d0d0a -> 
  custom:scripting/monoscript/fileName/PostProcessProfileEditor.cs: 1dcd55858a4126cb33b0f2de53c74fbe -> 
  custom:scripting/monoscript/fileName/Skybox.cs: c122ade9e2d3a916264f47a45be02789 -> 
  custom:scripting/monoscript/fileName/PostProcessDebug.cs: a653e9b773649e7452b035b4ce1dae82 -> 
  custom:scripting/monoscript/fileName/PostProcessAttribute.cs: e125947bf72ce7382f3b16f75797c897 -> 
  custom:scripting/monoscript/fileName/Grain.cs: 43f09a87a88d9937fbb9c4dbf3d5508e -> 
  custom:scripting/monoscript/fileName/HistogramMonitor.cs: 6fd024409d6e9db8d4c2c4e26430c2ad -> 
  custom:scripting/monoscript/fileName/PostProcessProfile.cs: f6dc030e2e953b2ed0eca334cce5d5cf -> 
  custom:scripting/monoscript/fileName/ProfileFactory.cs: f835845dfebfed501813f60a1cb006a3 -> 
  custom:scripting/monoscript/fileName/PostProcessEffectEditor.cs: 90647cc400823b41df847a6cbfc29026 -> 
  custom:scripting/monoscript/fileName/CubeLutAssetImporter.cs: 5e94ca4c74dad11cc8880f33d0ba9efb -> 
  custom:scripting/monoscript/fileName/PostProcessBundle.cs: f610f855c8ae8b896b5084e85ede373e -> 
  custom:scripting/monoscript/fileName/ScreenSpaceReflectionsEditor.cs: 59c13ba25de6098e70bafe8be94f609a -> 
  custom:video-encoder-webm-vp8: eb34c28f22e8b96e1ab97ce403110664 -> 
  custom:scripting/monoscript/fileName/RuntimeUtilities.cs: 76964d36e50cc48cfa29643bdde8d9a5 -> 
  custom:scripting/monoscript/fileName/Bloom.cs: 6f6d579a64201b97313a62a1e91b3575 -> 
  custom:audio-decoder-ogg-vorbis: bf7c407c2cedff20999df2af8eb42d56 -> 
  custom:scripting/monoscript/fileName/Fade.cs: 61320f8e17687c119db9aa01d877447f -> 
  custom:scripting/monoscript/fileName/AutoExposure.cs: 0e7c21b17f53209ee8c5c61ab59d7835 -> 
  custom:scripting/monoscript/fileName/VectorscopeMonitor.cs: cb70c6437b976f01b752cd219cc47f32 -> 
  custom:scripting/monoscript/fileName/PropertySheetFactory.cs: cfc4667cc03e44252fafe18d99f24b25 -> 
  custom:scripting/monoscript/fileName/EditorUtilities.cs: 53a52fb113757c42f9c516115bd845ca -> 
  custom:scripting/monoscript/fileName/HaltonSeq.cs: a7590e55d6fae5328a1c395a2473d0cf -> 
  custom:scripting/monoscript/fileName/MinAttribute.cs: a3e7473301291585f4cca024ce307406 -> 
  custom:scripting/monoscript/fileName/DepthOfField.cs: d62178d8b5619f59fcdd6d24617ef5fd -> 
  custom:scripting/monoscript/fileName/BloomEditor.cs: c341bb26b40744c3a5c2a142ac3e1051 -> 
  custom:scripting/monoscript/fileName/WaveformMonitor.cs: 609651ee3f98f206575f684e9cce655d -> 
  custom:scripting/monoscript/fileName/HableCurve.cs: f244b24d6e7c556a2de06e25b0bbf4c1 -> 
  custom:audio-encoder-webm-vorbis: bf7c407c2cedff20999df2af8eb42d56 -> 
  custom:scripting/monoscript/fileName/PropertySheet.cs: e6bb03169eca9d33ea794a47ad6ce213 -> 
  custom:scripting/monoscript/fileName/TargetPool.cs: 6d29560228134c933c12fb1c113fb6ef -> 
  custom:scripting/monoscript/fileName/LogHistogram.cs: bab913d888834a1a8572eb834acec97c -> 
  custom:scripting/monoscript/fileName/ScreenSpaceReflections.cs: 8afa07200328ddfcb2536d4180c62536 -> 
  custom:scripting/precompiled-assembly-types:Assembly-CSharp: d6fe0ff31029f2d2cc0617ccb9ee00f5 -> b5609ffa9375a1719a4b9b879c420584
  custom:scripting/monoscript/fileName/CurveEditor.cs: f5e872b2a5a6427a1785818cb10d95d1 -> 
  custom:scripting/monoscript/fileName/PostProcessResources.cs: 5089c17a701ba9b714a1f3d25fb9a9b0 -> 
  custom:scripting/monoscript/fileName/EffectListEditor.cs: 1ecdb4094d9e64024d6eb7725a86197b -> 
========================================================================
Received Prepare
Caller must complete domain reload
Begin MonoManager ReloadAssembly
- Loaded All Assemblies, in  0.731 seconds
Native extension for WindowsStandalone target not found
Native extension for WebGL target not found
Mono: successfully reloaded assembly
- Finished resetting the current domain, in  1.562 seconds
Domain Reload Profiling: 2286ms
	BeginReloadAssembly (227ms)
		ExecutionOrderSort (0ms)
		DisableScriptedObjects (8ms)
		BackupInstance (0ms)
		ReleaseScriptingObjects (0ms)
		CreateAndSetChildDomain (35ms)
	RebuildCommonClasses (47ms)
	RebuildNativeTypeToScriptingClass (16ms)
	initialDomainReloadingComplete (53ms)
	LoadAllAssembliesAndSetupDomain (380ms)
		LoadAssemblies (480ms)
		RebuildTransferFunctionScriptingTraits (0ms)
		AnalyzeDomain (36ms)
			TypeCache.Refresh (11ms)
				TypeCache.ScanAssembly (0ms)
			ScanForSourceGeneratedMonoScriptInfo (13ms)
			ResolveRequiredComponents (8ms)
	FinalizeReload (1563ms)
		ReleaseScriptCaches (0ms)
		RebuildScriptCaches (0ms)
		SetupLoadedEditorAssemblies (418ms)
			LogAssemblyErrors (0ms)
			InitializePlatformSupportModulesInManaged (14ms)
			SetLoadedEditorAssemblies (4ms)
			RefreshPlugins (0ms)
			BeforeProcessingInitializeOnLoad (104ms)
			ProcessInitializeOnLoadAttributes (270ms)
			ProcessInitializeOnLoadMethodAttributes (17ms)
			AfterProcessingInitializeOnLoad (8ms)
			EditorAssembliesLoaded (0ms)
		ExecutionOrderSort2 (0ms)
		AwakeInstancesAfterBackupRestoration (7ms)
Refreshing native plugins compatible for Editor in 5.07 ms, found 3 plugins.
Preloading 0 native plugins for Editor in 0.00 ms.
Unloading 3253 Unused Serialized files (Serialized files now loaded: 0)
Unloading 53 unused Assets / (3.9 MB). Loaded Objects now: 3860.
Memory consumption went from 220.4 MB to 216.5 MB.
Total: 4.553900 ms (FindLiveObjects: 0.250800 ms CreateObjectMapping: 0.158300 ms MarkObjects: 2.978400 ms  DeleteObjects: 1.164700 ms)

Prepare: number of updated asset objects reloaded= 0
AssetImportParameters requested are different than current active one (requested -> active):
  custom:scripting/monoscript/fileName/Decorators.cs: 4533f6715dc3f8cdabbd37ff77d1dad7 -> 
  custom:scripting/monoscript/fileName/GlobalSettings.cs: e5eb35b80bdfaee4ead1e1630fd77998 -> 
  custom:scripting/monoscript/fileName/PostProcessEffectBaseEditor.cs: 972bdf00f442be0d879dcb6868e25c8e -> 
  custom:scripting/monoscript/fileName/PostProcessRenderContext.cs: 9e034c8bf7d42a1d6c2d4339915eccb0 -> 
  custom:scripting/monoscript/fileName/MainMenu.cs: c093076ba5753d7bec74a8a751ffb653 -> 
  custom:scripting/monoscript/fileName/Spline.cs: 7876820de12ed89d33ad838af99a030e -> 
  custom:scripting/monoscript/fileName/ColorGrading.cs: ef67493fb3cf9676ba5f25862510a595 -> 
  custom:scripting/monoscript/fileName/Monitor.cs: e0eb5d32b3aade2e0ce8680b00ac2b78 -> 
  custom:scripting/precompiled-assembly-types:Unity.Postprocessing.Runtime: 655cd018e42ac91ed9a03cfbdae17956 -> 
  custom:scripting/monoscript/fileName/TemporalAntialiasing.cs: 71e40fdab49d34f4e07f83936454d904 -> 
  custom:container-demuxer-ogg: 62fdf1f143b41e24485cea50d1cbac27 -> 
  custom:scripting/monoscript/fileName/AmbientOcclusion.cs: 7a27923f9312611f0b2898a72e3ee96a -> 
  custom:scripting/monoscript/fileName/PostProcessDebugLayer.cs: 6d8a99809398beddf11f92dfbb0e6ad4 -> 
  custom:scripting/monoscript/fileName/ColorUtilities.cs: 47918ebfa890b947a816b80444ee2882 -> 
  custom:scripting/monoscript/fileName/ParameterOverride.cs: 5475497db741ca919df708e5019e593d -> 
  custom:scripting/monoscript/fileName/TextureLerper.cs: 973e800795f77d61d647ea0c3f0cf284 -> 
  custom:scripting/precompiled-assembly-types:Unity.Postprocessing.Editor: 23b49e25b965492466cd147d7735360a -> 
  custom:scripting/monoscript/fileName/Vignette.cs: e0b99ac31b7575ef776e7be56647abb0 -> 
  custom:scripting/monoscript/fileName/DepthOfFieldEditor.cs: 64cce655bf722c851048e2ebbf401a7b -> 
  custom:scripting/monoscript/fileName/DefaultPostProcessEffectEditor.cs: 06a1d8fcea7725e08b95f21cc15fd0a1 -> 
  custom:scripting/monoscript/fileName/PostProcessLayer.cs: aa288976158dcd4c24041d5304f25d07 -> 
  custom:scripting/monoscript/fileName/MaxAttribute.cs: d661645ab8c724f24b3e19978e87b44c -> 
  custom:scripting/monoscript/fileName/PostProcessDebugEditor.cs: 1a0488d8742bf880cc7334e53e2cc73d -> 
  custom:video-decoder-ogg-theora: a1e56fd34408186e4bbccfd4996cb3dc -> 
  custom:scripting/monoscript/fileName/SerializedParameterOverride.cs: 5e4deaf96895d013d32a8e84ec179f8e -> 
  custom:scripting/monoscript/fileName/MeshUtilities.cs: dc5356b699afd34cf9728f4d65b476a0 -> 
  custom:scripting/monoscript/fileName/AmbientOcclusionEditor.cs: 61e5422c29b8f52188d508eb7d382167 -> 
  custom:scripting/monoscript/fileName/FastApproximateAntialiasing.cs: bf5588b2deec2689a812a7d2eacd9bd5 -> 
  custom:scripting/monoscript/fileName/MotionBlur.cs: 823914e335803785a19e5990c6ab2911 -> 
  custom:scripting/monoscript/fileName/DefineSetter.cs: 292ba08e52064b1a72f8d4bb04301dd3 -> 
  custom:framework-win-MediaFoundation: 216162199b28c13a410421893ffa2e32 -> 
  custom:scripting/monoscript/fileName/ShaderIDs.cs: 96024f1f873475da65a783f1404f9117 -> 
  custom:scripting/monoscript/fileName/PostProcessEditorAttribute.cs: 672a58b4d5bab60112487a31c361c481 -> 
  custom:scripting/monoscript/fileName/LensDistortionEditor.cs: dee045d29944d55e8040435a58a7ce90 -> 
  custom:scripting/monoscript/fileName/MotionBlurEditor.cs: 3bd8d3e7e9a7ea94beb2e5517b62d27b -> 
  custom:scripting/monoscript/fileName/Dithering.cs: 3014fffaa718d0ad6dd2c7bb7956ed46 -> 
  custom:scripting/monoscript/fileName/DecoratorAttribute.cs: be5bd39119e1a41ea1a019fdb3818a3f -> 
  custom:scripting/monoscript/fileName/DisplayNameAttribute.cs: 935a6ac504eb8a852fba40cbcae9292c -> 
  custom:scripting/monoscript/fileName/PostProcessEffectSettings.cs: 2ab9d33170e863b1a9c8a9079cdd12aa -> 
  custom:scripting/monoscript/fileName/Fog.cs: 07e271953e2bcf8513b6a72a2737e767 -> 
  custom:scripting/monoscript/fileName/PostProcessManager.cs: 28ef7780d543a8111635e1f5051383d0 -> 
  custom:scripting/monoscript/fileName/VolumeFactory.cs: cc77136700c9e1ff894d234886ccb852 -> 
  custom:CustomObjectIndexerAttribute: 9a22284fe3817be447336de3de66b15e -> 
  custom:scripting/monoscript/fileName/PostProcessEvent.cs: 8fb6e54ff2cf1a8be7ecdd01fbdd78f8 -> 
  custom:scripting/monoscript/fileName/TrackballAttribute.cs: 8dea8f77de7bd03137cc578af1ea6656 -> 
  custom:scripting/monoscript/fileName/TrackballDecorator.cs: 6a2b6c747937d12d8d81be8f5b21fbd2 -> 
  custom:scripting/monoscript/fileName/MultiScaleVO.cs: d4c4732956ffb536e016475d75f04c43 -> 
  custom:scripting/monoscript/fileName/CubeLutAssetFactory.cs: db1961888d7cabf6be94b37e3b663de4 -> 
  custom:container-demuxer-webm: 4f35f7cbe854078d1ac9338744f61a02 -> 
  custom:scripting/monoscript/fileName/PostProcessVolumeEditor.cs: 7aae71821512dcac422c45dc773293c3 -> 
  custom:scripting/monoscript/fileName/ChromaticAberration.cs: 4d59e57f8324f5f986e16678ed451410 -> 
  custom:scripting/monoscript/fileName/VignetteEditor.cs: 345736fc911c5e8ab23e579751a40e4a -> 
  custom:scripting/monoscript/fileName/Styling.cs: d1c4aa14ff93670753edfbb93fc91bfe -> 
  custom:scripting/monoscript/fileName/PostProcessEffectRendererExtensions.cs: e953624d113e7e1739c702512603957d -> 
  custom:scripting/monoscript/fileName/ScalableAO.cs: 2f29d71d59b754086c809cfee1cdce34 -> 
  custom:scripting/monoscript/fileName/PostProcessLayerEditor.cs: d16de665ece05cd6e27dcc8d7bac4b9a -> 
  custom:scripting/monoscript/fileName/MinMaxAttribute.cs: a4b6ac8a4377612c7135a60f905792f1 -> 
  custom:scripting/monoscript/fileName/SubpixelMorphologicalAntialiasing.cs: 02dcb8839824addec278047da0509aea -> 
  custom:scripting/monoscript/fileName/BaseEditor.cs: 90647cc400823b41df847a6cbfc29026 -> 
  custom:container-muxer-webm: aa71ff27fc2769a1b78a27578f13a17b -> 
  custom:video-decoder-webm-vp8: 9c59270c3fd7afecdb556c50c9e8de78 -> 
  custom:SearchIndexIgnoredProperties: e643bd26f0fe6173181afceb89e7c659 -> 
  custom:scripting/monoscript/fileName/ChromaticAberrationEditor.cs: 3043bf57519b71f64b7a6de970c2487b -> 
  custom:scripting/monoscript/fileName/PostProcessEffectRenderer.cs: 577c5acf8157ecea944bb95c8c6d9a95 -> 
  custom:AudioImporter_EditorPlatform: d09bf68614088b80899f8185d706f6e7 -> 
  custom:scripting/monoscript/fileName/TextureFormatUtilities.cs: ba58c57cfaabc0f8201a9ca6902fcb23 -> 
  custom:scripting/monoscript/fileName/PostProcessVolume.cs: 3883cef4be0567c54caf457a416a2095 -> 
  custom:scripting/monoscript/fileName/LightMeterMonitor.cs: a897ae0c731cb153281aea9ecd0efb03 -> 
  custom:scripting/monoscript/fileName/ColorGradingEditor.cs: 25838050e3e1f12ef51713a5dcf60349 -> 
  custom:scripting/monoscript/fileName/AttributeDecorator.cs: 39b465f08cd0a5df82fc2ef70b766ca2 -> 
  custom:scripting/monoscript/fileName/AutoExposureEditor.cs: dfd15824649ea346b717bc72a871d75b -> 
  custom:scripting/monoscript/fileName/LensDistortion.cs: b7963bb1da21ba484a7b59b9f6ea3aec -> 
  custom:scripting/monoscript/fileName/ResourceAssetFactory.cs: bf6acc988648d854bb3c5751325d0d0a -> 
  custom:scripting/monoscript/fileName/PostProcessProfileEditor.cs: 1dcd55858a4126cb33b0f2de53c74fbe -> 
  custom:scripting/monoscript/fileName/Skybox.cs: c122ade9e2d3a916264f47a45be02789 -> 
  custom:scripting/monoscript/fileName/PostProcessDebug.cs: a653e9b773649e7452b035b4ce1dae82 -> 
  custom:scripting/monoscript/fileName/PostProcessAttribute.cs: e125947bf72ce7382f3b16f75797c897 -> 
  custom:scripting/monoscript/fileName/Grain.cs: 43f09a87a88d9937fbb9c4dbf3d5508e -> 
  custom:scripting/monoscript/fileName/HistogramMonitor.cs: 6fd024409d6e9db8d4c2c4e26430c2ad -> 
  custom:scripting/monoscript/fileName/PostProcessProfile.cs: f6dc030e2e953b2ed0eca334cce5d5cf -> 
  custom:scripting/monoscript/fileName/ProfileFactory.cs: f835845dfebfed501813f60a1cb006a3 -> 
  custom:scripting/monoscript/fileName/PostProcessEffectEditor.cs: 90647cc400823b41df847a6cbfc29026 -> 
  custom:scripting/monoscript/fileName/CubeLutAssetImporter.cs: 5e94ca4c74dad11cc8880f33d0ba9efb -> 
  custom:scripting/monoscript/fileName/PostProcessBundle.cs: f610f855c8ae8b896b5084e85ede373e -> 
  custom:scripting/monoscript/fileName/ScreenSpaceReflectionsEditor.cs: 59c13ba25de6098e70bafe8be94f609a -> 
  custom:video-encoder-webm-vp8: eb34c28f22e8b96e1ab97ce403110664 -> 
  custom:scripting/monoscript/fileName/RuntimeUtilities.cs: 76964d36e50cc48cfa29643bdde8d9a5 -> 
  custom:scripting/monoscript/fileName/Bloom.cs: 6f6d579a64201b97313a62a1e91b3575 -> 
  custom:audio-decoder-ogg-vorbis: bf7c407c2cedff20999df2af8eb42d56 -> 
  custom:scripting/monoscript/fileName/Fade.cs: 61320f8e17687c119db9aa01d877447f -> 
  custom:scripting/monoscript/fileName/AutoExposure.cs: 0e7c21b17f53209ee8c5c61ab59d7835 -> 
  custom:scripting/monoscript/fileName/VectorscopeMonitor.cs: cb70c6437b976f01b752cd219cc47f32 -> 
  custom:scripting/monoscript/fileName/PropertySheetFactory.cs: cfc4667cc03e44252fafe18d99f24b25 -> 
  custom:scripting/monoscript/fileName/EditorUtilities.cs: 53a52fb113757c42f9c516115bd845ca -> 
  custom:scripting/monoscript/fileName/HaltonSeq.cs: a7590e55d6fae5328a1c395a2473d0cf -> 
  custom:scripting/monoscript/fileName/MinAttribute.cs: a3e7473301291585f4cca024ce307406 -> 
  custom:scripting/monoscript/fileName/DepthOfField.cs: d62178d8b5619f59fcdd6d24617ef5fd -> 
  custom:scripting/monoscript/fileName/BloomEditor.cs: c341bb26b40744c3a5c2a142ac3e1051 -> 
  custom:scripting/monoscript/fileName/WaveformMonitor.cs: 609651ee3f98f206575f684e9cce655d -> 
  custom:scripting/monoscript/fileName/HableCurve.cs: f244b24d6e7c556a2de06e25b0bbf4c1 -> 
  custom:audio-encoder-webm-vorbis: bf7c407c2cedff20999df2af8eb42d56 -> 
  custom:scripting/monoscript/fileName/PropertySheet.cs: e6bb03169eca9d33ea794a47ad6ce213 -> 
  custom:scripting/monoscript/fileName/TargetPool.cs: 6d29560228134c933c12fb1c113fb6ef -> 
  custom:scripting/monoscript/fileName/LogHistogram.cs: bab913d888834a1a8572eb834acec97c -> 
  custom:scripting/monoscript/fileName/ScreenSpaceReflections.cs: 8afa07200328ddfcb2536d4180c62536 -> 
  custom:scripting/precompiled-assembly-types:Assembly-CSharp: d6fe0ff31029f2d2cc0617ccb9ee00f5 -> b5609ffa9375a1719a4b9b879c420584
  custom:scripting/monoscript/fileName/CurveEditor.cs: f5e872b2a5a6427a1785818cb10d95d1 -> 
  custom:scripting/monoscript/fileName/PostProcessResources.cs: 5089c17a701ba9b714a1f3d25fb9a9b0 -> 
  custom:scripting/monoscript/fileName/EffectListEditor.cs: 1ecdb4094d9e64024d6eb7725a86197b -> 
========================================================================
Received Import Request.
  Time since last request: 214.772991 seconds.
  path: Assets/Main Menu/Camera anims/Fade.anim
  artifactKey: Guid(715195895c095d242891b8a0fb98098d) Importer(815301076,1909f56bfc062723c751e8b465ee728b)
Start importing Assets/Main Menu/Camera anims/Fade.anim using Guid(715195895c095d242891b8a0fb98098d) Importer(815301076,1909f56bfc062723c751e8b465ee728b) [PhysX] Initialized MultithreadedTaskDispatcher with 12 workers.
 -> (artifact id: '9d5a2cede592cee4a4f4293230f31945') in 0.011056 seconds
Number of updated asset objects reloaded before import = 0
Number of asset objects unloaded after import = 1
========================================================================
Received Import Request.
  Time since last request: 16.280933 seconds.
  path: Assets/Main Menu/Camera anims/camera.controller
  artifactKey: Guid(98b51108e5b111f47a1bc26bdd6e8c63) Importer(815301076,1909f56bfc062723c751e8b465ee728b)
Start importing Assets/Main Menu/Camera anims/camera.controller using Guid(98b51108e5b111f47a1bc26bdd6e8c63) Importer(815301076,1909f56bfc062723c751e8b465ee728b) [PhysX] Initialized MultithreadedTaskDispatcher with 12 workers.
 -> (artifact id: 'c43085ac7de3d4439ef782888697044b') in 0.003596 seconds
Number of updated asset objects reloaded before import = 0
Number of asset objects unloaded after import = 4
========================================================================
Received Import Request.
  Time since last request: 3.275026 seconds.
  path: Assets/Main Menu/Camera anims/Fade.anim
  artifactKey: Guid(715195895c095d242891b8a0fb98098d) Importer(815301076,1909f56bfc062723c751e8b465ee728b)
Start importing Assets/Main Menu/Camera anims/Fade.anim using Guid(715195895c095d242891b8a0fb98098d) Importer(815301076,1909f56bfc062723c751e8b465ee728b) [PhysX] Initialized MultithreadedTaskDispatcher with 12 workers.
 -> (artifact id: '1f76ffb28d8b3bd4cc2c1d899de4463f') in 0.001742 seconds
Number of updated asset objects reloaded before import = 0
Number of asset objects unloaded after import = 1
========================================================================
Received Import Request.
  Time since last request: 23.100477 seconds.
  path: Assets/Main Menu/Camera anims/Fade.controller
  artifactKey: Guid(db26729a0d006924d96da5b874922b7e) Importer(815301076,1909f56bfc062723c751e8b465ee728b)
Start importing Assets/Main Menu/Camera anims/Fade.controller using Guid(db26729a0d006924d96da5b874922b7e) Importer(815301076,1909f56bfc062723c751e8b465ee728b) [PhysX] Initialized MultithreadedTaskDispatcher with 12 workers.
 -> (artifact id: '94dd6d22aec9d916daa07e1b6a1d3905') in 0.001117 seconds
Number of updated asset objects reloaded before import = 0
Number of asset objects unloaded after import = 1
========================================================================
Received Prepare
Caller must complete domain reload
Begin MonoManager ReloadAssembly
- Loaded All Assemblies, in  0.752 seconds
Native extension for WindowsStandalone target not found
Native extension for WebGL target not found
Mono: successfully reloaded assembly
- Finished resetting the current domain, in  1.310 seconds
Domain Reload Profiling: 2054ms
	BeginReloadAssembly (231ms)
		ExecutionOrderSort (0ms)
		DisableScriptedObjects (9ms)
		BackupInstance (0ms)
		ReleaseScriptingObjects (0ms)
		CreateAndSetChildDomain (37ms)
	RebuildCommonClasses (48ms)
	RebuildNativeTypeToScriptingClass (16ms)
	initialDomainReloadingComplete (53ms)
	LoadAllAssembliesAndSetupDomain (395ms)
		LoadAssemblies (494ms)
		RebuildTransferFunctionScriptingTraits (0ms)
		AnalyzeDomain (35ms)
			TypeCache.Refresh (13ms)
				TypeCache.ScanAssembly (0ms)
			ScanForSourceGeneratedMonoScriptInfo (10ms)
			ResolveRequiredComponents (8ms)
	FinalizeReload (1311ms)
		ReleaseScriptCaches (0ms)
		RebuildScriptCaches (0ms)
		SetupLoadedEditorAssemblies (344ms)
			LogAssemblyErrors (0ms)
			InitializePlatformSupportModulesInManaged (7ms)
			SetLoadedEditorAssemblies (2ms)
			RefreshPlugins (0ms)
			BeforeProcessingInitializeOnLoad (55ms)
			ProcessInitializeOnLoadAttributes (254ms)
			ProcessInitializeOnLoadMethodAttributes (19ms)
			AfterProcessingInitializeOnLoad (7ms)
			EditorAssembliesLoaded (0ms)
		ExecutionOrderSort2 (0ms)
		AwakeInstancesAfterBackupRestoration (7ms)
Refreshing native plugins compatible for Editor in 5.59 ms, found 3 plugins.
Preloading 0 native plugins for Editor in 0.00 ms.
Unloading 3252 Unused Serialized files (Serialized files now loaded: 0)
Unloading 53 unused Assets / (4.0 MB). Loaded Objects now: 3863.
Memory consumption went from 220.2 MB to 216.2 MB.
Total: 4.831800 ms (FindLiveObjects: 0.285800 ms CreateObjectMapping: 0.171400 ms MarkObjects: 2.874600 ms  DeleteObjects: 1.498300 ms)

Prepare: number of updated asset objects reloaded= 0
AssetImportParameters requested are different than current active one (requested -> active):
  custom:scripting/monoscript/fileName/Decorators.cs: 4533f6715dc3f8cdabbd37ff77d1dad7 -> 
  custom:scripting/monoscript/fileName/GlobalSettings.cs: e5eb35b80bdfaee4ead1e1630fd77998 -> 
  custom:scripting/monoscript/fileName/PostProcessEffectBaseEditor.cs: 972bdf00f442be0d879dcb6868e25c8e -> 
  custom:scripting/monoscript/fileName/PostProcessRenderContext.cs: 9e034c8bf7d42a1d6c2d4339915eccb0 -> 
  custom:scripting/monoscript/fileName/MainMenu.cs: c093076ba5753d7bec74a8a751ffb653 -> 
  custom:scripting/monoscript/fileName/Spline.cs: 7876820de12ed89d33ad838af99a030e -> 
  custom:scripting/monoscript/fileName/ColorGrading.cs: ef67493fb3cf9676ba5f25862510a595 -> 
  custom:scripting/monoscript/fileName/Monitor.cs: e0eb5d32b3aade2e0ce8680b00ac2b78 -> 
  custom:scripting/precompiled-assembly-types:Unity.Postprocessing.Runtime: 655cd018e42ac91ed9a03cfbdae17956 -> 
  custom:scripting/monoscript/fileName/TemporalAntialiasing.cs: 71e40fdab49d34f4e07f83936454d904 -> 
  custom:container-demuxer-ogg: 62fdf1f143b41e24485cea50d1cbac27 -> 
  custom:scripting/monoscript/fileName/AmbientOcclusion.cs: 7a27923f9312611f0b2898a72e3ee96a -> 
  custom:scripting/monoscript/fileName/PostProcessDebugLayer.cs: 6d8a99809398beddf11f92dfbb0e6ad4 -> 
  custom:scripting/monoscript/fileName/ColorUtilities.cs: 47918ebfa890b947a816b80444ee2882 -> 
  custom:scripting/monoscript/fileName/ParameterOverride.cs: 5475497db741ca919df708e5019e593d -> 
  custom:scripting/monoscript/fileName/TextureLerper.cs: 973e800795f77d61d647ea0c3f0cf284 -> 
  custom:scripting/precompiled-assembly-types:Unity.Postprocessing.Editor: 23b49e25b965492466cd147d7735360a -> 
  custom:scripting/monoscript/fileName/Vignette.cs: e0b99ac31b7575ef776e7be56647abb0 -> 
  custom:scripting/monoscript/fileName/DepthOfFieldEditor.cs: 64cce655bf722c851048e2ebbf401a7b -> 
  custom:scripting/monoscript/fileName/DefaultPostProcessEffectEditor.cs: 06a1d8fcea7725e08b95f21cc15fd0a1 -> 
  custom:scripting/monoscript/fileName/PostProcessLayer.cs: aa288976158dcd4c24041d5304f25d07 -> 
  custom:scripting/monoscript/fileName/MaxAttribute.cs: d661645ab8c724f24b3e19978e87b44c -> 
  custom:scripting/monoscript/fileName/PostProcessDebugEditor.cs: 1a0488d8742bf880cc7334e53e2cc73d -> 
  custom:video-decoder-ogg-theora: a1e56fd34408186e4bbccfd4996cb3dc -> 
  custom:scripting/monoscript/fileName/SerializedParameterOverride.cs: 5e4deaf96895d013d32a8e84ec179f8e -> 
  custom:scripting/monoscript/fileName/MeshUtilities.cs: dc5356b699afd34cf9728f4d65b476a0 -> 
  custom:scripting/monoscript/fileName/AmbientOcclusionEditor.cs: 61e5422c29b8f52188d508eb7d382167 -> 
  custom:scripting/monoscript/fileName/FastApproximateAntialiasing.cs: bf5588b2deec2689a812a7d2eacd9bd5 -> 
  custom:scripting/monoscript/fileName/MotionBlur.cs: 823914e335803785a19e5990c6ab2911 -> 
  custom:scripting/monoscript/fileName/DefineSetter.cs: 292ba08e52064b1a72f8d4bb04301dd3 -> 
  custom:framework-win-MediaFoundation: 216162199b28c13a410421893ffa2e32 -> 
  custom:scripting/monoscript/fileName/ShaderIDs.cs: 96024f1f873475da65a783f1404f9117 -> 
  custom:scripting/monoscript/fileName/PostProcessEditorAttribute.cs: 672a58b4d5bab60112487a31c361c481 -> 
  custom:scripting/monoscript/fileName/LensDistortionEditor.cs: dee045d29944d55e8040435a58a7ce90 -> 
  custom:scripting/monoscript/fileName/MotionBlurEditor.cs: 3bd8d3e7e9a7ea94beb2e5517b62d27b -> 
  custom:scripting/monoscript/fileName/Dithering.cs: 3014fffaa718d0ad6dd2c7bb7956ed46 -> 
  custom:scripting/monoscript/fileName/DecoratorAttribute.cs: be5bd39119e1a41ea1a019fdb3818a3f -> 
  custom:scripting/monoscript/fileName/DisplayNameAttribute.cs: 935a6ac504eb8a852fba40cbcae9292c -> 
  custom:scripting/monoscript/fileName/PostProcessEffectSettings.cs: 2ab9d33170e863b1a9c8a9079cdd12aa -> 
  custom:scripting/monoscript/fileName/Fog.cs: 07e271953e2bcf8513b6a72a2737e767 -> 
  custom:scripting/monoscript/fileName/PostProcessManager.cs: 28ef7780d543a8111635e1f5051383d0 -> 
  custom:scripting/monoscript/fileName/VolumeFactory.cs: cc77136700c9e1ff894d234886ccb852 -> 
  custom:CustomObjectIndexerAttribute: 9a22284fe3817be447336de3de66b15e -> 
  custom:scripting/monoscript/fileName/PostProcessEvent.cs: 8fb6e54ff2cf1a8be7ecdd01fbdd78f8 -> 
  custom:scripting/monoscript/fileName/TrackballAttribute.cs: 8dea8f77de7bd03137cc578af1ea6656 -> 
  custom:scripting/monoscript/fileName/TrackballDecorator.cs: 6a2b6c747937d12d8d81be8f5b21fbd2 -> 
  custom:scripting/monoscript/fileName/MultiScaleVO.cs: d4c4732956ffb536e016475d75f04c43 -> 
  custom:scripting/monoscript/fileName/CubeLutAssetFactory.cs: db1961888d7cabf6be94b37e3b663de4 -> 
  custom:container-demuxer-webm: 4f35f7cbe854078d1ac9338744f61a02 -> 
  custom:scripting/monoscript/fileName/PostProcessVolumeEditor.cs: 7aae71821512dcac422c45dc773293c3 -> 
  custom:scripting/monoscript/fileName/ChromaticAberration.cs: 4d59e57f8324f5f986e16678ed451410 -> 
  custom:scripting/monoscript/fileName/VignetteEditor.cs: 345736fc911c5e8ab23e579751a40e4a -> 
  custom:scripting/monoscript/fileName/Styling.cs: d1c4aa14ff93670753edfbb93fc91bfe -> 
  custom:scripting/monoscript/fileName/PostProcessEffectRendererExtensions.cs: e953624d113e7e1739c702512603957d -> 
  custom:scripting/monoscript/fileName/ScalableAO.cs: 2f29d71d59b754086c809cfee1cdce34 -> 
  custom:scripting/monoscript/fileName/PostProcessLayerEditor.cs: d16de665ece05cd6e27dcc8d7bac4b9a -> 
  custom:scripting/monoscript/fileName/MinMaxAttribute.cs: a4b6ac8a4377612c7135a60f905792f1 -> 
  custom:scripting/monoscript/fileName/SubpixelMorphologicalAntialiasing.cs: 02dcb8839824addec278047da0509aea -> 
  custom:scripting/monoscript/fileName/BaseEditor.cs: 90647cc400823b41df847a6cbfc29026 -> 
  custom:container-muxer-webm: aa71ff27fc2769a1b78a27578f13a17b -> 
  custom:video-decoder-webm-vp8: 9c59270c3fd7afecdb556c50c9e8de78 -> 
  custom:SearchIndexIgnoredProperties: e643bd26f0fe6173181afceb89e7c659 -> 
  custom:scripting/monoscript/fileName/ChromaticAberrationEditor.cs: 3043bf57519b71f64b7a6de970c2487b -> 
  custom:scripting/monoscript/fileName/PostProcessEffectRenderer.cs: 577c5acf8157ecea944bb95c8c6d9a95 -> 
  custom:AudioImporter_EditorPlatform: d09bf68614088b80899f8185d706f6e7 -> 
  custom:scripting/monoscript/fileName/TextureFormatUtilities.cs: ba58c57cfaabc0f8201a9ca6902fcb23 -> 
  custom:scripting/monoscript/fileName/PostProcessVolume.cs: 3883cef4be0567c54caf457a416a2095 -> 
  custom:scripting/monoscript/fileName/LightMeterMonitor.cs: a897ae0c731cb153281aea9ecd0efb03 -> 
  custom:scripting/monoscript/fileName/ColorGradingEditor.cs: 25838050e3e1f12ef51713a5dcf60349 -> 
  custom:scripting/monoscript/fileName/AttributeDecorator.cs: 39b465f08cd0a5df82fc2ef70b766ca2 -> 
  custom:scripting/monoscript/fileName/AutoExposureEditor.cs: dfd15824649ea346b717bc72a871d75b -> 
  custom:scripting/monoscript/fileName/LensDistortion.cs: b7963bb1da21ba484a7b59b9f6ea3aec -> 
  custom:scripting/monoscript/fileName/ResourceAssetFactory.cs: bf6acc988648d854bb3c5751325d0d0a -> 
  custom:scripting/monoscript/fileName/PostProcessProfileEditor.cs: 1dcd55858a4126cb33b0f2de53c74fbe -> 
  custom:scripting/monoscript/fileName/Skybox.cs: c122ade9e2d3a916264f47a45be02789 -> 
  custom:scripting/monoscript/fileName/PostProcessDebug.cs: a653e9b773649e7452b035b4ce1dae82 -> 
  custom:scripting/monoscript/fileName/PostProcessAttribute.cs: e125947bf72ce7382f3b16f75797c897 -> 
  custom:scripting/monoscript/fileName/Grain.cs: 43f09a87a88d9937fbb9c4dbf3d5508e -> 
  custom:scripting/monoscript/fileName/HistogramMonitor.cs: 6fd024409d6e9db8d4c2c4e26430c2ad -> 
  custom:scripting/monoscript/fileName/PostProcessProfile.cs: f6dc030e2e953b2ed0eca334cce5d5cf -> 
  custom:scripting/monoscript/fileName/ProfileFactory.cs: f835845dfebfed501813f60a1cb006a3 -> 
  custom:scripting/monoscript/fileName/PostProcessEffectEditor.cs: 90647cc400823b41df847a6cbfc29026 -> 
  custom:scripting/monoscript/fileName/CubeLutAssetImporter.cs: 5e94ca4c74dad11cc8880f33d0ba9efb -> 
  custom:scripting/monoscript/fileName/PostProcessBundle.cs: f610f855c8ae8b896b5084e85ede373e -> 
  custom:scripting/monoscript/fileName/ScreenSpaceReflectionsEditor.cs: 59c13ba25de6098e70bafe8be94f609a -> 
  custom:video-encoder-webm-vp8: eb34c28f22e8b96e1ab97ce403110664 -> 
  custom:scripting/monoscript/fileName/RuntimeUtilities.cs: 76964d36e50cc48cfa29643bdde8d9a5 -> 
  custom:scripting/monoscript/fileName/Bloom.cs: 6f6d579a64201b97313a62a1e91b3575 -> 
  custom:audio-decoder-ogg-vorbis: bf7c407c2cedff20999df2af8eb42d56 -> 
  custom:scripting/monoscript/fileName/Fade.cs: 61320f8e17687c119db9aa01d877447f -> 
  custom:scripting/monoscript/fileName/AutoExposure.cs: 0e7c21b17f53209ee8c5c61ab59d7835 -> 
  custom:scripting/monoscript/fileName/VectorscopeMonitor.cs: cb70c6437b976f01b752cd219cc47f32 -> 
  custom:scripting/monoscript/fileName/PropertySheetFactory.cs: cfc4667cc03e44252fafe18d99f24b25 -> 
  custom:scripting/monoscript/fileName/EditorUtilities.cs: 53a52fb113757c42f9c516115bd845ca -> 
  custom:scripting/monoscript/fileName/HaltonSeq.cs: a7590e55d6fae5328a1c395a2473d0cf -> 
  custom:scripting/monoscript/fileName/MinAttribute.cs: a3e7473301291585f4cca024ce307406 -> 
  custom:scripting/monoscript/fileName/DepthOfField.cs: d62178d8b5619f59fcdd6d24617ef5fd -> 
  custom:scripting/monoscript/fileName/BloomEditor.cs: c341bb26b40744c3a5c2a142ac3e1051 -> 
  custom:scripting/monoscript/fileName/WaveformMonitor.cs: 609651ee3f98f206575f684e9cce655d -> 
  custom:scripting/monoscript/fileName/HableCurve.cs: f244b24d6e7c556a2de06e25b0bbf4c1 -> 
  custom:audio-encoder-webm-vorbis: bf7c407c2cedff20999df2af8eb42d56 -> 
  custom:scripting/monoscript/fileName/PropertySheet.cs: e6bb03169eca9d33ea794a47ad6ce213 -> 
  custom:scripting/monoscript/fileName/TargetPool.cs: 6d29560228134c933c12fb1c113fb6ef -> 
  custom:scripting/monoscript/fileName/LogHistogram.cs: bab913d888834a1a8572eb834acec97c -> 
  custom:scripting/monoscript/fileName/ScreenSpaceReflections.cs: 8afa07200328ddfcb2536d4180c62536 -> 
  custom:scripting/precompiled-assembly-types:Assembly-CSharp: d6fe0ff31029f2d2cc0617ccb9ee00f5 -> b5609ffa9375a1719a4b9b879c420584
  custom:scripting/monoscript/fileName/CurveEditor.cs: f5e872b2a5a6427a1785818cb10d95d1 -> 
  custom:scripting/monoscript/fileName/PostProcessResources.cs: 5089c17a701ba9b714a1f3d25fb9a9b0 -> 
  custom:scripting/monoscript/fileName/EffectListEditor.cs: 1ecdb4094d9e64024d6eb7725a86197b -> 
========================================================================
Received Prepare
Caller must complete domain reload
Begin MonoManager ReloadAssembly
- Loaded All Assemblies, in  0.425 seconds
Native extension for WindowsStandalone target not found
Native extension for WebGL target not found
Mono: successfully reloaded assembly
- Finished resetting the current domain, in  0.767 seconds
Domain Reload Profiling: 1189ms
	BeginReloadAssembly (142ms)
		ExecutionOrderSort (0ms)
		DisableScriptedObjects (4ms)
		BackupInstance (0ms)
		ReleaseScriptingObjects (0ms)
		CreateAndSetChildDomain (27ms)
	RebuildCommonClasses (29ms)
	RebuildNativeTypeToScriptingClass (8ms)
	initialDomainReloadingComplete (31ms)
	LoadAllAssembliesAndSetupDomain (211ms)
		LoadAssemblies (268ms)
		RebuildTransferFunctionScriptingTraits (0ms)
		AnalyzeDomain (24ms)
			TypeCache.Refresh (8ms)
				TypeCache.ScanAssembly (0ms)
			ScanForSourceGeneratedMonoScriptInfo (9ms)
			ResolveRequiredComponents (5ms)
	FinalizeReload (767ms)
		ReleaseScriptCaches (0ms)
		RebuildScriptCaches (0ms)
		SetupLoadedEditorAssemblies (312ms)
			LogAssemblyErrors (0ms)
			InitializePlatformSupportModulesInManaged (6ms)
			SetLoadedEditorAssemblies (2ms)
			RefreshPlugins (0ms)
			BeforeProcessingInitializeOnLoad (50ms)
			ProcessInitializeOnLoadAttributes (231ms)
			ProcessInitializeOnLoadMethodAttributes (16ms)
			AfterProcessingInitializeOnLoad (7ms)
			EditorAssembliesLoaded (0ms)
		ExecutionOrderSort2 (0ms)
		AwakeInstancesAfterBackupRestoration (6ms)
Refreshing native plugins compatible for Editor in 4.48 ms, found 3 plugins.
Preloading 0 native plugins for Editor in 0.00 ms.
Unloading 3253 Unused Serialized files (Serialized files now loaded: 0)
Unloading 53 unused Assets / (4.0 MB). Loaded Objects now: 3866.
Memory consumption went from 220.4 MB to 216.5 MB.
Total: 4.276900 ms (FindLiveObjects: 0.260700 ms CreateObjectMapping: 0.150400 ms MarkObjects: 2.674300 ms  DeleteObjects: 1.189900 ms)

Prepare: number of updated asset objects reloaded= 0
AssetImportParameters requested are different than current active one (requested -> active):
  custom:scripting/monoscript/fileName/Decorators.cs: 4533f6715dc3f8cdabbd37ff77d1dad7 -> 
  custom:scripting/monoscript/fileName/GlobalSettings.cs: e5eb35b80bdfaee4ead1e1630fd77998 -> 
  custom:scripting/monoscript/fileName/PostProcessEffectBaseEditor.cs: 972bdf00f442be0d879dcb6868e25c8e -> 
  custom:scripting/monoscript/fileName/PostProcessRenderContext.cs: 9e034c8bf7d42a1d6c2d4339915eccb0 -> 
  custom:scripting/monoscript/fileName/MainMenu.cs: c093076ba5753d7bec74a8a751ffb653 -> 
  custom:scripting/monoscript/fileName/Spline.cs: 7876820de12ed89d33ad838af99a030e -> 
  custom:scripting/monoscript/fileName/ColorGrading.cs: ef67493fb3cf9676ba5f25862510a595 -> 
  custom:scripting/monoscript/fileName/Monitor.cs: e0eb5d32b3aade2e0ce8680b00ac2b78 -> 
  custom:scripting/precompiled-assembly-types:Unity.Postprocessing.Runtime: 655cd018e42ac91ed9a03cfbdae17956 -> 
  custom:scripting/monoscript/fileName/TemporalAntialiasing.cs: 71e40fdab49d34f4e07f83936454d904 -> 
  custom:container-demuxer-ogg: 62fdf1f143b41e24485cea50d1cbac27 -> 
  custom:scripting/monoscript/fileName/AmbientOcclusion.cs: 7a27923f9312611f0b2898a72e3ee96a -> 
  custom:scripting/monoscript/fileName/PostProcessDebugLayer.cs: 6d8a99809398beddf11f92dfbb0e6ad4 -> 
  custom:scripting/monoscript/fileName/ColorUtilities.cs: 47918ebfa890b947a816b80444ee2882 -> 
  custom:scripting/monoscript/fileName/ParameterOverride.cs: 5475497db741ca919df708e5019e593d -> 
  custom:scripting/monoscript/fileName/TextureLerper.cs: 973e800795f77d61d647ea0c3f0cf284 -> 
  custom:scripting/precompiled-assembly-types:Unity.Postprocessing.Editor: 23b49e25b965492466cd147d7735360a -> 
  custom:scripting/monoscript/fileName/Vignette.cs: e0b99ac31b7575ef776e7be56647abb0 -> 
  custom:scripting/monoscript/fileName/DepthOfFieldEditor.cs: 64cce655bf722c851048e2ebbf401a7b -> 
  custom:scripting/monoscript/fileName/DefaultPostProcessEffectEditor.cs: 06a1d8fcea7725e08b95f21cc15fd0a1 -> 
  custom:scripting/monoscript/fileName/PostProcessLayer.cs: aa288976158dcd4c24041d5304f25d07 -> 
  custom:scripting/monoscript/fileName/MaxAttribute.cs: d661645ab8c724f24b3e19978e87b44c -> 
  custom:scripting/monoscript/fileName/PostProcessDebugEditor.cs: 1a0488d8742bf880cc7334e53e2cc73d -> 
  custom:video-decoder-ogg-theora: a1e56fd34408186e4bbccfd4996cb3dc -> 
  custom:scripting/monoscript/fileName/SerializedParameterOverride.cs: 5e4deaf96895d013d32a8e84ec179f8e -> 
  custom:scripting/monoscript/fileName/MeshUtilities.cs: dc5356b699afd34cf9728f4d65b476a0 -> 
  custom:scripting/monoscript/fileName/AmbientOcclusionEditor.cs: 61e5422c29b8f52188d508eb7d382167 -> 
  custom:scripting/monoscript/fileName/FastApproximateAntialiasing.cs: bf5588b2deec2689a812a7d2eacd9bd5 -> 
  custom:scripting/monoscript/fileName/MotionBlur.cs: 823914e335803785a19e5990c6ab2911 -> 
  custom:scripting/monoscript/fileName/DefineSetter.cs: 292ba08e52064b1a72f8d4bb04301dd3 -> 
  custom:framework-win-MediaFoundation: 216162199b28c13a410421893ffa2e32 -> 
  custom:scripting/monoscript/fileName/ShaderIDs.cs: 96024f1f873475da65a783f1404f9117 -> 
  custom:scripting/monoscript/fileName/PostProcessEditorAttribute.cs: 672a58b4d5bab60112487a31c361c481 -> 
  custom:scripting/monoscript/fileName/LensDistortionEditor.cs: dee045d29944d55e8040435a58a7ce90 -> 
  custom:scripting/monoscript/fileName/MotionBlurEditor.cs: 3bd8d3e7e9a7ea94beb2e5517b62d27b -> 
  custom:scripting/monoscript/fileName/Dithering.cs: 3014fffaa718d0ad6dd2c7bb7956ed46 -> 
  custom:scripting/monoscript/fileName/DecoratorAttribute.cs: be5bd39119e1a41ea1a019fdb3818a3f -> 
  custom:scripting/monoscript/fileName/DisplayNameAttribute.cs: 935a6ac504eb8a852fba40cbcae9292c -> 
  custom:scripting/monoscript/fileName/PostProcessEffectSettings.cs: 2ab9d33170e863b1a9c8a9079cdd12aa -> 
  custom:scripting/monoscript/fileName/Fog.cs: 07e271953e2bcf8513b6a72a2737e767 -> 
  custom:scripting/monoscript/fileName/PostProcessManager.cs: 28ef7780d543a8111635e1f5051383d0 -> 
  custom:scripting/monoscript/fileName/VolumeFactory.cs: cc77136700c9e1ff894d234886ccb852 -> 
  custom:CustomObjectIndexerAttribute: 9a22284fe3817be447336de3de66b15e -> 
  custom:scripting/monoscript/fileName/PostProcessEvent.cs: 8fb6e54ff2cf1a8be7ecdd01fbdd78f8 -> 
  custom:scripting/monoscript/fileName/TrackballAttribute.cs: 8dea8f77de7bd03137cc578af1ea6656 -> 
  custom:scripting/monoscript/fileName/TrackballDecorator.cs: 6a2b6c747937d12d8d81be8f5b21fbd2 -> 
  custom:scripting/monoscript/fileName/MultiScaleVO.cs: d4c4732956ffb536e016475d75f04c43 -> 
  custom:scripting/monoscript/fileName/CubeLutAssetFactory.cs: db1961888d7cabf6be94b37e3b663de4 -> 
  custom:container-demuxer-webm: 4f35f7cbe854078d1ac9338744f61a02 -> 
  custom:scripting/monoscript/fileName/PostProcessVolumeEditor.cs: 7aae71821512dcac422c45dc773293c3 -> 
  custom:scripting/monoscript/fileName/ChromaticAberration.cs: 4d59e57f8324f5f986e16678ed451410 -> 
  custom:scripting/monoscript/fileName/VignetteEditor.cs: 345736fc911c5e8ab23e579751a40e4a -> 
  custom:scripting/monoscript/fileName/Styling.cs: d1c4aa14ff93670753edfbb93fc91bfe -> 
  custom:scripting/monoscript/fileName/PostProcessEffectRendererExtensions.cs: e953624d113e7e1739c702512603957d -> 
  custom:scripting/monoscript/fileName/ScalableAO.cs: 2f29d71d59b754086c809cfee1cdce34 -> 
  custom:scripting/monoscript/fileName/PostProcessLayerEditor.cs: d16de665ece05cd6e27dcc8d7bac4b9a -> 
  custom:scripting/monoscript/fileName/MinMaxAttribute.cs: a4b6ac8a4377612c7135a60f905792f1 -> 
  custom:scripting/monoscript/fileName/SubpixelMorphologicalAntialiasing.cs: 02dcb8839824addec278047da0509aea -> 
  custom:scripting/monoscript/fileName/BaseEditor.cs: 90647cc400823b41df847a6cbfc29026 -> 
  custom:container-muxer-webm: aa71ff27fc2769a1b78a27578f13a17b -> 
  custom:video-decoder-webm-vp8: 9c59270c3fd7afecdb556c50c9e8de78 -> 
  custom:SearchIndexIgnoredProperties: e643bd26f0fe6173181afceb89e7c659 -> 
  custom:scripting/monoscript/fileName/ChromaticAberrationEditor.cs: 3043bf57519b71f64b7a6de970c2487b -> 
  custom:scripting/monoscript/fileName/PostProcessEffectRenderer.cs: 577c5acf8157ecea944bb95c8c6d9a95 -> 
  custom:AudioImporter_EditorPlatform: d09bf68614088b80899f8185d706f6e7 -> 
  custom:scripting/monoscript/fileName/TextureFormatUtilities.cs: ba58c57cfaabc0f8201a9ca6902fcb23 -> 
  custom:scripting/monoscript/fileName/PostProcessVolume.cs: 3883cef4be0567c54caf457a416a2095 -> 
  custom:scripting/monoscript/fileName/LightMeterMonitor.cs: a897ae0c731cb153281aea9ecd0efb03 -> 
  custom:scripting/monoscript/fileName/ColorGradingEditor.cs: 25838050e3e1f12ef51713a5dcf60349 -> 
  custom:scripting/monoscript/fileName/AttributeDecorator.cs: 39b465f08cd0a5df82fc2ef70b766ca2 -> 
  custom:scripting/monoscript/fileName/AutoExposureEditor.cs: dfd15824649ea346b717bc72a871d75b -> 
  custom:scripting/monoscript/fileName/LensDistortion.cs: b7963bb1da21ba484a7b59b9f6ea3aec -> 
  custom:scripting/monoscript/fileName/ResourceAssetFactory.cs: bf6acc988648d854bb3c5751325d0d0a -> 
  custom:scripting/monoscript/fileName/PostProcessProfileEditor.cs: 1dcd55858a4126cb33b0f2de53c74fbe -> 
  custom:scripting/monoscript/fileName/Skybox.cs: c122ade9e2d3a916264f47a45be02789 -> 
  custom:scripting/monoscript/fileName/PostProcessDebug.cs: a653e9b773649e7452b035b4ce1dae82 -> 
  custom:scripting/monoscript/fileName/PostProcessAttribute.cs: e125947bf72ce7382f3b16f75797c897 -> 
  custom:scripting/monoscript/fileName/Grain.cs: 43f09a87a88d9937fbb9c4dbf3d5508e -> 
  custom:scripting/monoscript/fileName/HistogramMonitor.cs: 6fd024409d6e9db8d4c2c4e26430c2ad -> 
  custom:scripting/monoscript/fileName/PostProcessProfile.cs: f6dc030e2e953b2ed0eca334cce5d5cf -> 
  custom:scripting/monoscript/fileName/ProfileFactory.cs: f835845dfebfed501813f60a1cb006a3 -> 
  custom:scripting/monoscript/fileName/PostProcessEffectEditor.cs: 90647cc400823b41df847a6cbfc29026 -> 
  custom:scripting/monoscript/fileName/CubeLutAssetImporter.cs: 5e94ca4c74dad11cc8880f33d0ba9efb -> 
  custom:scripting/monoscript/fileName/PostProcessBundle.cs: f610f855c8ae8b896b5084e85ede373e -> 
  custom:scripting/monoscript/fileName/ScreenSpaceReflectionsEditor.cs: 59c13ba25de6098e70bafe8be94f609a -> 
  custom:video-encoder-webm-vp8: eb34c28f22e8b96e1ab97ce403110664 -> 
  custom:scripting/monoscript/fileName/RuntimeUtilities.cs: 76964d36e50cc48cfa29643bdde8d9a5 -> 
  custom:scripting/monoscript/fileName/Bloom.cs: 6f6d579a64201b97313a62a1e91b3575 -> 
  custom:audio-decoder-ogg-vorbis: bf7c407c2cedff20999df2af8eb42d56 -> 
  custom:scripting/monoscript/fileName/Fade.cs: 61320f8e17687c119db9aa01d877447f -> 
  custom:scripting/monoscript/fileName/AutoExposure.cs: 0e7c21b17f53209ee8c5c61ab59d7835 -> 
  custom:scripting/monoscript/fileName/VectorscopeMonitor.cs: cb70c6437b976f01b752cd219cc47f32 -> 
  custom:scripting/monoscript/fileName/PropertySheetFactory.cs: cfc4667cc03e44252fafe18d99f24b25 -> 
  custom:scripting/monoscript/fileName/EditorUtilities.cs: 53a52fb113757c42f9c516115bd845ca -> 
  custom:scripting/monoscript/fileName/HaltonSeq.cs: a7590e55d6fae5328a1c395a2473d0cf -> 
  custom:scripting/monoscript/fileName/MinAttribute.cs: a3e7473301291585f4cca024ce307406 -> 
  custom:scripting/monoscript/fileName/DepthOfField.cs: d62178d8b5619f59fcdd6d24617ef5fd -> 
  custom:scripting/monoscript/fileName/BloomEditor.cs: c341bb26b40744c3a5c2a142ac3e1051 -> 
  custom:scripting/monoscript/fileName/WaveformMonitor.cs: 609651ee3f98f206575f684e9cce655d -> 
  custom:scripting/monoscript/fileName/HableCurve.cs: f244b24d6e7c556a2de06e25b0bbf4c1 -> 
  custom:audio-encoder-webm-vorbis: bf7c407c2cedff20999df2af8eb42d56 -> 
  custom:scripting/monoscript/fileName/PropertySheet.cs: e6bb03169eca9d33ea794a47ad6ce213 -> 
  custom:scripting/monoscript/fileName/TargetPool.cs: 6d29560228134c933c12fb1c113fb6ef -> 
  custom:scripting/monoscript/fileName/LogHistogram.cs: bab913d888834a1a8572eb834acec97c -> 
  custom:scripting/monoscript/fileName/ScreenSpaceReflections.cs: 8afa07200328ddfcb2536d4180c62536 -> 
  custom:scripting/precompiled-assembly-types:Assembly-CSharp: d6fe0ff31029f2d2cc0617ccb9ee00f5 -> b5609ffa9375a1719a4b9b879c420584
  custom:scripting/monoscript/fileName/CurveEditor.cs: f5e872b2a5a6427a1785818cb10d95d1 -> 
  custom:scripting/monoscript/fileName/PostProcessResources.cs: 5089c17a701ba9b714a1f3d25fb9a9b0 -> 
  custom:scripting/monoscript/fileName/EffectListEditor.cs: 1ecdb4094d9e64024d6eb7725a86197b -> 
========================================================================
Received Prepare
Caller must complete domain reload
Begin MonoManager ReloadAssembly
- Loaded All Assemblies, in  0.380 seconds
Native extension for WindowsStandalone target not found
Native extension for WebGL target not found
Mono: successfully reloaded assembly
- Finished resetting the current domain, in  0.809 seconds
Domain Reload Profiling: 1186ms
	BeginReloadAssembly (131ms)
		ExecutionOrderSort (0ms)
		DisableScriptedObjects (5ms)
		BackupInstance (0ms)
		ReleaseScriptingObjects (0ms)
		CreateAndSetChildDomain (22ms)
	RebuildCommonClasses (32ms)
	RebuildNativeTypeToScriptingClass (10ms)
	initialDomainReloadingComplete (26ms)
	LoadAllAssembliesAndSetupDomain (179ms)
		LoadAssemblies (241ms)
		RebuildTransferFunctionScriptingTraits (0ms)
		AnalyzeDomain (12ms)
			TypeCache.Refresh (5ms)
				TypeCache.ScanAssembly (0ms)
			ScanForSourceGeneratedMonoScriptInfo (0ms)
			ResolveRequiredComponents (4ms)
	FinalizeReload (809ms)
		ReleaseScriptCaches (0ms)
		RebuildScriptCaches (0ms)
		SetupLoadedEditorAssemblies (367ms)
			LogAssemblyErrors (0ms)
			InitializePlatformSupportModulesInManaged (8ms)
			SetLoadedEditorAssemblies (3ms)
			RefreshPlugins (0ms)
			BeforeProcessingInitializeOnLoad (52ms)
			ProcessInitializeOnLoadAttributes (275ms)
			ProcessInitializeOnLoadMethodAttributes (20ms)
			AfterProcessingInitializeOnLoad (8ms)
			EditorAssembliesLoaded (0ms)
		ExecutionOrderSort2 (0ms)
		AwakeInstancesAfterBackupRestoration (8ms)
Refreshing native plugins compatible for Editor in 5.41 ms, found 3 plugins.
Preloading 0 native plugins for Editor in 0.00 ms.
Unloading 3253 Unused Serialized files (Serialized files now loaded: 0)
Unloading 53 unused Assets / (4.0 MB). Loaded Objects now: 3869.
Memory consumption went from 220.4 MB to 216.5 MB.
Total: 5.301900 ms (FindLiveObjects: 0.362000 ms CreateObjectMapping: 0.202300 ms MarkObjects: 3.350400 ms  DeleteObjects: 1.384400 ms)

Prepare: number of updated asset objects reloaded= 0
AssetImportParameters requested are different than current active one (requested -> active):
  custom:scripting/monoscript/fileName/Decorators.cs: 4533f6715dc3f8cdabbd37ff77d1dad7 -> 
  custom:scripting/monoscript/fileName/GlobalSettings.cs: e5eb35b80bdfaee4ead1e1630fd77998 -> 
  custom:scripting/monoscript/fileName/PostProcessEffectBaseEditor.cs: 972bdf00f442be0d879dcb6868e25c8e -> 
  custom:scripting/monoscript/fileName/PostProcessRenderContext.cs: 9e034c8bf7d42a1d6c2d4339915eccb0 -> 
  custom:scripting/monoscript/fileName/MainMenu.cs: c093076ba5753d7bec74a8a751ffb653 -> 
  custom:scripting/monoscript/fileName/Spline.cs: 7876820de12ed89d33ad838af99a030e -> 
  custom:scripting/monoscript/fileName/ColorGrading.cs: ef67493fb3cf9676ba5f25862510a595 -> 
  custom:scripting/monoscript/fileName/Monitor.cs: e0eb5d32b3aade2e0ce8680b00ac2b78 -> 
  custom:scripting/precompiled-assembly-types:Unity.Postprocessing.Runtime: 655cd018e42ac91ed9a03cfbdae17956 -> 
  custom:scripting/monoscript/fileName/TemporalAntialiasing.cs: 71e40fdab49d34f4e07f83936454d904 -> 
  custom:container-demuxer-ogg: 62fdf1f143b41e24485cea50d1cbac27 -> 
  custom:scripting/monoscript/fileName/AmbientOcclusion.cs: 7a27923f9312611f0b2898a72e3ee96a -> 
  custom:scripting/monoscript/fileName/PostProcessDebugLayer.cs: 6d8a99809398beddf11f92dfbb0e6ad4 -> 
  custom:scripting/monoscript/fileName/ColorUtilities.cs: 47918ebfa890b947a816b80444ee2882 -> 
  custom:scripting/monoscript/fileName/ParameterOverride.cs: 5475497db741ca919df708e5019e593d -> 
  custom:scripting/monoscript/fileName/TextureLerper.cs: 973e800795f77d61d647ea0c3f0cf284 -> 
  custom:scripting/precompiled-assembly-types:Unity.Postprocessing.Editor: 23b49e25b965492466cd147d7735360a -> 
  custom:scripting/monoscript/fileName/Vignette.cs: e0b99ac31b7575ef776e7be56647abb0 -> 
  custom:scripting/monoscript/fileName/DepthOfFieldEditor.cs: 64cce655bf722c851048e2ebbf401a7b -> 
  custom:scripting/monoscript/fileName/DefaultPostProcessEffectEditor.cs: 06a1d8fcea7725e08b95f21cc15fd0a1 -> 
  custom:scripting/monoscript/fileName/PostProcessLayer.cs: aa288976158dcd4c24041d5304f25d07 -> 
  custom:scripting/monoscript/fileName/MaxAttribute.cs: d661645ab8c724f24b3e19978e87b44c -> 
  custom:scripting/monoscript/fileName/PostProcessDebugEditor.cs: 1a0488d8742bf880cc7334e53e2cc73d -> 
  custom:video-decoder-ogg-theora: a1e56fd34408186e4bbccfd4996cb3dc -> 
  custom:scripting/monoscript/fileName/SerializedParameterOverride.cs: 5e4deaf96895d013d32a8e84ec179f8e -> 
  custom:scripting/monoscript/fileName/MeshUtilities.cs: dc5356b699afd34cf9728f4d65b476a0 -> 
  custom:scripting/monoscript/fileName/AmbientOcclusionEditor.cs: 61e5422c29b8f52188d508eb7d382167 -> 
  custom:scripting/monoscript/fileName/FastApproximateAntialiasing.cs: bf5588b2deec2689a812a7d2eacd9bd5 -> 
  custom:scripting/monoscript/fileName/MotionBlur.cs: 823914e335803785a19e5990c6ab2911 -> 
  custom:scripting/monoscript/fileName/DefineSetter.cs: 292ba08e52064b1a72f8d4bb04301dd3 -> 
  custom:framework-win-MediaFoundation: 216162199b28c13a410421893ffa2e32 -> 
  custom:scripting/monoscript/fileName/ShaderIDs.cs: 96024f1f873475da65a783f1404f9117 -> 
  custom:scripting/monoscript/fileName/PostProcessEditorAttribute.cs: 672a58b4d5bab60112487a31c361c481 -> 
  custom:scripting/monoscript/fileName/LensDistortionEditor.cs: dee045d29944d55e8040435a58a7ce90 -> 
  custom:scripting/monoscript/fileName/MotionBlurEditor.cs: 3bd8d3e7e9a7ea94beb2e5517b62d27b -> 
  custom:scripting/monoscript/fileName/Dithering.cs: 3014fffaa718d0ad6dd2c7bb7956ed46 -> 
  custom:scripting/monoscript/fileName/DecoratorAttribute.cs: be5bd39119e1a41ea1a019fdb3818a3f -> 
  custom:scripting/monoscript/fileName/DisplayNameAttribute.cs: 935a6ac504eb8a852fba40cbcae9292c -> 
  custom:scripting/monoscript/fileName/PostProcessEffectSettings.cs: 2ab9d33170e863b1a9c8a9079cdd12aa -> 
  custom:scripting/monoscript/fileName/Fog.cs: 07e271953e2bcf8513b6a72a2737e767 -> 
  custom:scripting/monoscript/fileName/PostProcessManager.cs: 28ef7780d543a8111635e1f5051383d0 -> 
  custom:scripting/monoscript/fileName/VolumeFactory.cs: cc77136700c9e1ff894d234886ccb852 -> 
  custom:CustomObjectIndexerAttribute: 9a22284fe3817be447336de3de66b15e -> 
  custom:scripting/monoscript/fileName/PostProcessEvent.cs: 8fb6e54ff2cf1a8be7ecdd01fbdd78f8 -> 
  custom:scripting/monoscript/fileName/TrackballAttribute.cs: 8dea8f77de7bd03137cc578af1ea6656 -> 
  custom:scripting/monoscript/fileName/TrackballDecorator.cs: 6a2b6c747937d12d8d81be8f5b21fbd2 -> 
  custom:scripting/monoscript/fileName/MultiScaleVO.cs: d4c4732956ffb536e016475d75f04c43 -> 
  custom:scripting/monoscript/fileName/CubeLutAssetFactory.cs: db1961888d7cabf6be94b37e3b663de4 -> 
  custom:container-demuxer-webm: 4f35f7cbe854078d1ac9338744f61a02 -> 
  custom:scripting/monoscript/fileName/PostProcessVolumeEditor.cs: 7aae71821512dcac422c45dc773293c3 -> 
  custom:scripting/monoscript/fileName/ChromaticAberration.cs: 4d59e57f8324f5f986e16678ed451410 -> 
  custom:scripting/monoscript/fileName/VignetteEditor.cs: 345736fc911c5e8ab23e579751a40e4a -> 
  custom:scripting/monoscript/fileName/Styling.cs: d1c4aa14ff93670753edfbb93fc91bfe -> 
  custom:scripting/monoscript/fileName/PostProcessEffectRendererExtensions.cs: e953624d113e7e1739c702512603957d -> 
  custom:scripting/monoscript/fileName/ScalableAO.cs: 2f29d71d59b754086c809cfee1cdce34 -> 
  custom:scripting/monoscript/fileName/PostProcessLayerEditor.cs: d16de665ece05cd6e27dcc8d7bac4b9a -> 
  custom:scripting/monoscript/fileName/MinMaxAttribute.cs: a4b6ac8a4377612c7135a60f905792f1 -> 
  custom:scripting/monoscript/fileName/SubpixelMorphologicalAntialiasing.cs: 02dcb8839824addec278047da0509aea -> 
  custom:scripting/monoscript/fileName/BaseEditor.cs: 90647cc400823b41df847a6cbfc29026 -> 
  custom:container-muxer-webm: aa71ff27fc2769a1b78a27578f13a17b -> 
  custom:video-decoder-webm-vp8: 9c59270c3fd7afecdb556c50c9e8de78 -> 
  custom:SearchIndexIgnoredProperties: e643bd26f0fe6173181afceb89e7c659 -> 
  custom:scripting/monoscript/fileName/ChromaticAberrationEditor.cs: 3043bf57519b71f64b7a6de970c2487b -> 
  custom:scripting/monoscript/fileName/PostProcessEffectRenderer.cs: 577c5acf8157ecea944bb95c8c6d9a95 -> 
  custom:AudioImporter_EditorPlatform: d09bf68614088b80899f8185d706f6e7 -> 
  custom:scripting/monoscript/fileName/TextureFormatUtilities.cs: ba58c57cfaabc0f8201a9ca6902fcb23 -> 
  custom:scripting/monoscript/fileName/PostProcessVolume.cs: 3883cef4be0567c54caf457a416a2095 -> 
  custom:scripting/monoscript/fileName/LightMeterMonitor.cs: a897ae0c731cb153281aea9ecd0efb03 -> 
  custom:scripting/monoscript/fileName/ColorGradingEditor.cs: 25838050e3e1f12ef51713a5dcf60349 -> 
  custom:scripting/monoscript/fileName/AttributeDecorator.cs: 39b465f08cd0a5df82fc2ef70b766ca2 -> 
  custom:scripting/monoscript/fileName/AutoExposureEditor.cs: dfd15824649ea346b717bc72a871d75b -> 
  custom:scripting/monoscript/fileName/LensDistortion.cs: b7963bb1da21ba484a7b59b9f6ea3aec -> 
  custom:scripting/monoscript/fileName/ResourceAssetFactory.cs: bf6acc988648d854bb3c5751325d0d0a -> 
  custom:scripting/monoscript/fileName/PostProcessProfileEditor.cs: 1dcd55858a4126cb33b0f2de53c74fbe -> 
  custom:scripting/monoscript/fileName/Skybox.cs: c122ade9e2d3a916264f47a45be02789 -> 
  custom:scripting/monoscript/fileName/PostProcessDebug.cs: a653e9b773649e7452b035b4ce1dae82 -> 
  custom:scripting/monoscript/fileName/PostProcessAttribute.cs: e125947bf72ce7382f3b16f75797c897 -> 
  custom:scripting/monoscript/fileName/Grain.cs: 43f09a87a88d9937fbb9c4dbf3d5508e -> 
  custom:scripting/monoscript/fileName/HistogramMonitor.cs: 6fd024409d6e9db8d4c2c4e26430c2ad -> 
  custom:scripting/monoscript/fileName/PostProcessProfile.cs: f6dc030e2e953b2ed0eca334cce5d5cf -> 
  custom:scripting/monoscript/fileName/ProfileFactory.cs: f835845dfebfed501813f60a1cb006a3 -> 
  custom:scripting/monoscript/fileName/PostProcessEffectEditor.cs: 90647cc400823b41df847a6cbfc29026 -> 
  custom:scripting/monoscript/fileName/CubeLutAssetImporter.cs: 5e94ca4c74dad11cc8880f33d0ba9efb -> 
  custom:scripting/monoscript/fileName/PostProcessBundle.cs: f610f855c8ae8b896b5084e85ede373e -> 
  custom:scripting/monoscript/fileName/ScreenSpaceReflectionsEditor.cs: 59c13ba25de6098e70bafe8be94f609a -> 
  custom:video-encoder-webm-vp8: eb34c28f22e8b96e1ab97ce403110664 -> 
  custom:scripting/monoscript/fileName/RuntimeUtilities.cs: 76964d36e50cc48cfa29643bdde8d9a5 -> 
  custom:scripting/monoscript/fileName/Bloom.cs: 6f6d579a64201b97313a62a1e91b3575 -> 
  custom:audio-decoder-ogg-vorbis: bf7c407c2cedff20999df2af8eb42d56 -> 
  custom:scripting/monoscript/fileName/Fade.cs: 61320f8e17687c119db9aa01d877447f -> 
  custom:scripting/monoscript/fileName/AutoExposure.cs: 0e7c21b17f53209ee8c5c61ab59d7835 -> 
  custom:scripting/monoscript/fileName/VectorscopeMonitor.cs: cb70c6437b976f01b752cd219cc47f32 -> 
  custom:scripting/monoscript/fileName/PropertySheetFactory.cs: cfc4667cc03e44252fafe18d99f24b25 -> 
  custom:scripting/monoscript/fileName/EditorUtilities.cs: 53a52fb113757c42f9c516115bd845ca -> 
  custom:scripting/monoscript/fileName/HaltonSeq.cs: a7590e55d6fae5328a1c395a2473d0cf -> 
  custom:scripting/monoscript/fileName/MinAttribute.cs: a3e7473301291585f4cca024ce307406 -> 
  custom:scripting/monoscript/fileName/DepthOfField.cs: d62178d8b5619f59fcdd6d24617ef5fd -> 
  custom:scripting/monoscript/fileName/BloomEditor.cs: c341bb26b40744c3a5c2a142ac3e1051 -> 
  custom:scripting/monoscript/fileName/WaveformMonitor.cs: 609651ee3f98f206575f684e9cce655d -> 
  custom:scripting/monoscript/fileName/HableCurve.cs: f244b24d6e7c556a2de06e25b0bbf4c1 -> 
  custom:audio-encoder-webm-vorbis: bf7c407c2cedff20999df2af8eb42d56 -> 
  custom:scripting/monoscript/fileName/PropertySheet.cs: e6bb03169eca9d33ea794a47ad6ce213 -> 
  custom:scripting/monoscript/fileName/TargetPool.cs: 6d29560228134c933c12fb1c113fb6ef -> 
  custom:scripting/monoscript/fileName/LogHistogram.cs: bab913d888834a1a8572eb834acec97c -> 
  custom:scripting/monoscript/fileName/ScreenSpaceReflections.cs: 8afa07200328ddfcb2536d4180c62536 -> 
  custom:scripting/precompiled-assembly-types:Assembly-CSharp: d6fe0ff31029f2d2cc0617ccb9ee00f5 -> b5609ffa9375a1719a4b9b879c420584
  custom:scripting/monoscript/fileName/CurveEditor.cs: f5e872b2a5a6427a1785818cb10d95d1 -> 
  custom:scripting/monoscript/fileName/PostProcessResources.cs: 5089c17a701ba9b714a1f3d25fb9a9b0 -> 
  custom:scripting/monoscript/fileName/EffectListEditor.cs: 1ecdb4094d9e64024d6eb7725a86197b -> 
========================================================================
Received Prepare
Caller must complete domain reload
Begin MonoManager ReloadAssembly
- Loaded All Assemblies, in  0.376 seconds
Native extension for WindowsStandalone target not found
Native extension for WebGL target not found
Mono: successfully reloaded assembly
- Finished resetting the current domain, in  0.779 seconds
Domain Reload Profiling: 1153ms
	BeginReloadAssembly (135ms)
		ExecutionOrderSort (0ms)
		DisableScriptedObjects (4ms)
		BackupInstance (0ms)
		ReleaseScriptingObjects (0ms)
		CreateAndSetChildDomain (27ms)
	RebuildCommonClasses (29ms)
	RebuildNativeTypeToScriptingClass (8ms)
	initialDomainReloadingComplete (26ms)
	LoadAllAssembliesAndSetupDomain (175ms)
		LoadAssemblies (237ms)
		RebuildTransferFunctionScriptingTraits (0ms)
		AnalyzeDomain (12ms)
			TypeCache.Refresh (5ms)
				TypeCache.ScanAssembly (0ms)
			ScanForSourceGeneratedMonoScriptInfo (0ms)
			ResolveRequiredComponents (4ms)
	FinalizeReload (780ms)
		ReleaseScriptCaches (0ms)
		RebuildScriptCaches (0ms)
		SetupLoadedEditorAssemblies (351ms)
			LogAssemblyErrors (0ms)
			InitializePlatformSupportModulesInManaged (8ms)
			SetLoadedEditorAssemblies (3ms)
			RefreshPlugins (0ms)
			BeforeProcessingInitializeOnLoad (52ms)
			ProcessInitializeOnLoadAttributes (259ms)
			ProcessInitializeOnLoadMethodAttributes (21ms)
			AfterProcessingInitializeOnLoad (8ms)
			EditorAssembliesLoaded (0ms)
		ExecutionOrderSort2 (0ms)
		AwakeInstancesAfterBackupRestoration (7ms)
Refreshing native plugins compatible for Editor in 6.03 ms, found 3 plugins.
Preloading 0 native plugins for Editor in 0.00 ms.
Unloading 3253 Unused Serialized files (Serialized files now loaded: 0)
Unloading 53 unused Assets / (4.0 MB). Loaded Objects now: 3872.
Memory consumption went from 220.4 MB to 216.5 MB.
Total: 10.455900 ms (FindLiveObjects: 0.267100 ms CreateObjectMapping: 0.207900 ms MarkObjects: 8.471300 ms  DeleteObjects: 1.507600 ms)

Prepare: number of updated asset objects reloaded= 0
AssetImportParameters requested are different than current active one (requested -> active):
  custom:scripting/monoscript/fileName/Decorators.cs: 4533f6715dc3f8cdabbd37ff77d1dad7 -> 
  custom:scripting/monoscript/fileName/GlobalSettings.cs: e5eb35b80bdfaee4ead1e1630fd77998 -> 
  custom:scripting/monoscript/fileName/PostProcessEffectBaseEditor.cs: 972bdf00f442be0d879dcb6868e25c8e -> 
  custom:scripting/monoscript/fileName/PostProcessRenderContext.cs: 9e034c8bf7d42a1d6c2d4339915eccb0 -> 
  custom:scripting/monoscript/fileName/MainMenu.cs: c093076ba5753d7bec74a8a751ffb653 -> 
  custom:scripting/monoscript/fileName/Spline.cs: 7876820de12ed89d33ad838af99a030e -> 
  custom:scripting/monoscript/fileName/ColorGrading.cs: ef67493fb3cf9676ba5f25862510a595 -> 
  custom:scripting/monoscript/fileName/Monitor.cs: e0eb5d32b3aade2e0ce8680b00ac2b78 -> 
  custom:scripting/precompiled-assembly-types:Unity.Postprocessing.Runtime: 655cd018e42ac91ed9a03cfbdae17956 -> 
  custom:scripting/monoscript/fileName/TemporalAntialiasing.cs: 71e40fdab49d34f4e07f83936454d904 -> 
  custom:container-demuxer-ogg: 62fdf1f143b41e24485cea50d1cbac27 -> 
  custom:scripting/monoscript/fileName/AmbientOcclusion.cs: 7a27923f9312611f0b2898a72e3ee96a -> 
  custom:scripting/monoscript/fileName/PostProcessDebugLayer.cs: 6d8a99809398beddf11f92dfbb0e6ad4 -> 
  custom:scripting/monoscript/fileName/ColorUtilities.cs: 47918ebfa890b947a816b80444ee2882 -> 
  custom:scripting/monoscript/fileName/ParameterOverride.cs: 5475497db741ca919df708e5019e593d -> 
  custom:scripting/monoscript/fileName/TextureLerper.cs: 973e800795f77d61d647ea0c3f0cf284 -> 
  custom:scripting/precompiled-assembly-types:Unity.Postprocessing.Editor: 23b49e25b965492466cd147d7735360a -> 
  custom:scripting/monoscript/fileName/Vignette.cs: e0b99ac31b7575ef776e7be56647abb0 -> 
  custom:scripting/monoscript/fileName/DepthOfFieldEditor.cs: 64cce655bf722c851048e2ebbf401a7b -> 
  custom:scripting/monoscript/fileName/DefaultPostProcessEffectEditor.cs: 06a1d8fcea7725e08b95f21cc15fd0a1 -> 
  custom:scripting/monoscript/fileName/PostProcessLayer.cs: aa288976158dcd4c24041d5304f25d07 -> 
  custom:scripting/monoscript/fileName/MaxAttribute.cs: d661645ab8c724f24b3e19978e87b44c -> 
  custom:scripting/monoscript/fileName/PostProcessDebugEditor.cs: 1a0488d8742bf880cc7334e53e2cc73d -> 
  custom:video-decoder-ogg-theora: a1e56fd34408186e4bbccfd4996cb3dc -> 
  custom:scripting/monoscript/fileName/SerializedParameterOverride.cs: 5e4deaf96895d013d32a8e84ec179f8e -> 
  custom:scripting/monoscript/fileName/MeshUtilities.cs: dc5356b699afd34cf9728f4d65b476a0 -> 
  custom:scripting/monoscript/fileName/AmbientOcclusionEditor.cs: 61e5422c29b8f52188d508eb7d382167 -> 
  custom:scripting/monoscript/fileName/FastApproximateAntialiasing.cs: bf5588b2deec2689a812a7d2eacd9bd5 -> 
  custom:scripting/monoscript/fileName/MotionBlur.cs: 823914e335803785a19e5990c6ab2911 -> 
  custom:scripting/monoscript/fileName/DefineSetter.cs: 292ba08e52064b1a72f8d4bb04301dd3 -> 
  custom:framework-win-MediaFoundation: 216162199b28c13a410421893ffa2e32 -> 
  custom:scripting/monoscript/fileName/ShaderIDs.cs: 96024f1f873475da65a783f1404f9117 -> 
  custom:scripting/monoscript/fileName/PostProcessEditorAttribute.cs: 672a58b4d5bab60112487a31c361c481 -> 
  custom:scripting/monoscript/fileName/LensDistortionEditor.cs: dee045d29944d55e8040435a58a7ce90 -> 
  custom:scripting/monoscript/fileName/MotionBlurEditor.cs: 3bd8d3e7e9a7ea94beb2e5517b62d27b -> 
  custom:scripting/monoscript/fileName/Dithering.cs: 3014fffaa718d0ad6dd2c7bb7956ed46 -> 
  custom:scripting/monoscript/fileName/DecoratorAttribute.cs: be5bd39119e1a41ea1a019fdb3818a3f -> 
  custom:scripting/monoscript/fileName/DisplayNameAttribute.cs: 935a6ac504eb8a852fba40cbcae9292c -> 
  custom:scripting/monoscript/fileName/PostProcessEffectSettings.cs: 2ab9d33170e863b1a9c8a9079cdd12aa -> 
  custom:scripting/monoscript/fileName/Fog.cs: 07e271953e2bcf8513b6a72a2737e767 -> 
  custom:scripting/monoscript/fileName/PostProcessManager.cs: 28ef7780d543a8111635e1f5051383d0 -> 
  custom:scripting/monoscript/fileName/VolumeFactory.cs: cc77136700c9e1ff894d234886ccb852 -> 
  custom:CustomObjectIndexerAttribute: 9a22284fe3817be447336de3de66b15e -> 
  custom:scripting/monoscript/fileName/PostProcessEvent.cs: 8fb6e54ff2cf1a8be7ecdd01fbdd78f8 -> 
  custom:scripting/monoscript/fileName/TrackballAttribute.cs: 8dea8f77de7bd03137cc578af1ea6656 -> 
  custom:scripting/monoscript/fileName/TrackballDecorator.cs: 6a2b6c747937d12d8d81be8f5b21fbd2 -> 
  custom:scripting/monoscript/fileName/MultiScaleVO.cs: d4c4732956ffb536e016475d75f04c43 -> 
  custom:scripting/monoscript/fileName/CubeLutAssetFactory.cs: db1961888d7cabf6be94b37e3b663de4 -> 
  custom:container-demuxer-webm: 4f35f7cbe854078d1ac9338744f61a02 -> 
  custom:scripting/monoscript/fileName/PostProcessVolumeEditor.cs: 7aae71821512dcac422c45dc773293c3 -> 
  custom:scripting/monoscript/fileName/ChromaticAberration.cs: 4d59e57f8324f5f986e16678ed451410 -> 
  custom:scripting/monoscript/fileName/VignetteEditor.cs: 345736fc911c5e8ab23e579751a40e4a -> 
  custom:scripting/monoscript/fileName/Styling.cs: d1c4aa14ff93670753edfbb93fc91bfe -> 
  custom:scripting/monoscript/fileName/PostProcessEffectRendererExtensions.cs: e953624d113e7e1739c702512603957d -> 
  custom:scripting/monoscript/fileName/ScalableAO.cs: 2f29d71d59b754086c809cfee1cdce34 -> 
  custom:scripting/monoscript/fileName/PostProcessLayerEditor.cs: d16de665ece05cd6e27dcc8d7bac4b9a -> 
  custom:scripting/monoscript/fileName/MinMaxAttribute.cs: a4b6ac8a4377612c7135a60f905792f1 -> 
  custom:scripting/monoscript/fileName/SubpixelMorphologicalAntialiasing.cs: 02dcb8839824addec278047da0509aea -> 
  custom:scripting/monoscript/fileName/BaseEditor.cs: 90647cc400823b41df847a6cbfc29026 -> 
  custom:container-muxer-webm: aa71ff27fc2769a1b78a27578f13a17b -> 
  custom:video-decoder-webm-vp8: 9c59270c3fd7afecdb556c50c9e8de78 -> 
  custom:SearchIndexIgnoredProperties: e643bd26f0fe6173181afceb89e7c659 -> 
  custom:scripting/monoscript/fileName/ChromaticAberrationEditor.cs: 3043bf57519b71f64b7a6de970c2487b -> 
  custom:scripting/monoscript/fileName/PostProcessEffectRenderer.cs: 577c5acf8157ecea944bb95c8c6d9a95 -> 
  custom:AudioImporter_EditorPlatform: d09bf68614088b80899f8185d706f6e7 -> 
  custom:scripting/monoscript/fileName/TextureFormatUtilities.cs: ba58c57cfaabc0f8201a9ca6902fcb23 -> 
  custom:scripting/monoscript/fileName/PostProcessVolume.cs: 3883cef4be0567c54caf457a416a2095 -> 
  custom:scripting/monoscript/fileName/LightMeterMonitor.cs: a897ae0c731cb153281aea9ecd0efb03 -> 
  custom:scripting/monoscript/fileName/ColorGradingEditor.cs: 25838050e3e1f12ef51713a5dcf60349 -> 
  custom:scripting/monoscript/fileName/AttributeDecorator.cs: 39b465f08cd0a5df82fc2ef70b766ca2 -> 
  custom:scripting/monoscript/fileName/AutoExposureEditor.cs: dfd15824649ea346b717bc72a871d75b -> 
  custom:scripting/monoscript/fileName/LensDistortion.cs: b7963bb1da21ba484a7b59b9f6ea3aec -> 
  custom:scripting/monoscript/fileName/ResourceAssetFactory.cs: bf6acc988648d854bb3c5751325d0d0a -> 
  custom:scripting/monoscript/fileName/PostProcessProfileEditor.cs: 1dcd55858a4126cb33b0f2de53c74fbe -> 
  custom:scripting/monoscript/fileName/Skybox.cs: c122ade9e2d3a916264f47a45be02789 -> 
  custom:scripting/monoscript/fileName/PostProcessDebug.cs: a653e9b773649e7452b035b4ce1dae82 -> 
  custom:scripting/monoscript/fileName/PostProcessAttribute.cs: e125947bf72ce7382f3b16f75797c897 -> 
  custom:scripting/monoscript/fileName/Grain.cs: 43f09a87a88d9937fbb9c4dbf3d5508e -> 
  custom:scripting/monoscript/fileName/HistogramMonitor.cs: 6fd024409d6e9db8d4c2c4e26430c2ad -> 
  custom:scripting/monoscript/fileName/PostProcessProfile.cs: f6dc030e2e953b2ed0eca334cce5d5cf -> 
  custom:scripting/monoscript/fileName/ProfileFactory.cs: f835845dfebfed501813f60a1cb006a3 -> 
  custom:scripting/monoscript/fileName/PostProcessEffectEditor.cs: 90647cc400823b41df847a6cbfc29026 -> 
  custom:scripting/monoscript/fileName/CubeLutAssetImporter.cs: 5e94ca4c74dad11cc8880f33d0ba9efb -> 
  custom:scripting/monoscript/fileName/PostProcessBundle.cs: f610f855c8ae8b896b5084e85ede373e -> 
  custom:scripting/monoscript/fileName/ScreenSpaceReflectionsEditor.cs: 59c13ba25de6098e70bafe8be94f609a -> 
  custom:video-encoder-webm-vp8: eb34c28f22e8b96e1ab97ce403110664 -> 
  custom:scripting/monoscript/fileName/RuntimeUtilities.cs: 76964d36e50cc48cfa29643bdde8d9a5 -> 
  custom:scripting/monoscript/fileName/Bloom.cs: 6f6d579a64201b97313a62a1e91b3575 -> 
  custom:audio-decoder-ogg-vorbis: bf7c407c2cedff20999df2af8eb42d56 -> 
  custom:scripting/monoscript/fileName/Fade.cs: 61320f8e17687c119db9aa01d877447f -> 
  custom:scripting/monoscript/fileName/AutoExposure.cs: 0e7c21b17f53209ee8c5c61ab59d7835 -> 
  custom:scripting/monoscript/fileName/VectorscopeMonitor.cs: cb70c6437b976f01b752cd219cc47f32 -> 
  custom:scripting/monoscript/fileName/PropertySheetFactory.cs: cfc4667cc03e44252fafe18d99f24b25 -> 
  custom:scripting/monoscript/fileName/EditorUtilities.cs: 53a52fb113757c42f9c516115bd845ca -> 
  custom:scripting/monoscript/fileName/HaltonSeq.cs: a7590e55d6fae5328a1c395a2473d0cf -> 
  custom:scripting/monoscript/fileName/MinAttribute.cs: a3e7473301291585f4cca024ce307406 -> 
  custom:scripting/monoscript/fileName/DepthOfField.cs: d62178d8b5619f59fcdd6d24617ef5fd -> 
  custom:scripting/monoscript/fileName/BloomEditor.cs: c341bb26b40744c3a5c2a142ac3e1051 -> 
  custom:scripting/monoscript/fileName/WaveformMonitor.cs: 609651ee3f98f206575f684e9cce655d -> 
  custom:scripting/monoscript/fileName/HableCurve.cs: f244b24d6e7c556a2de06e25b0bbf4c1 -> 
  custom:audio-encoder-webm-vorbis: bf7c407c2cedff20999df2af8eb42d56 -> 
  custom:scripting/monoscript/fileName/PropertySheet.cs: e6bb03169eca9d33ea794a47ad6ce213 -> 
  custom:scripting/monoscript/fileName/TargetPool.cs: 6d29560228134c933c12fb1c113fb6ef -> 
  custom:scripting/monoscript/fileName/LogHistogram.cs: bab913d888834a1a8572eb834acec97c -> 
  custom:scripting/monoscript/fileName/ScreenSpaceReflections.cs: 8afa07200328ddfcb2536d4180c62536 -> 
  custom:scripting/precompiled-assembly-types:Assembly-CSharp: d6fe0ff31029f2d2cc0617ccb9ee00f5 -> b5609ffa9375a1719a4b9b879c420584
  custom:scripting/monoscript/fileName/CurveEditor.cs: f5e872b2a5a6427a1785818cb10d95d1 -> 
  custom:scripting/monoscript/fileName/PostProcessResources.cs: 5089c17a701ba9b714a1f3d25fb9a9b0 -> 
  custom:scripting/monoscript/fileName/EffectListEditor.cs: 1ecdb4094d9e64024d6eb7725a86197b -> 
========================================================================
Received Prepare
Caller must complete domain reload
Begin MonoManager ReloadAssembly
- Loaded All Assemblies, in  0.408 seconds
Native extension for WindowsStandalone target not found
Native extension for WebGL target not found
Mono: successfully reloaded assembly
- Finished resetting the current domain, in  0.821 seconds
Domain Reload Profiling: 1227ms
	BeginReloadAssembly (144ms)
		ExecutionOrderSort (0ms)
		DisableScriptedObjects (4ms)
		BackupInstance (0ms)
		ReleaseScriptingObjects (0ms)
		CreateAndSetChildDomain (26ms)
	RebuildCommonClasses (30ms)
	RebuildNativeTypeToScriptingClass (9ms)
	initialDomainReloadingComplete (27ms)
	LoadAllAssembliesAndSetupDomain (195ms)
		LoadAssemblies (267ms)
		RebuildTransferFunctionScriptingTraits (0ms)
		AnalyzeDomain (12ms)
			TypeCache.Refresh (5ms)
				TypeCache.ScanAssembly (0ms)
			ScanForSourceGeneratedMonoScriptInfo (0ms)
			ResolveRequiredComponents (5ms)
	FinalizeReload (822ms)
		ReleaseScriptCaches (0ms)
		RebuildScriptCaches (0ms)
		SetupLoadedEditorAssemblies (374ms)
			LogAssemblyErrors (0ms)
			InitializePlatformSupportModulesInManaged (7ms)
			SetLoadedEditorAssemblies (3ms)
			RefreshPlugins (0ms)
			BeforeProcessingInitializeOnLoad (54ms)
			ProcessInitializeOnLoadAttributes (282ms)
			ProcessInitializeOnLoadMethodAttributes (20ms)
			AfterProcessingInitializeOnLoad (8ms)
			EditorAssembliesLoaded (0ms)
		ExecutionOrderSort2 (0ms)
		AwakeInstancesAfterBackupRestoration (9ms)
Refreshing native plugins compatible for Editor in 4.58 ms, found 3 plugins.
Preloading 0 native plugins for Editor in 0.00 ms.
Unloading 3253 Unused Serialized files (Serialized files now loaded: 0)
Unloading 53 unused Assets / (4.0 MB). Loaded Objects now: 3875.
Memory consumption went from 220.4 MB to 216.5 MB.
Total: 5.394000 ms (FindLiveObjects: 0.283300 ms CreateObjectMapping: 0.237300 ms MarkObjects: 3.174600 ms  DeleteObjects: 1.697300 ms)

Prepare: number of updated asset objects reloaded= 0
AssetImportParameters requested are different than current active one (requested -> active):
  custom:scripting/monoscript/fileName/Decorators.cs: 4533f6715dc3f8cdabbd37ff77d1dad7 -> 
  custom:scripting/monoscript/fileName/GlobalSettings.cs: e5eb35b80bdfaee4ead1e1630fd77998 -> 
  custom:scripting/monoscript/fileName/PostProcessEffectBaseEditor.cs: 972bdf00f442be0d879dcb6868e25c8e -> 
  custom:scripting/monoscript/fileName/PostProcessRenderContext.cs: 9e034c8bf7d42a1d6c2d4339915eccb0 -> 
  custom:scripting/monoscript/fileName/MainMenu.cs: c093076ba5753d7bec74a8a751ffb653 -> 
  custom:scripting/monoscript/fileName/Spline.cs: 7876820de12ed89d33ad838af99a030e -> 
  custom:scripting/monoscript/fileName/ColorGrading.cs: ef67493fb3cf9676ba5f25862510a595 -> 
  custom:scripting/monoscript/fileName/Monitor.cs: e0eb5d32b3aade2e0ce8680b00ac2b78 -> 
  custom:scripting/precompiled-assembly-types:Unity.Postprocessing.Runtime: 655cd018e42ac91ed9a03cfbdae17956 -> 
  custom:scripting/monoscript/fileName/TemporalAntialiasing.cs: 71e40fdab49d34f4e07f83936454d904 -> 
  custom:container-demuxer-ogg: 62fdf1f143b41e24485cea50d1cbac27 -> 
  custom:scripting/monoscript/fileName/AmbientOcclusion.cs: 7a27923f9312611f0b2898a72e3ee96a -> 
  custom:scripting/monoscript/fileName/PostProcessDebugLayer.cs: 6d8a99809398beddf11f92dfbb0e6ad4 -> 
  custom:scripting/monoscript/fileName/ColorUtilities.cs: 47918ebfa890b947a816b80444ee2882 -> 
  custom:scripting/monoscript/fileName/ParameterOverride.cs: 5475497db741ca919df708e5019e593d -> 
  custom:scripting/monoscript/fileName/TextureLerper.cs: 973e800795f77d61d647ea0c3f0cf284 -> 
  custom:scripting/precompiled-assembly-types:Unity.Postprocessing.Editor: 23b49e25b965492466cd147d7735360a -> 
  custom:scripting/monoscript/fileName/Vignette.cs: e0b99ac31b7575ef776e7be56647abb0 -> 
  custom:scripting/monoscript/fileName/DepthOfFieldEditor.cs: 64cce655bf722c851048e2ebbf401a7b -> 
  custom:scripting/monoscript/fileName/DefaultPostProcessEffectEditor.cs: 06a1d8fcea7725e08b95f21cc15fd0a1 -> 
  custom:scripting/monoscript/fileName/PostProcessLayer.cs: aa288976158dcd4c24041d5304f25d07 -> 
  custom:scripting/monoscript/fileName/MaxAttribute.cs: d661645ab8c724f24b3e19978e87b44c -> 
  custom:scripting/monoscript/fileName/PostProcessDebugEditor.cs: 1a0488d8742bf880cc7334e53e2cc73d -> 
  custom:video-decoder-ogg-theora: a1e56fd34408186e4bbccfd4996cb3dc -> 
  custom:scripting/monoscript/fileName/SerializedParameterOverride.cs: 5e4deaf96895d013d32a8e84ec179f8e -> 
  custom:scripting/monoscript/fileName/MeshUtilities.cs: dc5356b699afd34cf9728f4d65b476a0 -> 
  custom:scripting/monoscript/fileName/AmbientOcclusionEditor.cs: 61e5422c29b8f52188d508eb7d382167 -> 
  custom:scripting/monoscript/fileName/FastApproximateAntialiasing.cs: bf5588b2deec2689a812a7d2eacd9bd5 -> 
  custom:scripting/monoscript/fileName/MotionBlur.cs: 823914e335803785a19e5990c6ab2911 -> 
  custom:scripting/monoscript/fileName/DefineSetter.cs: 292ba08e52064b1a72f8d4bb04301dd3 -> 
  custom:framework-win-MediaFoundation: 216162199b28c13a410421893ffa2e32 -> 
  custom:scripting/monoscript/fileName/ShaderIDs.cs: 96024f1f873475da65a783f1404f9117 -> 
  custom:scripting/monoscript/fileName/PostProcessEditorAttribute.cs: 672a58b4d5bab60112487a31c361c481 -> 
  custom:scripting/monoscript/fileName/LensDistortionEditor.cs: dee045d29944d55e8040435a58a7ce90 -> 
  custom:scripting/monoscript/fileName/MotionBlurEditor.cs: 3bd8d3e7e9a7ea94beb2e5517b62d27b -> 
  custom:scripting/monoscript/fileName/Dithering.cs: 3014fffaa718d0ad6dd2c7bb7956ed46 -> 
  custom:scripting/monoscript/fileName/DecoratorAttribute.cs: be5bd39119e1a41ea1a019fdb3818a3f -> 
  custom:scripting/monoscript/fileName/DisplayNameAttribute.cs: 935a6ac504eb8a852fba40cbcae9292c -> 
  custom:scripting/monoscript/fileName/PostProcessEffectSettings.cs: 2ab9d33170e863b1a9c8a9079cdd12aa -> 
  custom:scripting/monoscript/fileName/Fog.cs: 07e271953e2bcf8513b6a72a2737e767 -> 
  custom:scripting/monoscript/fileName/PostProcessManager.cs: 28ef7780d543a8111635e1f5051383d0 -> 
  custom:scripting/monoscript/fileName/VolumeFactory.cs: cc77136700c9e1ff894d234886ccb852 -> 
  custom:CustomObjectIndexerAttribute: 9a22284fe3817be447336de3de66b15e -> 
  custom:scripting/monoscript/fileName/PostProcessEvent.cs: 8fb6e54ff2cf1a8be7ecdd01fbdd78f8 -> 
  custom:scripting/monoscript/fileName/TrackballAttribute.cs: 8dea8f77de7bd03137cc578af1ea6656 -> 
  custom:scripting/monoscript/fileName/TrackballDecorator.cs: 6a2b6c747937d12d8d81be8f5b21fbd2 -> 
  custom:scripting/monoscript/fileName/MultiScaleVO.cs: d4c4732956ffb536e016475d75f04c43 -> 
  custom:scripting/monoscript/fileName/CubeLutAssetFactory.cs: db1961888d7cabf6be94b37e3b663de4 -> 
  custom:container-demuxer-webm: 4f35f7cbe854078d1ac9338744f61a02 -> 
  custom:scripting/monoscript/fileName/PostProcessVolumeEditor.cs: 7aae71821512dcac422c45dc773293c3 -> 
  custom:scripting/monoscript/fileName/ChromaticAberration.cs: 4d59e57f8324f5f986e16678ed451410 -> 
  custom:scripting/monoscript/fileName/VignetteEditor.cs: 345736fc911c5e8ab23e579751a40e4a -> 
  custom:scripting/monoscript/fileName/Styling.cs: d1c4aa14ff93670753edfbb93fc91bfe -> 
  custom:scripting/monoscript/fileName/PostProcessEffectRendererExtensions.cs: e953624d113e7e1739c702512603957d -> 
  custom:scripting/monoscript/fileName/ScalableAO.cs: 2f29d71d59b754086c809cfee1cdce34 -> 
  custom:scripting/monoscript/fileName/PostProcessLayerEditor.cs: d16de665ece05cd6e27dcc8d7bac4b9a -> 
  custom:scripting/monoscript/fileName/MinMaxAttribute.cs: a4b6ac8a4377612c7135a60f905792f1 -> 
  custom:scripting/monoscript/fileName/SubpixelMorphologicalAntialiasing.cs: 02dcb8839824addec278047da0509aea -> 
  custom:scripting/monoscript/fileName/BaseEditor.cs: 90647cc400823b41df847a6cbfc29026 -> 
  custom:container-muxer-webm: aa71ff27fc2769a1b78a27578f13a17b -> 
  custom:video-decoder-webm-vp8: 9c59270c3fd7afecdb556c50c9e8de78 -> 
  custom:SearchIndexIgnoredProperties: e643bd26f0fe6173181afceb89e7c659 -> 
  custom:scripting/monoscript/fileName/ChromaticAberrationEditor.cs: 3043bf57519b71f64b7a6de970c2487b -> 
  custom:scripting/monoscript/fileName/PostProcessEffectRenderer.cs: 577c5acf8157ecea944bb95c8c6d9a95 -> 
  custom:AudioImporter_EditorPlatform: d09bf68614088b80899f8185d706f6e7 -> 
  custom:scripting/monoscript/fileName/TextureFormatUtilities.cs: ba58c57cfaabc0f8201a9ca6902fcb23 -> 
  custom:scripting/monoscript/fileName/PostProcessVolume.cs: 3883cef4be0567c54caf457a416a2095 -> 
  custom:scripting/monoscript/fileName/LightMeterMonitor.cs: a897ae0c731cb153281aea9ecd0efb03 -> 
  custom:scripting/monoscript/fileName/ColorGradingEditor.cs: 25838050e3e1f12ef51713a5dcf60349 -> 
  custom:scripting/monoscript/fileName/AttributeDecorator.cs: 39b465f08cd0a5df82fc2ef70b766ca2 -> 
  custom:scripting/monoscript/fileName/AutoExposureEditor.cs: dfd15824649ea346b717bc72a871d75b -> 
  custom:scripting/monoscript/fileName/LensDistortion.cs: b7963bb1da21ba484a7b59b9f6ea3aec -> 
  custom:scripting/monoscript/fileName/ResourceAssetFactory.cs: bf6acc988648d854bb3c5751325d0d0a -> 
  custom:scripting/monoscript/fileName/PostProcessProfileEditor.cs: 1dcd55858a4126cb33b0f2de53c74fbe -> 
  custom:scripting/monoscript/fileName/Skybox.cs: c122ade9e2d3a916264f47a45be02789 -> 
  custom:scripting/monoscript/fileName/PostProcessDebug.cs: a653e9b773649e7452b035b4ce1dae82 -> 
  custom:scripting/monoscript/fileName/PostProcessAttribute.cs: e125947bf72ce7382f3b16f75797c897 -> 
  custom:scripting/monoscript/fileName/Grain.cs: 43f09a87a88d9937fbb9c4dbf3d5508e -> 
  custom:scripting/monoscript/fileName/HistogramMonitor.cs: 6fd024409d6e9db8d4c2c4e26430c2ad -> 
  custom:scripting/monoscript/fileName/PostProcessProfile.cs: f6dc030e2e953b2ed0eca334cce5d5cf -> 
  custom:scripting/monoscript/fileName/ProfileFactory.cs: f835845dfebfed501813f60a1cb006a3 -> 
  custom:scripting/monoscript/fileName/PostProcessEffectEditor.cs: 90647cc400823b41df847a6cbfc29026 -> 
  custom:scripting/monoscript/fileName/CubeLutAssetImporter.cs: 5e94ca4c74dad11cc8880f33d0ba9efb -> 
  custom:scripting/monoscript/fileName/PostProcessBundle.cs: f610f855c8ae8b896b5084e85ede373e -> 
  custom:scripting/monoscript/fileName/ScreenSpaceReflectionsEditor.cs: 59c13ba25de6098e70bafe8be94f609a -> 
  custom:video-encoder-webm-vp8: eb34c28f22e8b96e1ab97ce403110664 -> 
  custom:scripting/monoscript/fileName/RuntimeUtilities.cs: 76964d36e50cc48cfa29643bdde8d9a5 -> 
  custom:scripting/monoscript/fileName/Bloom.cs: 6f6d579a64201b97313a62a1e91b3575 -> 
  custom:audio-decoder-ogg-vorbis: bf7c407c2cedff20999df2af8eb42d56 -> 
  custom:scripting/monoscript/fileName/Fade.cs: 61320f8e17687c119db9aa01d877447f -> 
  custom:scripting/monoscript/fileName/AutoExposure.cs: 0e7c21b17f53209ee8c5c61ab59d7835 -> 
  custom:scripting/monoscript/fileName/VectorscopeMonitor.cs: cb70c6437b976f01b752cd219cc47f32 -> 
  custom:scripting/monoscript/fileName/PropertySheetFactory.cs: cfc4667cc03e44252fafe18d99f24b25 -> 
  custom:scripting/monoscript/fileName/EditorUtilities.cs: 53a52fb113757c42f9c516115bd845ca -> 
  custom:scripting/monoscript/fileName/HaltonSeq.cs: a7590e55d6fae5328a1c395a2473d0cf -> 
  custom:scripting/monoscript/fileName/MinAttribute.cs: a3e7473301291585f4cca024ce307406 -> 
  custom:scripting/monoscript/fileName/DepthOfField.cs: d62178d8b5619f59fcdd6d24617ef5fd -> 
  custom:scripting/monoscript/fileName/BloomEditor.cs: c341bb26b40744c3a5c2a142ac3e1051 -> 
  custom:scripting/monoscript/fileName/WaveformMonitor.cs: 609651ee3f98f206575f684e9cce655d -> 
  custom:scripting/monoscript/fileName/HableCurve.cs: f244b24d6e7c556a2de06e25b0bbf4c1 -> 
  custom:audio-encoder-webm-vorbis: bf7c407c2cedff20999df2af8eb42d56 -> 
  custom:scripting/monoscript/fileName/PropertySheet.cs: e6bb03169eca9d33ea794a47ad6ce213 -> 
  custom:scripting/monoscript/fileName/TargetPool.cs: 6d29560228134c933c12fb1c113fb6ef -> 
  custom:scripting/monoscript/fileName/LogHistogram.cs: bab913d888834a1a8572eb834acec97c -> 
  custom:scripting/monoscript/fileName/ScreenSpaceReflections.cs: 8afa07200328ddfcb2536d4180c62536 -> 
  custom:scripting/precompiled-assembly-types:Assembly-CSharp: d6fe0ff31029f2d2cc0617ccb9ee00f5 -> b5609ffa9375a1719a4b9b879c420584
  custom:scripting/monoscript/fileName/CurveEditor.cs: f5e872b2a5a6427a1785818cb10d95d1 -> 
  custom:scripting/monoscript/fileName/PostProcessResources.cs: 5089c17a701ba9b714a1f3d25fb9a9b0 -> 
  custom:scripting/monoscript/fileName/EffectListEditor.cs: 1ecdb4094d9e64024d6eb7725a86197b -> 
========================================================================
Received Prepare
Caller must complete domain reload
Begin MonoManager ReloadAssembly
- Loaded All Assemblies, in  0.373 seconds
Native extension for WindowsStandalone target not found
Native extension for WebGL target not found
Mono: successfully reloaded assembly
- Finished resetting the current domain, in  0.808 seconds
Domain Reload Profiling: 1179ms
	BeginReloadAssembly (133ms)
		ExecutionOrderSort (0ms)
		DisableScriptedObjects (5ms)
		BackupInstance (0ms)
		ReleaseScriptingObjects (0ms)
		CreateAndSetChildDomain (28ms)
	RebuildCommonClasses (27ms)
	RebuildNativeTypeToScriptingClass (8ms)
	initialDomainReloadingComplete (26ms)
	LoadAllAssembliesAndSetupDomain (177ms)
		LoadAssemblies (232ms)
		RebuildTransferFunctionScriptingTraits (0ms)
		AnalyzeDomain (14ms)
			TypeCache.Refresh (5ms)
				TypeCache.ScanAssembly (0ms)
			ScanForSourceGeneratedMonoScriptInfo (0ms)
			ResolveRequiredComponents (6ms)
	FinalizeReload (809ms)
		ReleaseScriptCaches (0ms)
		RebuildScriptCaches (0ms)
		SetupLoadedEditorAssemblies (355ms)
			LogAssemblyErrors (0ms)
			InitializePlatformSupportModulesInManaged (7ms)
			SetLoadedEditorAssemblies (3ms)
			RefreshPlugins (0ms)
			BeforeProcessingInitializeOnLoad (53ms)
			ProcessInitializeOnLoadAttributes (262ms)
			ProcessInitializeOnLoadMethodAttributes (21ms)
			AfterProcessingInitializeOnLoad (8ms)
			EditorAssembliesLoaded (0ms)
		ExecutionOrderSort2 (0ms)
		AwakeInstancesAfterBackupRestoration (7ms)
Refreshing native plugins compatible for Editor in 5.17 ms, found 3 plugins.
Preloading 0 native plugins for Editor in 0.00 ms.
Unloading 3253 Unused Serialized files (Serialized files now loaded: 0)
Unloading 53 unused Assets / (3.9 MB). Loaded Objects now: 3878.
Memory consumption went from 220.4 MB to 216.5 MB.
Total: 4.833800 ms (FindLiveObjects: 0.249000 ms CreateObjectMapping: 0.187900 ms MarkObjects: 2.893400 ms  DeleteObjects: 1.501800 ms)

Prepare: number of updated asset objects reloaded= 0
AssetImportParameters requested are different than current active one (requested -> active):
  custom:scripting/monoscript/fileName/Decorators.cs: 4533f6715dc3f8cdabbd37ff77d1dad7 -> 
  custom:scripting/monoscript/fileName/GlobalSettings.cs: e5eb35b80bdfaee4ead1e1630fd77998 -> 
  custom:scripting/monoscript/fileName/PostProcessEffectBaseEditor.cs: 972bdf00f442be0d879dcb6868e25c8e -> 
  custom:scripting/monoscript/fileName/PostProcessRenderContext.cs: 9e034c8bf7d42a1d6c2d4339915eccb0 -> 
  custom:scripting/monoscript/fileName/MainMenu.cs: c093076ba5753d7bec74a8a751ffb653 -> 
  custom:scripting/monoscript/fileName/Spline.cs: 7876820de12ed89d33ad838af99a030e -> 
  custom:scripting/monoscript/fileName/ColorGrading.cs: ef67493fb3cf9676ba5f25862510a595 -> 
  custom:scripting/monoscript/fileName/Monitor.cs: e0eb5d32b3aade2e0ce8680b00ac2b78 -> 
  custom:scripting/precompiled-assembly-types:Unity.Postprocessing.Runtime: 655cd018e42ac91ed9a03cfbdae17956 -> 
  custom:scripting/monoscript/fileName/TemporalAntialiasing.cs: 71e40fdab49d34f4e07f83936454d904 -> 
  custom:container-demuxer-ogg: 62fdf1f143b41e24485cea50d1cbac27 -> 
  custom:scripting/monoscript/fileName/AmbientOcclusion.cs: 7a27923f9312611f0b2898a72e3ee96a -> 
  custom:scripting/monoscript/fileName/PostProcessDebugLayer.cs: 6d8a99809398beddf11f92dfbb0e6ad4 -> 
  custom:scripting/monoscript/fileName/ColorUtilities.cs: 47918ebfa890b947a816b80444ee2882 -> 
  custom:scripting/monoscript/fileName/ParameterOverride.cs: 5475497db741ca919df708e5019e593d -> 
  custom:scripting/monoscript/fileName/TextureLerper.cs: 973e800795f77d61d647ea0c3f0cf284 -> 
  custom:scripting/precompiled-assembly-types:Unity.Postprocessing.Editor: 23b49e25b965492466cd147d7735360a -> 
  custom:scripting/monoscript/fileName/Vignette.cs: e0b99ac31b7575ef776e7be56647abb0 -> 
  custom:scripting/monoscript/fileName/DepthOfFieldEditor.cs: 64cce655bf722c851048e2ebbf401a7b -> 
  custom:scripting/monoscript/fileName/DefaultPostProcessEffectEditor.cs: 06a1d8fcea7725e08b95f21cc15fd0a1 -> 
  custom:scripting/monoscript/fileName/PostProcessLayer.cs: aa288976158dcd4c24041d5304f25d07 -> 
  custom:scripting/monoscript/fileName/MaxAttribute.cs: d661645ab8c724f24b3e19978e87b44c -> 
  custom:scripting/monoscript/fileName/PostProcessDebugEditor.cs: 1a0488d8742bf880cc7334e53e2cc73d -> 
  custom:video-decoder-ogg-theora: a1e56fd34408186e4bbccfd4996cb3dc -> 
  custom:scripting/monoscript/fileName/SerializedParameterOverride.cs: 5e4deaf96895d013d32a8e84ec179f8e -> 
  custom:scripting/monoscript/fileName/MeshUtilities.cs: dc5356b699afd34cf9728f4d65b476a0 -> 
  custom:scripting/monoscript/fileName/AmbientOcclusionEditor.cs: 61e5422c29b8f52188d508eb7d382167 -> 
  custom:scripting/monoscript/fileName/FastApproximateAntialiasing.cs: bf5588b2deec2689a812a7d2eacd9bd5 -> 
  custom:scripting/monoscript/fileName/MotionBlur.cs: 823914e335803785a19e5990c6ab2911 -> 
  custom:scripting/monoscript/fileName/DefineSetter.cs: 292ba08e52064b1a72f8d4bb04301dd3 -> 
  custom:framework-win-MediaFoundation: 216162199b28c13a410421893ffa2e32 -> 
  custom:scripting/monoscript/fileName/ShaderIDs.cs: 96024f1f873475da65a783f1404f9117 -> 
  custom:scripting/monoscript/fileName/PostProcessEditorAttribute.cs: 672a58b4d5bab60112487a31c361c481 -> 
  custom:scripting/monoscript/fileName/LensDistortionEditor.cs: dee045d29944d55e8040435a58a7ce90 -> 
  custom:scripting/monoscript/fileName/MotionBlurEditor.cs: 3bd8d3e7e9a7ea94beb2e5517b62d27b -> 
  custom:scripting/monoscript/fileName/Dithering.cs: 3014fffaa718d0ad6dd2c7bb7956ed46 -> 
  custom:scripting/monoscript/fileName/DecoratorAttribute.cs: be5bd39119e1a41ea1a019fdb3818a3f -> 
  custom:scripting/monoscript/fileName/DisplayNameAttribute.cs: 935a6ac504eb8a852fba40cbcae9292c -> 
  custom:scripting/monoscript/fileName/PostProcessEffectSettings.cs: 2ab9d33170e863b1a9c8a9079cdd12aa -> 
  custom:scripting/monoscript/fileName/Fog.cs: 07e271953e2bcf8513b6a72a2737e767 -> 
  custom:scripting/monoscript/fileName/PostProcessManager.cs: 28ef7780d543a8111635e1f5051383d0 -> 
  custom:scripting/monoscript/fileName/VolumeFactory.cs: cc77136700c9e1ff894d234886ccb852 -> 
  custom:CustomObjectIndexerAttribute: 9a22284fe3817be447336de3de66b15e -> 
  custom:scripting/monoscript/fileName/PostProcessEvent.cs: 8fb6e54ff2cf1a8be7ecdd01fbdd78f8 -> 
  custom:scripting/monoscript/fileName/TrackballAttribute.cs: 8dea8f77de7bd03137cc578af1ea6656 -> 
  custom:scripting/monoscript/fileName/TrackballDecorator.cs: 6a2b6c747937d12d8d81be8f5b21fbd2 -> 
  custom:scripting/monoscript/fileName/MultiScaleVO.cs: d4c4732956ffb536e016475d75f04c43 -> 
  custom:scripting/monoscript/fileName/CubeLutAssetFactory.cs: db1961888d7cabf6be94b37e3b663de4 -> 
  custom:container-demuxer-webm: 4f35f7cbe854078d1ac9338744f61a02 -> 
  custom:scripting/monoscript/fileName/PostProcessVolumeEditor.cs: 7aae71821512dcac422c45dc773293c3 -> 
  custom:scripting/monoscript/fileName/ChromaticAberration.cs: 4d59e57f8324f5f986e16678ed451410 -> 
  custom:scripting/monoscript/fileName/VignetteEditor.cs: 345736fc911c5e8ab23e579751a40e4a -> 
  custom:scripting/monoscript/fileName/Styling.cs: d1c4aa14ff93670753edfbb93fc91bfe -> 
  custom:scripting/monoscript/fileName/PostProcessEffectRendererExtensions.cs: e953624d113e7e1739c702512603957d -> 
  custom:scripting/monoscript/fileName/ScalableAO.cs: 2f29d71d59b754086c809cfee1cdce34 -> 
  custom:scripting/monoscript/fileName/PostProcessLayerEditor.cs: d16de665ece05cd6e27dcc8d7bac4b9a -> 
  custom:scripting/monoscript/fileName/MinMaxAttribute.cs: a4b6ac8a4377612c7135a60f905792f1 -> 
  custom:scripting/monoscript/fileName/SubpixelMorphologicalAntialiasing.cs: 02dcb8839824addec278047da0509aea -> 
  custom:scripting/monoscript/fileName/BaseEditor.cs: 90647cc400823b41df847a6cbfc29026 -> 
  custom:container-muxer-webm: aa71ff27fc2769a1b78a27578f13a17b -> 
  custom:video-decoder-webm-vp8: 9c59270c3fd7afecdb556c50c9e8de78 -> 
  custom:SearchIndexIgnoredProperties: e643bd26f0fe6173181afceb89e7c659 -> 
  custom:scripting/monoscript/fileName/ChromaticAberrationEditor.cs: 3043bf57519b71f64b7a6de970c2487b -> 
  custom:scripting/monoscript/fileName/PostProcessEffectRenderer.cs: 577c5acf8157ecea944bb95c8c6d9a95 -> 
  custom:AudioImporter_EditorPlatform: d09bf68614088b80899f8185d706f6e7 -> 
  custom:scripting/monoscript/fileName/TextureFormatUtilities.cs: ba58c57cfaabc0f8201a9ca6902fcb23 -> 
  custom:scripting/monoscript/fileName/PostProcessVolume.cs: 3883cef4be0567c54caf457a416a2095 -> 
  custom:scripting/monoscript/fileName/LightMeterMonitor.cs: a897ae0c731cb153281aea9ecd0efb03 -> 
  custom:scripting/monoscript/fileName/ColorGradingEditor.cs: 25838050e3e1f12ef51713a5dcf60349 -> 
  custom:scripting/monoscript/fileName/AttributeDecorator.cs: 39b465f08cd0a5df82fc2ef70b766ca2 -> 
  custom:scripting/monoscript/fileName/AutoExposureEditor.cs: dfd15824649ea346b717bc72a871d75b -> 
  custom:scripting/monoscript/fileName/LensDistortion.cs: b7963bb1da21ba484a7b59b9f6ea3aec -> 
  custom:scripting/monoscript/fileName/ResourceAssetFactory.cs: bf6acc988648d854bb3c5751325d0d0a -> 
  custom:scripting/monoscript/fileName/PostProcessProfileEditor.cs: 1dcd55858a4126cb33b0f2de53c74fbe -> 
  custom:scripting/monoscript/fileName/Skybox.cs: c122ade9e2d3a916264f47a45be02789 -> 
  custom:scripting/monoscript/fileName/PostProcessDebug.cs: a653e9b773649e7452b035b4ce1dae82 -> 
  custom:scripting/monoscript/fileName/PostProcessAttribute.cs: e125947bf72ce7382f3b16f75797c897 -> 
  custom:scripting/monoscript/fileName/Grain.cs: 43f09a87a88d9937fbb9c4dbf3d5508e -> 
  custom:scripting/monoscript/fileName/HistogramMonitor.cs: 6fd024409d6e9db8d4c2c4e26430c2ad -> 
  custom:scripting/monoscript/fileName/PostProcessProfile.cs: f6dc030e2e953b2ed0eca334cce5d5cf -> 
  custom:scripting/monoscript/fileName/ProfileFactory.cs: f835845dfebfed501813f60a1cb006a3 -> 
  custom:scripting/monoscript/fileName/PostProcessEffectEditor.cs: 90647cc400823b41df847a6cbfc29026 -> 
  custom:scripting/monoscript/fileName/CubeLutAssetImporter.cs: 5e94ca4c74dad11cc8880f33d0ba9efb -> 
  custom:scripting/monoscript/fileName/PostProcessBundle.cs: f610f855c8ae8b896b5084e85ede373e -> 
  custom:scripting/monoscript/fileName/ScreenSpaceReflectionsEditor.cs: 59c13ba25de6098e70bafe8be94f609a -> 
  custom:video-encoder-webm-vp8: eb34c28f22e8b96e1ab97ce403110664 -> 
  custom:scripting/monoscript/fileName/RuntimeUtilities.cs: 76964d36e50cc48cfa29643bdde8d9a5 -> 
  custom:scripting/monoscript/fileName/Bloom.cs: 6f6d579a64201b97313a62a1e91b3575 -> 
  custom:audio-decoder-ogg-vorbis: bf7c407c2cedff20999df2af8eb42d56 -> 
  custom:scripting/monoscript/fileName/Fade.cs: 61320f8e17687c119db9aa01d877447f -> 
  custom:scripting/monoscript/fileName/AutoExposure.cs: 0e7c21b17f53209ee8c5c61ab59d7835 -> 
  custom:scripting/monoscript/fileName/VectorscopeMonitor.cs: cb70c6437b976f01b752cd219cc47f32 -> 
  custom:scripting/monoscript/fileName/PropertySheetFactory.cs: cfc4667cc03e44252fafe18d99f24b25 -> 
  custom:scripting/monoscript/fileName/EditorUtilities.cs: 53a52fb113757c42f9c516115bd845ca -> 
  custom:scripting/monoscript/fileName/HaltonSeq.cs: a7590e55d6fae5328a1c395a2473d0cf -> 
  custom:scripting/monoscript/fileName/MinAttribute.cs: a3e7473301291585f4cca024ce307406 -> 
  custom:scripting/monoscript/fileName/DepthOfField.cs: d62178d8b5619f59fcdd6d24617ef5fd -> 
  custom:scripting/monoscript/fileName/BloomEditor.cs: c341bb26b40744c3a5c2a142ac3e1051 -> 
  custom:scripting/monoscript/fileName/WaveformMonitor.cs: 609651ee3f98f206575f684e9cce655d -> 
  custom:scripting/monoscript/fileName/HableCurve.cs: f244b24d6e7c556a2de06e25b0bbf4c1 -> 
  custom:audio-encoder-webm-vorbis: bf7c407c2cedff20999df2af8eb42d56 -> 
  custom:scripting/monoscript/fileName/PropertySheet.cs: e6bb03169eca9d33ea794a47ad6ce213 -> 
  custom:scripting/monoscript/fileName/TargetPool.cs: 6d29560228134c933c12fb1c113fb6ef -> 
  custom:scripting/monoscript/fileName/LogHistogram.cs: bab913d888834a1a8572eb834acec97c -> 
  custom:scripting/monoscript/fileName/ScreenSpaceReflections.cs: 8afa07200328ddfcb2536d4180c62536 -> 
  custom:scripting/precompiled-assembly-types:Assembly-CSharp: d6fe0ff31029f2d2cc0617ccb9ee00f5 -> b5609ffa9375a1719a4b9b879c420584
  custom:scripting/monoscript/fileName/CurveEditor.cs: f5e872b2a5a6427a1785818cb10d95d1 -> 
  custom:scripting/monoscript/fileName/PostProcessResources.cs: 5089c17a701ba9b714a1f3d25fb9a9b0 -> 
  custom:scripting/monoscript/fileName/EffectListEditor.cs: 1ecdb4094d9e64024d6eb7725a86197b -> 
========================================================================
Received Prepare
Caller must complete domain reload
Begin MonoManager ReloadAssembly
- Loaded All Assemblies, in  0.385 seconds
Native extension for WindowsStandalone target not found
Native extension for WebGL target not found
Mono: successfully reloaded assembly
- Finished resetting the current domain, in  0.850 seconds
Domain Reload Profiling: 1233ms
	BeginReloadAssembly (128ms)
		ExecutionOrderSort (0ms)
		DisableScriptedObjects (4ms)
		BackupInstance (0ms)
		ReleaseScriptingObjects (0ms)
		CreateAndSetChildDomain (25ms)
	RebuildCommonClasses (30ms)
	RebuildNativeTypeToScriptingClass (8ms)
	initialDomainReloadingComplete (29ms)
	LoadAllAssembliesAndSetupDomain (186ms)
		LoadAssemblies (244ms)
		RebuildTransferFunctionScriptingTraits (0ms)
		AnalyzeDomain (13ms)
			TypeCache.Refresh (6ms)
				TypeCache.ScanAssembly (0ms)
			ScanForSourceGeneratedMonoScriptInfo (0ms)
			ResolveRequiredComponents (5ms)
	FinalizeReload (851ms)
		ReleaseScriptCaches (0ms)
		RebuildScriptCaches (0ms)
		SetupLoadedEditorAssemblies (409ms)
			LogAssemblyErrors (0ms)
			InitializePlatformSupportModulesInManaged (11ms)
			SetLoadedEditorAssemblies (3ms)
			RefreshPlugins (0ms)
			BeforeProcessingInitializeOnLoad (54ms)
			ProcessInitializeOnLoadAttributes (311ms)
			ProcessInitializeOnLoadMethodAttributes (22ms)
			AfterProcessingInitializeOnLoad (8ms)
			EditorAssembliesLoaded (0ms)
		ExecutionOrderSort2 (0ms)
		AwakeInstancesAfterBackupRestoration (8ms)
Refreshing native plugins compatible for Editor in 5.65 ms, found 3 plugins.
Preloading 0 native plugins for Editor in 0.00 ms.
Unloading 3253 Unused Serialized files (Serialized files now loaded: 0)
Unloading 53 unused Assets / (3.9 MB). Loaded Objects now: 3881.
Memory consumption went from 220.4 MB to 216.5 MB.
Total: 5.501700 ms (FindLiveObjects: 0.444800 ms CreateObjectMapping: 0.280100 ms MarkObjects: 3.147000 ms  DeleteObjects: 1.628300 ms)

Prepare: number of updated asset objects reloaded= 0
AssetImportParameters requested are different than current active one (requested -> active):
  custom:scripting/monoscript/fileName/Decorators.cs: 4533f6715dc3f8cdabbd37ff77d1dad7 -> 
  custom:scripting/monoscript/fileName/GlobalSettings.cs: e5eb35b80bdfaee4ead1e1630fd77998 -> 
  custom:scripting/monoscript/fileName/PostProcessEffectBaseEditor.cs: 972bdf00f442be0d879dcb6868e25c8e -> 
  custom:scripting/monoscript/fileName/PostProcessRenderContext.cs: 9e034c8bf7d42a1d6c2d4339915eccb0 -> 
  custom:scripting/monoscript/fileName/MainMenu.cs: c093076ba5753d7bec74a8a751ffb653 -> 
  custom:scripting/monoscript/fileName/Spline.cs: 7876820de12ed89d33ad838af99a030e -> 
  custom:scripting/monoscript/fileName/ColorGrading.cs: ef67493fb3cf9676ba5f25862510a595 -> 
  custom:scripting/monoscript/fileName/Monitor.cs: e0eb5d32b3aade2e0ce8680b00ac2b78 -> 
  custom:scripting/precompiled-assembly-types:Unity.Postprocessing.Runtime: 655cd018e42ac91ed9a03cfbdae17956 -> 
  custom:scripting/monoscript/fileName/TemporalAntialiasing.cs: 71e40fdab49d34f4e07f83936454d904 -> 
  custom:container-demuxer-ogg: 62fdf1f143b41e24485cea50d1cbac27 -> 
  custom:scripting/monoscript/fileName/AmbientOcclusion.cs: 7a27923f9312611f0b2898a72e3ee96a -> 
  custom:scripting/monoscript/fileName/PostProcessDebugLayer.cs: 6d8a99809398beddf11f92dfbb0e6ad4 -> 
  custom:scripting/monoscript/fileName/ColorUtilities.cs: 47918ebfa890b947a816b80444ee2882 -> 
  custom:scripting/monoscript/fileName/ParameterOverride.cs: 5475497db741ca919df708e5019e593d -> 
  custom:scripting/monoscript/fileName/TextureLerper.cs: 973e800795f77d61d647ea0c3f0cf284 -> 
  custom:scripting/precompiled-assembly-types:Unity.Postprocessing.Editor: 23b49e25b965492466cd147d7735360a -> 
  custom:scripting/monoscript/fileName/Vignette.cs: e0b99ac31b7575ef776e7be56647abb0 -> 
  custom:scripting/monoscript/fileName/DepthOfFieldEditor.cs: 64cce655bf722c851048e2ebbf401a7b -> 
  custom:scripting/monoscript/fileName/DefaultPostProcessEffectEditor.cs: 06a1d8fcea7725e08b95f21cc15fd0a1 -> 
  custom:scripting/monoscript/fileName/PostProcessLayer.cs: aa288976158dcd4c24041d5304f25d07 -> 
  custom:scripting/monoscript/fileName/MaxAttribute.cs: d661645ab8c724f24b3e19978e87b44c -> 
  custom:scripting/monoscript/fileName/PostProcessDebugEditor.cs: 1a0488d8742bf880cc7334e53e2cc73d -> 
  custom:video-decoder-ogg-theora: a1e56fd34408186e4bbccfd4996cb3dc -> 
  custom:scripting/monoscript/fileName/SerializedParameterOverride.cs: 5e4deaf96895d013d32a8e84ec179f8e -> 
  custom:scripting/monoscript/fileName/MeshUtilities.cs: dc5356b699afd34cf9728f4d65b476a0 -> 
  custom:scripting/monoscript/fileName/AmbientOcclusionEditor.cs: 61e5422c29b8f52188d508eb7d382167 -> 
  custom:scripting/monoscript/fileName/FastApproximateAntialiasing.cs: bf5588b2deec2689a812a7d2eacd9bd5 -> 
  custom:scripting/monoscript/fileName/MotionBlur.cs: 823914e335803785a19e5990c6ab2911 -> 
  custom:scripting/monoscript/fileName/DefineSetter.cs: 292ba08e52064b1a72f8d4bb04301dd3 -> 
  custom:framework-win-MediaFoundation: 216162199b28c13a410421893ffa2e32 -> 
  custom:scripting/monoscript/fileName/ShaderIDs.cs: 96024f1f873475da65a783f1404f9117 -> 
  custom:scripting/monoscript/fileName/PostProcessEditorAttribute.cs: 672a58b4d5bab60112487a31c361c481 -> 
  custom:scripting/monoscript/fileName/LensDistortionEditor.cs: dee045d29944d55e8040435a58a7ce90 -> 
  custom:scripting/monoscript/fileName/MotionBlurEditor.cs: 3bd8d3e7e9a7ea94beb2e5517b62d27b -> 
  custom:scripting/monoscript/fileName/Dithering.cs: 3014fffaa718d0ad6dd2c7bb7956ed46 -> 
  custom:scripting/monoscript/fileName/DecoratorAttribute.cs: be5bd39119e1a41ea1a019fdb3818a3f -> 
  custom:scripting/monoscript/fileName/DisplayNameAttribute.cs: 935a6ac504eb8a852fba40cbcae9292c -> 
  custom:scripting/monoscript/fileName/PostProcessEffectSettings.cs: 2ab9d33170e863b1a9c8a9079cdd12aa -> 
  custom:scripting/monoscript/fileName/Fog.cs: 07e271953e2bcf8513b6a72a2737e767 -> 
  custom:scripting/monoscript/fileName/PostProcessManager.cs: 28ef7780d543a8111635e1f5051383d0 -> 
  custom:scripting/monoscript/fileName/VolumeFactory.cs: cc77136700c9e1ff894d234886ccb852 -> 
  custom:CustomObjectIndexerAttribute: 9a22284fe3817be447336de3de66b15e -> 
  custom:scripting/monoscript/fileName/PostProcessEvent.cs: 8fb6e54ff2cf1a8be7ecdd01fbdd78f8 -> 
  custom:scripting/monoscript/fileName/TrackballAttribute.cs: 8dea8f77de7bd03137cc578af1ea6656 -> 
  custom:scripting/monoscript/fileName/TrackballDecorator.cs: 6a2b6c747937d12d8d81be8f5b21fbd2 -> 
  custom:scripting/monoscript/fileName/MultiScaleVO.cs: d4c4732956ffb536e016475d75f04c43 -> 
  custom:scripting/monoscript/fileName/CubeLutAssetFactory.cs: db1961888d7cabf6be94b37e3b663de4 -> 
  custom:container-demuxer-webm: 4f35f7cbe854078d1ac9338744f61a02 -> 
  custom:scripting/monoscript/fileName/PostProcessVolumeEditor.cs: 7aae71821512dcac422c45dc773293c3 -> 
  custom:scripting/monoscript/fileName/ChromaticAberration.cs: 4d59e57f8324f5f986e16678ed451410 -> 
  custom:scripting/monoscript/fileName/VignetteEditor.cs: 345736fc911c5e8ab23e579751a40e4a -> 
  custom:scripting/monoscript/fileName/Styling.cs: d1c4aa14ff93670753edfbb93fc91bfe -> 
  custom:scripting/monoscript/fileName/PostProcessEffectRendererExtensions.cs: e953624d113e7e1739c702512603957d -> 
  custom:scripting/monoscript/fileName/ScalableAO.cs: 2f29d71d59b754086c809cfee1cdce34 -> 
  custom:scripting/monoscript/fileName/PostProcessLayerEditor.cs: d16de665ece05cd6e27dcc8d7bac4b9a -> 
  custom:scripting/monoscript/fileName/MinMaxAttribute.cs: a4b6ac8a4377612c7135a60f905792f1 -> 
  custom:scripting/monoscript/fileName/SubpixelMorphologicalAntialiasing.cs: 02dcb8839824addec278047da0509aea -> 
  custom:scripting/monoscript/fileName/BaseEditor.cs: 90647cc400823b41df847a6cbfc29026 -> 
  custom:container-muxer-webm: aa71ff27fc2769a1b78a27578f13a17b -> 
  custom:video-decoder-webm-vp8: 9c59270c3fd7afecdb556c50c9e8de78 -> 
  custom:SearchIndexIgnoredProperties: e643bd26f0fe6173181afceb89e7c659 -> 
  custom:scripting/monoscript/fileName/ChromaticAberrationEditor.cs: 3043bf57519b71f64b7a6de970c2487b -> 
  custom:scripting/monoscript/fileName/PostProcessEffectRenderer.cs: 577c5acf8157ecea944bb95c8c6d9a95 -> 
  custom:AudioImporter_EditorPlatform: d09bf68614088b80899f8185d706f6e7 -> 
  custom:scripting/monoscript/fileName/TextureFormatUtilities.cs: ba58c57cfaabc0f8201a9ca6902fcb23 -> 
  custom:scripting/monoscript/fileName/PostProcessVolume.cs: 3883cef4be0567c54caf457a416a2095 -> 
  custom:scripting/monoscript/fileName/LightMeterMonitor.cs: a897ae0c731cb153281aea9ecd0efb03 -> 
  custom:scripting/monoscript/fileName/ColorGradingEditor.cs: 25838050e3e1f12ef51713a5dcf60349 -> 
  custom:scripting/monoscript/fileName/AttributeDecorator.cs: 39b465f08cd0a5df82fc2ef70b766ca2 -> 
  custom:scripting/monoscript/fileName/AutoExposureEditor.cs: dfd15824649ea346b717bc72a871d75b -> 
  custom:scripting/monoscript/fileName/LensDistortion.cs: b7963bb1da21ba484a7b59b9f6ea3aec -> 
  custom:scripting/monoscript/fileName/ResourceAssetFactory.cs: bf6acc988648d854bb3c5751325d0d0a -> 
  custom:scripting/monoscript/fileName/PostProcessProfileEditor.cs: 1dcd55858a4126cb33b0f2de53c74fbe -> 
  custom:scripting/monoscript/fileName/Skybox.cs: c122ade9e2d3a916264f47a45be02789 -> 
  custom:scripting/monoscript/fileName/PostProcessDebug.cs: a653e9b773649e7452b035b4ce1dae82 -> 
  custom:scripting/monoscript/fileName/PostProcessAttribute.cs: e125947bf72ce7382f3b16f75797c897 -> 
  custom:scripting/monoscript/fileName/Grain.cs: 43f09a87a88d9937fbb9c4dbf3d5508e -> 
  custom:scripting/monoscript/fileName/HistogramMonitor.cs: 6fd024409d6e9db8d4c2c4e26430c2ad -> 
  custom:scripting/monoscript/fileName/PostProcessProfile.cs: f6dc030e2e953b2ed0eca334cce5d5cf -> 
  custom:scripting/monoscript/fileName/ProfileFactory.cs: f835845dfebfed501813f60a1cb006a3 -> 
  custom:scripting/monoscript/fileName/PostProcessEffectEditor.cs: 90647cc400823b41df847a6cbfc29026 -> 
  custom:scripting/monoscript/fileName/CubeLutAssetImporter.cs: 5e94ca4c74dad11cc8880f33d0ba9efb -> 
  custom:scripting/monoscript/fileName/PostProcessBundle.cs: f610f855c8ae8b896b5084e85ede373e -> 
  custom:scripting/monoscript/fileName/ScreenSpaceReflectionsEditor.cs: 59c13ba25de6098e70bafe8be94f609a -> 
  custom:video-encoder-webm-vp8: eb34c28f22e8b96e1ab97ce403110664 -> 
  custom:scripting/monoscript/fileName/RuntimeUtilities.cs: 76964d36e50cc48cfa29643bdde8d9a5 -> 
  custom:scripting/monoscript/fileName/Bloom.cs: 6f6d579a64201b97313a62a1e91b3575 -> 
  custom:audio-decoder-ogg-vorbis: bf7c407c2cedff20999df2af8eb42d56 -> 
  custom:scripting/monoscript/fileName/Fade.cs: 61320f8e17687c119db9aa01d877447f -> 
  custom:scripting/monoscript/fileName/AutoExposure.cs: 0e7c21b17f53209ee8c5c61ab59d7835 -> 
  custom:scripting/monoscript/fileName/VectorscopeMonitor.cs: cb70c6437b976f01b752cd219cc47f32 -> 
  custom:scripting/monoscript/fileName/PropertySheetFactory.cs: cfc4667cc03e44252fafe18d99f24b25 -> 
  custom:scripting/monoscript/fileName/EditorUtilities.cs: 53a52fb113757c42f9c516115bd845ca -> 
  custom:scripting/monoscript/fileName/HaltonSeq.cs: a7590e55d6fae5328a1c395a2473d0cf -> 
  custom:scripting/monoscript/fileName/MinAttribute.cs: a3e7473301291585f4cca024ce307406 -> 
  custom:scripting/monoscript/fileName/DepthOfField.cs: d62178d8b5619f59fcdd6d24617ef5fd -> 
  custom:scripting/monoscript/fileName/BloomEditor.cs: c341bb26b40744c3a5c2a142ac3e1051 -> 
  custom:scripting/monoscript/fileName/WaveformMonitor.cs: 609651ee3f98f206575f684e9cce655d -> 
  custom:scripting/monoscript/fileName/HableCurve.cs: f244b24d6e7c556a2de06e25b0bbf4c1 -> 
  custom:audio-encoder-webm-vorbis: bf7c407c2cedff20999df2af8eb42d56 -> 
  custom:scripting/monoscript/fileName/PropertySheet.cs: e6bb03169eca9d33ea794a47ad6ce213 -> 
  custom:scripting/monoscript/fileName/TargetPool.cs: 6d29560228134c933c12fb1c113fb6ef -> 
  custom:scripting/monoscript/fileName/LogHistogram.cs: bab913d888834a1a8572eb834acec97c -> 
  custom:scripting/monoscript/fileName/ScreenSpaceReflections.cs: 8afa07200328ddfcb2536d4180c62536 -> 
  custom:scripting/precompiled-assembly-types:Assembly-CSharp: d6fe0ff31029f2d2cc0617ccb9ee00f5 -> b5609ffa9375a1719a4b9b879c420584
  custom:scripting/monoscript/fileName/CurveEditor.cs: f5e872b2a5a6427a1785818cb10d95d1 -> 
  custom:scripting/monoscript/fileName/PostProcessResources.cs: 5089c17a701ba9b714a1f3d25fb9a9b0 -> 
  custom:scripting/monoscript/fileName/EffectListEditor.cs: 1ecdb4094d9e64024d6eb7725a86197b -> 
========================================================================
Received Prepare
Caller must complete domain reload
Begin MonoManager ReloadAssembly
- Loaded All Assemblies, in  0.378 seconds
Native extension for WindowsStandalone target not found
Native extension for WebGL target not found
Mono: successfully reloaded assembly
- Finished resetting the current domain, in  0.782 seconds
Domain Reload Profiling: 1158ms
	BeginReloadAssembly (134ms)
		ExecutionOrderSort (0ms)
		DisableScriptedObjects (4ms)
		BackupInstance (0ms)
		ReleaseScriptingObjects (0ms)
		CreateAndSetChildDomain (25ms)
	RebuildCommonClasses (29ms)
	RebuildNativeTypeToScriptingClass (8ms)
	initialDomainReloadingComplete (25ms)
	LoadAllAssembliesAndSetupDomain (179ms)
		LoadAssemblies (243ms)
		RebuildTransferFunctionScriptingTraits (0ms)
		AnalyzeDomain (13ms)
			TypeCache.Refresh (5ms)
				TypeCache.ScanAssembly (0ms)
			ScanForSourceGeneratedMonoScriptInfo (0ms)
			ResolveRequiredComponents (5ms)
	FinalizeReload (783ms)
		ReleaseScriptCaches (0ms)
		RebuildScriptCaches (0ms)
		SetupLoadedEditorAssemblies (343ms)
			LogAssemblyErrors (0ms)
			InitializePlatformSupportModulesInManaged (8ms)
			SetLoadedEditorAssemblies (3ms)
			RefreshPlugins (0ms)
			BeforeProcessingInitializeOnLoad (51ms)
			ProcessInitializeOnLoadAttributes (252ms)
			ProcessInitializeOnLoadMethodAttributes (20ms)
			AfterProcessingInitializeOnLoad (9ms)
			EditorAssembliesLoaded (0ms)
		ExecutionOrderSort2 (0ms)
		AwakeInstancesAfterBackupRestoration (7ms)
Refreshing native plugins compatible for Editor in 5.03 ms, found 3 plugins.
Preloading 0 native plugins for Editor in 0.00 ms.
Unloading 3253 Unused Serialized files (Serialized files now loaded: 0)
Unloading 53 unused Assets / (4.0 MB). Loaded Objects now: 3884.
Memory consumption went from 220.4 MB to 216.5 MB.
Total: 5.190100 ms (FindLiveObjects: 0.249400 ms CreateObjectMapping: 0.244300 ms MarkObjects: 3.252400 ms  DeleteObjects: 1.442500 ms)

Prepare: number of updated asset objects reloaded= 0
AssetImportParameters requested are different than current active one (requested -> active):
  custom:scripting/monoscript/fileName/Decorators.cs: 4533f6715dc3f8cdabbd37ff77d1dad7 -> 
  custom:scripting/monoscript/fileName/GlobalSettings.cs: e5eb35b80bdfaee4ead1e1630fd77998 -> 
  custom:scripting/monoscript/fileName/PostProcessEffectBaseEditor.cs: 972bdf00f442be0d879dcb6868e25c8e -> 
  custom:scripting/monoscript/fileName/PostProcessRenderContext.cs: 9e034c8bf7d42a1d6c2d4339915eccb0 -> 
  custom:scripting/monoscript/fileName/MainMenu.cs: c093076ba5753d7bec74a8a751ffb653 -> 
  custom:scripting/monoscript/fileName/Spline.cs: 7876820de12ed89d33ad838af99a030e -> 
  custom:scripting/monoscript/fileName/ColorGrading.cs: ef67493fb3cf9676ba5f25862510a595 -> 
  custom:scripting/monoscript/fileName/Monitor.cs: e0eb5d32b3aade2e0ce8680b00ac2b78 -> 
  custom:scripting/precompiled-assembly-types:Unity.Postprocessing.Runtime: 655cd018e42ac91ed9a03cfbdae17956 -> 
  custom:scripting/monoscript/fileName/TemporalAntialiasing.cs: 71e40fdab49d34f4e07f83936454d904 -> 
  custom:container-demuxer-ogg: 62fdf1f143b41e24485cea50d1cbac27 -> 
  custom:scripting/monoscript/fileName/AmbientOcclusion.cs: 7a27923f9312611f0b2898a72e3ee96a -> 
  custom:scripting/monoscript/fileName/PostProcessDebugLayer.cs: 6d8a99809398beddf11f92dfbb0e6ad4 -> 
  custom:scripting/monoscript/fileName/ColorUtilities.cs: 47918ebfa890b947a816b80444ee2882 -> 
  custom:scripting/monoscript/fileName/ParameterOverride.cs: 5475497db741ca919df708e5019e593d -> 
  custom:scripting/monoscript/fileName/TextureLerper.cs: 973e800795f77d61d647ea0c3f0cf284 -> 
  custom:scripting/precompiled-assembly-types:Unity.Postprocessing.Editor: 23b49e25b965492466cd147d7735360a -> 
  custom:scripting/monoscript/fileName/Vignette.cs: e0b99ac31b7575ef776e7be56647abb0 -> 
  custom:scripting/monoscript/fileName/DepthOfFieldEditor.cs: 64cce655bf722c851048e2ebbf401a7b -> 
  custom:scripting/monoscript/fileName/DefaultPostProcessEffectEditor.cs: 06a1d8fcea7725e08b95f21cc15fd0a1 -> 
  custom:scripting/monoscript/fileName/PostProcessLayer.cs: aa288976158dcd4c24041d5304f25d07 -> 
  custom:scripting/monoscript/fileName/MaxAttribute.cs: d661645ab8c724f24b3e19978e87b44c -> 
  custom:scripting/monoscript/fileName/PostProcessDebugEditor.cs: 1a0488d8742bf880cc7334e53e2cc73d -> 
  custom:video-decoder-ogg-theora: a1e56fd34408186e4bbccfd4996cb3dc -> 
  custom:scripting/monoscript/fileName/SerializedParameterOverride.cs: 5e4deaf96895d013d32a8e84ec179f8e -> 
  custom:scripting/monoscript/fileName/MeshUtilities.cs: dc5356b699afd34cf9728f4d65b476a0 -> 
  custom:scripting/monoscript/fileName/AmbientOcclusionEditor.cs: 61e5422c29b8f52188d508eb7d382167 -> 
  custom:scripting/monoscript/fileName/FastApproximateAntialiasing.cs: bf5588b2deec2689a812a7d2eacd9bd5 -> 
  custom:scripting/monoscript/fileName/MotionBlur.cs: 823914e335803785a19e5990c6ab2911 -> 
  custom:scripting/monoscript/fileName/DefineSetter.cs: 292ba08e52064b1a72f8d4bb04301dd3 -> 
  custom:framework-win-MediaFoundation: 216162199b28c13a410421893ffa2e32 -> 
  custom:scripting/monoscript/fileName/ShaderIDs.cs: 96024f1f873475da65a783f1404f9117 -> 
  custom:scripting/monoscript/fileName/PostProcessEditorAttribute.cs: 672a58b4d5bab60112487a31c361c481 -> 
  custom:scripting/monoscript/fileName/LensDistortionEditor.cs: dee045d29944d55e8040435a58a7ce90 -> 
  custom:scripting/monoscript/fileName/MotionBlurEditor.cs: 3bd8d3e7e9a7ea94beb2e5517b62d27b -> 
  custom:scripting/monoscript/fileName/Dithering.cs: 3014fffaa718d0ad6dd2c7bb7956ed46 -> 
  custom:scripting/monoscript/fileName/DecoratorAttribute.cs: be5bd39119e1a41ea1a019fdb3818a3f -> 
  custom:scripting/monoscript/fileName/DisplayNameAttribute.cs: 935a6ac504eb8a852fba40cbcae9292c -> 
  custom:scripting/monoscript/fileName/PostProcessEffectSettings.cs: 2ab9d33170e863b1a9c8a9079cdd12aa -> 
  custom:scripting/monoscript/fileName/Fog.cs: 07e271953e2bcf8513b6a72a2737e767 -> 
  custom:scripting/monoscript/fileName/PostProcessManager.cs: 28ef7780d543a8111635e1f5051383d0 -> 
  custom:scripting/monoscript/fileName/VolumeFactory.cs: cc77136700c9e1ff894d234886ccb852 -> 
  custom:CustomObjectIndexerAttribute: 9a22284fe3817be447336de3de66b15e -> 
  custom:scripting/monoscript/fileName/PostProcessEvent.cs: 8fb6e54ff2cf1a8be7ecdd01fbdd78f8 -> 
  custom:scripting/monoscript/fileName/TrackballAttribute.cs: 8dea8f77de7bd03137cc578af1ea6656 -> 
  custom:scripting/monoscript/fileName/TrackballDecorator.cs: 6a2b6c747937d12d8d81be8f5b21fbd2 -> 
  custom:scripting/monoscript/fileName/MultiScaleVO.cs: d4c4732956ffb536e016475d75f04c43 -> 
  custom:scripting/monoscript/fileName/CubeLutAssetFactory.cs: db1961888d7cabf6be94b37e3b663de4 -> 
  custom:container-demuxer-webm: 4f35f7cbe854078d1ac9338744f61a02 -> 
  custom:scripting/monoscript/fileName/PostProcessVolumeEditor.cs: 7aae71821512dcac422c45dc773293c3 -> 
  custom:scripting/monoscript/fileName/ChromaticAberration.cs: 4d59e57f8324f5f986e16678ed451410 -> 
  custom:scripting/monoscript/fileName/VignetteEditor.cs: 345736fc911c5e8ab23e579751a40e4a -> 
  custom:scripting/monoscript/fileName/Styling.cs: d1c4aa14ff93670753edfbb93fc91bfe -> 
  custom:scripting/monoscript/fileName/PostProcessEffectRendererExtensions.cs: e953624d113e7e1739c702512603957d -> 
  custom:scripting/monoscript/fileName/ScalableAO.cs: 2f29d71d59b754086c809cfee1cdce34 -> 
  custom:scripting/monoscript/fileName/PostProcessLayerEditor.cs: d16de665ece05cd6e27dcc8d7bac4b9a -> 
  custom:scripting/monoscript/fileName/MinMaxAttribute.cs: a4b6ac8a4377612c7135a60f905792f1 -> 
  custom:scripting/monoscript/fileName/SubpixelMorphologicalAntialiasing.cs: 02dcb8839824addec278047da0509aea -> 
  custom:scripting/monoscript/fileName/BaseEditor.cs: 90647cc400823b41df847a6cbfc29026 -> 
  custom:container-muxer-webm: aa71ff27fc2769a1b78a27578f13a17b -> 
  custom:video-decoder-webm-vp8: 9c59270c3fd7afecdb556c50c9e8de78 -> 
  custom:SearchIndexIgnoredProperties: e643bd26f0fe6173181afceb89e7c659 -> 
  custom:scripting/monoscript/fileName/ChromaticAberrationEditor.cs: 3043bf57519b71f64b7a6de970c2487b -> 
  custom:scripting/monoscript/fileName/PostProcessEffectRenderer.cs: 577c5acf8157ecea944bb95c8c6d9a95 -> 
  custom:AudioImporter_EditorPlatform: d09bf68614088b80899f8185d706f6e7 -> 
  custom:scripting/monoscript/fileName/TextureFormatUtilities.cs: ba58c57cfaabc0f8201a9ca6902fcb23 -> 
  custom:scripting/monoscript/fileName/PostProcessVolume.cs: 3883cef4be0567c54caf457a416a2095 -> 
  custom:scripting/monoscript/fileName/LightMeterMonitor.cs: a897ae0c731cb153281aea9ecd0efb03 -> 
  custom:scripting/monoscript/fileName/ColorGradingEditor.cs: 25838050e3e1f12ef51713a5dcf60349 -> 
  custom:scripting/monoscript/fileName/AttributeDecorator.cs: 39b465f08cd0a5df82fc2ef70b766ca2 -> 
  custom:scripting/monoscript/fileName/AutoExposureEditor.cs: dfd15824649ea346b717bc72a871d75b -> 
  custom:scripting/monoscript/fileName/LensDistortion.cs: b7963bb1da21ba484a7b59b9f6ea3aec -> 
  custom:scripting/monoscript/fileName/ResourceAssetFactory.cs: bf6acc988648d854bb3c5751325d0d0a -> 
  custom:scripting/monoscript/fileName/PostProcessProfileEditor.cs: 1dcd55858a4126cb33b0f2de53c74fbe -> 
  custom:scripting/monoscript/fileName/Skybox.cs: c122ade9e2d3a916264f47a45be02789 -> 
  custom:scripting/monoscript/fileName/PostProcessDebug.cs: a653e9b773649e7452b035b4ce1dae82 -> 
  custom:scripting/monoscript/fileName/PostProcessAttribute.cs: e125947bf72ce7382f3b16f75797c897 -> 
  custom:scripting/monoscript/fileName/Grain.cs: 43f09a87a88d9937fbb9c4dbf3d5508e -> 
  custom:scripting/monoscript/fileName/HistogramMonitor.cs: 6fd024409d6e9db8d4c2c4e26430c2ad -> 
  custom:scripting/monoscript/fileName/PostProcessProfile.cs: f6dc030e2e953b2ed0eca334cce5d5cf -> 
  custom:scripting/monoscript/fileName/ProfileFactory.cs: f835845dfebfed501813f60a1cb006a3 -> 
  custom:scripting/monoscript/fileName/PostProcessEffectEditor.cs: 90647cc400823b41df847a6cbfc29026 -> 
  custom:scripting/monoscript/fileName/CubeLutAssetImporter.cs: 5e94ca4c74dad11cc8880f33d0ba9efb -> 
  custom:scripting/monoscript/fileName/PostProcessBundle.cs: f610f855c8ae8b896b5084e85ede373e -> 
  custom:scripting/monoscript/fileName/ScreenSpaceReflectionsEditor.cs: 59c13ba25de6098e70bafe8be94f609a -> 
  custom:video-encoder-webm-vp8: eb34c28f22e8b96e1ab97ce403110664 -> 
  custom:scripting/monoscript/fileName/RuntimeUtilities.cs: 76964d36e50cc48cfa29643bdde8d9a5 -> 
  custom:scripting/monoscript/fileName/Bloom.cs: 6f6d579a64201b97313a62a1e91b3575 -> 
  custom:audio-decoder-ogg-vorbis: bf7c407c2cedff20999df2af8eb42d56 -> 
  custom:scripting/monoscript/fileName/Fade.cs: 61320f8e17687c119db9aa01d877447f -> 
  custom:scripting/monoscript/fileName/AutoExposure.cs: 0e7c21b17f53209ee8c5c61ab59d7835 -> 
  custom:scripting/monoscript/fileName/VectorscopeMonitor.cs: cb70c6437b976f01b752cd219cc47f32 -> 
  custom:scripting/monoscript/fileName/PropertySheetFactory.cs: cfc4667cc03e44252fafe18d99f24b25 -> 
  custom:scripting/monoscript/fileName/EditorUtilities.cs: 53a52fb113757c42f9c516115bd845ca -> 
  custom:scripting/monoscript/fileName/HaltonSeq.cs: a7590e55d6fae5328a1c395a2473d0cf -> 
  custom:scripting/monoscript/fileName/MinAttribute.cs: a3e7473301291585f4cca024ce307406 -> 
  custom:scripting/monoscript/fileName/DepthOfField.cs: d62178d8b5619f59fcdd6d24617ef5fd -> 
  custom:scripting/monoscript/fileName/BloomEditor.cs: c341bb26b40744c3a5c2a142ac3e1051 -> 
  custom:scripting/monoscript/fileName/WaveformMonitor.cs: 609651ee3f98f206575f684e9cce655d -> 
  custom:scripting/monoscript/fileName/HableCurve.cs: f244b24d6e7c556a2de06e25b0bbf4c1 -> 
  custom:audio-encoder-webm-vorbis: bf7c407c2cedff20999df2af8eb42d56 -> 
  custom:scripting/monoscript/fileName/PropertySheet.cs: e6bb03169eca9d33ea794a47ad6ce213 -> 
  custom:scripting/monoscript/fileName/TargetPool.cs: 6d29560228134c933c12fb1c113fb6ef -> 
  custom:scripting/monoscript/fileName/LogHistogram.cs: bab913d888834a1a8572eb834acec97c -> 
  custom:scripting/monoscript/fileName/ScreenSpaceReflections.cs: 8afa07200328ddfcb2536d4180c62536 -> 
  custom:scripting/precompiled-assembly-types:Assembly-CSharp: d6fe0ff31029f2d2cc0617ccb9ee00f5 -> b5609ffa9375a1719a4b9b879c420584
  custom:scripting/monoscript/fileName/CurveEditor.cs: f5e872b2a5a6427a1785818cb10d95d1 -> 
  custom:scripting/monoscript/fileName/PostProcessResources.cs: 5089c17a701ba9b714a1f3d25fb9a9b0 -> 
  custom:scripting/monoscript/fileName/EffectListEditor.cs: 1ecdb4094d9e64024d6eb7725a86197b -> 
========================================================================
Received Prepare
Caller must complete domain reload
Begin MonoManager ReloadAssembly
- Loaded All Assemblies, in  0.371 seconds
Native extension for WindowsStandalone target not found
Native extension for WebGL target not found
Mono: successfully reloaded assembly
- Finished resetting the current domain, in  0.789 seconds
Domain Reload Profiling: 1157ms
	BeginReloadAssembly (128ms)
		ExecutionOrderSort (0ms)
		DisableScriptedObjects (4ms)
		BackupInstance (0ms)
		ReleaseScriptingObjects (0ms)
		CreateAndSetChildDomain (25ms)
	RebuildCommonClasses (26ms)
	RebuildNativeTypeToScriptingClass (8ms)
	initialDomainReloadingComplete (25ms)
	LoadAllAssembliesAndSetupDomain (181ms)
		LoadAssemblies (238ms)
		RebuildTransferFunctionScriptingTraits (0ms)
		AnalyzeDomain (13ms)
			TypeCache.Refresh (5ms)
				TypeCache.ScanAssembly (0ms)
			ScanForSourceGeneratedMonoScriptInfo (0ms)
			ResolveRequiredComponents (4ms)
	FinalizeReload (789ms)
		ReleaseScriptCaches (0ms)
		RebuildScriptCaches (0ms)
		SetupLoadedEditorAssemblies (353ms)
			LogAssemblyErrors (0ms)
			InitializePlatformSupportModulesInManaged (8ms)
			SetLoadedEditorAssemblies (3ms)
			RefreshPlugins (0ms)
			BeforeProcessingInitializeOnLoad (52ms)
			ProcessInitializeOnLoadAttributes (259ms)
			ProcessInitializeOnLoadMethodAttributes (22ms)
			AfterProcessingInitializeOnLoad (7ms)
			EditorAssembliesLoaded (0ms)
		ExecutionOrderSort2 (0ms)
		AwakeInstancesAfterBackupRestoration (7ms)
Refreshing native plugins compatible for Editor in 5.89 ms, found 3 plugins.
Preloading 0 native plugins for Editor in 0.00 ms.
Unloading 3253 Unused Serialized files (Serialized files now loaded: 0)
Unloading 53 unused Assets / (4.0 MB). Loaded Objects now: 3887.
Memory consumption went from 220.4 MB to 216.5 MB.
Total: 5.412200 ms (FindLiveObjects: 0.357300 ms CreateObjectMapping: 0.208800 ms MarkObjects: 3.298000 ms  DeleteObjects: 1.546100 ms)

Prepare: number of updated asset objects reloaded= 0
AssetImportParameters requested are different than current active one (requested -> active):
  custom:scripting/monoscript/fileName/Decorators.cs: 4533f6715dc3f8cdabbd37ff77d1dad7 -> 
  custom:scripting/monoscript/fileName/GlobalSettings.cs: e5eb35b80bdfaee4ead1e1630fd77998 -> 
  custom:scripting/monoscript/fileName/PostProcessEffectBaseEditor.cs: 972bdf00f442be0d879dcb6868e25c8e -> 
  custom:scripting/monoscript/fileName/PostProcessRenderContext.cs: 9e034c8bf7d42a1d6c2d4339915eccb0 -> 
  custom:scripting/monoscript/fileName/MainMenu.cs: c093076ba5753d7bec74a8a751ffb653 -> 
  custom:scripting/monoscript/fileName/Spline.cs: 7876820de12ed89d33ad838af99a030e -> 
  custom:scripting/monoscript/fileName/ColorGrading.cs: ef67493fb3cf9676ba5f25862510a595 -> 
  custom:scripting/monoscript/fileName/Monitor.cs: e0eb5d32b3aade2e0ce8680b00ac2b78 -> 
  custom:scripting/precompiled-assembly-types:Unity.Postprocessing.Runtime: 655cd018e42ac91ed9a03cfbdae17956 -> 
  custom:scripting/monoscript/fileName/TemporalAntialiasing.cs: 71e40fdab49d34f4e07f83936454d904 -> 
  custom:container-demuxer-ogg: 62fdf1f143b41e24485cea50d1cbac27 -> 
  custom:scripting/monoscript/fileName/AmbientOcclusion.cs: 7a27923f9312611f0b2898a72e3ee96a -> 
  custom:scripting/monoscript/fileName/PostProcessDebugLayer.cs: 6d8a99809398beddf11f92dfbb0e6ad4 -> 
  custom:scripting/monoscript/fileName/ColorUtilities.cs: 47918ebfa890b947a816b80444ee2882 -> 
  custom:scripting/monoscript/fileName/ParameterOverride.cs: 5475497db741ca919df708e5019e593d -> 
  custom:scripting/monoscript/fileName/TextureLerper.cs: 973e800795f77d61d647ea0c3f0cf284 -> 
  custom:scripting/precompiled-assembly-types:Unity.Postprocessing.Editor: 23b49e25b965492466cd147d7735360a -> 
  custom:scripting/monoscript/fileName/Vignette.cs: e0b99ac31b7575ef776e7be56647abb0 -> 
  custom:scripting/monoscript/fileName/DepthOfFieldEditor.cs: 64cce655bf722c851048e2ebbf401a7b -> 
  custom:scripting/monoscript/fileName/DefaultPostProcessEffectEditor.cs: 06a1d8fcea7725e08b95f21cc15fd0a1 -> 
  custom:scripting/monoscript/fileName/PostProcessLayer.cs: aa288976158dcd4c24041d5304f25d07 -> 
  custom:scripting/monoscript/fileName/MaxAttribute.cs: d661645ab8c724f24b3e19978e87b44c -> 
  custom:scripting/monoscript/fileName/PostProcessDebugEditor.cs: 1a0488d8742bf880cc7334e53e2cc73d -> 
  custom:video-decoder-ogg-theora: a1e56fd34408186e4bbccfd4996cb3dc -> 
  custom:scripting/monoscript/fileName/SerializedParameterOverride.cs: 5e4deaf96895d013d32a8e84ec179f8e -> 
  custom:scripting/monoscript/fileName/MeshUtilities.cs: dc5356b699afd34cf9728f4d65b476a0 -> 
  custom:scripting/monoscript/fileName/AmbientOcclusionEditor.cs: 61e5422c29b8f52188d508eb7d382167 -> 
  custom:scripting/monoscript/fileName/FastApproximateAntialiasing.cs: bf5588b2deec2689a812a7d2eacd9bd5 -> 
  custom:scripting/monoscript/fileName/MotionBlur.cs: 823914e335803785a19e5990c6ab2911 -> 
  custom:scripting/monoscript/fileName/DefineSetter.cs: 292ba08e52064b1a72f8d4bb04301dd3 -> 
  custom:framework-win-MediaFoundation: 216162199b28c13a410421893ffa2e32 -> 
  custom:scripting/monoscript/fileName/ShaderIDs.cs: 96024f1f873475da65a783f1404f9117 -> 
  custom:scripting/monoscript/fileName/PostProcessEditorAttribute.cs: 672a58b4d5bab60112487a31c361c481 -> 
  custom:scripting/monoscript/fileName/LensDistortionEditor.cs: dee045d29944d55e8040435a58a7ce90 -> 
  custom:scripting/monoscript/fileName/MotionBlurEditor.cs: 3bd8d3e7e9a7ea94beb2e5517b62d27b -> 
  custom:scripting/monoscript/fileName/Dithering.cs: 3014fffaa718d0ad6dd2c7bb7956ed46 -> 
  custom:scripting/monoscript/fileName/DecoratorAttribute.cs: be5bd39119e1a41ea1a019fdb3818a3f -> 
  custom:scripting/monoscript/fileName/DisplayNameAttribute.cs: 935a6ac504eb8a852fba40cbcae9292c -> 
  custom:scripting/monoscript/fileName/PostProcessEffectSettings.cs: 2ab9d33170e863b1a9c8a9079cdd12aa -> 
  custom:scripting/monoscript/fileName/Fog.cs: 07e271953e2bcf8513b6a72a2737e767 -> 
  custom:scripting/monoscript/fileName/PostProcessManager.cs: 28ef7780d543a8111635e1f5051383d0 -> 
  custom:scripting/monoscript/fileName/VolumeFactory.cs: cc77136700c9e1ff894d234886ccb852 -> 
  custom:CustomObjectIndexerAttribute: 9a22284fe3817be447336de3de66b15e -> 
  custom:scripting/monoscript/fileName/PostProcessEvent.cs: 8fb6e54ff2cf1a8be7ecdd01fbdd78f8 -> 
  custom:scripting/monoscript/fileName/TrackballAttribute.cs: 8dea8f77de7bd03137cc578af1ea6656 -> 
  custom:scripting/monoscript/fileName/TrackballDecorator.cs: 6a2b6c747937d12d8d81be8f5b21fbd2 -> 
  custom:scripting/monoscript/fileName/MultiScaleVO.cs: d4c4732956ffb536e016475d75f04c43 -> 
  custom:scripting/monoscript/fileName/CubeLutAssetFactory.cs: db1961888d7cabf6be94b37e3b663de4 -> 
  custom:container-demuxer-webm: 4f35f7cbe854078d1ac9338744f61a02 -> 
  custom:scripting/monoscript/fileName/PostProcessVolumeEditor.cs: 7aae71821512dcac422c45dc773293c3 -> 
  custom:scripting/monoscript/fileName/ChromaticAberration.cs: 4d59e57f8324f5f986e16678ed451410 -> 
  custom:scripting/monoscript/fileName/VignetteEditor.cs: 345736fc911c5e8ab23e579751a40e4a -> 
  custom:scripting/monoscript/fileName/Styling.cs: d1c4aa14ff93670753edfbb93fc91bfe -> 
  custom:scripting/monoscript/fileName/PostProcessEffectRendererExtensions.cs: e953624d113e7e1739c702512603957d -> 
  custom:scripting/monoscript/fileName/ScalableAO.cs: 2f29d71d59b754086c809cfee1cdce34 -> 
  custom:scripting/monoscript/fileName/PostProcessLayerEditor.cs: d16de665ece05cd6e27dcc8d7bac4b9a -> 
  custom:scripting/monoscript/fileName/MinMaxAttribute.cs: a4b6ac8a4377612c7135a60f905792f1 -> 
  custom:scripting/monoscript/fileName/SubpixelMorphologicalAntialiasing.cs: 02dcb8839824addec278047da0509aea -> 
  custom:scripting/monoscript/fileName/BaseEditor.cs: 90647cc400823b41df847a6cbfc29026 -> 
  custom:container-muxer-webm: aa71ff27fc2769a1b78a27578f13a17b -> 
  custom:video-decoder-webm-vp8: 9c59270c3fd7afecdb556c50c9e8de78 -> 
  custom:SearchIndexIgnoredProperties: e643bd26f0fe6173181afceb89e7c659 -> 
  custom:scripting/monoscript/fileName/ChromaticAberrationEditor.cs: 3043bf57519b71f64b7a6de970c2487b -> 
  custom:scripting/monoscript/fileName/PostProcessEffectRenderer.cs: 577c5acf8157ecea944bb95c8c6d9a95 -> 
  custom:AudioImporter_EditorPlatform: d09bf68614088b80899f8185d706f6e7 -> 
  custom:scripting/monoscript/fileName/TextureFormatUtilities.cs: ba58c57cfaabc0f8201a9ca6902fcb23 -> 
  custom:scripting/monoscript/fileName/PostProcessVolume.cs: 3883cef4be0567c54caf457a416a2095 -> 
  custom:scripting/monoscript/fileName/LightMeterMonitor.cs: a897ae0c731cb153281aea9ecd0efb03 -> 
  custom:scripting/monoscript/fileName/ColorGradingEditor.cs: 25838050e3e1f12ef51713a5dcf60349 -> 
  custom:scripting/monoscript/fileName/AttributeDecorator.cs: 39b465f08cd0a5df82fc2ef70b766ca2 -> 
  custom:scripting/monoscript/fileName/AutoExposureEditor.cs: dfd15824649ea346b717bc72a871d75b -> 
  custom:scripting/monoscript/fileName/LensDistortion.cs: b7963bb1da21ba484a7b59b9f6ea3aec -> 
  custom:scripting/monoscript/fileName/ResourceAssetFactory.cs: bf6acc988648d854bb3c5751325d0d0a -> 
  custom:scripting/monoscript/fileName/PostProcessProfileEditor.cs: 1dcd55858a4126cb33b0f2de53c74fbe -> 
  custom:scripting/monoscript/fileName/Skybox.cs: c122ade9e2d3a916264f47a45be02789 -> 
  custom:scripting/monoscript/fileName/PostProcessDebug.cs: a653e9b773649e7452b035b4ce1dae82 -> 
  custom:scripting/monoscript/fileName/PostProcessAttribute.cs: e125947bf72ce7382f3b16f75797c897 -> 
  custom:scripting/monoscript/fileName/Grain.cs: 43f09a87a88d9937fbb9c4dbf3d5508e -> 
  custom:scripting/monoscript/fileName/HistogramMonitor.cs: 6fd024409d6e9db8d4c2c4e26430c2ad -> 
  custom:scripting/monoscript/fileName/PostProcessProfile.cs: f6dc030e2e953b2ed0eca334cce5d5cf -> 
  custom:scripting/monoscript/fileName/ProfileFactory.cs: f835845dfebfed501813f60a1cb006a3 -> 
  custom:scripting/monoscript/fileName/PostProcessEffectEditor.cs: 90647cc400823b41df847a6cbfc29026 -> 
  custom:scripting/monoscript/fileName/CubeLutAssetImporter.cs: 5e94ca4c74dad11cc8880f33d0ba9efb -> 
  custom:scripting/monoscript/fileName/PostProcessBundle.cs: f610f855c8ae8b896b5084e85ede373e -> 
  custom:scripting/monoscript/fileName/ScreenSpaceReflectionsEditor.cs: 59c13ba25de6098e70bafe8be94f609a -> 
  custom:video-encoder-webm-vp8: eb34c28f22e8b96e1ab97ce403110664 -> 
  custom:scripting/monoscript/fileName/RuntimeUtilities.cs: 76964d36e50cc48cfa29643bdde8d9a5 -> 
  custom:scripting/monoscript/fileName/Bloom.cs: 6f6d579a64201b97313a62a1e91b3575 -> 
  custom:audio-decoder-ogg-vorbis: bf7c407c2cedff20999df2af8eb42d56 -> 
  custom:scripting/monoscript/fileName/Fade.cs: 61320f8e17687c119db9aa01d877447f -> 
  custom:scripting/monoscript/fileName/AutoExposure.cs: 0e7c21b17f53209ee8c5c61ab59d7835 -> 
  custom:scripting/monoscript/fileName/VectorscopeMonitor.cs: cb70c6437b976f01b752cd219cc47f32 -> 
  custom:scripting/monoscript/fileName/PropertySheetFactory.cs: cfc4667cc03e44252fafe18d99f24b25 -> 
  custom:scripting/monoscript/fileName/EditorUtilities.cs: 53a52fb113757c42f9c516115bd845ca -> 
  custom:scripting/monoscript/fileName/HaltonSeq.cs: a7590e55d6fae5328a1c395a2473d0cf -> 
  custom:scripting/monoscript/fileName/MinAttribute.cs: a3e7473301291585f4cca024ce307406 -> 
  custom:scripting/monoscript/fileName/DepthOfField.cs: d62178d8b5619f59fcdd6d24617ef5fd -> 
  custom:scripting/monoscript/fileName/BloomEditor.cs: c341bb26b40744c3a5c2a142ac3e1051 -> 
  custom:scripting/monoscript/fileName/WaveformMonitor.cs: 609651ee3f98f206575f684e9cce655d -> 
  custom:scripting/monoscript/fileName/HableCurve.cs: f244b24d6e7c556a2de06e25b0bbf4c1 -> 
  custom:audio-encoder-webm-vorbis: bf7c407c2cedff20999df2af8eb42d56 -> 
  custom:scripting/monoscript/fileName/PropertySheet.cs: e6bb03169eca9d33ea794a47ad6ce213 -> 
  custom:scripting/monoscript/fileName/TargetPool.cs: 6d29560228134c933c12fb1c113fb6ef -> 
  custom:scripting/monoscript/fileName/LogHistogram.cs: bab913d888834a1a8572eb834acec97c -> 
  custom:scripting/monoscript/fileName/ScreenSpaceReflections.cs: 8afa07200328ddfcb2536d4180c62536 -> 
  custom:scripting/precompiled-assembly-types:Assembly-CSharp: d6fe0ff31029f2d2cc0617ccb9ee00f5 -> b5609ffa9375a1719a4b9b879c420584
  custom:scripting/monoscript/fileName/CurveEditor.cs: f5e872b2a5a6427a1785818cb10d95d1 -> 
  custom:scripting/monoscript/fileName/PostProcessResources.cs: 5089c17a701ba9b714a1f3d25fb9a9b0 -> 
  custom:scripting/monoscript/fileName/EffectListEditor.cs: 1ecdb4094d9e64024d6eb7725a86197b -> 
========================================================================
Received Prepare
Caller must complete domain reload
Begin MonoManager ReloadAssembly
- Loaded All Assemblies, in  0.392 seconds
Native extension for WindowsStandalone target not found
Native extension for WebGL target not found
Mono: successfully reloaded assembly
- Finished resetting the current domain, in  0.789 seconds
Domain Reload Profiling: 1179ms
	BeginReloadAssembly (137ms)
		ExecutionOrderSort (0ms)
		DisableScriptedObjects (5ms)
		BackupInstance (0ms)
		ReleaseScriptingObjects (0ms)
		CreateAndSetChildDomain (24ms)
	RebuildCommonClasses (27ms)
	RebuildNativeTypeToScriptingClass (12ms)
	initialDomainReloadingComplete (31ms)
	LoadAllAssembliesAndSetupDomain (182ms)
		LoadAssemblies (246ms)
		RebuildTransferFunctionScriptingTraits (0ms)
		AnalyzeDomain (13ms)
			TypeCache.Refresh (6ms)
				TypeCache.ScanAssembly (0ms)
			ScanForSourceGeneratedMonoScriptInfo (0ms)
			ResolveRequiredComponents (4ms)
	FinalizeReload (790ms)
		ReleaseScriptCaches (0ms)
		RebuildScriptCaches (0ms)
		SetupLoadedEditorAssemblies (347ms)
			LogAssemblyErrors (0ms)
			InitializePlatformSupportModulesInManaged (8ms)
			SetLoadedEditorAssemblies (3ms)
			RefreshPlugins (0ms)
			BeforeProcessingInitializeOnLoad (51ms)
			ProcessInitializeOnLoadAttributes (256ms)
			ProcessInitializeOnLoadMethodAttributes (21ms)
			AfterProcessingInitializeOnLoad (8ms)
			EditorAssembliesLoaded (0ms)
		ExecutionOrderSort2 (0ms)
		AwakeInstancesAfterBackupRestoration (8ms)
Refreshing native plugins compatible for Editor in 5.88 ms, found 3 plugins.
Preloading 0 native plugins for Editor in 0.00 ms.
Unloading 3253 Unused Serialized files (Serialized files now loaded: 0)
Unloading 53 unused Assets / (4.0 MB). Loaded Objects now: 3890.
Memory consumption went from 220.4 MB to 216.5 MB.
Total: 6.273100 ms (FindLiveObjects: 0.315000 ms CreateObjectMapping: 0.190400 ms MarkObjects: 3.967700 ms  DeleteObjects: 1.798300 ms)

Prepare: number of updated asset objects reloaded= 0
AssetImportParameters requested are different than current active one (requested -> active):
  custom:scripting/monoscript/fileName/Decorators.cs: 4533f6715dc3f8cdabbd37ff77d1dad7 -> 
  custom:scripting/monoscript/fileName/GlobalSettings.cs: e5eb35b80bdfaee4ead1e1630fd77998 -> 
  custom:scripting/monoscript/fileName/PostProcessEffectBaseEditor.cs: 972bdf00f442be0d879dcb6868e25c8e -> 
  custom:scripting/monoscript/fileName/PostProcessRenderContext.cs: 9e034c8bf7d42a1d6c2d4339915eccb0 -> 
  custom:scripting/monoscript/fileName/MainMenu.cs: c093076ba5753d7bec74a8a751ffb653 -> 
  custom:scripting/monoscript/fileName/Spline.cs: 7876820de12ed89d33ad838af99a030e -> 
  custom:scripting/monoscript/fileName/ColorGrading.cs: ef67493fb3cf9676ba5f25862510a595 -> 
  custom:scripting/monoscript/fileName/Monitor.cs: e0eb5d32b3aade2e0ce8680b00ac2b78 -> 
  custom:scripting/precompiled-assembly-types:Unity.Postprocessing.Runtime: 655cd018e42ac91ed9a03cfbdae17956 -> 
  custom:scripting/monoscript/fileName/TemporalAntialiasing.cs: 71e40fdab49d34f4e07f83936454d904 -> 
  custom:container-demuxer-ogg: 62fdf1f143b41e24485cea50d1cbac27 -> 
  custom:scripting/monoscript/fileName/AmbientOcclusion.cs: 7a27923f9312611f0b2898a72e3ee96a -> 
  custom:scripting/monoscript/fileName/PostProcessDebugLayer.cs: 6d8a99809398beddf11f92dfbb0e6ad4 -> 
  custom:scripting/monoscript/fileName/ColorUtilities.cs: 47918ebfa890b947a816b80444ee2882 -> 
  custom:scripting/monoscript/fileName/ParameterOverride.cs: 5475497db741ca919df708e5019e593d -> 
  custom:scripting/monoscript/fileName/TextureLerper.cs: 973e800795f77d61d647ea0c3f0cf284 -> 
  custom:scripting/precompiled-assembly-types:Unity.Postprocessing.Editor: 23b49e25b965492466cd147d7735360a -> 
  custom:scripting/monoscript/fileName/Vignette.cs: e0b99ac31b7575ef776e7be56647abb0 -> 
  custom:scripting/monoscript/fileName/DepthOfFieldEditor.cs: 64cce655bf722c851048e2ebbf401a7b -> 
  custom:scripting/monoscript/fileName/DefaultPostProcessEffectEditor.cs: 06a1d8fcea7725e08b95f21cc15fd0a1 -> 
  custom:scripting/monoscript/fileName/PostProcessLayer.cs: aa288976158dcd4c24041d5304f25d07 -> 
  custom:scripting/monoscript/fileName/MaxAttribute.cs: d661645ab8c724f24b3e19978e87b44c -> 
  custom:scripting/monoscript/fileName/PostProcessDebugEditor.cs: 1a0488d8742bf880cc7334e53e2cc73d -> 
  custom:video-decoder-ogg-theora: a1e56fd34408186e4bbccfd4996cb3dc -> 
  custom:scripting/monoscript/fileName/SerializedParameterOverride.cs: 5e4deaf96895d013d32a8e84ec179f8e -> 
  custom:scripting/monoscript/fileName/MeshUtilities.cs: dc5356b699afd34cf9728f4d65b476a0 -> 
  custom:scripting/monoscript/fileName/AmbientOcclusionEditor.cs: 61e5422c29b8f52188d508eb7d382167 -> 
  custom:scripting/monoscript/fileName/FastApproximateAntialiasing.cs: bf5588b2deec2689a812a7d2eacd9bd5 -> 
  custom:scripting/monoscript/fileName/MotionBlur.cs: 823914e335803785a19e5990c6ab2911 -> 
  custom:scripting/monoscript/fileName/DefineSetter.cs: 292ba08e52064b1a72f8d4bb04301dd3 -> 
  custom:framework-win-MediaFoundation: 216162199b28c13a410421893ffa2e32 -> 
  custom:scripting/monoscript/fileName/ShaderIDs.cs: 96024f1f873475da65a783f1404f9117 -> 
  custom:scripting/monoscript/fileName/PostProcessEditorAttribute.cs: 672a58b4d5bab60112487a31c361c481 -> 
  custom:scripting/monoscript/fileName/LensDistortionEditor.cs: dee045d29944d55e8040435a58a7ce90 -> 
  custom:scripting/monoscript/fileName/MotionBlurEditor.cs: 3bd8d3e7e9a7ea94beb2e5517b62d27b -> 
  custom:scripting/monoscript/fileName/Dithering.cs: 3014fffaa718d0ad6dd2c7bb7956ed46 -> 
  custom:scripting/monoscript/fileName/DecoratorAttribute.cs: be5bd39119e1a41ea1a019fdb3818a3f -> 
  custom:scripting/monoscript/fileName/DisplayNameAttribute.cs: 935a6ac504eb8a852fba40cbcae9292c -> 
  custom:scripting/monoscript/fileName/PostProcessEffectSettings.cs: 2ab9d33170e863b1a9c8a9079cdd12aa -> 
  custom:scripting/monoscript/fileName/Fog.cs: 07e271953e2bcf8513b6a72a2737e767 -> 
  custom:scripting/monoscript/fileName/PostProcessManager.cs: 28ef7780d543a8111635e1f5051383d0 -> 
  custom:scripting/monoscript/fileName/VolumeFactory.cs: cc77136700c9e1ff894d234886ccb852 -> 
  custom:CustomObjectIndexerAttribute: 9a22284fe3817be447336de3de66b15e -> 
  custom:scripting/monoscript/fileName/PostProcessEvent.cs: 8fb6e54ff2cf1a8be7ecdd01fbdd78f8 -> 
  custom:scripting/monoscript/fileName/TrackballAttribute.cs: 8dea8f77de7bd03137cc578af1ea6656 -> 
  custom:scripting/monoscript/fileName/TrackballDecorator.cs: 6a2b6c747937d12d8d81be8f5b21fbd2 -> 
  custom:scripting/monoscript/fileName/MultiScaleVO.cs: d4c4732956ffb536e016475d75f04c43 -> 
  custom:scripting/monoscript/fileName/CubeLutAssetFactory.cs: db1961888d7cabf6be94b37e3b663de4 -> 
  custom:container-demuxer-webm: 4f35f7cbe854078d1ac9338744f61a02 -> 
  custom:scripting/monoscript/fileName/PostProcessVolumeEditor.cs: 7aae71821512dcac422c45dc773293c3 -> 
  custom:scripting/monoscript/fileName/ChromaticAberration.cs: 4d59e57f8324f5f986e16678ed451410 -> 
  custom:scripting/monoscript/fileName/VignetteEditor.cs: 345736fc911c5e8ab23e579751a40e4a -> 
  custom:scripting/monoscript/fileName/Styling.cs: d1c4aa14ff93670753edfbb93fc91bfe -> 
  custom:scripting/monoscript/fileName/PostProcessEffectRendererExtensions.cs: e953624d113e7e1739c702512603957d -> 
  custom:scripting/monoscript/fileName/ScalableAO.cs: 2f29d71d59b754086c809cfee1cdce34 -> 
  custom:scripting/monoscript/fileName/PostProcessLayerEditor.cs: d16de665ece05cd6e27dcc8d7bac4b9a -> 
  custom:scripting/monoscript/fileName/MinMaxAttribute.cs: a4b6ac8a4377612c7135a60f905792f1 -> 
  custom:scripting/monoscript/fileName/SubpixelMorphologicalAntialiasing.cs: 02dcb8839824addec278047da0509aea -> 
  custom:scripting/monoscript/fileName/BaseEditor.cs: 90647cc400823b41df847a6cbfc29026 -> 
  custom:container-muxer-webm: aa71ff27fc2769a1b78a27578f13a17b -> 
  custom:video-decoder-webm-vp8: 9c59270c3fd7afecdb556c50c9e8de78 -> 
  custom:SearchIndexIgnoredProperties: e643bd26f0fe6173181afceb89e7c659 -> 
  custom:scripting/monoscript/fileName/ChromaticAberrationEditor.cs: 3043bf57519b71f64b7a6de970c2487b -> 
  custom:scripting/monoscript/fileName/PostProcessEffectRenderer.cs: 577c5acf8157ecea944bb95c8c6d9a95 -> 
  custom:AudioImporter_EditorPlatform: d09bf68614088b80899f8185d706f6e7 -> 
  custom:scripting/monoscript/fileName/TextureFormatUtilities.cs: ba58c57cfaabc0f8201a9ca6902fcb23 -> 
  custom:scripting/monoscript/fileName/PostProcessVolume.cs: 3883cef4be0567c54caf457a416a2095 -> 
  custom:scripting/monoscript/fileName/LightMeterMonitor.cs: a897ae0c731cb153281aea9ecd0efb03 -> 
  custom:scripting/monoscript/fileName/ColorGradingEditor.cs: 25838050e3e1f12ef51713a5dcf60349 -> 
  custom:scripting/monoscript/fileName/AttributeDecorator.cs: 39b465f08cd0a5df82fc2ef70b766ca2 -> 
  custom:scripting/monoscript/fileName/AutoExposureEditor.cs: dfd15824649ea346b717bc72a871d75b -> 
  custom:scripting/monoscript/fileName/LensDistortion.cs: b7963bb1da21ba484a7b59b9f6ea3aec -> 
  custom:scripting/monoscript/fileName/ResourceAssetFactory.cs: bf6acc988648d854bb3c5751325d0d0a -> 
  custom:scripting/monoscript/fileName/PostProcessProfileEditor.cs: 1dcd55858a4126cb33b0f2de53c74fbe -> 
  custom:scripting/monoscript/fileName/Skybox.cs: c122ade9e2d3a916264f47a45be02789 -> 
  custom:scripting/monoscript/fileName/PostProcessDebug.cs: a653e9b773649e7452b035b4ce1dae82 -> 
  custom:scripting/monoscript/fileName/PostProcessAttribute.cs: e125947bf72ce7382f3b16f75797c897 -> 
  custom:scripting/monoscript/fileName/Grain.cs: 43f09a87a88d9937fbb9c4dbf3d5508e -> 
  custom:scripting/monoscript/fileName/HistogramMonitor.cs: 6fd024409d6e9db8d4c2c4e26430c2ad -> 
  custom:scripting/monoscript/fileName/PostProcessProfile.cs: f6dc030e2e953b2ed0eca334cce5d5cf -> 
  custom:scripting/monoscript/fileName/ProfileFactory.cs: f835845dfebfed501813f60a1cb006a3 -> 
  custom:scripting/monoscript/fileName/PostProcessEffectEditor.cs: 90647cc400823b41df847a6cbfc29026 -> 
  custom:scripting/monoscript/fileName/CubeLutAssetImporter.cs: 5e94ca4c74dad11cc8880f33d0ba9efb -> 
  custom:scripting/monoscript/fileName/PostProcessBundle.cs: f610f855c8ae8b896b5084e85ede373e -> 
  custom:scripting/monoscript/fileName/ScreenSpaceReflectionsEditor.cs: 59c13ba25de6098e70bafe8be94f609a -> 
  custom:video-encoder-webm-vp8: eb34c28f22e8b96e1ab97ce403110664 -> 
  custom:scripting/monoscript/fileName/RuntimeUtilities.cs: 76964d36e50cc48cfa29643bdde8d9a5 -> 
  custom:scripting/monoscript/fileName/Bloom.cs: 6f6d579a64201b97313a62a1e91b3575 -> 
  custom:audio-decoder-ogg-vorbis: bf7c407c2cedff20999df2af8eb42d56 -> 
  custom:scripting/monoscript/fileName/Fade.cs: 61320f8e17687c119db9aa01d877447f -> 
  custom:scripting/monoscript/fileName/AutoExposure.cs: 0e7c21b17f53209ee8c5c61ab59d7835 -> 
  custom:scripting/monoscript/fileName/VectorscopeMonitor.cs: cb70c6437b976f01b752cd219cc47f32 -> 
  custom:scripting/monoscript/fileName/PropertySheetFactory.cs: cfc4667cc03e44252fafe18d99f24b25 -> 
  custom:scripting/monoscript/fileName/EditorUtilities.cs: 53a52fb113757c42f9c516115bd845ca -> 
  custom:scripting/monoscript/fileName/HaltonSeq.cs: a7590e55d6fae5328a1c395a2473d0cf -> 
  custom:scripting/monoscript/fileName/MinAttribute.cs: a3e7473301291585f4cca024ce307406 -> 
  custom:scripting/monoscript/fileName/DepthOfField.cs: d62178d8b5619f59fcdd6d24617ef5fd -> 
  custom:scripting/monoscript/fileName/BloomEditor.cs: c341bb26b40744c3a5c2a142ac3e1051 -> 
  custom:scripting/monoscript/fileName/WaveformMonitor.cs: 609651ee3f98f206575f684e9cce655d -> 
  custom:scripting/monoscript/fileName/HableCurve.cs: f244b24d6e7c556a2de06e25b0bbf4c1 -> 
  custom:audio-encoder-webm-vorbis: bf7c407c2cedff20999df2af8eb42d56 -> 
  custom:scripting/monoscript/fileName/PropertySheet.cs: e6bb03169eca9d33ea794a47ad6ce213 -> 
  custom:scripting/monoscript/fileName/TargetPool.cs: 6d29560228134c933c12fb1c113fb6ef -> 
  custom:scripting/monoscript/fileName/LogHistogram.cs: bab913d888834a1a8572eb834acec97c -> 
  custom:scripting/monoscript/fileName/ScreenSpaceReflections.cs: 8afa07200328ddfcb2536d4180c62536 -> 
  custom:scripting/precompiled-assembly-types:Assembly-CSharp: d6fe0ff31029f2d2cc0617ccb9ee00f5 -> b5609ffa9375a1719a4b9b879c420584
  custom:scripting/monoscript/fileName/CurveEditor.cs: f5e872b2a5a6427a1785818cb10d95d1 -> 
  custom:scripting/monoscript/fileName/PostProcessResources.cs: 5089c17a701ba9b714a1f3d25fb9a9b0 -> 
  custom:scripting/monoscript/fileName/EffectListEditor.cs: 1ecdb4094d9e64024d6eb7725a86197b -> 
========================================================================
Received Prepare
Caller must complete domain reload
Begin MonoManager ReloadAssembly
- Loaded All Assemblies, in  0.747 seconds
Native extension for WindowsStandalone target not found
Native extension for WebGL target not found
Mono: successfully reloaded assembly
- Finished resetting the current domain, in  1.473 seconds
Domain Reload Profiling: 2211ms
	BeginReloadAssembly (229ms)
		ExecutionOrderSort (0ms)
		DisableScriptedObjects (8ms)
		BackupInstance (0ms)
		ReleaseScriptingObjects (0ms)
		CreateAndSetChildDomain (35ms)
	RebuildCommonClasses (50ms)
	RebuildNativeTypeToScriptingClass (16ms)
	initialDomainReloadingComplete (56ms)
	LoadAllAssembliesAndSetupDomain (387ms)
		LoadAssemblies (493ms)
		RebuildTransferFunctionScriptingTraits (0ms)
		AnalyzeDomain (33ms)
			TypeCache.Refresh (11ms)
				TypeCache.ScanAssembly (0ms)
			ScanForSourceGeneratedMonoScriptInfo (10ms)
			ResolveRequiredComponents (8ms)
	FinalizeReload (1473ms)
		ReleaseScriptCaches (0ms)
		RebuildScriptCaches (0ms)
		SetupLoadedEditorAssemblies (449ms)
			LogAssemblyErrors (0ms)
			InitializePlatformSupportModulesInManaged (15ms)
			SetLoadedEditorAssemblies (5ms)
			RefreshPlugins (0ms)
			BeforeProcessingInitializeOnLoad (101ms)
			ProcessInitializeOnLoadAttributes (306ms)
			ProcessInitializeOnLoadMethodAttributes (16ms)
			AfterProcessingInitializeOnLoad (6ms)
			EditorAssembliesLoaded (0ms)
		ExecutionOrderSort2 (0ms)
		AwakeInstancesAfterBackupRestoration (6ms)
Refreshing native plugins compatible for Editor in 4.46 ms, found 3 plugins.
Preloading 0 native plugins for Editor in 0.00 ms.
Unloading 3253 Unused Serialized files (Serialized files now loaded: 0)
Unloading 53 unused Assets / (3.9 MB). Loaded Objects now: 3893.
Memory consumption went from 220.4 MB to 216.5 MB.
Total: 4.784000 ms (FindLiveObjects: 0.323900 ms CreateObjectMapping: 0.218800 ms MarkObjects: 2.923000 ms  DeleteObjects: 1.317000 ms)

Prepare: number of updated asset objects reloaded= 0
AssetImportParameters requested are different than current active one (requested -> active):
  custom:scripting/monoscript/fileName/Decorators.cs: 4533f6715dc3f8cdabbd37ff77d1dad7 -> 
  custom:scripting/monoscript/fileName/GlobalSettings.cs: e5eb35b80bdfaee4ead1e1630fd77998 -> 
  custom:scripting/monoscript/fileName/PostProcessEffectBaseEditor.cs: 972bdf00f442be0d879dcb6868e25c8e -> 
  custom:scripting/monoscript/fileName/PostProcessRenderContext.cs: 9e034c8bf7d42a1d6c2d4339915eccb0 -> 
  custom:scripting/monoscript/fileName/MainMenu.cs: c093076ba5753d7bec74a8a751ffb653 -> 
  custom:scripting/monoscript/fileName/Spline.cs: 7876820de12ed89d33ad838af99a030e -> 
  custom:scripting/monoscript/fileName/ColorGrading.cs: ef67493fb3cf9676ba5f25862510a595 -> 
  custom:scripting/monoscript/fileName/Monitor.cs: e0eb5d32b3aade2e0ce8680b00ac2b78 -> 
  custom:scripting/precompiled-assembly-types:Unity.Postprocessing.Runtime: 655cd018e42ac91ed9a03cfbdae17956 -> 
  custom:scripting/monoscript/fileName/TemporalAntialiasing.cs: 71e40fdab49d34f4e07f83936454d904 -> 
  custom:container-demuxer-ogg: 62fdf1f143b41e24485cea50d1cbac27 -> 
  custom:scripting/monoscript/fileName/AmbientOcclusion.cs: 7a27923f9312611f0b2898a72e3ee96a -> 
  custom:scripting/monoscript/fileName/PostProcessDebugLayer.cs: 6d8a99809398beddf11f92dfbb0e6ad4 -> 
  custom:scripting/monoscript/fileName/ColorUtilities.cs: 47918ebfa890b947a816b80444ee2882 -> 
  custom:scripting/monoscript/fileName/ParameterOverride.cs: 5475497db741ca919df708e5019e593d -> 
  custom:scripting/monoscript/fileName/TextureLerper.cs: 973e800795f77d61d647ea0c3f0cf284 -> 
  custom:scripting/precompiled-assembly-types:Unity.Postprocessing.Editor: 23b49e25b965492466cd147d7735360a -> 
  custom:scripting/monoscript/fileName/Vignette.cs: e0b99ac31b7575ef776e7be56647abb0 -> 
  custom:scripting/monoscript/fileName/DepthOfFieldEditor.cs: 64cce655bf722c851048e2ebbf401a7b -> 
  custom:scripting/monoscript/fileName/DefaultPostProcessEffectEditor.cs: 06a1d8fcea7725e08b95f21cc15fd0a1 -> 
  custom:scripting/monoscript/fileName/PostProcessLayer.cs: aa288976158dcd4c24041d5304f25d07 -> 
  custom:scripting/monoscript/fileName/MaxAttribute.cs: d661645ab8c724f24b3e19978e87b44c -> 
  custom:scripting/monoscript/fileName/PostProcessDebugEditor.cs: 1a0488d8742bf880cc7334e53e2cc73d -> 
  custom:video-decoder-ogg-theora: a1e56fd34408186e4bbccfd4996cb3dc -> 
  custom:scripting/monoscript/fileName/SerializedParameterOverride.cs: 5e4deaf96895d013d32a8e84ec179f8e -> 
  custom:scripting/monoscript/fileName/MeshUtilities.cs: dc5356b699afd34cf9728f4d65b476a0 -> 
  custom:scripting/monoscript/fileName/AmbientOcclusionEditor.cs: 61e5422c29b8f52188d508eb7d382167 -> 
  custom:scripting/monoscript/fileName/FastApproximateAntialiasing.cs: bf5588b2deec2689a812a7d2eacd9bd5 -> 
  custom:scripting/monoscript/fileName/MotionBlur.cs: 823914e335803785a19e5990c6ab2911 -> 
  custom:scripting/monoscript/fileName/DefineSetter.cs: 292ba08e52064b1a72f8d4bb04301dd3 -> 
  custom:framework-win-MediaFoundation: 216162199b28c13a410421893ffa2e32 -> 
  custom:scripting/monoscript/fileName/ShaderIDs.cs: 96024f1f873475da65a783f1404f9117 -> 
  custom:scripting/monoscript/fileName/PostProcessEditorAttribute.cs: 672a58b4d5bab60112487a31c361c481 -> 
  custom:scripting/monoscript/fileName/LensDistortionEditor.cs: dee045d29944d55e8040435a58a7ce90 -> 
  custom:scripting/monoscript/fileName/MotionBlurEditor.cs: 3bd8d3e7e9a7ea94beb2e5517b62d27b -> 
  custom:scripting/monoscript/fileName/Dithering.cs: 3014fffaa718d0ad6dd2c7bb7956ed46 -> 
  custom:scripting/monoscript/fileName/DecoratorAttribute.cs: be5bd39119e1a41ea1a019fdb3818a3f -> 
  custom:scripting/monoscript/fileName/DisplayNameAttribute.cs: 935a6ac504eb8a852fba40cbcae9292c -> 
  custom:scripting/monoscript/fileName/PostProcessEffectSettings.cs: 2ab9d33170e863b1a9c8a9079cdd12aa -> 
  custom:scripting/monoscript/fileName/Fog.cs: 07e271953e2bcf8513b6a72a2737e767 -> 
  custom:scripting/monoscript/fileName/PostProcessManager.cs: 28ef7780d543a8111635e1f5051383d0 -> 
  custom:scripting/monoscript/fileName/VolumeFactory.cs: cc77136700c9e1ff894d234886ccb852 -> 
  custom:CustomObjectIndexerAttribute: 9a22284fe3817be447336de3de66b15e -> 
  custom:scripting/monoscript/fileName/PostProcessEvent.cs: 8fb6e54ff2cf1a8be7ecdd01fbdd78f8 -> 
  custom:scripting/monoscript/fileName/TrackballAttribute.cs: 8dea8f77de7bd03137cc578af1ea6656 -> 
  custom:scripting/monoscript/fileName/TrackballDecorator.cs: 6a2b6c747937d12d8d81be8f5b21fbd2 -> 
  custom:scripting/monoscript/fileName/MultiScaleVO.cs: d4c4732956ffb536e016475d75f04c43 -> 
  custom:scripting/monoscript/fileName/CubeLutAssetFactory.cs: db1961888d7cabf6be94b37e3b663de4 -> 
  custom:container-demuxer-webm: 4f35f7cbe854078d1ac9338744f61a02 -> 
  custom:scripting/monoscript/fileName/PostProcessVolumeEditor.cs: 7aae71821512dcac422c45dc773293c3 -> 
  custom:scripting/monoscript/fileName/ChromaticAberration.cs: 4d59e57f8324f5f986e16678ed451410 -> 
  custom:scripting/monoscript/fileName/VignetteEditor.cs: 345736fc911c5e8ab23e579751a40e4a -> 
  custom:scripting/monoscript/fileName/Styling.cs: d1c4aa14ff93670753edfbb93fc91bfe -> 
  custom:scripting/monoscript/fileName/PostProcessEffectRendererExtensions.cs: e953624d113e7e1739c702512603957d -> 
  custom:scripting/monoscript/fileName/ScalableAO.cs: 2f29d71d59b754086c809cfee1cdce34 -> 
  custom:scripting/monoscript/fileName/PostProcessLayerEditor.cs: d16de665ece05cd6e27dcc8d7bac4b9a -> 
  custom:scripting/monoscript/fileName/MinMaxAttribute.cs: a4b6ac8a4377612c7135a60f905792f1 -> 
  custom:scripting/monoscript/fileName/SubpixelMorphologicalAntialiasing.cs: 02dcb8839824addec278047da0509aea -> 
  custom:scripting/monoscript/fileName/BaseEditor.cs: 90647cc400823b41df847a6cbfc29026 -> 
  custom:container-muxer-webm: aa71ff27fc2769a1b78a27578f13a17b -> 
  custom:video-decoder-webm-vp8: 9c59270c3fd7afecdb556c50c9e8de78 -> 
  custom:SearchIndexIgnoredProperties: e643bd26f0fe6173181afceb89e7c659 -> 
  custom:scripting/monoscript/fileName/ChromaticAberrationEditor.cs: 3043bf57519b71f64b7a6de970c2487b -> 
  custom:scripting/monoscript/fileName/PostProcessEffectRenderer.cs: 577c5acf8157ecea944bb95c8c6d9a95 -> 
  custom:AudioImporter_EditorPlatform: d09bf68614088b80899f8185d706f6e7 -> 
  custom:scripting/monoscript/fileName/TextureFormatUtilities.cs: ba58c57cfaabc0f8201a9ca6902fcb23 -> 
  custom:scripting/monoscript/fileName/PostProcessVolume.cs: 3883cef4be0567c54caf457a416a2095 -> 
  custom:scripting/monoscript/fileName/LightMeterMonitor.cs: a897ae0c731cb153281aea9ecd0efb03 -> 
  custom:scripting/monoscript/fileName/ColorGradingEditor.cs: 25838050e3e1f12ef51713a5dcf60349 -> 
  custom:scripting/monoscript/fileName/AttributeDecorator.cs: 39b465f08cd0a5df82fc2ef70b766ca2 -> 
  custom:scripting/monoscript/fileName/AutoExposureEditor.cs: dfd15824649ea346b717bc72a871d75b -> 
  custom:scripting/monoscript/fileName/LensDistortion.cs: b7963bb1da21ba484a7b59b9f6ea3aec -> 
  custom:scripting/monoscript/fileName/ResourceAssetFactory.cs: bf6acc988648d854bb3c5751325d0d0a -> 
  custom:scripting/monoscript/fileName/PostProcessProfileEditor.cs: 1dcd55858a4126cb33b0f2de53c74fbe -> 
  custom:scripting/monoscript/fileName/Skybox.cs: c122ade9e2d3a916264f47a45be02789 -> 
  custom:scripting/monoscript/fileName/PostProcessDebug.cs: a653e9b773649e7452b035b4ce1dae82 -> 
  custom:scripting/monoscript/fileName/PostProcessAttribute.cs: e125947bf72ce7382f3b16f75797c897 -> 
  custom:scripting/monoscript/fileName/Grain.cs: 43f09a87a88d9937fbb9c4dbf3d5508e -> 
  custom:scripting/monoscript/fileName/HistogramMonitor.cs: 6fd024409d6e9db8d4c2c4e26430c2ad -> 
  custom:scripting/monoscript/fileName/PostProcessProfile.cs: f6dc030e2e953b2ed0eca334cce5d5cf -> 
  custom:scripting/monoscript/fileName/ProfileFactory.cs: f835845dfebfed501813f60a1cb006a3 -> 
  custom:scripting/monoscript/fileName/PostProcessEffectEditor.cs: 90647cc400823b41df847a6cbfc29026 -> 
  custom:scripting/monoscript/fileName/CubeLutAssetImporter.cs: 5e94ca4c74dad11cc8880f33d0ba9efb -> 
  custom:scripting/monoscript/fileName/PostProcessBundle.cs: f610f855c8ae8b896b5084e85ede373e -> 
  custom:scripting/monoscript/fileName/ScreenSpaceReflectionsEditor.cs: 59c13ba25de6098e70bafe8be94f609a -> 
  custom:video-encoder-webm-vp8: eb34c28f22e8b96e1ab97ce403110664 -> 
  custom:scripting/monoscript/fileName/RuntimeUtilities.cs: 76964d36e50cc48cfa29643bdde8d9a5 -> 
  custom:scripting/monoscript/fileName/Bloom.cs: 6f6d579a64201b97313a62a1e91b3575 -> 
  custom:audio-decoder-ogg-vorbis: bf7c407c2cedff20999df2af8eb42d56 -> 
  custom:scripting/monoscript/fileName/Fade.cs: 61320f8e17687c119db9aa01d877447f -> 
  custom:scripting/monoscript/fileName/AutoExposure.cs: 0e7c21b17f53209ee8c5c61ab59d7835 -> 
  custom:scripting/monoscript/fileName/VectorscopeMonitor.cs: cb70c6437b976f01b752cd219cc47f32 -> 
  custom:scripting/monoscript/fileName/PropertySheetFactory.cs: cfc4667cc03e44252fafe18d99f24b25 -> 
  custom:scripting/monoscript/fileName/EditorUtilities.cs: 53a52fb113757c42f9c516115bd845ca -> 
  custom:scripting/monoscript/fileName/HaltonSeq.cs: a7590e55d6fae5328a1c395a2473d0cf -> 
  custom:scripting/monoscript/fileName/MinAttribute.cs: a3e7473301291585f4cca024ce307406 -> 
  custom:scripting/monoscript/fileName/DepthOfField.cs: d62178d8b5619f59fcdd6d24617ef5fd -> 
  custom:scripting/monoscript/fileName/BloomEditor.cs: c341bb26b40744c3a5c2a142ac3e1051 -> 
  custom:scripting/monoscript/fileName/WaveformMonitor.cs: 609651ee3f98f206575f684e9cce655d -> 
  custom:scripting/monoscript/fileName/HableCurve.cs: f244b24d6e7c556a2de06e25b0bbf4c1 -> 
  custom:audio-encoder-webm-vorbis: bf7c407c2cedff20999df2af8eb42d56 -> 
  custom:scripting/monoscript/fileName/PropertySheet.cs: e6bb03169eca9d33ea794a47ad6ce213 -> 
  custom:scripting/monoscript/fileName/TargetPool.cs: 6d29560228134c933c12fb1c113fb6ef -> 
  custom:scripting/monoscript/fileName/LogHistogram.cs: bab913d888834a1a8572eb834acec97c -> 
  custom:scripting/monoscript/fileName/ScreenSpaceReflections.cs: 8afa07200328ddfcb2536d4180c62536 -> 
  custom:scripting/precompiled-assembly-types:Assembly-CSharp: d6fe0ff31029f2d2cc0617ccb9ee00f5 -> b5609ffa9375a1719a4b9b879c420584
  custom:scripting/monoscript/fileName/CurveEditor.cs: f5e872b2a5a6427a1785818cb10d95d1 -> 
  custom:scripting/monoscript/fileName/PostProcessResources.cs: 5089c17a701ba9b714a1f3d25fb9a9b0 -> 
  custom:scripting/monoscript/fileName/EffectListEditor.cs: 1ecdb4094d9e64024d6eb7725a86197b -> 
========================================================================
Received Import Request.
  Time since last request: 350.625541 seconds.
  path: Assets/Main Menu/Camera anims/Fade.controller
  artifactKey: Guid(db26729a0d006924d96da5b874922b7e) Importer(815301076,1909f56bfc062723c751e8b465ee728b)
Start importing Assets/Main Menu/Camera anims/Fade.controller using Guid(db26729a0d006924d96da5b874922b7e) Importer(815301076,1909f56bfc062723c751e8b465ee728b) [PhysX] Initialized MultithreadedTaskDispatcher with 12 workers.
 -> (artifact id: 'e559829c323f2d02a5cfb8a072d0bae6') in 0.012790 seconds
Number of updated asset objects reloaded before import = 0
Number of asset objects unloaded after import = 4
========================================================================
Received Prepare
Caller must complete domain reload
Begin MonoManager ReloadAssembly
- Loaded All Assemblies, in  0.384 seconds
Native extension for WindowsStandalone target not found
Native extension for WebGL target not found
Mono: successfully reloaded assembly
- Finished resetting the current domain, in  0.743 seconds
Domain Reload Profiling: 1125ms
	BeginReloadAssembly (133ms)
		ExecutionOrderSort (0ms)
		DisableScriptedObjects (4ms)
		BackupInstance (0ms)
		ReleaseScriptingObjects (0ms)
		CreateAndSetChildDomain (28ms)
	RebuildCommonClasses (35ms)
	RebuildNativeTypeToScriptingClass (8ms)
	initialDomainReloadingComplete (28ms)
	LoadAllAssembliesAndSetupDomain (177ms)
		LoadAssemblies (237ms)
		RebuildTransferFunctionScriptingTraits (0ms)
		AnalyzeDomain (12ms)
			TypeCache.Refresh (5ms)
				TypeCache.ScanAssembly (0ms)
			ScanForSourceGeneratedMonoScriptInfo (0ms)
			ResolveRequiredComponents (4ms)
	FinalizeReload (744ms)
		ReleaseScriptCaches (0ms)
		RebuildScriptCaches (0ms)
		SetupLoadedEditorAssemblies (336ms)
			LogAssemblyErrors (0ms)
			InitializePlatformSupportModulesInManaged (8ms)
			SetLoadedEditorAssemblies (3ms)
			RefreshPlugins (0ms)
			BeforeProcessingInitializeOnLoad (50ms)
			ProcessInitializeOnLoadAttributes (246ms)
			ProcessInitializeOnLoadMethodAttributes (21ms)
			AfterProcessingInitializeOnLoad (8ms)
			EditorAssembliesLoaded (0ms)
		ExecutionOrderSort2 (0ms)
		AwakeInstancesAfterBackupRestoration (7ms)
Refreshing native plugins compatible for Editor in 5.22 ms, found 3 plugins.
Preloading 0 native plugins for Editor in 0.00 ms.
Unloading 3252 Unused Serialized files (Serialized files now loaded: 0)
Unloading 53 unused Assets / (4.0 MB). Loaded Objects now: 3896.
Memory consumption went from 220.2 MB to 216.2 MB.
Total: 5.465200 ms (FindLiveObjects: 0.280700 ms CreateObjectMapping: 0.171800 ms MarkObjects: 3.322700 ms  DeleteObjects: 1.688300 ms)

Prepare: number of updated asset objects reloaded= 0
AssetImportParameters requested are different than current active one (requested -> active):
  custom:scripting/monoscript/fileName/Decorators.cs: 4533f6715dc3f8cdabbd37ff77d1dad7 -> 
  custom:scripting/monoscript/fileName/GlobalSettings.cs: e5eb35b80bdfaee4ead1e1630fd77998 -> 
  custom:scripting/monoscript/fileName/PostProcessEffectBaseEditor.cs: 972bdf00f442be0d879dcb6868e25c8e -> 
  custom:scripting/monoscript/fileName/PostProcessRenderContext.cs: 9e034c8bf7d42a1d6c2d4339915eccb0 -> 
  custom:scripting/monoscript/fileName/MainMenu.cs: c093076ba5753d7bec74a8a751ffb653 -> 
  custom:scripting/monoscript/fileName/Spline.cs: 7876820de12ed89d33ad838af99a030e -> 
  custom:scripting/monoscript/fileName/ColorGrading.cs: ef67493fb3cf9676ba5f25862510a595 -> 
  custom:scripting/monoscript/fileName/Monitor.cs: e0eb5d32b3aade2e0ce8680b00ac2b78 -> 
  custom:scripting/precompiled-assembly-types:Unity.Postprocessing.Runtime: 655cd018e42ac91ed9a03cfbdae17956 -> 
  custom:scripting/monoscript/fileName/TemporalAntialiasing.cs: 71e40fdab49d34f4e07f83936454d904 -> 
  custom:container-demuxer-ogg: 62fdf1f143b41e24485cea50d1cbac27 -> 
  custom:scripting/monoscript/fileName/AmbientOcclusion.cs: 7a27923f9312611f0b2898a72e3ee96a -> 
  custom:scripting/monoscript/fileName/PostProcessDebugLayer.cs: 6d8a99809398beddf11f92dfbb0e6ad4 -> 
  custom:scripting/monoscript/fileName/ColorUtilities.cs: 47918ebfa890b947a816b80444ee2882 -> 
  custom:scripting/monoscript/fileName/ParameterOverride.cs: 5475497db741ca919df708e5019e593d -> 
  custom:scripting/monoscript/fileName/TextureLerper.cs: 973e800795f77d61d647ea0c3f0cf284 -> 
  custom:scripting/precompiled-assembly-types:Unity.Postprocessing.Editor: 23b49e25b965492466cd147d7735360a -> 
  custom:scripting/monoscript/fileName/Vignette.cs: e0b99ac31b7575ef776e7be56647abb0 -> 
  custom:scripting/monoscript/fileName/DepthOfFieldEditor.cs: 64cce655bf722c851048e2ebbf401a7b -> 
  custom:scripting/monoscript/fileName/DefaultPostProcessEffectEditor.cs: 06a1d8fcea7725e08b95f21cc15fd0a1 -> 
  custom:scripting/monoscript/fileName/PostProcessLayer.cs: aa288976158dcd4c24041d5304f25d07 -> 
  custom:scripting/monoscript/fileName/MaxAttribute.cs: d661645ab8c724f24b3e19978e87b44c -> 
  custom:scripting/monoscript/fileName/PostProcessDebugEditor.cs: 1a0488d8742bf880cc7334e53e2cc73d -> 
  custom:video-decoder-ogg-theora: a1e56fd34408186e4bbccfd4996cb3dc -> 
  custom:scripting/monoscript/fileName/SerializedParameterOverride.cs: 5e4deaf96895d013d32a8e84ec179f8e -> 
  custom:scripting/monoscript/fileName/MeshUtilities.cs: dc5356b699afd34cf9728f4d65b476a0 -> 
  custom:scripting/monoscript/fileName/AmbientOcclusionEditor.cs: 61e5422c29b8f52188d508eb7d382167 -> 
  custom:scripting/monoscript/fileName/FastApproximateAntialiasing.cs: bf5588b2deec2689a812a7d2eacd9bd5 -> 
  custom:scripting/monoscript/fileName/MotionBlur.cs: 823914e335803785a19e5990c6ab2911 -> 
  custom:scripting/monoscript/fileName/DefineSetter.cs: 292ba08e52064b1a72f8d4bb04301dd3 -> 
  custom:framework-win-MediaFoundation: 216162199b28c13a410421893ffa2e32 -> 
  custom:scripting/monoscript/fileName/ShaderIDs.cs: 96024f1f873475da65a783f1404f9117 -> 
  custom:scripting/monoscript/fileName/PostProcessEditorAttribute.cs: 672a58b4d5bab60112487a31c361c481 -> 
  custom:scripting/monoscript/fileName/LensDistortionEditor.cs: dee045d29944d55e8040435a58a7ce90 -> 
  custom:scripting/monoscript/fileName/MotionBlurEditor.cs: 3bd8d3e7e9a7ea94beb2e5517b62d27b -> 
  custom:scripting/monoscript/fileName/Dithering.cs: 3014fffaa718d0ad6dd2c7bb7956ed46 -> 
  custom:scripting/monoscript/fileName/DecoratorAttribute.cs: be5bd39119e1a41ea1a019fdb3818a3f -> 
  custom:scripting/monoscript/fileName/DisplayNameAttribute.cs: 935a6ac504eb8a852fba40cbcae9292c -> 
  custom:scripting/monoscript/fileName/PostProcessEffectSettings.cs: 2ab9d33170e863b1a9c8a9079cdd12aa -> 
  custom:scripting/monoscript/fileName/Fog.cs: 07e271953e2bcf8513b6a72a2737e767 -> 
  custom:scripting/monoscript/fileName/PostProcessManager.cs: 28ef7780d543a8111635e1f5051383d0 -> 
  custom:scripting/monoscript/fileName/VolumeFactory.cs: cc77136700c9e1ff894d234886ccb852 -> 
  custom:CustomObjectIndexerAttribute: 9a22284fe3817be447336de3de66b15e -> 
  custom:scripting/monoscript/fileName/PostProcessEvent.cs: 8fb6e54ff2cf1a8be7ecdd01fbdd78f8 -> 
  custom:scripting/monoscript/fileName/TrackballAttribute.cs: 8dea8f77de7bd03137cc578af1ea6656 -> 
  custom:scripting/monoscript/fileName/TrackballDecorator.cs: 6a2b6c747937d12d8d81be8f5b21fbd2 -> 
  custom:scripting/monoscript/fileName/MultiScaleVO.cs: d4c4732956ffb536e016475d75f04c43 -> 
  custom:scripting/monoscript/fileName/CubeLutAssetFactory.cs: db1961888d7cabf6be94b37e3b663de4 -> 
  custom:container-demuxer-webm: 4f35f7cbe854078d1ac9338744f61a02 -> 
  custom:scripting/monoscript/fileName/PostProcessVolumeEditor.cs: 7aae71821512dcac422c45dc773293c3 -> 
  custom:scripting/monoscript/fileName/ChromaticAberration.cs: 4d59e57f8324f5f986e16678ed451410 -> 
  custom:scripting/monoscript/fileName/VignetteEditor.cs: 345736fc911c5e8ab23e579751a40e4a -> 
  custom:scripting/monoscript/fileName/Styling.cs: d1c4aa14ff93670753edfbb93fc91bfe -> 
  custom:scripting/monoscript/fileName/PostProcessEffectRendererExtensions.cs: e953624d113e7e1739c702512603957d -> 
  custom:scripting/monoscript/fileName/ScalableAO.cs: 2f29d71d59b754086c809cfee1cdce34 -> 
  custom:scripting/monoscript/fileName/PostProcessLayerEditor.cs: d16de665ece05cd6e27dcc8d7bac4b9a -> 
  custom:scripting/monoscript/fileName/MinMaxAttribute.cs: a4b6ac8a4377612c7135a60f905792f1 -> 
  custom:scripting/monoscript/fileName/SubpixelMorphologicalAntialiasing.cs: 02dcb8839824addec278047da0509aea -> 
  custom:scripting/monoscript/fileName/BaseEditor.cs: 90647cc400823b41df847a6cbfc29026 -> 
  custom:container-muxer-webm: aa71ff27fc2769a1b78a27578f13a17b -> 
  custom:video-decoder-webm-vp8: 9c59270c3fd7afecdb556c50c9e8de78 -> 
  custom:SearchIndexIgnoredProperties: e643bd26f0fe6173181afceb89e7c659 -> 
  custom:scripting/monoscript/fileName/ChromaticAberrationEditor.cs: 3043bf57519b71f64b7a6de970c2487b -> 
  custom:scripting/monoscript/fileName/PostProcessEffectRenderer.cs: 577c5acf8157ecea944bb95c8c6d9a95 -> 
  custom:AudioImporter_EditorPlatform: d09bf68614088b80899f8185d706f6e7 -> 
  custom:scripting/monoscript/fileName/TextureFormatUtilities.cs: ba58c57cfaabc0f8201a9ca6902fcb23 -> 
  custom:scripting/monoscript/fileName/PostProcessVolume.cs: 3883cef4be0567c54caf457a416a2095 -> 
  custom:scripting/monoscript/fileName/LightMeterMonitor.cs: a897ae0c731cb153281aea9ecd0efb03 -> 
  custom:scripting/monoscript/fileName/ColorGradingEditor.cs: 25838050e3e1f12ef51713a5dcf60349 -> 
  custom:scripting/monoscript/fileName/AttributeDecorator.cs: 39b465f08cd0a5df82fc2ef70b766ca2 -> 
  custom:scripting/monoscript/fileName/AutoExposureEditor.cs: dfd15824649ea346b717bc72a871d75b -> 
  custom:scripting/monoscript/fileName/LensDistortion.cs: b7963bb1da21ba484a7b59b9f6ea3aec -> 
  custom:scripting/monoscript/fileName/ResourceAssetFactory.cs: bf6acc988648d854bb3c5751325d0d0a -> 
  custom:scripting/monoscript/fileName/PostProcessProfileEditor.cs: 1dcd55858a4126cb33b0f2de53c74fbe -> 
  custom:scripting/monoscript/fileName/Skybox.cs: c122ade9e2d3a916264f47a45be02789 -> 
  custom:scripting/monoscript/fileName/PostProcessDebug.cs: a653e9b773649e7452b035b4ce1dae82 -> 
  custom:scripting/monoscript/fileName/PostProcessAttribute.cs: e125947bf72ce7382f3b16f75797c897 -> 
  custom:scripting/monoscript/fileName/Grain.cs: 43f09a87a88d9937fbb9c4dbf3d5508e -> 
  custom:scripting/monoscript/fileName/HistogramMonitor.cs: 6fd024409d6e9db8d4c2c4e26430c2ad -> 
  custom:scripting/monoscript/fileName/PostProcessProfile.cs: f6dc030e2e953b2ed0eca334cce5d5cf -> 
  custom:scripting/monoscript/fileName/ProfileFactory.cs: f835845dfebfed501813f60a1cb006a3 -> 
  custom:scripting/monoscript/fileName/PostProcessEffectEditor.cs: 90647cc400823b41df847a6cbfc29026 -> 
  custom:scripting/monoscript/fileName/CubeLutAssetImporter.cs: 5e94ca4c74dad11cc8880f33d0ba9efb -> 
  custom:scripting/monoscript/fileName/PostProcessBundle.cs: f610f855c8ae8b896b5084e85ede373e -> 
  custom:scripting/monoscript/fileName/ScreenSpaceReflectionsEditor.cs: 59c13ba25de6098e70bafe8be94f609a -> 
  custom:video-encoder-webm-vp8: eb34c28f22e8b96e1ab97ce403110664 -> 
  custom:scripting/monoscript/fileName/RuntimeUtilities.cs: 76964d36e50cc48cfa29643bdde8d9a5 -> 
  custom:scripting/monoscript/fileName/Bloom.cs: 6f6d579a64201b97313a62a1e91b3575 -> 
  custom:audio-decoder-ogg-vorbis: bf7c407c2cedff20999df2af8eb42d56 -> 
  custom:scripting/monoscript/fileName/Fade.cs: 61320f8e17687c119db9aa01d877447f -> 
  custom:scripting/monoscript/fileName/AutoExposure.cs: 0e7c21b17f53209ee8c5c61ab59d7835 -> 
  custom:scripting/monoscript/fileName/VectorscopeMonitor.cs: cb70c6437b976f01b752cd219cc47f32 -> 
  custom:scripting/monoscript/fileName/PropertySheetFactory.cs: cfc4667cc03e44252fafe18d99f24b25 -> 
  custom:scripting/monoscript/fileName/EditorUtilities.cs: 53a52fb113757c42f9c516115bd845ca -> 
  custom:scripting/monoscript/fileName/HaltonSeq.cs: a7590e55d6fae5328a1c395a2473d0cf -> 
  custom:scripting/monoscript/fileName/MinAttribute.cs: a3e7473301291585f4cca024ce307406 -> 
  custom:scripting/monoscript/fileName/DepthOfField.cs: d62178d8b5619f59fcdd6d24617ef5fd -> 
  custom:scripting/monoscript/fileName/BloomEditor.cs: c341bb26b40744c3a5c2a142ac3e1051 -> 
  custom:scripting/monoscript/fileName/WaveformMonitor.cs: 609651ee3f98f206575f684e9cce655d -> 
  custom:scripting/monoscript/fileName/HableCurve.cs: f244b24d6e7c556a2de06e25b0bbf4c1 -> 
  custom:audio-encoder-webm-vorbis: bf7c407c2cedff20999df2af8eb42d56 -> 
  custom:scripting/monoscript/fileName/PropertySheet.cs: e6bb03169eca9d33ea794a47ad6ce213 -> 
  custom:scripting/monoscript/fileName/TargetPool.cs: 6d29560228134c933c12fb1c113fb6ef -> 
  custom:scripting/monoscript/fileName/LogHistogram.cs: bab913d888834a1a8572eb834acec97c -> 
  custom:scripting/monoscript/fileName/ScreenSpaceReflections.cs: 8afa07200328ddfcb2536d4180c62536 -> 
  custom:scripting/precompiled-assembly-types:Assembly-CSharp: d6fe0ff31029f2d2cc0617ccb9ee00f5 -> b5609ffa9375a1719a4b9b879c420584
  custom:scripting/monoscript/fileName/CurveEditor.cs: f5e872b2a5a6427a1785818cb10d95d1 -> 
  custom:scripting/monoscript/fileName/PostProcessResources.cs: 5089c17a701ba9b714a1f3d25fb9a9b0 -> 
  custom:scripting/monoscript/fileName/EffectListEditor.cs: 1ecdb4094d9e64024d6eb7725a86197b -> 
