Using pre-set license
Built from '2022.3/staging' branch; Version is '2022.3.43f1 (85497d293fa1) revision 8735101'; Using compiler version '192829333'; Build Type 'Release'
OS: 'Windows 11  (10.0.26100) 64bit CoreSingleLanguage' Language: 'en' Physical Memory: 16052 MB
BatchMode: 1, IsHumanControllingUs: 0, StartBugReporterOnCrash: 0, Is64bit: 1, IsPro: 1

COMMAND LINE ARGUMENTS:
C:\Program Files\Unity\Hub\Editor\2022.3.43f1\Editor\Unity.exe
-adb2
-batchMode
-noUpm
-name
AssetImportWorker2
-projectPath
C:/Game/Bhooo/Unanswered-Cries
-logFile
Logs/AssetImportWorker2.log
-srvPort
61761
Successfully changed project path to: C:/Game/Bhooo/Unanswered-Cries
C:/Game/Bhooo/Unanswered-Cries
[UnityMemory] Configuration Parameters - Can be set up in boot.config
    "memorysetup-bucket-allocator-granularity=16"
    "memorysetup-bucket-allocator-bucket-count=8"
    "memorysetup-bucket-allocator-block-size=33554432"
    "memorysetup-bucket-allocator-block-count=8"
    "memorysetup-main-allocator-block-size=16777216"
    "memorysetup-thread-allocator-block-size=16777216"
    "memorysetup-gfx-main-allocator-block-size=16777216"
    "memorysetup-gfx-thread-allocator-block-size=16777216"
    "memorysetup-cache-allocator-block-size=4194304"
    "memorysetup-typetree-allocator-block-size=2097152"
    "memorysetup-profiler-bucket-allocator-granularity=16"
    "memorysetup-profiler-bucket-allocator-bucket-count=8"
    "memorysetup-profiler-bucket-allocator-block-size=33554432"
    "memorysetup-profiler-bucket-allocator-block-count=8"
    "memorysetup-profiler-allocator-block-size=16777216"
    "memorysetup-profiler-editor-allocator-block-size=1048576"
    "memorysetup-temp-allocator-size-main=16777216"
    "memorysetup-job-temp-allocator-block-size=2097152"
    "memorysetup-job-temp-allocator-block-size-background=1048576"
    "memorysetup-job-temp-allocator-reduction-small-platforms=262144"
    "memorysetup-allocator-temp-initial-block-size-main=262144"
    "memorysetup-allocator-temp-initial-block-size-worker=262144"
    "memorysetup-temp-allocator-size-background-worker=32768"
    "memorysetup-temp-allocator-size-job-worker=262144"
    "memorysetup-temp-allocator-size-preload-manager=33554432"
    "memorysetup-temp-allocator-size-nav-mesh-worker=65536"
    "memorysetup-temp-allocator-size-audio-worker=65536"
    "memorysetup-temp-allocator-size-cloud-worker=32768"
    "memorysetup-temp-allocator-size-gi-baking-worker=262144"
    "memorysetup-temp-allocator-size-gfx=262144"
Player connection [39072]  Target information:

Player connection [39072]  * "[IP] 192.168.1.237 [Port] 0 [Flags] 2 [Guid] 4168562082 [EditorId] 4168562082 [Version] 1048832 [Id] WindowsEditor(7,MRVICTUS) [Debug] 1 [PackageName] WindowsEditor [ProjectName] Editor" 

Player connection [39072] Host joined multi-casting on [225.0.0.222:54997]...
Player connection [39072] Host joined alternative multi-casting on [225.0.0.222:34997]...
[PhysX] Initialized MultithreadedTaskDispatcher with 12 workers.
Refreshing native plugins compatible for Editor in 7.62 ms, found 3 plugins.
Preloading 0 native plugins for Editor in 0.00 ms.
Initialize engine version: 2022.3.43f1 (85497d293fa1)
[Subsystems] Discovering subsystems at path C:/Program Files/Unity/Hub/Editor/2022.3.43f1/Editor/Data/Resources/UnitySubsystems
[Subsystems] Discovering subsystems at path C:/Game/Bhooo/Unanswered-Cries/Assets
GfxDevice: creating device client; threaded=0; jobified=0
Direct3D:
    Version:  Direct3D 11.0 [level 11.1]
    Renderer: NVIDIA GeForce RTX 3050 Laptop GPU (ID=0x25a2)
    Vendor:   NVIDIA
    VRAM:     3964 MB
    Driver:   32.0.15.7602
Initialize mono
Mono path[0] = 'C:/Program Files/Unity/Hub/Editor/2022.3.43f1/Editor/Data/Managed'
Mono path[1] = 'C:/Program Files/Unity/Hub/Editor/2022.3.43f1/Editor/Data/MonoBleedingEdge/lib/mono/unityjit-win32'
Mono config path = 'C:/Program Files/Unity/Hub/Editor/2022.3.43f1/Editor/Data/MonoBleedingEdge/etc'
Using monoOptions --debugger-agent=transport=dt_socket,embedding=1,server=y,suspend=n,address=127.0.0.1:56672
Begin MonoManager ReloadAssembly
Registering precompiled unity dll's ...
Register platform support module: C:/Program Files/Unity/Hub/Editor/2022.3.43f1/Editor/Data/PlaybackEngines/WebGLSupport/UnityEditor.WebGL.Extensions.dll
Register platform support module: C:/Program Files/Unity/Hub/Editor/2022.3.43f1/Editor/Data/PlaybackEngines/WindowsStandaloneSupport/UnityEditor.WindowsStandalone.Extensions.dll
Registered in 0.007626 seconds.
- Loaded All Assemblies, in  0.312 seconds
Native extension for WindowsStandalone target not found
Native extension for WebGL target not found
Mono: successfully reloaded assembly
- Finished resetting the current domain, in  0.252 seconds
Domain Reload Profiling: 563ms
	BeginReloadAssembly (99ms)
		ExecutionOrderSort (0ms)
		DisableScriptedObjects (0ms)
		BackupInstance (0ms)
		ReleaseScriptingObjects (0ms)
		CreateAndSetChildDomain (1ms)
	RebuildCommonClasses (34ms)
	RebuildNativeTypeToScriptingClass (8ms)
	initialDomainReloadingComplete (51ms)
	LoadAllAssembliesAndSetupDomain (118ms)
		LoadAssemblies (98ms)
		RebuildTransferFunctionScriptingTraits (0ms)
		AnalyzeDomain (116ms)
			TypeCache.Refresh (114ms)
				TypeCache.ScanAssembly (103ms)
			ScanForSourceGeneratedMonoScriptInfo (0ms)
			ResolveRequiredComponents (0ms)
	FinalizeReload (253ms)
		ReleaseScriptCaches (0ms)
		RebuildScriptCaches (0ms)
		SetupLoadedEditorAssemblies (211ms)
			LogAssemblyErrors (0ms)
			InitializePlatformSupportModulesInManaged (13ms)
			SetLoadedEditorAssemblies (6ms)
			RefreshPlugins (0ms)
			BeforeProcessingInitializeOnLoad (2ms)
			ProcessInitializeOnLoadAttributes (144ms)
			ProcessInitializeOnLoadMethodAttributes (46ms)
			AfterProcessingInitializeOnLoad (0ms)
			EditorAssembliesLoaded (0ms)
		ExecutionOrderSort2 (0ms)
		AwakeInstancesAfterBackupRestoration (0ms)
========================================================================
Worker process is ready to serve import requests
Caller must complete domain reload
Begin MonoManager ReloadAssembly
- Loaded All Assemblies, in  0.609 seconds
Native extension for WindowsStandalone target not found
Native extension for WebGL target not found
Mono: successfully reloaded assembly
- Finished resetting the current domain, in  0.478 seconds
Domain Reload Profiling: 1084ms
	BeginReloadAssembly (161ms)
		ExecutionOrderSort (0ms)
		DisableScriptedObjects (6ms)
		BackupInstance (0ms)
		ReleaseScriptingObjects (0ms)
		CreateAndSetChildDomain (21ms)
	RebuildCommonClasses (31ms)
	RebuildNativeTypeToScriptingClass (10ms)
	initialDomainReloadingComplete (46ms)
	LoadAllAssembliesAndSetupDomain (358ms)
		LoadAssemblies (282ms)
		RebuildTransferFunctionScriptingTraits (0ms)
		AnalyzeDomain (170ms)
			TypeCache.Refresh (151ms)
				TypeCache.ScanAssembly (131ms)
			ScanForSourceGeneratedMonoScriptInfo (13ms)
			ResolveRequiredComponents (4ms)
	FinalizeReload (478ms)
		ReleaseScriptCaches (0ms)
		RebuildScriptCaches (0ms)
		SetupLoadedEditorAssemblies (365ms)
			LogAssemblyErrors (0ms)
			InitializePlatformSupportModulesInManaged (6ms)
			SetLoadedEditorAssemblies (3ms)
			RefreshPlugins (0ms)
			BeforeProcessingInitializeOnLoad (51ms)
			ProcessInitializeOnLoadAttributes (279ms)
			ProcessInitializeOnLoadMethodAttributes (20ms)
			AfterProcessingInitializeOnLoad (6ms)
			EditorAssembliesLoaded (0ms)
		ExecutionOrderSort2 (0ms)
		AwakeInstancesAfterBackupRestoration (5ms)
Launched and connected shader compiler UnityShaderCompiler.exe after 0.04 seconds
Refreshing native plugins compatible for Editor in 4.01 ms, found 3 plugins.
Preloading 0 native plugins for Editor in 0.00 ms.
Unloading 3138 Unused Serialized files (Serialized files now loaded: 0)
Unloading 19 unused Assets / (55.0 KB). Loaded Objects now: 3627.
Memory consumption went from 205.6 MB to 205.6 MB.
Total: 3.219500 ms (FindLiveObjects: 0.255300 ms CreateObjectMapping: 0.084000 ms MarkObjects: 2.747500 ms  DeleteObjects: 0.131000 ms)

AssetImportParameters requested are different than current active one (requested -> active):
  custom:container-demuxer-ogg: 62fdf1f143b41e24485cea50d1cbac27 -> 
  custom:video-decoder-ogg-theora: a1e56fd34408186e4bbccfd4996cb3dc -> 
  custom:framework-win-MediaFoundation: 216162199b28c13a410421893ffa2e32 -> 
  custom:CustomObjectIndexerAttribute: 9a22284fe3817be447336de3de66b15e -> 
  custom:container-demuxer-webm: 4f35f7cbe854078d1ac9338744f61a02 -> 
  custom:container-muxer-webm: aa71ff27fc2769a1b78a27578f13a17b -> 
  custom:video-decoder-webm-vp8: 9c59270c3fd7afecdb556c50c9e8de78 -> 
  custom:SearchIndexIgnoredProperties: e643bd26f0fe6173181afceb89e7c659 -> 
  custom:AudioImporter_EditorPlatform: d09bf68614088b80899f8185d706f6e7 -> 
  custom:video-encoder-webm-vp8: eb34c28f22e8b96e1ab97ce403110664 -> 
  custom:audio-decoder-ogg-vorbis: bf7c407c2cedff20999df2af8eb42d56 -> 
  custom:audio-encoder-webm-vorbis: bf7c407c2cedff20999df2af8eb42d56 -> 
========================================================================
Received Import Request.
  Time since last request: 69931.990224 seconds.
  path: Assets/Scene1/Assets/Well/textures/well.mat
  artifactKey: Guid(2e4dc1baa4eb6cb47b387194935e7b80) Importer(815301076,1909f56bfc062723c751e8b465ee728b)
Start importing Assets/Scene1/Assets/Well/textures/well.mat using Guid(2e4dc1baa4eb6cb47b387194935e7b80) Importer(815301076,1909f56bfc062723c751e8b465ee728b) [PhysX] Initialized MultithreadedTaskDispatcher with 12 workers.
[PhysX] Initialized MultithreadedTaskDispatcher with 12 workers.
 -> (artifact id: '0b6b753f320fd2c908df5e36b4195187') in 0.140033 seconds
Number of updated asset objects reloaded before import = 0
Number of asset objects unloaded after import = 3
========================================================================
Received Import Request.
  Time since last request: 20.499895 seconds.
  path: Assets/Scene1/Assets/Well/source/Prop_Well_01.fbx
  artifactKey: Guid(130acbc1ee3d6b6459ccd6442b80bd64) Importer(815301076,1909f56bfc062723c751e8b465ee728b)
Start importing Assets/Scene1/Assets/Well/source/Prop_Well_01.fbx using Guid(130acbc1ee3d6b6459ccd6442b80bd64) Importer(815301076,1909f56bfc062723c751e8b465ee728b) [PhysX] Initialized MultithreadedTaskDispatcher with 12 workers.
[PhysX] Initialized MultithreadedTaskDispatcher with 12 workers.
[PhysX] Initialized MultithreadedTaskDispatcher with 12 workers.
[PhysX] Initialized MultithreadedTaskDispatcher with 12 workers.
 -> (artifact id: '5b15a5e606c900ed02cedab848749cb9') in 0.072563 seconds
Number of updated asset objects reloaded before import = 0
Number of asset objects unloaded after import = 8
========================================================================
Received Import Request.
  Time since last request: 41.158173 seconds.
  path: Assets/Scene1/Assets/Bucket/source/Bucketsf.blend
  artifactKey: Guid(6f099b7f2e4a6074aabafa3544575b55) Importer(815301076,1909f56bfc062723c751e8b465ee728b)
Start importing Assets/Scene1/Assets/Bucket/source/Bucketsf.blend using Guid(6f099b7f2e4a6074aabafa3544575b55) Importer(815301076,1909f56bfc062723c751e8b465ee728b) [PhysX] Initialized MultithreadedTaskDispatcher with 12 workers.
[PhysX] Initialized MultithreadedTaskDispatcher with 12 workers.
[PhysX] Initialized MultithreadedTaskDispatcher with 12 workers.
[PhysX] Initialized MultithreadedTaskDispatcher with 12 workers.
[PhysX] Initialized MultithreadedTaskDispatcher with 12 workers.
[PhysX] Initialized MultithreadedTaskDispatcher with 12 workers.
[PhysX] Initialized MultithreadedTaskDispatcher with 12 workers.
[PhysX] Initialized MultithreadedTaskDispatcher with 12 workers.
[PhysX] Initialized MultithreadedTaskDispatcher with 12 workers.
[PhysX] Initialized MultithreadedTaskDispatcher with 12 workers.
[PhysX] Initialized MultithreadedTaskDispatcher with 12 workers.
[PhysX] Initialized MultithreadedTaskDispatcher with 12 workers.
 -> (artifact id: '74eb6dd39caae2f2e95174f43abe81bd') in 0.090361 seconds
Number of updated asset objects reloaded before import = 0
Number of asset objects unloaded after import = 29
========================================================================
Received Import Request.
  Time since last request: 37.901464 seconds.
  path: Assets/Scene1/Assets/Bucket/textures/bucker2.mat
  artifactKey: Guid(25415fc886f005c4fafe21d53f08a5a3) Importer(815301076,1909f56bfc062723c751e8b465ee728b)
Start importing Assets/Scene1/Assets/Bucket/textures/bucker2.mat using Guid(25415fc886f005c4fafe21d53f08a5a3) Importer(815301076,1909f56bfc062723c751e8b465ee728b) [PhysX] Initialized MultithreadedTaskDispatcher with 12 workers.
[PhysX] Initialized MultithreadedTaskDispatcher with 12 workers.
 -> (artifact id: '1d23ba7f41f1aaa062cbb887c9c0c5dd') in 0.020689 seconds
Number of updated asset objects reloaded before import = 0
Number of asset objects unloaded after import = 1
========================================================================
Received Import Request.
  Time since last request: 5.710756 seconds.
  path: Assets/Scene1/Assets/Bucket/textures/bucker2.mat
  artifactKey: Guid(25415fc886f005c4fafe21d53f08a5a3) Importer(815301076,1909f56bfc062723c751e8b465ee728b)
Start importing Assets/Scene1/Assets/Bucket/textures/bucker2.mat using Guid(25415fc886f005c4fafe21d53f08a5a3) Importer(815301076,1909f56bfc062723c751e8b465ee728b) [PhysX] Initialized MultithreadedTaskDispatcher with 12 workers.
[PhysX] Initialized MultithreadedTaskDispatcher with 12 workers.
 -> (artifact id: '9865af3d751af69276eb466377e6ed55') in 0.020249 seconds
Number of updated asset objects reloaded before import = 0
Number of asset objects unloaded after import = 2
========================================================================
Received Prepare
Caller must complete domain reload
Begin MonoManager ReloadAssembly
- Loaded All Assemblies, in  0.366 seconds
Native extension for WindowsStandalone target not found
Native extension for WebGL target not found
Mono: successfully reloaded assembly
- Finished resetting the current domain, in  0.747 seconds
Domain Reload Profiling: 1111ms
	BeginReloadAssembly (137ms)
		ExecutionOrderSort (0ms)
		DisableScriptedObjects (4ms)
		BackupInstance (0ms)
		ReleaseScriptingObjects (0ms)
		CreateAndSetChildDomain (33ms)
	RebuildCommonClasses (27ms)
	RebuildNativeTypeToScriptingClass (8ms)
	initialDomainReloadingComplete (24ms)
	LoadAllAssembliesAndSetupDomain (168ms)
		LoadAssemblies (227ms)
		RebuildTransferFunctionScriptingTraits (0ms)
		AnalyzeDomain (12ms)
			TypeCache.Refresh (5ms)
				TypeCache.ScanAssembly (0ms)
			ScanForSourceGeneratedMonoScriptInfo (0ms)
			ResolveRequiredComponents (4ms)
	FinalizeReload (747ms)
		ReleaseScriptCaches (0ms)
		RebuildScriptCaches (0ms)
		SetupLoadedEditorAssemblies (342ms)
			LogAssemblyErrors (0ms)
			InitializePlatformSupportModulesInManaged (8ms)
			SetLoadedEditorAssemblies (3ms)
			RefreshPlugins (0ms)
			BeforeProcessingInitializeOnLoad (50ms)
			ProcessInitializeOnLoadAttributes (254ms)
			ProcessInitializeOnLoadMethodAttributes (19ms)
			AfterProcessingInitializeOnLoad (7ms)
			EditorAssembliesLoaded (0ms)
		ExecutionOrderSort2 (0ms)
		AwakeInstancesAfterBackupRestoration (7ms)
Refreshing native plugins compatible for Editor in 5.83 ms, found 3 plugins.
Preloading 0 native plugins for Editor in 0.00 ms.
Unloading 3117 Unused Serialized files (Serialized files now loaded: 0)
Unloading 14 unused Assets / (28.5 KB). Loaded Objects now: 3674.
Memory consumption went from 206.4 MB to 206.4 MB.
Total: 3.589200 ms (FindLiveObjects: 0.289200 ms CreateObjectMapping: 0.207100 ms MarkObjects: 3.018700 ms  DeleteObjects: 0.072800 ms)

Prepare: number of updated asset objects reloaded= 0
AssetImportParameters requested are different than current active one (requested -> active):
  custom:container-demuxer-ogg: 62fdf1f143b41e24485cea50d1cbac27 -> 
  custom:video-decoder-ogg-theora: a1e56fd34408186e4bbccfd4996cb3dc -> 
  custom:framework-win-MediaFoundation: 216162199b28c13a410421893ffa2e32 -> 
  custom:CustomObjectIndexerAttribute: 9a22284fe3817be447336de3de66b15e -> 
  custom:container-demuxer-webm: 4f35f7cbe854078d1ac9338744f61a02 -> 
  custom:container-muxer-webm: aa71ff27fc2769a1b78a27578f13a17b -> 
  custom:video-decoder-webm-vp8: 9c59270c3fd7afecdb556c50c9e8de78 -> 
  custom:SearchIndexIgnoredProperties: e643bd26f0fe6173181afceb89e7c659 -> 
  custom:AudioImporter_EditorPlatform: d09bf68614088b80899f8185d706f6e7 -> 
  custom:video-encoder-webm-vp8: eb34c28f22e8b96e1ab97ce403110664 -> 
  custom:audio-decoder-ogg-vorbis: bf7c407c2cedff20999df2af8eb42d56 -> 
  custom:audio-encoder-webm-vorbis: bf7c407c2cedff20999df2af8eb42d56 -> 
========================================================================
Received Import Request.
  Time since last request: 19.123958 seconds.
  path: Assets/Scene1/Assets/Bucket/textures/bucket.mat
  artifactKey: Guid(180e4b25563a2014695c33b72c21b9b9) Importer(815301076,1909f56bfc062723c751e8b465ee728b)
Start importing Assets/Scene1/Assets/Bucket/textures/bucket.mat using Guid(180e4b25563a2014695c33b72c21b9b9) Importer(815301076,1909f56bfc062723c751e8b465ee728b) [PhysX] Initialized MultithreadedTaskDispatcher with 12 workers.
[PhysX] Initialized MultithreadedTaskDispatcher with 12 workers.
 -> (artifact id: '20e80f4dba45703ff15e5445359b930c') in 0.101656 seconds
Number of updated asset objects reloaded before import = 0
Number of asset objects unloaded after import = 3
========================================================================
Received Import Request.
  Time since last request: 1.949558 seconds.
  path: Assets/Scene1/Assets/Bucket/textures/bucker2.mat
  artifactKey: Guid(25415fc886f005c4fafe21d53f08a5a3) Importer(815301076,1909f56bfc062723c751e8b465ee728b)
Start importing Assets/Scene1/Assets/Bucket/textures/bucker2.mat using Guid(25415fc886f005c4fafe21d53f08a5a3) Importer(815301076,1909f56bfc062723c751e8b465ee728b) [PhysX] Initialized MultithreadedTaskDispatcher with 12 workers.
[PhysX] Initialized MultithreadedTaskDispatcher with 12 workers.
 -> (artifact id: '456e3ea3c0570f3d96f4857ddecf8674') in 0.020788 seconds
Number of updated asset objects reloaded before import = 0
Number of asset objects unloaded after import = 2
========================================================================
Received Prepare
Caller must complete domain reload
Begin MonoManager ReloadAssembly
- Loaded All Assemblies, in  0.365 seconds
Native extension for WindowsStandalone target not found
Native extension for WebGL target not found
Mono: successfully reloaded assembly
- Finished resetting the current domain, in  0.734 seconds
Domain Reload Profiling: 1097ms
	BeginReloadAssembly (135ms)
		ExecutionOrderSort (0ms)
		DisableScriptedObjects (4ms)
		BackupInstance (0ms)
		ReleaseScriptingObjects (0ms)
		CreateAndSetChildDomain (29ms)
	RebuildCommonClasses (30ms)
	RebuildNativeTypeToScriptingClass (8ms)
	initialDomainReloadingComplete (25ms)
	LoadAllAssembliesAndSetupDomain (165ms)
		LoadAssemblies (225ms)
		RebuildTransferFunctionScriptingTraits (0ms)
		AnalyzeDomain (12ms)
			TypeCache.Refresh (6ms)
				TypeCache.ScanAssembly (0ms)
			ScanForSourceGeneratedMonoScriptInfo (0ms)
			ResolveRequiredComponents (4ms)
	FinalizeReload (735ms)
		ReleaseScriptCaches (0ms)
		RebuildScriptCaches (0ms)
		SetupLoadedEditorAssemblies (338ms)
			LogAssemblyErrors (0ms)
			InitializePlatformSupportModulesInManaged (7ms)
			SetLoadedEditorAssemblies (3ms)
			RefreshPlugins (0ms)
			BeforeProcessingInitializeOnLoad (49ms)
			ProcessInitializeOnLoadAttributes (252ms)
			ProcessInitializeOnLoadMethodAttributes (20ms)
			AfterProcessingInitializeOnLoad (7ms)
			EditorAssembliesLoaded (0ms)
		ExecutionOrderSort2 (0ms)
		AwakeInstancesAfterBackupRestoration (6ms)
Refreshing native plugins compatible for Editor in 5.09 ms, found 3 plugins.
Preloading 0 native plugins for Editor in 0.00 ms.
Unloading 3117 Unused Serialized files (Serialized files now loaded: 0)
Unloading 14 unused Assets / (28.5 KB). Loaded Objects now: 3677.
Memory consumption went from 206.4 MB to 206.4 MB.
Total: 3.726000 ms (FindLiveObjects: 0.241300 ms CreateObjectMapping: 0.197600 ms MarkObjects: 3.228100 ms  DeleteObjects: 0.057500 ms)

Prepare: number of updated asset objects reloaded= 0
AssetImportParameters requested are different than current active one (requested -> active):
  custom:container-demuxer-ogg: 62fdf1f143b41e24485cea50d1cbac27 -> 
  custom:video-decoder-ogg-theora: a1e56fd34408186e4bbccfd4996cb3dc -> 
  custom:framework-win-MediaFoundation: 216162199b28c13a410421893ffa2e32 -> 
  custom:CustomObjectIndexerAttribute: 9a22284fe3817be447336de3de66b15e -> 
  custom:container-demuxer-webm: 4f35f7cbe854078d1ac9338744f61a02 -> 
  custom:container-muxer-webm: aa71ff27fc2769a1b78a27578f13a17b -> 
  custom:video-decoder-webm-vp8: 9c59270c3fd7afecdb556c50c9e8de78 -> 
  custom:SearchIndexIgnoredProperties: e643bd26f0fe6173181afceb89e7c659 -> 
  custom:AudioImporter_EditorPlatform: d09bf68614088b80899f8185d706f6e7 -> 
  custom:video-encoder-webm-vp8: eb34c28f22e8b96e1ab97ce403110664 -> 
  custom:audio-decoder-ogg-vorbis: bf7c407c2cedff20999df2af8eb42d56 -> 
  custom:audio-encoder-webm-vorbis: bf7c407c2cedff20999df2af8eb42d56 -> 
========================================================================
Received Import Request.
  Time since last request: 13.319407 seconds.
  path: Assets/Scene1/Assets/SBS - Tiny Texture Pack - 512x512/512x512/Roofs/Roofs_02-512x512.png
  artifactKey: Guid(d26f071402347824f9d890e302e03057) Importer(815301076,1909f56bfc062723c751e8b465ee728b)
Start importing Assets/Scene1/Assets/SBS - Tiny Texture Pack - 512x512/512x512/Roofs/Roofs_02-512x512.png using Guid(d26f071402347824f9d890e302e03057) Importer(815301076,1909f56bfc062723c751e8b465ee728b) [PhysX] Initialized MultithreadedTaskDispatcher with 12 workers.
[PhysX] Initialized MultithreadedTaskDispatcher with 12 workers.
 -> (artifact id: '90d61d05be605c4141a2c84a57c4e01e') in 0.065878 seconds
Number of updated asset objects reloaded before import = 0
Number of asset objects unloaded after import = 2
========================================================================
Received Import Request.
  Time since last request: 0.543069 seconds.
  path: Assets/Scene1/Assets/Charpai/textures/Material_Roughness.png
  artifactKey: Guid(78119ade2e118484aa25ecf9632c439d) Importer(815301076,1909f56bfc062723c751e8b465ee728b)
Start importing Assets/Scene1/Assets/Charpai/textures/Material_Roughness.png using Guid(78119ade2e118484aa25ecf9632c439d) Importer(815301076,1909f56bfc062723c751e8b465ee728b) [PhysX] Initialized MultithreadedTaskDispatcher with 12 workers.
[PhysX] Initialized MultithreadedTaskDispatcher with 12 workers.
 -> (artifact id: '8d262c59bc4ff6f96ae5251aa34a3713') in 0.024024 seconds
Number of updated asset objects reloaded before import = 0
Number of asset objects unloaded after import = 2
========================================================================
Received Import Request.
  Time since last request: 0.205148 seconds.
  path: Assets/Scene1/Assets/Charpai/source/texture/Material_Normal_OpenGL.png
  artifactKey: Guid(dbd73719b11af61418aba9cc7c7de065) Importer(815301076,1909f56bfc062723c751e8b465ee728b)
Start importing Assets/Scene1/Assets/Charpai/source/texture/Material_Normal_OpenGL.png using Guid(dbd73719b11af61418aba9cc7c7de065) Importer(815301076,1909f56bfc062723c751e8b465ee728b) [PhysX] Initialized MultithreadedTaskDispatcher with 12 workers.
[PhysX] Initialized MultithreadedTaskDispatcher with 12 workers.
 -> (artifact id: '29b16639553fa5e5f30d0bdc555f03b7') in 0.043822 seconds
Number of updated asset objects reloaded before import = 0
Number of asset objects unloaded after import = 2
========================================================================
Received Import Request.
  Time since last request: 0.000257 seconds.
  path: Assets/Scene1/Assets/Charpai/source/texture/Material_Normal.png
  artifactKey: Guid(b9737d152e6f4544eaef7069e0441030) Importer(815301076,1909f56bfc062723c751e8b465ee728b)
Start importing Assets/Scene1/Assets/Charpai/source/texture/Material_Normal.png using Guid(b9737d152e6f4544eaef7069e0441030) Importer(815301076,1909f56bfc062723c751e8b465ee728b) [PhysX] Initialized MultithreadedTaskDispatcher with 12 workers.
[PhysX] Initialized MultithreadedTaskDispatcher with 12 workers.
 -> (artifact id: 'ee9dc4654a4f13dd864d94e2d792a1de') in 0.021234 seconds
Number of updated asset objects reloaded before import = 0
Number of asset objects unloaded after import = 2
========================================================================
Received Import Request.
  Time since last request: 0.000163 seconds.
  path: Assets/Scene1/Assets/Charpai/source/texture/Material_Metallic.png
  artifactKey: Guid(768dbcd3a4b488249b19dbd87d5b83d3) Importer(815301076,1909f56bfc062723c751e8b465ee728b)
Start importing Assets/Scene1/Assets/Charpai/source/texture/Material_Metallic.png using Guid(768dbcd3a4b488249b19dbd87d5b83d3) Importer(815301076,1909f56bfc062723c751e8b465ee728b) [PhysX] Initialized MultithreadedTaskDispatcher with 12 workers.
[PhysX] Initialized MultithreadedTaskDispatcher with 12 workers.
 -> (artifact id: '2e61e1674cefa755014dbaef4903ef98') in 0.018381 seconds
Number of updated asset objects reloaded before import = 0
Number of asset objects unloaded after import = 2
========================================================================
Received Import Request.
  Time since last request: 0.005600 seconds.
  path: Assets/Scene1/Assets/Charpai/source/texture/Material_Height.png
  artifactKey: Guid(c4bcabc02fadab34d8d842be79c84c2e) Importer(815301076,1909f56bfc062723c751e8b465ee728b)
Start importing Assets/Scene1/Assets/Charpai/source/texture/Material_Height.png using Guid(c4bcabc02fadab34d8d842be79c84c2e) Importer(815301076,1909f56bfc062723c751e8b465ee728b) [PhysX] Initialized MultithreadedTaskDispatcher with 12 workers.
[PhysX] Initialized MultithreadedTaskDispatcher with 12 workers.
 -> (artifact id: '34e475da213dd3d9337afe7b47c5a1c4') in 0.020268 seconds
Number of updated asset objects reloaded before import = 0
Number of asset objects unloaded after import = 2
========================================================================
Received Import Request.
  Time since last request: 0.751251 seconds.
  path: Assets/Scene1/Assets/Charpai/source/texture/Material_Base_Color.png
  artifactKey: Guid(c71c2c481c1ea584986295da6a81d952) Importer(815301076,1909f56bfc062723c751e8b465ee728b)
Start importing Assets/Scene1/Assets/Charpai/source/texture/Material_Base_Color.png using Guid(c71c2c481c1ea584986295da6a81d952) Importer(815301076,1909f56bfc062723c751e8b465ee728b) [PhysX] Initialized MultithreadedTaskDispatcher with 12 workers.
[PhysX] Initialized MultithreadedTaskDispatcher with 12 workers.
 -> (artifact id: '09557d3a89e9adcf9c3dcb54d4eb02a7') in 0.044561 seconds
Number of updated asset objects reloaded before import = 0
Number of asset objects unloaded after import = 2
========================================================================
Received Import Request.
  Time since last request: 0.007848 seconds.
  path: Assets/Scene1/Assets/handpump-indian-style/textures/handpump_Material.001_AlbedoTransparency.png
  artifactKey: Guid(a941fa73f6f795d4db9410b28404e78f) Importer(815301076,1909f56bfc062723c751e8b465ee728b)
Start importing Assets/Scene1/Assets/handpump-indian-style/textures/handpump_Material.001_AlbedoTransparency.png using Guid(a941fa73f6f795d4db9410b28404e78f) Importer(815301076,1909f56bfc062723c751e8b465ee728b) [PhysX] Initialized MultithreadedTaskDispatcher with 12 workers.
[PhysX] Initialized MultithreadedTaskDispatcher with 12 workers.
 -> (artifact id: '95593c4de360ea9c6f7734016a53560c') in 0.019652 seconds
Number of updated asset objects reloaded before import = 0
Number of asset objects unloaded after import = 2
========================================================================
Received Import Request.
  Time since last request: 3.314542 seconds.
  path: Assets/Scene1/Assets/Bucket/textures/bucket.mat
  artifactKey: Guid(180e4b25563a2014695c33b72c21b9b9) Importer(815301076,1909f56bfc062723c751e8b465ee728b)
Start importing Assets/Scene1/Assets/Bucket/textures/bucket.mat using Guid(180e4b25563a2014695c33b72c21b9b9) Importer(815301076,1909f56bfc062723c751e8b465ee728b) [PhysX] Initialized MultithreadedTaskDispatcher with 12 workers.
[PhysX] Initialized MultithreadedTaskDispatcher with 12 workers.
 -> (artifact id: '5ac73d868c557e3021056d57f21c589e') in 0.059272 seconds
Number of updated asset objects reloaded before import = 0
Number of asset objects unloaded after import = 2
========================================================================
Received Prepare
Caller must complete domain reload
Begin MonoManager ReloadAssembly
- Loaded All Assemblies, in  0.386 seconds
Native extension for WindowsStandalone target not found
Native extension for WebGL target not found
Mono: successfully reloaded assembly
- Finished resetting the current domain, in  0.784 seconds
Domain Reload Profiling: 1168ms
	BeginReloadAssembly (141ms)
		ExecutionOrderSort (0ms)
		DisableScriptedObjects (3ms)
		BackupInstance (0ms)
		ReleaseScriptingObjects (0ms)
		CreateAndSetChildDomain (28ms)
	RebuildCommonClasses (26ms)
	RebuildNativeTypeToScriptingClass (8ms)
	initialDomainReloadingComplete (26ms)
	LoadAllAssembliesAndSetupDomain (181ms)
		LoadAssemblies (251ms)
		RebuildTransferFunctionScriptingTraits (0ms)
		AnalyzeDomain (13ms)
			TypeCache.Refresh (5ms)
				TypeCache.ScanAssembly (0ms)
			ScanForSourceGeneratedMonoScriptInfo (0ms)
			ResolveRequiredComponents (4ms)
	FinalizeReload (784ms)
		ReleaseScriptCaches (0ms)
		RebuildScriptCaches (0ms)
		SetupLoadedEditorAssemblies (349ms)
			LogAssemblyErrors (0ms)
			InitializePlatformSupportModulesInManaged (7ms)
			SetLoadedEditorAssemblies (3ms)
			RefreshPlugins (0ms)
			BeforeProcessingInitializeOnLoad (51ms)
			ProcessInitializeOnLoadAttributes (259ms)
			ProcessInitializeOnLoadMethodAttributes (23ms)
			AfterProcessingInitializeOnLoad (7ms)
			EditorAssembliesLoaded (0ms)
		ExecutionOrderSort2 (0ms)
		AwakeInstancesAfterBackupRestoration (8ms)
Refreshing native plugins compatible for Editor in 5.14 ms, found 3 plugins.
Preloading 0 native plugins for Editor in 0.00 ms.
Unloading 3117 Unused Serialized files (Serialized files now loaded: 0)
Unloading 14 unused Assets / (28.6 KB). Loaded Objects now: 3682.
Memory consumption went from 206.4 MB to 206.4 MB.
Total: 3.480500 ms (FindLiveObjects: 0.238600 ms CreateObjectMapping: 0.144200 ms MarkObjects: 3.017700 ms  DeleteObjects: 0.078200 ms)

Prepare: number of updated asset objects reloaded= 0
AssetImportParameters requested are different than current active one (requested -> active):
  custom:container-demuxer-ogg: 62fdf1f143b41e24485cea50d1cbac27 -> 
  custom:video-decoder-ogg-theora: a1e56fd34408186e4bbccfd4996cb3dc -> 
  custom:framework-win-MediaFoundation: 216162199b28c13a410421893ffa2e32 -> 
  custom:CustomObjectIndexerAttribute: 9a22284fe3817be447336de3de66b15e -> 
  custom:container-demuxer-webm: 4f35f7cbe854078d1ac9338744f61a02 -> 
  custom:container-muxer-webm: aa71ff27fc2769a1b78a27578f13a17b -> 
  custom:video-decoder-webm-vp8: 9c59270c3fd7afecdb556c50c9e8de78 -> 
  custom:SearchIndexIgnoredProperties: e643bd26f0fe6173181afceb89e7c659 -> 
  custom:AudioImporter_EditorPlatform: d09bf68614088b80899f8185d706f6e7 -> 
  custom:video-encoder-webm-vp8: eb34c28f22e8b96e1ab97ce403110664 -> 
  custom:audio-decoder-ogg-vorbis: bf7c407c2cedff20999df2af8eb42d56 -> 
  custom:audio-encoder-webm-vorbis: bf7c407c2cedff20999df2af8eb42d56 -> 
========================================================================
Received Import Request.
  Time since last request: 450.641422 seconds.
  path: Assets/Scenes/Main Menu.unity
  artifactKey: Guid(d5c98a588161e6744bd2651d8987acc5) Importer(815301076,1909f56bfc062723c751e8b465ee728b)
Start importing Assets/Scenes/Main Menu.unity using Guid(d5c98a588161e6744bd2651d8987acc5) Importer(815301076,1909f56bfc062723c751e8b465ee728b) [PhysX] Initialized MultithreadedTaskDispatcher with 12 workers.
 -> (artifact id: 'dc4660c0ea767b81f5ca0fad20cf2c63') in 0.006620 seconds
Number of updated asset objects reloaded before import = 0
Number of asset objects unloaded after import = 0
========================================================================
Received Import Request.
  Time since last request: 14.387642 seconds.
  path: Assets/Main Menu
  artifactKey: Guid(be0c6aa68a66a514dbf68fc7c13920e2) Importer(815301076,1909f56bfc062723c751e8b465ee728b)
Start importing Assets/Main Menu using Guid(be0c6aa68a66a514dbf68fc7c13920e2) Importer(815301076,1909f56bfc062723c751e8b465ee728b) [PhysX] Initialized MultithreadedTaskDispatcher with 12 workers.
 -> (artifact id: 'fb40bafaf6a4b140b1d8f354ddb68c39') in 0.000692 seconds
Number of updated asset objects reloaded before import = 0
Number of asset objects unloaded after import = 0
========================================================================
Received Import Request.
  Time since last request: 8.506636 seconds.
  path: Assets/Main Menu/tree-ps1psx-style
  artifactKey: Guid(721e0359c87417c44a57a1a980707e2a) Importer(815301076,1909f56bfc062723c751e8b465ee728b)
Start importing Assets/Main Menu/tree-ps1psx-style using Guid(721e0359c87417c44a57a1a980707e2a) Importer(815301076,1909f56bfc062723c751e8b465ee728b) [PhysX] Initialized MultithreadedTaskDispatcher with 12 workers.
 -> (artifact id: '34c4ca1009654325aedda7ff096fd45e') in 0.001592 seconds
Number of updated asset objects reloaded before import = 0
Number of asset objects unloaded after import = 0
========================================================================
Received Import Request.
  Time since last request: 0.445716 seconds.
  path: Assets/Main Menu/tree-ps1psx-style/source
  artifactKey: Guid(11ef528e9d87c9d4fa83056a5669b148) Importer(815301076,1909f56bfc062723c751e8b465ee728b)
Start importing Assets/Main Menu/tree-ps1psx-style/source using Guid(11ef528e9d87c9d4fa83056a5669b148) Importer(815301076,1909f56bfc062723c751e8b465ee728b) [PhysX] Initialized MultithreadedTaskDispatcher with 12 workers.
 -> (artifact id: '7663519387e16df48cc388c4213c9d55') in 0.000590 seconds
Number of updated asset objects reloaded before import = 0
Number of asset objects unloaded after import = 0
========================================================================
Received Import Request.
  Time since last request: 0.061813 seconds.
  path: Assets/Main Menu/tree-ps1psx-style/source/PSX style tree.blend
  artifactKey: Guid(ff852a4fa2b5afd46984a276f5dffbab) Importer(815301076,1909f56bfc062723c751e8b465ee728b)
Start importing Assets/Main Menu/tree-ps1psx-style/source/PSX style tree.blend using Guid(ff852a4fa2b5afd46984a276f5dffbab) Importer(815301076,1909f56bfc062723c751e8b465ee728b) [PhysX] Initialized MultithreadedTaskDispatcher with 12 workers.
[PhysX] Initialized MultithreadedTaskDispatcher with 12 workers.
[PhysX] Initialized MultithreadedTaskDispatcher with 12 workers.
[PhysX] Initialized MultithreadedTaskDispatcher with 12 workers.
[PhysX] Initialized MultithreadedTaskDispatcher with 12 workers.
[PhysX] Initialized MultithreadedTaskDispatcher with 12 workers.
[PhysX] Initialized MultithreadedTaskDispatcher with 12 workers.
[PhysX] Initialized MultithreadedTaskDispatcher with 12 workers.
[PhysX] Initialized MultithreadedTaskDispatcher with 12 workers.
[PhysX] Initialized MultithreadedTaskDispatcher with 12 workers.
[PhysX] Initialized MultithreadedTaskDispatcher with 12 workers.
[PhysX] Initialized MultithreadedTaskDispatcher with 12 workers.
[PhysX] Initialized MultithreadedTaskDispatcher with 12 workers.
[PhysX] Initialized MultithreadedTaskDispatcher with 12 workers.
[PhysX] Initialized MultithreadedTaskDispatcher with 12 workers.
[PhysX] Initialized MultithreadedTaskDispatcher with 12 workers.
[PhysX] Initialized MultithreadedTaskDispatcher with 12 workers.
[PhysX] Initialized MultithreadedTaskDispatcher with 12 workers.
 -> (artifact id: '068e12946f9d3ee840425af2099a419b') in 0.279136 seconds
Number of updated asset objects reloaded before import = 0
Number of asset objects unloaded after import = 67
========================================================================
Received Import Request.
  Time since last request: 5.118259 seconds.
  path: Assets/Main Menu/tree-ps1psx-style/textures
  artifactKey: Guid(ee94e4d72f29e5846a75388b3b4ce9f7) Importer(815301076,1909f56bfc062723c751e8b465ee728b)
Start importing Assets/Main Menu/tree-ps1psx-style/textures using Guid(ee94e4d72f29e5846a75388b3b4ce9f7) Importer(815301076,1909f56bfc062723c751e8b465ee728b) [PhysX] Initialized MultithreadedTaskDispatcher with 12 workers.
 -> (artifact id: '3f0e36ab5d2c2ed35a76b34a44b50a5b') in 0.001057 seconds
Number of updated asset objects reloaded before import = 0
Number of asset objects unloaded after import = 0
========================================================================
Received Import Request.
  Time since last request: 0.123319 seconds.
  path: Assets/Main Menu/tree-ps1psx-style/textures/bird.png
  artifactKey: Guid(acc9690d7a5af734c84da0a4cd2d4119) Importer(815301076,1909f56bfc062723c751e8b465ee728b)
Start importing Assets/Main Menu/tree-ps1psx-style/textures/bird.png using Guid(acc9690d7a5af734c84da0a4cd2d4119) Importer(815301076,1909f56bfc062723c751e8b465ee728b) [PhysX] Initialized MultithreadedTaskDispatcher with 12 workers.
[PhysX] Initialized MultithreadedTaskDispatcher with 12 workers.
 -> (artifact id: '8bb4a33d72d72b9d9f4e16036a7b9cce') in 0.031163 seconds
Number of updated asset objects reloaded before import = 0
Number of asset objects unloaded after import = 2
========================================================================
Received Import Request.
  Time since last request: 0.000027 seconds.
  path: Assets/Main Menu/tree-ps1psx-style/textures/tree_bark_256.png
  artifactKey: Guid(6bcb45dbafa8b0d4f9132545e79d9d80) Importer(815301076,1909f56bfc062723c751e8b465ee728b)
Start importing Assets/Main Menu/tree-ps1psx-style/textures/tree_bark_256.png using Guid(6bcb45dbafa8b0d4f9132545e79d9d80) Importer(815301076,1909f56bfc062723c751e8b465ee728b) [PhysX] Initialized MultithreadedTaskDispatcher with 12 workers.
[PhysX] Initialized MultithreadedTaskDispatcher with 12 workers.
 -> (artifact id: '37dbd1b8f6da8f157535fc4b1c4ef6f0') in 0.017846 seconds
Number of updated asset objects reloaded before import = 0
Number of asset objects unloaded after import = 2
========================================================================
Received Import Request.
  Time since last request: 0.000080 seconds.
  path: Assets/Main Menu/tree-ps1psx-style/textures/skeleon.png
  artifactKey: Guid(1aeaaf6fa7612db44932414b5564a466) Importer(815301076,1909f56bfc062723c751e8b465ee728b)
Start importing Assets/Main Menu/tree-ps1psx-style/textures/skeleon.png using Guid(1aeaaf6fa7612db44932414b5564a466) Importer(815301076,1909f56bfc062723c751e8b465ee728b) [PhysX] Initialized MultithreadedTaskDispatcher with 12 workers.
[PhysX] Initialized MultithreadedTaskDispatcher with 12 workers.
 -> (artifact id: '969dbe5cfd65bff289ba9d9d35ef8ece') in 0.017085 seconds
Number of updated asset objects reloaded before import = 0
Number of asset objects unloaded after import = 2
========================================================================
Received Import Request.
  Time since last request: 17.128895 seconds.
  path: Assets/Main Menu/tree-ps1psx-style/Materials
  artifactKey: Guid(285c9e8eccb3de745845981ac50080c1) Importer(815301076,1909f56bfc062723c751e8b465ee728b)
Start importing Assets/Main Menu/tree-ps1psx-style/Materials using Guid(285c9e8eccb3de745845981ac50080c1) Importer(815301076,1909f56bfc062723c751e8b465ee728b) [PhysX] Initialized MultithreadedTaskDispatcher with 12 workers.
 -> (artifact id: '7bfc95caa81d4c6680e81cc1221f342d') in 0.000993 seconds
Number of updated asset objects reloaded before import = 0
Number of asset objects unloaded after import = 0
========================================================================
Received Import Request.
  Time since last request: 0.044070 seconds.
  path: Assets/Main Menu/tree-ps1psx-style/Materials/ground_512.mat
  artifactKey: Guid(0540144444a26fd48902fd17502fd713) Importer(815301076,1909f56bfc062723c751e8b465ee728b)
Start importing Assets/Main Menu/tree-ps1psx-style/Materials/ground_512.mat using Guid(0540144444a26fd48902fd17502fd713) Importer(815301076,1909f56bfc062723c751e8b465ee728b) [PhysX] Initialized MultithreadedTaskDispatcher with 12 workers.
[PhysX] Initialized MultithreadedTaskDispatcher with 12 workers.
 -> (artifact id: 'c8e9e7a23ef153e4565301d8720ec231') in 0.022234 seconds
Number of updated asset objects reloaded before import = 0
Number of asset objects unloaded after import = 2
========================================================================
Received Import Request.
  Time since last request: 5.431716 seconds.
  path: Assets/Main Menu/tree-ps1psx-style/Materials/ground_512.mat
  artifactKey: Guid(0540144444a26fd48902fd17502fd713) Importer(815301076,1909f56bfc062723c751e8b465ee728b)
Start importing Assets/Main Menu/tree-ps1psx-style/Materials/ground_512.mat using Guid(0540144444a26fd48902fd17502fd713) Importer(815301076,1909f56bfc062723c751e8b465ee728b) [PhysX] Initialized MultithreadedTaskDispatcher with 12 workers.
[PhysX] Initialized MultithreadedTaskDispatcher with 12 workers.
 -> (artifact id: '219a0fa6c12dc5b590c57a26a1387353') in 0.031053 seconds
Number of updated asset objects reloaded before import = 0
Number of asset objects unloaded after import = 2
========================================================================
Received Prepare
Caller must complete domain reload
Begin MonoManager ReloadAssembly
- Loaded All Assemblies, in  0.429 seconds
Native extension for WindowsStandalone target not found
Native extension for WebGL target not found
Mono: successfully reloaded assembly
- Finished resetting the current domain, in  0.939 seconds
Domain Reload Profiling: 1365ms
	BeginReloadAssembly (144ms)
		ExecutionOrderSort (0ms)
		DisableScriptedObjects (4ms)
		BackupInstance (0ms)
		ReleaseScriptingObjects (0ms)
		CreateAndSetChildDomain (27ms)
	RebuildCommonClasses (42ms)
	RebuildNativeTypeToScriptingClass (11ms)
	initialDomainReloadingComplete (27ms)
	LoadAllAssembliesAndSetupDomain (202ms)
		LoadAssemblies (271ms)
		RebuildTransferFunctionScriptingTraits (0ms)
		AnalyzeDomain (13ms)
			TypeCache.Refresh (6ms)
				TypeCache.ScanAssembly (0ms)
			ScanForSourceGeneratedMonoScriptInfo (0ms)
			ResolveRequiredComponents (5ms)
	FinalizeReload (940ms)
		ReleaseScriptCaches (0ms)
		RebuildScriptCaches (0ms)
		SetupLoadedEditorAssemblies (433ms)
			LogAssemblyErrors (0ms)
			InitializePlatformSupportModulesInManaged (11ms)
			SetLoadedEditorAssemblies (4ms)
			RefreshPlugins (0ms)
			BeforeProcessingInitializeOnLoad (64ms)
			ProcessInitializeOnLoadAttributes (328ms)
			ProcessInitializeOnLoadMethodAttributes (19ms)
			AfterProcessingInitializeOnLoad (6ms)
			EditorAssembliesLoaded (0ms)
		ExecutionOrderSort2 (0ms)
		AwakeInstancesAfterBackupRestoration (6ms)
Refreshing native plugins compatible for Editor in 4.65 ms, found 3 plugins.
Preloading 0 native plugins for Editor in 0.00 ms.
Unloading 3117 Unused Serialized files (Serialized files now loaded: 0)
Unloading 14 unused Assets / (28.9 KB). Loaded Objects now: 3687.
Memory consumption went from 208.1 MB to 208.0 MB.
Total: 4.088800 ms (FindLiveObjects: 0.312300 ms CreateObjectMapping: 0.182000 ms MarkObjects: 3.506700 ms  DeleteObjects: 0.086200 ms)

Prepare: number of updated asset objects reloaded= 0
AssetImportParameters requested are different than current active one (requested -> active):
  custom:container-demuxer-ogg: 62fdf1f143b41e24485cea50d1cbac27 -> 
  custom:video-decoder-ogg-theora: a1e56fd34408186e4bbccfd4996cb3dc -> 
  custom:framework-win-MediaFoundation: 216162199b28c13a410421893ffa2e32 -> 
  custom:CustomObjectIndexerAttribute: 9a22284fe3817be447336de3de66b15e -> 
  custom:container-demuxer-webm: 4f35f7cbe854078d1ac9338744f61a02 -> 
  custom:container-muxer-webm: aa71ff27fc2769a1b78a27578f13a17b -> 
  custom:video-decoder-webm-vp8: 9c59270c3fd7afecdb556c50c9e8de78 -> 
  custom:SearchIndexIgnoredProperties: e643bd26f0fe6173181afceb89e7c659 -> 
  custom:AudioImporter_EditorPlatform: d09bf68614088b80899f8185d706f6e7 -> 
  custom:video-encoder-webm-vp8: eb34c28f22e8b96e1ab97ce403110664 -> 
  custom:audio-decoder-ogg-vorbis: bf7c407c2cedff20999df2af8eb42d56 -> 
  custom:audio-encoder-webm-vorbis: bf7c407c2cedff20999df2af8eb42d56 -> 
========================================================================
Received Prepare
Caller must complete domain reload
Begin MonoManager ReloadAssembly
- Loaded All Assemblies, in  0.372 seconds
Native extension for WindowsStandalone target not found
Native extension for WebGL target not found
Mono: successfully reloaded assembly
- Finished resetting the current domain, in  0.856 seconds
Domain Reload Profiling: 1226ms
	BeginReloadAssembly (134ms)
		ExecutionOrderSort (0ms)
		DisableScriptedObjects (5ms)
		BackupInstance (0ms)
		ReleaseScriptingObjects (0ms)
		CreateAndSetChildDomain (29ms)
	RebuildCommonClasses (27ms)
	RebuildNativeTypeToScriptingClass (9ms)
	initialDomainReloadingComplete (28ms)
	LoadAllAssembliesAndSetupDomain (172ms)
		LoadAssemblies (232ms)
		RebuildTransferFunctionScriptingTraits (0ms)
		AnalyzeDomain (12ms)
			TypeCache.Refresh (5ms)
				TypeCache.ScanAssembly (0ms)
			ScanForSourceGeneratedMonoScriptInfo (0ms)
			ResolveRequiredComponents (4ms)
	FinalizeReload (856ms)
		ReleaseScriptCaches (0ms)
		RebuildScriptCaches (0ms)
		SetupLoadedEditorAssemblies (400ms)
			LogAssemblyErrors (0ms)
			InitializePlatformSupportModulesInManaged (9ms)
			SetLoadedEditorAssemblies (3ms)
			RefreshPlugins (0ms)
			BeforeProcessingInitializeOnLoad (62ms)
			ProcessInitializeOnLoadAttributes (296ms)
			ProcessInitializeOnLoadMethodAttributes (22ms)
			AfterProcessingInitializeOnLoad (8ms)
			EditorAssembliesLoaded (0ms)
		ExecutionOrderSort2 (0ms)
		AwakeInstancesAfterBackupRestoration (8ms)
Refreshing native plugins compatible for Editor in 5.25 ms, found 3 plugins.
Preloading 0 native plugins for Editor in 0.00 ms.
Unloading 3118 Unused Serialized files (Serialized files now loaded: 0)
Unloading 14 unused Assets / (28.6 KB). Loaded Objects now: 3690.
Memory consumption went from 208.3 MB to 208.3 MB.
Total: 4.141200 ms (FindLiveObjects: 0.421900 ms CreateObjectMapping: 0.198600 ms MarkObjects: 3.436100 ms  DeleteObjects: 0.082700 ms)

Prepare: number of updated asset objects reloaded= 0
AssetImportParameters requested are different than current active one (requested -> active):
  custom:container-demuxer-ogg: 62fdf1f143b41e24485cea50d1cbac27 -> 
  custom:video-decoder-ogg-theora: a1e56fd34408186e4bbccfd4996cb3dc -> 
  custom:framework-win-MediaFoundation: 216162199b28c13a410421893ffa2e32 -> 
  custom:CustomObjectIndexerAttribute: 9a22284fe3817be447336de3de66b15e -> 
  custom:container-demuxer-webm: 4f35f7cbe854078d1ac9338744f61a02 -> 
  custom:container-muxer-webm: aa71ff27fc2769a1b78a27578f13a17b -> 
  custom:video-decoder-webm-vp8: 9c59270c3fd7afecdb556c50c9e8de78 -> 
  custom:SearchIndexIgnoredProperties: e643bd26f0fe6173181afceb89e7c659 -> 
  custom:AudioImporter_EditorPlatform: d09bf68614088b80899f8185d706f6e7 -> 
  custom:video-encoder-webm-vp8: eb34c28f22e8b96e1ab97ce403110664 -> 
  custom:audio-decoder-ogg-vorbis: bf7c407c2cedff20999df2af8eb42d56 -> 
  custom:audio-encoder-webm-vorbis: bf7c407c2cedff20999df2af8eb42d56 -> 
========================================================================
Received Import Request.
  Time since last request: 212.369466 seconds.
  path: Assets/Main Menu/tree-ps1psx-style/source/Tree.controller
  artifactKey: Guid(1bee4772769cd944b9e9f512cd358aa1) Importer(815301076,1909f56bfc062723c751e8b465ee728b)
Start importing Assets/Main Menu/tree-ps1psx-style/source/Tree.controller using Guid(1bee4772769cd944b9e9f512cd358aa1) Importer(815301076,1909f56bfc062723c751e8b465ee728b) [PhysX] Initialized MultithreadedTaskDispatcher with 12 workers.
 -> (artifact id: '8d604d61608723a70caa75637bd7ed91') in 0.016510 seconds
Number of updated asset objects reloaded before import = 0
Number of asset objects unloaded after import = 1
========================================================================
Received Prepare
Caller must complete domain reload
Begin MonoManager ReloadAssembly
- Loaded All Assemblies, in  0.377 seconds
Native extension for WindowsStandalone target not found
Native extension for WebGL target not found
Mono: successfully reloaded assembly
- Finished resetting the current domain, in  0.895 seconds
Domain Reload Profiling: 1271ms
	BeginReloadAssembly (135ms)
		ExecutionOrderSort (0ms)
		DisableScriptedObjects (4ms)
		BackupInstance (0ms)
		ReleaseScriptingObjects (0ms)
		CreateAndSetChildDomain (27ms)
	RebuildCommonClasses (28ms)
	RebuildNativeTypeToScriptingClass (8ms)
	initialDomainReloadingComplete (25ms)
	LoadAllAssembliesAndSetupDomain (178ms)
		LoadAssemblies (240ms)
		RebuildTransferFunctionScriptingTraits (0ms)
		AnalyzeDomain (12ms)
			TypeCache.Refresh (5ms)
				TypeCache.ScanAssembly (0ms)
			ScanForSourceGeneratedMonoScriptInfo (0ms)
			ResolveRequiredComponents (4ms)
	FinalizeReload (896ms)
		ReleaseScriptCaches (0ms)
		RebuildScriptCaches (0ms)
		SetupLoadedEditorAssemblies (425ms)
			LogAssemblyErrors (0ms)
			InitializePlatformSupportModulesInManaged (9ms)
			SetLoadedEditorAssemblies (3ms)
			RefreshPlugins (0ms)
			BeforeProcessingInitializeOnLoad (64ms)
			ProcessInitializeOnLoadAttributes (321ms)
			ProcessInitializeOnLoadMethodAttributes (22ms)
			AfterProcessingInitializeOnLoad (7ms)
			EditorAssembliesLoaded (0ms)
		ExecutionOrderSort2 (0ms)
		AwakeInstancesAfterBackupRestoration (8ms)
Refreshing native plugins compatible for Editor in 6.32 ms, found 3 plugins.
Preloading 0 native plugins for Editor in 0.00 ms.
Unloading 3117 Unused Serialized files (Serialized files now loaded: 0)
Unloading 14 unused Assets / (28.6 KB). Loaded Objects now: 3693.
Memory consumption went from 208.1 MB to 208.0 MB.
Total: 4.003600 ms (FindLiveObjects: 0.309200 ms CreateObjectMapping: 0.237300 ms MarkObjects: 3.394300 ms  DeleteObjects: 0.060900 ms)

Prepare: number of updated asset objects reloaded= 0
AssetImportParameters requested are different than current active one (requested -> active):
  custom:container-demuxer-ogg: 62fdf1f143b41e24485cea50d1cbac27 -> 
  custom:video-decoder-ogg-theora: a1e56fd34408186e4bbccfd4996cb3dc -> 
  custom:framework-win-MediaFoundation: 216162199b28c13a410421893ffa2e32 -> 
  custom:CustomObjectIndexerAttribute: 9a22284fe3817be447336de3de66b15e -> 
  custom:container-demuxer-webm: 4f35f7cbe854078d1ac9338744f61a02 -> 
  custom:container-muxer-webm: aa71ff27fc2769a1b78a27578f13a17b -> 
  custom:video-decoder-webm-vp8: 9c59270c3fd7afecdb556c50c9e8de78 -> 
  custom:SearchIndexIgnoredProperties: e643bd26f0fe6173181afceb89e7c659 -> 
  custom:AudioImporter_EditorPlatform: d09bf68614088b80899f8185d706f6e7 -> 
  custom:video-encoder-webm-vp8: eb34c28f22e8b96e1ab97ce403110664 -> 
  custom:audio-decoder-ogg-vorbis: bf7c407c2cedff20999df2af8eb42d56 -> 
  custom:audio-encoder-webm-vorbis: bf7c407c2cedff20999df2af8eb42d56 -> 
========================================================================
Received Import Request.
  Time since last request: 54.105966 seconds.
  path: Assets/Skybox/SkySeries Freebie/DarkStorm.mat
  artifactKey: Guid(2039a0ad0a9d05549928b70362f54902) Importer(815301076,1909f56bfc062723c751e8b465ee728b)
Start importing Assets/Skybox/SkySeries Freebie/DarkStorm.mat using Guid(2039a0ad0a9d05549928b70362f54902) Importer(815301076,1909f56bfc062723c751e8b465ee728b) [PhysX] Initialized MultithreadedTaskDispatcher with 12 workers.
[PhysX] Initialized MultithreadedTaskDispatcher with 12 workers.
 -> (artifact id: '7788987a17928da4963376ecd4b63390') in 0.137812 seconds
Number of updated asset objects reloaded before import = 0
Number of asset objects unloaded after import = 2
========================================================================
Received Import Request.
  Time since last request: 54.016440 seconds.
  path: Assets/Scenes/Scene 1.unity
  artifactKey: Guid(49304b9eae3935540836a3c837d71269) Importer(815301076,1909f56bfc062723c751e8b465ee728b)
Start importing Assets/Scenes/Scene 1.unity using Guid(49304b9eae3935540836a3c837d71269) Importer(815301076,1909f56bfc062723c751e8b465ee728b) [PhysX] Initialized MultithreadedTaskDispatcher with 12 workers.
 -> (artifact id: '58262553742aecd53e8f40ed58220294') in 0.000905 seconds
Number of updated asset objects reloaded before import = 0
Number of asset objects unloaded after import = 0
========================================================================
Received Import Request.
  Time since last request: 0.923931 seconds.
  path: Assets/Scenes/Scene 2.unity
  artifactKey: Guid(be35e4d30075dbd4081388876bf5caa6) Importer(815301076,1909f56bfc062723c751e8b465ee728b)
Start importing Assets/Scenes/Scene 2.unity using Guid(be35e4d30075dbd4081388876bf5caa6) Importer(815301076,1909f56bfc062723c751e8b465ee728b) [PhysX] Initialized MultithreadedTaskDispatcher with 12 workers.
 -> (artifact id: 'b9955e036503cf6534d80422d6fe9d96') in 0.000741 seconds
Number of updated asset objects reloaded before import = 0
Number of asset objects unloaded after import = 0
========================================================================
Received Import Request.
  Time since last request: 0.875292 seconds.
  path: Assets/Scenes/Main Menu.unity
  artifactKey: Guid(d5c98a588161e6744bd2651d8987acc5) Importer(815301076,1909f56bfc062723c751e8b465ee728b)
Start importing Assets/Scenes/Main Menu.unity using Guid(d5c98a588161e6744bd2651d8987acc5) Importer(815301076,1909f56bfc062723c751e8b465ee728b) [PhysX] Initialized MultithreadedTaskDispatcher with 12 workers.
 -> (artifact id: '7ffe64c17915f18e2270ee7ea03251bc') in 0.001179 seconds
Number of updated asset objects reloaded before import = 0
Number of asset objects unloaded after import = 0
========================================================================
Received Import Request.
  Time since last request: 6.564662 seconds.
  path: Assets/Scenes/Main menu.unity
  artifactKey: Guid(be35e4d30075dbd4081388876bf5caa6) Importer(815301076,1909f56bfc062723c751e8b465ee728b)
Start importing Assets/Scenes/Main menu.unity using Guid(be35e4d30075dbd4081388876bf5caa6) Importer(815301076,1909f56bfc062723c751e8b465ee728b) [PhysX] Initialized MultithreadedTaskDispatcher with 12 workers.
 -> (artifact id: 'b3cb57d19c7dd2aa3761883bf61f88f0') in 0.000642 seconds
Number of updated asset objects reloaded before import = 0
Number of asset objects unloaded after import = 0
========================================================================
Received Import Request.
  Time since last request: 2.795364 seconds.
  path: Assets/Scenes/Main Menu.unity
  artifactKey: Guid(be35e4d30075dbd4081388876bf5caa6) Importer(815301076,1909f56bfc062723c751e8b465ee728b)
Start importing Assets/Scenes/Main Menu.unity using Guid(be35e4d30075dbd4081388876bf5caa6) Importer(815301076,1909f56bfc062723c751e8b465ee728b) [PhysX] Initialized MultithreadedTaskDispatcher with 12 workers.
 -> (artifact id: 'f6e8c3ff72c4a74facc08f55c318228a') in 0.000590 seconds
Number of updated asset objects reloaded before import = 0
Number of asset objects unloaded after import = 0
========================================================================
Received Import Request.
  Time since last request: 12.221058 seconds.
  path: Assets/Scenes/Scene 2.unity
  artifactKey: Guid(c40055d0634ae5f47bb3e86c406916b3) Importer(815301076,1909f56bfc062723c751e8b465ee728b)
Start importing Assets/Scenes/Scene 2.unity using Guid(c40055d0634ae5f47bb3e86c406916b3) Importer(815301076,1909f56bfc062723c751e8b465ee728b) [PhysX] Initialized MultithreadedTaskDispatcher with 12 workers.
 -> (artifact id: 'c02243886f28fafb49f268ac9951f543') in 0.000708 seconds
Number of updated asset objects reloaded before import = 0
Number of asset objects unloaded after import = 0
========================================================================
Received Import Request.
  Time since last request: 5.865902 seconds.
  path: Assets/Scenes/Main Menu.unity
  artifactKey: Guid(c40055d0634ae5f47bb3e86c406916b3) Importer(815301076,1909f56bfc062723c751e8b465ee728b)
Start importing Assets/Scenes/Main Menu.unity using Guid(c40055d0634ae5f47bb3e86c406916b3) Importer(815301076,1909f56bfc062723c751e8b465ee728b) [PhysX] Initialized MultithreadedTaskDispatcher with 12 workers.
 -> (artifact id: '3383c708827ab144ca50d3b3d36b4444') in 0.000930 seconds
Number of updated asset objects reloaded before import = 0
Number of asset objects unloaded after import = 0
========================================================================
Received Prepare
Caller must complete domain reload
Begin MonoManager ReloadAssembly
- Loaded All Assemblies, in  0.385 seconds
Native extension for WindowsStandalone target not found
Native extension for WebGL target not found
Mono: successfully reloaded assembly
- Finished resetting the current domain, in  0.965 seconds
Domain Reload Profiling: 1348ms
	BeginReloadAssembly (132ms)
		ExecutionOrderSort (0ms)
		DisableScriptedObjects (3ms)
		BackupInstance (0ms)
		ReleaseScriptingObjects (0ms)
		CreateAndSetChildDomain (26ms)
	RebuildCommonClasses (28ms)
	RebuildNativeTypeToScriptingClass (9ms)
	initialDomainReloadingComplete (28ms)
	LoadAllAssembliesAndSetupDomain (186ms)
		LoadAssemblies (248ms)
		RebuildTransferFunctionScriptingTraits (0ms)
		AnalyzeDomain (12ms)
			TypeCache.Refresh (5ms)
				TypeCache.ScanAssembly (0ms)
			ScanForSourceGeneratedMonoScriptInfo (0ms)
			ResolveRequiredComponents (5ms)
	FinalizeReload (966ms)
		ReleaseScriptCaches (0ms)
		RebuildScriptCaches (0ms)
		SetupLoadedEditorAssemblies (421ms)
			LogAssemblyErrors (0ms)
			InitializePlatformSupportModulesInManaged (9ms)
			SetLoadedEditorAssemblies (4ms)
			RefreshPlugins (0ms)
			BeforeProcessingInitializeOnLoad (64ms)
			ProcessInitializeOnLoadAttributes (314ms)
			ProcessInitializeOnLoadMethodAttributes (21ms)
			AfterProcessingInitializeOnLoad (8ms)
			EditorAssembliesLoaded (0ms)
		ExecutionOrderSort2 (0ms)
		AwakeInstancesAfterBackupRestoration (8ms)
Refreshing native plugins compatible for Editor in 4.46 ms, found 3 plugins.
Preloading 0 native plugins for Editor in 0.00 ms.
Unloading 3117 Unused Serialized files (Serialized files now loaded: 0)
Unloading 14 unused Assets / (28.5 KB). Loaded Objects now: 3696.
Memory consumption went from 208.1 MB to 208.0 MB.
Total: 3.782700 ms (FindLiveObjects: 0.272900 ms CreateObjectMapping: 0.325100 ms MarkObjects: 3.107400 ms  DeleteObjects: 0.075700 ms)

Prepare: number of updated asset objects reloaded= 0
AssetImportParameters requested are different than current active one (requested -> active):
  custom:container-demuxer-ogg: 62fdf1f143b41e24485cea50d1cbac27 -> 
  custom:video-decoder-ogg-theora: a1e56fd34408186e4bbccfd4996cb3dc -> 
  custom:framework-win-MediaFoundation: 216162199b28c13a410421893ffa2e32 -> 
  custom:CustomObjectIndexerAttribute: 9a22284fe3817be447336de3de66b15e -> 
  custom:container-demuxer-webm: 4f35f7cbe854078d1ac9338744f61a02 -> 
  custom:container-muxer-webm: aa71ff27fc2769a1b78a27578f13a17b -> 
  custom:video-decoder-webm-vp8: 9c59270c3fd7afecdb556c50c9e8de78 -> 
  custom:SearchIndexIgnoredProperties: e643bd26f0fe6173181afceb89e7c659 -> 
  custom:AudioImporter_EditorPlatform: d09bf68614088b80899f8185d706f6e7 -> 
  custom:video-encoder-webm-vp8: eb34c28f22e8b96e1ab97ce403110664 -> 
  custom:audio-decoder-ogg-vorbis: bf7c407c2cedff20999df2af8eb42d56 -> 
  custom:audio-encoder-webm-vorbis: bf7c407c2cedff20999df2af8eb42d56 -> 
========================================================================
Received Prepare
Caller must complete domain reload
Begin MonoManager ReloadAssembly
- Loaded All Assemblies, in  0.375 seconds
Native extension for WindowsStandalone target not found
Native extension for WebGL target not found
Mono: successfully reloaded assembly
- Finished resetting the current domain, in  0.866 seconds
Domain Reload Profiling: 1239ms
	BeginReloadAssembly (137ms)
		ExecutionOrderSort (0ms)
		DisableScriptedObjects (4ms)
		BackupInstance (0ms)
		ReleaseScriptingObjects (0ms)
		CreateAndSetChildDomain (26ms)
	RebuildCommonClasses (27ms)
	RebuildNativeTypeToScriptingClass (8ms)
	initialDomainReloadingComplete (26ms)
	LoadAllAssembliesAndSetupDomain (175ms)
		LoadAssemblies (242ms)
		RebuildTransferFunctionScriptingTraits (0ms)
		AnalyzeDomain (11ms)
			TypeCache.Refresh (5ms)
				TypeCache.ScanAssembly (0ms)
			ScanForSourceGeneratedMonoScriptInfo (0ms)
			ResolveRequiredComponents (4ms)
	FinalizeReload (866ms)
		ReleaseScriptCaches (0ms)
		RebuildScriptCaches (0ms)
		SetupLoadedEditorAssemblies (409ms)
			LogAssemblyErrors (0ms)
			InitializePlatformSupportModulesInManaged (9ms)
			SetLoadedEditorAssemblies (4ms)
			RefreshPlugins (0ms)
			BeforeProcessingInitializeOnLoad (67ms)
			ProcessInitializeOnLoadAttributes (301ms)
			ProcessInitializeOnLoadMethodAttributes (20ms)
			AfterProcessingInitializeOnLoad (8ms)
			EditorAssembliesLoaded (0ms)
		ExecutionOrderSort2 (0ms)
		AwakeInstancesAfterBackupRestoration (7ms)
Refreshing native plugins compatible for Editor in 4.69 ms, found 3 plugins.
Preloading 0 native plugins for Editor in 0.00 ms.
Unloading 3118 Unused Serialized files (Serialized files now loaded: 0)
Unloading 14 unused Assets / (28.6 KB). Loaded Objects now: 3699.
Memory consumption went from 208.3 MB to 208.3 MB.
Total: 3.999100 ms (FindLiveObjects: 0.376100 ms CreateObjectMapping: 0.236800 ms MarkObjects: 3.323100 ms  DeleteObjects: 0.061500 ms)

Prepare: number of updated asset objects reloaded= 0
AssetImportParameters requested are different than current active one (requested -> active):
  custom:container-demuxer-ogg: 62fdf1f143b41e24485cea50d1cbac27 -> 
  custom:video-decoder-ogg-theora: a1e56fd34408186e4bbccfd4996cb3dc -> 
  custom:framework-win-MediaFoundation: 216162199b28c13a410421893ffa2e32 -> 
  custom:CustomObjectIndexerAttribute: 9a22284fe3817be447336de3de66b15e -> 
  custom:container-demuxer-webm: 4f35f7cbe854078d1ac9338744f61a02 -> 
  custom:container-muxer-webm: aa71ff27fc2769a1b78a27578f13a17b -> 
  custom:video-decoder-webm-vp8: 9c59270c3fd7afecdb556c50c9e8de78 -> 
  custom:SearchIndexIgnoredProperties: e643bd26f0fe6173181afceb89e7c659 -> 
  custom:AudioImporter_EditorPlatform: d09bf68614088b80899f8185d706f6e7 -> 
  custom:video-encoder-webm-vp8: eb34c28f22e8b96e1ab97ce403110664 -> 
  custom:audio-decoder-ogg-vorbis: bf7c407c2cedff20999df2af8eb42d56 -> 
  custom:audio-encoder-webm-vorbis: bf7c407c2cedff20999df2af8eb42d56 -> 
========================================================================
Received Prepare
Caller must complete domain reload
Begin MonoManager ReloadAssembly
- Loaded All Assemblies, in  0.379 seconds
Native extension for WindowsStandalone target not found
Native extension for WebGL target not found
Mono: successfully reloaded assembly
- Finished resetting the current domain, in  0.895 seconds
Domain Reload Profiling: 1272ms
	BeginReloadAssembly (134ms)
		ExecutionOrderSort (0ms)
		DisableScriptedObjects (4ms)
		BackupInstance (0ms)
		ReleaseScriptingObjects (0ms)
		CreateAndSetChildDomain (25ms)
	RebuildCommonClasses (27ms)
	RebuildNativeTypeToScriptingClass (8ms)
	initialDomainReloadingComplete (25ms)
	LoadAllAssembliesAndSetupDomain (181ms)
		LoadAssemblies (244ms)
		RebuildTransferFunctionScriptingTraits (0ms)
		AnalyzeDomain (11ms)
			TypeCache.Refresh (5ms)
				TypeCache.ScanAssembly (0ms)
			ScanForSourceGeneratedMonoScriptInfo (0ms)
			ResolveRequiredComponents (4ms)
	FinalizeReload (896ms)
		ReleaseScriptCaches (0ms)
		RebuildScriptCaches (0ms)
		SetupLoadedEditorAssemblies (401ms)
			LogAssemblyErrors (0ms)
			InitializePlatformSupportModulesInManaged (10ms)
			SetLoadedEditorAssemblies (4ms)
			RefreshPlugins (0ms)
			BeforeProcessingInitializeOnLoad (62ms)
			ProcessInitializeOnLoadAttributes (295ms)
			ProcessInitializeOnLoadMethodAttributes (22ms)
			AfterProcessingInitializeOnLoad (9ms)
			EditorAssembliesLoaded (0ms)
		ExecutionOrderSort2 (0ms)
		AwakeInstancesAfterBackupRestoration (8ms)
Refreshing native plugins compatible for Editor in 4.77 ms, found 3 plugins.
Preloading 0 native plugins for Editor in 0.00 ms.
Unloading 3118 Unused Serialized files (Serialized files now loaded: 0)
Unloading 14 unused Assets / (28.5 KB). Loaded Objects now: 3702.
Memory consumption went from 208.3 MB to 208.3 MB.
Total: 3.442500 ms (FindLiveObjects: 0.234500 ms CreateObjectMapping: 0.173300 ms MarkObjects: 2.963600 ms  DeleteObjects: 0.069700 ms)

Prepare: number of updated asset objects reloaded= 0
AssetImportParameters requested are different than current active one (requested -> active):
  custom:container-demuxer-ogg: 62fdf1f143b41e24485cea50d1cbac27 -> 
  custom:video-decoder-ogg-theora: a1e56fd34408186e4bbccfd4996cb3dc -> 
  custom:framework-win-MediaFoundation: 216162199b28c13a410421893ffa2e32 -> 
  custom:CustomObjectIndexerAttribute: 9a22284fe3817be447336de3de66b15e -> 
  custom:container-demuxer-webm: 4f35f7cbe854078d1ac9338744f61a02 -> 
  custom:container-muxer-webm: aa71ff27fc2769a1b78a27578f13a17b -> 
  custom:video-decoder-webm-vp8: 9c59270c3fd7afecdb556c50c9e8de78 -> 
  custom:SearchIndexIgnoredProperties: e643bd26f0fe6173181afceb89e7c659 -> 
  custom:AudioImporter_EditorPlatform: d09bf68614088b80899f8185d706f6e7 -> 
  custom:video-encoder-webm-vp8: eb34c28f22e8b96e1ab97ce403110664 -> 
  custom:audio-decoder-ogg-vorbis: bf7c407c2cedff20999df2af8eb42d56 -> 
  custom:audio-encoder-webm-vorbis: bf7c407c2cedff20999df2af8eb42d56 -> 
========================================================================
Received Import Request.
  Time since last request: 165.851332 seconds.
  path: Assets/Main Menu/Camera anims
  artifactKey: Guid(274504a1b2e06dc44a750fa02a50b647) Importer(815301076,1909f56bfc062723c751e8b465ee728b)
Start importing Assets/Main Menu/Camera anims using Guid(274504a1b2e06dc44a750fa02a50b647) Importer(815301076,1909f56bfc062723c751e8b465ee728b) [PhysX] Initialized MultithreadedTaskDispatcher with 12 workers.
 -> (artifact id: 'd4b3ad7b5416ce2fd313475a6e070702') in 0.012712 seconds
Number of updated asset objects reloaded before import = 0
Number of asset objects unloaded after import = 0
========================================================================
Received Import Request.
  Time since last request: 8.537810 seconds.
  path: Assets/Main Menu/Camera anims/camera.controller
  artifactKey: Guid(98b51108e5b111f47a1bc26bdd6e8c63) Importer(815301076,1909f56bfc062723c751e8b465ee728b)
Start importing Assets/Main Menu/Camera anims/camera.controller using Guid(98b51108e5b111f47a1bc26bdd6e8c63) Importer(815301076,1909f56bfc062723c751e8b465ee728b) [PhysX] Initialized MultithreadedTaskDispatcher with 12 workers.
 -> (artifact id: '19c924b83a9afc1d5e1c41effc5f04c8') in 0.013815 seconds
Number of updated asset objects reloaded before import = 0
Number of asset objects unloaded after import = 1
========================================================================
Received Import Request.
  Time since last request: 5.960305 seconds.
  path: Assets/Main Menu/Camera anims/camera.controller
  artifactKey: Guid(98b51108e5b111f47a1bc26bdd6e8c63) Importer(815301076,1909f56bfc062723c751e8b465ee728b)
Start importing Assets/Main Menu/Camera anims/camera.controller using Guid(98b51108e5b111f47a1bc26bdd6e8c63) Importer(815301076,1909f56bfc062723c751e8b465ee728b) [PhysX] Initialized MultithreadedTaskDispatcher with 12 workers.
 -> (artifact id: '4d15660b5d7df5997e579cd2fb9997fc') in 0.001759 seconds
Number of updated asset objects reloaded before import = 0
Number of asset objects unloaded after import = 2
========================================================================
Received Import Request.
  Time since last request: 5.422384 seconds.
  path: Assets/Main Menu/Camera anims/camera.controller
  artifactKey: Guid(98b51108e5b111f47a1bc26bdd6e8c63) Importer(815301076,1909f56bfc062723c751e8b465ee728b)
Start importing Assets/Main Menu/Camera anims/camera.controller using Guid(98b51108e5b111f47a1bc26bdd6e8c63) Importer(815301076,1909f56bfc062723c751e8b465ee728b) [PhysX] Initialized MultithreadedTaskDispatcher with 12 workers.
 -> (artifact id: '6086c6a3d39e1ee6e1cda34d431b77bb') in 0.001897 seconds
Number of updated asset objects reloaded before import = 0
Number of asset objects unloaded after import = 4
========================================================================
Received Prepare
Caller must complete domain reload
Begin MonoManager ReloadAssembly
- Loaded All Assemblies, in  0.379 seconds
Native extension for WindowsStandalone target not found
Native extension for WebGL target not found
Mono: successfully reloaded assembly
- Finished resetting the current domain, in  0.925 seconds
Domain Reload Profiling: 1301ms
	BeginReloadAssembly (137ms)
		ExecutionOrderSort (0ms)
		DisableScriptedObjects (4ms)
		BackupInstance (0ms)
		ReleaseScriptingObjects (0ms)
		CreateAndSetChildDomain (26ms)
	RebuildCommonClasses (28ms)
	RebuildNativeTypeToScriptingClass (8ms)
	initialDomainReloadingComplete (26ms)
	LoadAllAssembliesAndSetupDomain (177ms)
		LoadAssemblies (239ms)
		RebuildTransferFunctionScriptingTraits (0ms)
		AnalyzeDomain (13ms)
			TypeCache.Refresh (5ms)
				TypeCache.ScanAssembly (0ms)
			ScanForSourceGeneratedMonoScriptInfo (0ms)
			ResolveRequiredComponents (4ms)
	FinalizeReload (925ms)
		ReleaseScriptCaches (0ms)
		RebuildScriptCaches (0ms)
		SetupLoadedEditorAssemblies (433ms)
			LogAssemblyErrors (0ms)
			InitializePlatformSupportModulesInManaged (10ms)
			SetLoadedEditorAssemblies (3ms)
			RefreshPlugins (0ms)
			BeforeProcessingInitializeOnLoad (60ms)
			ProcessInitializeOnLoadAttributes (325ms)
			ProcessInitializeOnLoadMethodAttributes (25ms)
			AfterProcessingInitializeOnLoad (9ms)
			EditorAssembliesLoaded (0ms)
		ExecutionOrderSort2 (0ms)
		AwakeInstancesAfterBackupRestoration (9ms)
Refreshing native plugins compatible for Editor in 5.13 ms, found 3 plugins.
Preloading 0 native plugins for Editor in 0.00 ms.
Unloading 3117 Unused Serialized files (Serialized files now loaded: 0)
Unloading 14 unused Assets / (28.5 KB). Loaded Objects now: 3705.
Memory consumption went from 208.1 MB to 208.0 MB.
Total: 3.768400 ms (FindLiveObjects: 0.267200 ms CreateObjectMapping: 0.320800 ms MarkObjects: 3.119800 ms  DeleteObjects: 0.058900 ms)

Prepare: number of updated asset objects reloaded= 0
AssetImportParameters requested are different than current active one (requested -> active):
  custom:container-demuxer-ogg: 62fdf1f143b41e24485cea50d1cbac27 -> 
  custom:video-decoder-ogg-theora: a1e56fd34408186e4bbccfd4996cb3dc -> 
  custom:framework-win-MediaFoundation: 216162199b28c13a410421893ffa2e32 -> 
  custom:CustomObjectIndexerAttribute: 9a22284fe3817be447336de3de66b15e -> 
  custom:container-demuxer-webm: 4f35f7cbe854078d1ac9338744f61a02 -> 
  custom:container-muxer-webm: aa71ff27fc2769a1b78a27578f13a17b -> 
  custom:video-decoder-webm-vp8: 9c59270c3fd7afecdb556c50c9e8de78 -> 
  custom:SearchIndexIgnoredProperties: e643bd26f0fe6173181afceb89e7c659 -> 
  custom:AudioImporter_EditorPlatform: d09bf68614088b80899f8185d706f6e7 -> 
  custom:video-encoder-webm-vp8: eb34c28f22e8b96e1ab97ce403110664 -> 
  custom:audio-decoder-ogg-vorbis: bf7c407c2cedff20999df2af8eb42d56 -> 
  custom:audio-encoder-webm-vorbis: bf7c407c2cedff20999df2af8eb42d56 -> 
========================================================================
Received Import Request.
  Time since last request: 719.625641 seconds.
  path: Assets/Main Menu/bhoo.blend
  artifactKey: Guid(f812fbf838b8fe049aff5e4b60b86a16) Importer(815301076,1909f56bfc062723c751e8b465ee728b)
Start importing Assets/Main Menu/bhoo.blend using Guid(f812fbf838b8fe049aff5e4b60b86a16) Importer(815301076,1909f56bfc062723c751e8b465ee728b) [PhysX] Initialized MultithreadedTaskDispatcher with 12 workers.
[PhysX] Initialized MultithreadedTaskDispatcher with 12 workers.
[PhysX] Initialized MultithreadedTaskDispatcher with 12 workers.
[PhysX] Initialized MultithreadedTaskDispatcher with 12 workers.
[PhysX] Initialized MultithreadedTaskDispatcher with 12 workers.
 -> (artifact id: '6dbbe7684302175d71f54bd92901df8f') in 0.198502 seconds
Number of updated asset objects reloaded before import = 0
Number of asset objects unloaded after import = 143
========================================================================
Received Import Request.
  Time since last request: 9.265734 seconds.
  path: Assets/Main Menu/texture
  artifactKey: Guid(61aeff9257f7e204e83248104d17535e) Importer(815301076,1909f56bfc062723c751e8b465ee728b)
Start importing Assets/Main Menu/texture using Guid(61aeff9257f7e204e83248104d17535e) Importer(815301076,1909f56bfc062723c751e8b465ee728b) [PhysX] Initialized MultithreadedTaskDispatcher with 12 workers.
 -> (artifact id: 'b3098dac4667dc33cb5c4d0af7b41315') in 0.001169 seconds
Number of updated asset objects reloaded before import = 0
Number of asset objects unloaded after import = 0
========================================================================
Received Import Request.
  Time since last request: 0.079020 seconds.
  path: Assets/Main Menu/texture/80491.jpg
  artifactKey: Guid(93b258e411d3c4949a13bce4e059f550) Importer(815301076,1909f56bfc062723c751e8b465ee728b)
Start importing Assets/Main Menu/texture/80491.jpg using Guid(93b258e411d3c4949a13bce4e059f550) Importer(815301076,1909f56bfc062723c751e8b465ee728b) [PhysX] Initialized MultithreadedTaskDispatcher with 12 workers.
[PhysX] Initialized MultithreadedTaskDispatcher with 12 workers.
 -> (artifact id: 'c09acfc29b075abba35dc7ee37678fa9') in 0.036705 seconds
Number of updated asset objects reloaded before import = 0
Number of asset objects unloaded after import = 2
========================================================================
Received Import Request.
  Time since last request: 0.000075 seconds.
  path: Assets/Main Menu/texture/grunge-gray-bubble-art-black-background-diy-style.png
  artifactKey: Guid(e6307d33a3800ab4eb0777c30720d34f) Importer(815301076,1909f56bfc062723c751e8b465ee728b)
Start importing Assets/Main Menu/texture/grunge-gray-bubble-art-black-background-diy-style.png using Guid(e6307d33a3800ab4eb0777c30720d34f) Importer(815301076,1909f56bfc062723c751e8b465ee728b) [PhysX] Initialized MultithreadedTaskDispatcher with 12 workers.
[PhysX] Initialized MultithreadedTaskDispatcher with 12 workers.
 -> (artifact id: '2877dda7b3afc23fefecc977ec8b7e5e') in 0.022252 seconds
Number of updated asset objects reloaded before import = 0
Number of asset objects unloaded after import = 2
========================================================================
Received Import Request.
  Time since last request: 0.000029 seconds.
  path: Assets/Main Menu/texture/Untitled.png
  artifactKey: Guid(570a7b894d87c244e81e3fbabae0f785) Importer(815301076,1909f56bfc062723c751e8b465ee728b)
Start importing Assets/Main Menu/texture/Untitled.png using Guid(570a7b894d87c244e81e3fbabae0f785) Importer(815301076,1909f56bfc062723c751e8b465ee728b) [PhysX] Initialized MultithreadedTaskDispatcher with 12 workers.
[PhysX] Initialized MultithreadedTaskDispatcher with 12 workers.
 -> (artifact id: '287b7a22a6288260946ede9043ad663d') in 0.021499 seconds
Number of updated asset objects reloaded before import = 0
Number of asset objects unloaded after import = 2
========================================================================
Received Import Request.
  Time since last request: 0.000029 seconds.
  path: Assets/Main Menu/texture/mouse.jpg
  artifactKey: Guid(3dc17e1e45993f142a099d51abc20fc9) Importer(815301076,1909f56bfc062723c751e8b465ee728b)
Start importing Assets/Main Menu/texture/mouse.jpg using Guid(3dc17e1e45993f142a099d51abc20fc9) Importer(815301076,1909f56bfc062723c751e8b465ee728b) [PhysX] Initialized MultithreadedTaskDispatcher with 12 workers.
[PhysX] Initialized MultithreadedTaskDispatcher with 12 workers.
 -> (artifact id: 'f682de3e371200b9fc63c74280fcea67') in 0.022303 seconds
Number of updated asset objects reloaded before import = 0
Number of asset objects unloaded after import = 2
========================================================================
Received Import Request.
  Time since last request: 0.000089 seconds.
  path: Assets/Main Menu/texture/bhoot texture.png
  artifactKey: Guid(b1d6f4fe214b10f4ca3a19a26e22ac8e) Importer(815301076,1909f56bfc062723c751e8b465ee728b)
Start importing Assets/Main Menu/texture/bhoot texture.png using Guid(b1d6f4fe214b10f4ca3a19a26e22ac8e) Importer(815301076,1909f56bfc062723c751e8b465ee728b) [PhysX] Initialized MultithreadedTaskDispatcher with 12 workers.
[PhysX] Initialized MultithreadedTaskDispatcher with 12 workers.
 -> (artifact id: '4a275b16577c2caa28bf7e3cd83afece') in 0.021605 seconds
Number of updated asset objects reloaded before import = 0
Number of asset objects unloaded after import = 2
========================================================================
Received Import Request.
  Time since last request: 0.000213 seconds.
  path: Assets/Main Menu/texture/dark-grunge-background-ideal-use-as-halloween-design.jpg
  artifactKey: Guid(e8383c6f99d1ec2469d03d13968e0443) Importer(815301076,1909f56bfc062723c751e8b465ee728b)
Start importing Assets/Main Menu/texture/dark-grunge-background-ideal-use-as-halloween-design.jpg using Guid(e8383c6f99d1ec2469d03d13968e0443) Importer(815301076,1909f56bfc062723c751e8b465ee728b) [PhysX] Initialized MultithreadedTaskDispatcher with 12 workers.
[PhysX] Initialized MultithreadedTaskDispatcher with 12 workers.
 -> (artifact id: '01100630a53d5c274d21a20ec74738b0') in 0.020234 seconds
Number of updated asset objects reloaded before import = 0
Number of asset objects unloaded after import = 2
========================================================================
Received Prepare
Caller must complete domain reload
Begin MonoManager ReloadAssembly
- Loaded All Assemblies, in  0.392 seconds
Native extension for WindowsStandalone target not found
Native extension for WebGL target not found
Mono: successfully reloaded assembly
- Finished resetting the current domain, in  0.943 seconds
Domain Reload Profiling: 1332ms
	BeginReloadAssembly (136ms)
		ExecutionOrderSort (0ms)
		DisableScriptedObjects (3ms)
		BackupInstance (0ms)
		ReleaseScriptingObjects (0ms)
		CreateAndSetChildDomain (30ms)
	RebuildCommonClasses (27ms)
	RebuildNativeTypeToScriptingClass (8ms)
	initialDomainReloadingComplete (26ms)
	LoadAllAssembliesAndSetupDomain (191ms)
		LoadAssemblies (251ms)
		RebuildTransferFunctionScriptingTraits (0ms)
		AnalyzeDomain (13ms)
			TypeCache.Refresh (6ms)
				TypeCache.ScanAssembly (0ms)
			ScanForSourceGeneratedMonoScriptInfo (0ms)
			ResolveRequiredComponents (5ms)
	FinalizeReload (943ms)
		ReleaseScriptCaches (0ms)
		RebuildScriptCaches (0ms)
		SetupLoadedEditorAssemblies (441ms)
			LogAssemblyErrors (0ms)
			InitializePlatformSupportModulesInManaged (10ms)
			SetLoadedEditorAssemblies (4ms)
			RefreshPlugins (0ms)
			BeforeProcessingInitializeOnLoad (64ms)
			ProcessInitializeOnLoadAttributes (335ms)
			ProcessInitializeOnLoadMethodAttributes (22ms)
			AfterProcessingInitializeOnLoad (7ms)
			EditorAssembliesLoaded (0ms)
		ExecutionOrderSort2 (0ms)
		AwakeInstancesAfterBackupRestoration (7ms)
Refreshing native plugins compatible for Editor in 5.95 ms, found 3 plugins.
Preloading 0 native plugins for Editor in 0.00 ms.
Unloading 3117 Unused Serialized files (Serialized files now loaded: 0)
Unloading 14 unused Assets / (28.5 KB). Loaded Objects now: 3709.
Memory consumption went from 208.1 MB to 208.1 MB.
Total: 3.879600 ms (FindLiveObjects: 0.242900 ms CreateObjectMapping: 0.164700 ms MarkObjects: 3.367800 ms  DeleteObjects: 0.102500 ms)

Prepare: number of updated asset objects reloaded= 0
AssetImportParameters requested are different than current active one (requested -> active):
  custom:container-demuxer-ogg: 62fdf1f143b41e24485cea50d1cbac27 -> 
  custom:video-decoder-ogg-theora: a1e56fd34408186e4bbccfd4996cb3dc -> 
  custom:framework-win-MediaFoundation: 216162199b28c13a410421893ffa2e32 -> 
  custom:CustomObjectIndexerAttribute: 9a22284fe3817be447336de3de66b15e -> 
  custom:container-demuxer-webm: 4f35f7cbe854078d1ac9338744f61a02 -> 
  custom:container-muxer-webm: aa71ff27fc2769a1b78a27578f13a17b -> 
  custom:video-decoder-webm-vp8: 9c59270c3fd7afecdb556c50c9e8de78 -> 
  custom:SearchIndexIgnoredProperties: e643bd26f0fe6173181afceb89e7c659 -> 
  custom:AudioImporter_EditorPlatform: d09bf68614088b80899f8185d706f6e7 -> 
  custom:video-encoder-webm-vp8: eb34c28f22e8b96e1ab97ce403110664 -> 
  custom:audio-decoder-ogg-vorbis: bf7c407c2cedff20999df2af8eb42d56 -> 
  custom:audio-encoder-webm-vorbis: bf7c407c2cedff20999df2af8eb42d56 -> 
========================================================================
Received Prepare
Caller must complete domain reload
Begin MonoManager ReloadAssembly
- Loaded All Assemblies, in  0.384 seconds
Native extension for WindowsStandalone target not found
Native extension for WebGL target not found
Mono: successfully reloaded assembly
- Finished resetting the current domain, in  0.927 seconds
Domain Reload Profiling: 1309ms
	BeginReloadAssembly (133ms)
		ExecutionOrderSort (0ms)
		DisableScriptedObjects (4ms)
		BackupInstance (0ms)
		ReleaseScriptingObjects (0ms)
		CreateAndSetChildDomain (25ms)
	RebuildCommonClasses (28ms)
	RebuildNativeTypeToScriptingClass (8ms)
	initialDomainReloadingComplete (26ms)
	LoadAllAssembliesAndSetupDomain (186ms)
		LoadAssemblies (249ms)
		RebuildTransferFunctionScriptingTraits (0ms)
		AnalyzeDomain (12ms)
			TypeCache.Refresh (5ms)
				TypeCache.ScanAssembly (0ms)
			ScanForSourceGeneratedMonoScriptInfo (0ms)
			ResolveRequiredComponents (4ms)
	FinalizeReload (928ms)
		ReleaseScriptCaches (0ms)
		RebuildScriptCaches (0ms)
		SetupLoadedEditorAssemblies (405ms)
			LogAssemblyErrors (0ms)
			InitializePlatformSupportModulesInManaged (10ms)
			SetLoadedEditorAssemblies (3ms)
			RefreshPlugins (0ms)
			BeforeProcessingInitializeOnLoad (64ms)
			ProcessInitializeOnLoadAttributes (298ms)
			ProcessInitializeOnLoadMethodAttributes (21ms)
			AfterProcessingInitializeOnLoad (8ms)
			EditorAssembliesLoaded (0ms)
		ExecutionOrderSort2 (0ms)
		AwakeInstancesAfterBackupRestoration (7ms)
Refreshing native plugins compatible for Editor in 5.81 ms, found 3 plugins.
Preloading 0 native plugins for Editor in 0.00 ms.
Unloading 3118 Unused Serialized files (Serialized files now loaded: 0)
Unloading 14 unused Assets / (28.5 KB). Loaded Objects now: 3712.
Memory consumption went from 208.4 MB to 208.3 MB.
Total: 3.451000 ms (FindLiveObjects: 0.241700 ms CreateObjectMapping: 0.147300 ms MarkObjects: 2.975100 ms  DeleteObjects: 0.084600 ms)

Prepare: number of updated asset objects reloaded= 0
AssetImportParameters requested are different than current active one (requested -> active):
  custom:container-demuxer-ogg: 62fdf1f143b41e24485cea50d1cbac27 -> 
  custom:video-decoder-ogg-theora: a1e56fd34408186e4bbccfd4996cb3dc -> 
  custom:framework-win-MediaFoundation: 216162199b28c13a410421893ffa2e32 -> 
  custom:CustomObjectIndexerAttribute: 9a22284fe3817be447336de3de66b15e -> 
  custom:container-demuxer-webm: 4f35f7cbe854078d1ac9338744f61a02 -> 
  custom:container-muxer-webm: aa71ff27fc2769a1b78a27578f13a17b -> 
  custom:video-decoder-webm-vp8: 9c59270c3fd7afecdb556c50c9e8de78 -> 
  custom:SearchIndexIgnoredProperties: e643bd26f0fe6173181afceb89e7c659 -> 
  custom:AudioImporter_EditorPlatform: d09bf68614088b80899f8185d706f6e7 -> 
  custom:video-encoder-webm-vp8: eb34c28f22e8b96e1ab97ce403110664 -> 
  custom:audio-decoder-ogg-vorbis: bf7c407c2cedff20999df2af8eb42d56 -> 
  custom:audio-encoder-webm-vorbis: bf7c407c2cedff20999df2af8eb42d56 -> 
========================================================================
Received Prepare
Caller must complete domain reload
Begin MonoManager ReloadAssembly
- Loaded All Assemblies, in  1.513 seconds
Native extension for WindowsStandalone target not found
Native extension for WebGL target not found
Mono: successfully reloaded assembly
- Finished resetting the current domain, in  1.723 seconds
Domain Reload Profiling: 3218ms
	BeginReloadAssembly (496ms)
		ExecutionOrderSort (0ms)
		DisableScriptedObjects (12ms)
		BackupInstance (0ms)
		ReleaseScriptingObjects (1ms)
		CreateAndSetChildDomain (89ms)
	RebuildCommonClasses (124ms)
	RebuildNativeTypeToScriptingClass (36ms)
	initialDomainReloadingComplete (312ms)
	LoadAllAssembliesAndSetupDomain (526ms)
		LoadAssemblies (786ms)
		RebuildTransferFunctionScriptingTraits (0ms)
		AnalyzeDomain (49ms)
			TypeCache.Refresh (18ms)
				TypeCache.ScanAssembly (0ms)
			ScanForSourceGeneratedMonoScriptInfo (18ms)
			ResolveRequiredComponents (11ms)
	FinalizeReload (1723ms)
		ReleaseScriptCaches (0ms)
		RebuildScriptCaches (0ms)
		SetupLoadedEditorAssemblies (655ms)
			LogAssemblyErrors (0ms)
			InitializePlatformSupportModulesInManaged (18ms)
			SetLoadedEditorAssemblies (5ms)
			RefreshPlugins (0ms)
			BeforeProcessingInitializeOnLoad (99ms)
			ProcessInitializeOnLoadAttributes (483ms)
			ProcessInitializeOnLoadMethodAttributes (34ms)
			AfterProcessingInitializeOnLoad (16ms)
			EditorAssembliesLoaded (0ms)
		ExecutionOrderSort2 (0ms)
		AwakeInstancesAfterBackupRestoration (12ms)
Refreshing native plugins compatible for Editor in 8.62 ms, found 3 plugins.
Preloading 0 native plugins for Editor in 0.00 ms.
Unloading 3119 Unused Serialized files (Serialized files now loaded: 0)
Unloading 14 unused Assets / (28.6 KB). Loaded Objects now: 3716.
Memory consumption went from 208.4 MB to 208.3 MB.
Total: 4.129800 ms (FindLiveObjects: 0.322800 ms CreateObjectMapping: 0.158500 ms MarkObjects: 3.582100 ms  DeleteObjects: 0.065000 ms)

Prepare: number of updated asset objects reloaded= 0
AssetImportParameters requested are different than current active one (requested -> active):
  custom:container-demuxer-ogg: 62fdf1f143b41e24485cea50d1cbac27 -> 
  custom:video-decoder-ogg-theora: a1e56fd34408186e4bbccfd4996cb3dc -> 
  custom:framework-win-MediaFoundation: 216162199b28c13a410421893ffa2e32 -> 
  custom:CustomObjectIndexerAttribute: 9a22284fe3817be447336de3de66b15e -> 
  custom:container-demuxer-webm: 4f35f7cbe854078d1ac9338744f61a02 -> 
  custom:container-muxer-webm: aa71ff27fc2769a1b78a27578f13a17b -> 
  custom:video-decoder-webm-vp8: 9c59270c3fd7afecdb556c50c9e8de78 -> 
  custom:SearchIndexIgnoredProperties: e643bd26f0fe6173181afceb89e7c659 -> 
  custom:AudioImporter_EditorPlatform: d09bf68614088b80899f8185d706f6e7 -> 
  custom:scripting/monoscript/fileName/Skybox.cs: 7a92012409d1e21523969b0afbaf81c6 -> 
  custom:video-encoder-webm-vp8: eb34c28f22e8b96e1ab97ce403110664 -> 
  custom:audio-decoder-ogg-vorbis: bf7c407c2cedff20999df2af8eb42d56 -> 
  custom:audio-encoder-webm-vorbis: bf7c407c2cedff20999df2af8eb42d56 -> 
  custom:scripting/precompiled-assembly-types:Assembly-CSharp: 78dca2ed88e127a3d1be3c877313df0d -> b5609ffa9375a1719a4b9b879c420584
========================================================================
Received Prepare
Caller must complete domain reload
Begin MonoManager ReloadAssembly
- Loaded All Assemblies, in  0.761 seconds
Native extension for WindowsStandalone target not found
Native extension for WebGL target not found
Mono: successfully reloaded assembly
- Finished resetting the current domain, in  1.300 seconds
Domain Reload Profiling: 2053ms
	BeginReloadAssembly (224ms)
		ExecutionOrderSort (0ms)
		DisableScriptedObjects (9ms)
		BackupInstance (0ms)
		ReleaseScriptingObjects (0ms)
		CreateAndSetChildDomain (36ms)
	RebuildCommonClasses (50ms)
	RebuildNativeTypeToScriptingClass (17ms)
	initialDomainReloadingComplete (59ms)
	LoadAllAssembliesAndSetupDomain (401ms)
		LoadAssemblies (522ms)
		RebuildTransferFunctionScriptingTraits (0ms)
		AnalyzeDomain (23ms)
			TypeCache.Refresh (10ms)
				TypeCache.ScanAssembly (0ms)
			ScanForSourceGeneratedMonoScriptInfo (0ms)
			ResolveRequiredComponents (10ms)
	FinalizeReload (1301ms)
		ReleaseScriptCaches (0ms)
		RebuildScriptCaches (0ms)
		SetupLoadedEditorAssemblies (395ms)
			LogAssemblyErrors (0ms)
			InitializePlatformSupportModulesInManaged (8ms)
			SetLoadedEditorAssemblies (3ms)
			RefreshPlugins (0ms)
			BeforeProcessingInitializeOnLoad (53ms)
			ProcessInitializeOnLoadAttributes (298ms)
			ProcessInitializeOnLoadMethodAttributes (24ms)
			AfterProcessingInitializeOnLoad (8ms)
			EditorAssembliesLoaded (0ms)
		ExecutionOrderSort2 (0ms)
		AwakeInstancesAfterBackupRestoration (7ms)
Refreshing native plugins compatible for Editor in 4.30 ms, found 3 plugins.
Preloading 0 native plugins for Editor in 0.00 ms.
Unloading 3119 Unused Serialized files (Serialized files now loaded: 0)
Unloading 14 unused Assets / (28.6 KB). Loaded Objects now: 3719.
Memory consumption went from 208.4 MB to 208.4 MB.
Total: 7.874300 ms (FindLiveObjects: 0.293700 ms CreateObjectMapping: 0.165500 ms MarkObjects: 7.344200 ms  DeleteObjects: 0.069300 ms)

Prepare: number of updated asset objects reloaded= 0
AssetImportParameters requested are different than current active one (requested -> active):
  custom:container-demuxer-ogg: 62fdf1f143b41e24485cea50d1cbac27 -> 
  custom:video-decoder-ogg-theora: a1e56fd34408186e4bbccfd4996cb3dc -> 
  custom:framework-win-MediaFoundation: 216162199b28c13a410421893ffa2e32 -> 
  custom:CustomObjectIndexerAttribute: 9a22284fe3817be447336de3de66b15e -> 
  custom:container-demuxer-webm: 4f35f7cbe854078d1ac9338744f61a02 -> 
  custom:container-muxer-webm: aa71ff27fc2769a1b78a27578f13a17b -> 
  custom:video-decoder-webm-vp8: 9c59270c3fd7afecdb556c50c9e8de78 -> 
  custom:SearchIndexIgnoredProperties: e643bd26f0fe6173181afceb89e7c659 -> 
  custom:AudioImporter_EditorPlatform: d09bf68614088b80899f8185d706f6e7 -> 
  custom:scripting/monoscript/fileName/Skybox.cs: 7a92012409d1e21523969b0afbaf81c6 -> 
  custom:video-encoder-webm-vp8: eb34c28f22e8b96e1ab97ce403110664 -> 
  custom:audio-decoder-ogg-vorbis: bf7c407c2cedff20999df2af8eb42d56 -> 
  custom:audio-encoder-webm-vorbis: bf7c407c2cedff20999df2af8eb42d56 -> 
  custom:scripting/precompiled-assembly-types:Assembly-CSharp: 78dca2ed88e127a3d1be3c877313df0d -> b5609ffa9375a1719a4b9b879c420584
========================================================================
Received Prepare
Caller must complete domain reload
Begin MonoManager ReloadAssembly
- Loaded All Assemblies, in  0.765 seconds
Native extension for WindowsStandalone target not found
Native extension for WebGL target not found
Mono: successfully reloaded assembly
- Finished resetting the current domain, in  1.467 seconds
Domain Reload Profiling: 2225ms
	BeginReloadAssembly (219ms)
		ExecutionOrderSort (0ms)
		DisableScriptedObjects (8ms)
		BackupInstance (0ms)
		ReleaseScriptingObjects (0ms)
		CreateAndSetChildDomain (35ms)
	RebuildCommonClasses (54ms)
	RebuildNativeTypeToScriptingClass (16ms)
	initialDomainReloadingComplete (54ms)
	LoadAllAssembliesAndSetupDomain (414ms)
		LoadAssemblies (523ms)
		RebuildTransferFunctionScriptingTraits (0ms)
		AnalyzeDomain (34ms)
			TypeCache.Refresh (12ms)
				TypeCache.ScanAssembly (0ms)
			ScanForSourceGeneratedMonoScriptInfo (10ms)
			ResolveRequiredComponents (9ms)
	FinalizeReload (1468ms)
		ReleaseScriptCaches (0ms)
		RebuildScriptCaches (0ms)
		SetupLoadedEditorAssemblies (497ms)
			LogAssemblyErrors (0ms)
			InitializePlatformSupportModulesInManaged (17ms)
			SetLoadedEditorAssemblies (4ms)
			RefreshPlugins (0ms)
			BeforeProcessingInitializeOnLoad (96ms)
			ProcessInitializeOnLoadAttributes (356ms)
			ProcessInitializeOnLoadMethodAttributes (18ms)
			AfterProcessingInitializeOnLoad (6ms)
			EditorAssembliesLoaded (0ms)
		ExecutionOrderSort2 (0ms)
		AwakeInstancesAfterBackupRestoration (9ms)
Refreshing native plugins compatible for Editor in 5.35 ms, found 3 plugins.
Preloading 0 native plugins for Editor in 0.00 ms.
Unloading 3119 Unused Serialized files (Serialized files now loaded: 0)
Unloading 14 unused Assets / (28.6 KB). Loaded Objects now: 3722.
Memory consumption went from 208.4 MB to 208.3 MB.
Total: 3.502600 ms (FindLiveObjects: 0.256700 ms CreateObjectMapping: 0.179500 ms MarkObjects: 2.995000 ms  DeleteObjects: 0.069900 ms)

Prepare: number of updated asset objects reloaded= 0
AssetImportParameters requested are different than current active one (requested -> active):
  custom:container-demuxer-ogg: 62fdf1f143b41e24485cea50d1cbac27 -> 
  custom:video-decoder-ogg-theora: a1e56fd34408186e4bbccfd4996cb3dc -> 
  custom:framework-win-MediaFoundation: 216162199b28c13a410421893ffa2e32 -> 
  custom:CustomObjectIndexerAttribute: 9a22284fe3817be447336de3de66b15e -> 
  custom:container-demuxer-webm: 4f35f7cbe854078d1ac9338744f61a02 -> 
  custom:container-muxer-webm: aa71ff27fc2769a1b78a27578f13a17b -> 
  custom:video-decoder-webm-vp8: 9c59270c3fd7afecdb556c50c9e8de78 -> 
  custom:SearchIndexIgnoredProperties: e643bd26f0fe6173181afceb89e7c659 -> 
  custom:AudioImporter_EditorPlatform: d09bf68614088b80899f8185d706f6e7 -> 
  custom:scripting/monoscript/fileName/Skybox.cs: c122ade9e2d3a916264f47a45be02789 -> 
  custom:video-encoder-webm-vp8: eb34c28f22e8b96e1ab97ce403110664 -> 
  custom:audio-decoder-ogg-vorbis: bf7c407c2cedff20999df2af8eb42d56 -> 
  custom:audio-encoder-webm-vorbis: bf7c407c2cedff20999df2af8eb42d56 -> 
  custom:scripting/precompiled-assembly-types:Assembly-CSharp: 9bc7c08e5c2b2dc83dd26948d420372a -> b5609ffa9375a1719a4b9b879c420584
========================================================================
Received Prepare
Caller must complete domain reload
Begin MonoManager ReloadAssembly
- Loaded All Assemblies, in  0.369 seconds
Native extension for WindowsStandalone target not found
Native extension for WebGL target not found
Mono: successfully reloaded assembly
- Finished resetting the current domain, in  0.836 seconds
Domain Reload Profiling: 1203ms
	BeginReloadAssembly (134ms)
		ExecutionOrderSort (0ms)
		DisableScriptedObjects (5ms)
		BackupInstance (0ms)
		ReleaseScriptingObjects (0ms)
		CreateAndSetChildDomain (25ms)
	RebuildCommonClasses (26ms)
	RebuildNativeTypeToScriptingClass (9ms)
	initialDomainReloadingComplete (26ms)
	LoadAllAssembliesAndSetupDomain (172ms)
		LoadAssemblies (234ms)
		RebuildTransferFunctionScriptingTraits (0ms)
		AnalyzeDomain (12ms)
			TypeCache.Refresh (5ms)
				TypeCache.ScanAssembly (0ms)
			ScanForSourceGeneratedMonoScriptInfo (0ms)
			ResolveRequiredComponents (4ms)
	FinalizeReload (837ms)
		ReleaseScriptCaches (0ms)
		RebuildScriptCaches (0ms)
		SetupLoadedEditorAssemblies (382ms)
			LogAssemblyErrors (0ms)
			InitializePlatformSupportModulesInManaged (9ms)
			SetLoadedEditorAssemblies (3ms)
			RefreshPlugins (0ms)
			BeforeProcessingInitializeOnLoad (62ms)
			ProcessInitializeOnLoadAttributes (279ms)
			ProcessInitializeOnLoadMethodAttributes (21ms)
			AfterProcessingInitializeOnLoad (7ms)
			EditorAssembliesLoaded (0ms)
		ExecutionOrderSort2 (0ms)
		AwakeInstancesAfterBackupRestoration (7ms)
Refreshing native plugins compatible for Editor in 5.22 ms, found 3 plugins.
Preloading 0 native plugins for Editor in 0.00 ms.
Unloading 3119 Unused Serialized files (Serialized files now loaded: 0)
Unloading 14 unused Assets / (28.6 KB). Loaded Objects now: 3725.
Memory consumption went from 208.4 MB to 208.4 MB.
Total: 3.738800 ms (FindLiveObjects: 0.263200 ms CreateObjectMapping: 0.257400 ms MarkObjects: 3.145400 ms  DeleteObjects: 0.071300 ms)

Prepare: number of updated asset objects reloaded= 0
AssetImportParameters requested are different than current active one (requested -> active):
  custom:container-demuxer-ogg: 62fdf1f143b41e24485cea50d1cbac27 -> 
  custom:video-decoder-ogg-theora: a1e56fd34408186e4bbccfd4996cb3dc -> 
  custom:framework-win-MediaFoundation: 216162199b28c13a410421893ffa2e32 -> 
  custom:CustomObjectIndexerAttribute: 9a22284fe3817be447336de3de66b15e -> 
  custom:container-demuxer-webm: 4f35f7cbe854078d1ac9338744f61a02 -> 
  custom:container-muxer-webm: aa71ff27fc2769a1b78a27578f13a17b -> 
  custom:video-decoder-webm-vp8: 9c59270c3fd7afecdb556c50c9e8de78 -> 
  custom:SearchIndexIgnoredProperties: e643bd26f0fe6173181afceb89e7c659 -> 
  custom:AudioImporter_EditorPlatform: d09bf68614088b80899f8185d706f6e7 -> 
  custom:scripting/monoscript/fileName/Skybox.cs: c122ade9e2d3a916264f47a45be02789 -> 
  custom:video-encoder-webm-vp8: eb34c28f22e8b96e1ab97ce403110664 -> 
  custom:audio-decoder-ogg-vorbis: bf7c407c2cedff20999df2af8eb42d56 -> 
  custom:audio-encoder-webm-vorbis: bf7c407c2cedff20999df2af8eb42d56 -> 
  custom:scripting/precompiled-assembly-types:Assembly-CSharp: 9bc7c08e5c2b2dc83dd26948d420372a -> b5609ffa9375a1719a4b9b879c420584
========================================================================
Received Prepare
Caller must complete domain reload
Begin MonoManager ReloadAssembly
- Loaded All Assemblies, in  0.367 seconds
Native extension for WindowsStandalone target not found
Native extension for WebGL target not found
Mono: successfully reloaded assembly
- Finished resetting the current domain, in  0.845 seconds
Domain Reload Profiling: 1210ms
	BeginReloadAssembly (131ms)
		ExecutionOrderSort (0ms)
		DisableScriptedObjects (5ms)
		BackupInstance (0ms)
		ReleaseScriptingObjects (0ms)
		CreateAndSetChildDomain (27ms)
	RebuildCommonClasses (27ms)
	RebuildNativeTypeToScriptingClass (9ms)
	initialDomainReloadingComplete (25ms)
	LoadAllAssembliesAndSetupDomain (173ms)
		LoadAssemblies (231ms)
		RebuildTransferFunctionScriptingTraits (0ms)
		AnalyzeDomain (12ms)
			TypeCache.Refresh (5ms)
				TypeCache.ScanAssembly (0ms)
			ScanForSourceGeneratedMonoScriptInfo (0ms)
			ResolveRequiredComponents (5ms)
	FinalizeReload (846ms)
		ReleaseScriptCaches (0ms)
		RebuildScriptCaches (0ms)
		SetupLoadedEditorAssemblies (394ms)
			LogAssemblyErrors (0ms)
			InitializePlatformSupportModulesInManaged (9ms)
			SetLoadedEditorAssemblies (3ms)
			RefreshPlugins (0ms)
			BeforeProcessingInitializeOnLoad (61ms)
			ProcessInitializeOnLoadAttributes (290ms)
			ProcessInitializeOnLoadMethodAttributes (22ms)
			AfterProcessingInitializeOnLoad (8ms)
			EditorAssembliesLoaded (0ms)
		ExecutionOrderSort2 (0ms)
		AwakeInstancesAfterBackupRestoration (9ms)
Refreshing native plugins compatible for Editor in 4.71 ms, found 3 plugins.
Preloading 0 native plugins for Editor in 0.00 ms.
Unloading 3119 Unused Serialized files (Serialized files now loaded: 0)
Unloading 14 unused Assets / (28.6 KB). Loaded Objects now: 3728.
Memory consumption went from 208.4 MB to 208.4 MB.
Total: 3.025000 ms (FindLiveObjects: 0.234000 ms CreateObjectMapping: 0.142900 ms MarkObjects: 2.590200 ms  DeleteObjects: 0.056600 ms)

Prepare: number of updated asset objects reloaded= 0
AssetImportParameters requested are different than current active one (requested -> active):
  custom:container-demuxer-ogg: 62fdf1f143b41e24485cea50d1cbac27 -> 
  custom:video-decoder-ogg-theora: a1e56fd34408186e4bbccfd4996cb3dc -> 
  custom:framework-win-MediaFoundation: 216162199b28c13a410421893ffa2e32 -> 
  custom:CustomObjectIndexerAttribute: 9a22284fe3817be447336de3de66b15e -> 
  custom:container-demuxer-webm: 4f35f7cbe854078d1ac9338744f61a02 -> 
  custom:container-muxer-webm: aa71ff27fc2769a1b78a27578f13a17b -> 
  custom:video-decoder-webm-vp8: 9c59270c3fd7afecdb556c50c9e8de78 -> 
  custom:SearchIndexIgnoredProperties: e643bd26f0fe6173181afceb89e7c659 -> 
  custom:AudioImporter_EditorPlatform: d09bf68614088b80899f8185d706f6e7 -> 
  custom:scripting/monoscript/fileName/Skybox.cs: c122ade9e2d3a916264f47a45be02789 -> 
  custom:video-encoder-webm-vp8: eb34c28f22e8b96e1ab97ce403110664 -> 
  custom:audio-decoder-ogg-vorbis: bf7c407c2cedff20999df2af8eb42d56 -> 
  custom:audio-encoder-webm-vorbis: bf7c407c2cedff20999df2af8eb42d56 -> 
  custom:scripting/precompiled-assembly-types:Assembly-CSharp: 9bc7c08e5c2b2dc83dd26948d420372a -> b5609ffa9375a1719a4b9b879c420584
========================================================================
Received Prepare
Caller must complete domain reload
Begin MonoManager ReloadAssembly
- Loaded All Assemblies, in  0.368 seconds
Native extension for WindowsStandalone target not found
Native extension for WebGL target not found
Mono: successfully reloaded assembly
- Finished resetting the current domain, in  0.866 seconds
Domain Reload Profiling: 1232ms
	BeginReloadAssembly (131ms)
		ExecutionOrderSort (0ms)
		DisableScriptedObjects (4ms)
		BackupInstance (0ms)
		ReleaseScriptingObjects (0ms)
		CreateAndSetChildDomain (24ms)
	RebuildCommonClasses (27ms)
	RebuildNativeTypeToScriptingClass (8ms)
	initialDomainReloadingComplete (26ms)
	LoadAllAssembliesAndSetupDomain (174ms)
		LoadAssemblies (236ms)
		RebuildTransferFunctionScriptingTraits (0ms)
		AnalyzeDomain (13ms)
			TypeCache.Refresh (5ms)
				TypeCache.ScanAssembly (0ms)
			ScanForSourceGeneratedMonoScriptInfo (0ms)
			ResolveRequiredComponents (4ms)
	FinalizeReload (867ms)
		ReleaseScriptCaches (0ms)
		RebuildScriptCaches (0ms)
		SetupLoadedEditorAssemblies (421ms)
			LogAssemblyErrors (0ms)
			InitializePlatformSupportModulesInManaged (8ms)
			SetLoadedEditorAssemblies (3ms)
			RefreshPlugins (0ms)
			BeforeProcessingInitializeOnLoad (56ms)
			ProcessInitializeOnLoadAttributes (320ms)
			ProcessInitializeOnLoadMethodAttributes (25ms)
			AfterProcessingInitializeOnLoad (8ms)
			EditorAssembliesLoaded (0ms)
		ExecutionOrderSort2 (0ms)
		AwakeInstancesAfterBackupRestoration (8ms)
Refreshing native plugins compatible for Editor in 4.97 ms, found 3 plugins.
Preloading 0 native plugins for Editor in 0.00 ms.
Unloading 3119 Unused Serialized files (Serialized files now loaded: 0)
Unloading 14 unused Assets / (28.6 KB). Loaded Objects now: 3731.
Memory consumption went from 208.4 MB to 208.4 MB.
Total: 4.301500 ms (FindLiveObjects: 0.289100 ms CreateObjectMapping: 0.163700 ms MarkObjects: 3.730000 ms  DeleteObjects: 0.116200 ms)

Prepare: number of updated asset objects reloaded= 0
AssetImportParameters requested are different than current active one (requested -> active):
  custom:container-demuxer-ogg: 62fdf1f143b41e24485cea50d1cbac27 -> 
  custom:video-decoder-ogg-theora: a1e56fd34408186e4bbccfd4996cb3dc -> 
  custom:framework-win-MediaFoundation: 216162199b28c13a410421893ffa2e32 -> 
  custom:CustomObjectIndexerAttribute: 9a22284fe3817be447336de3de66b15e -> 
  custom:container-demuxer-webm: 4f35f7cbe854078d1ac9338744f61a02 -> 
  custom:container-muxer-webm: aa71ff27fc2769a1b78a27578f13a17b -> 
  custom:video-decoder-webm-vp8: 9c59270c3fd7afecdb556c50c9e8de78 -> 
  custom:SearchIndexIgnoredProperties: e643bd26f0fe6173181afceb89e7c659 -> 
  custom:AudioImporter_EditorPlatform: d09bf68614088b80899f8185d706f6e7 -> 
  custom:scripting/monoscript/fileName/Skybox.cs: c122ade9e2d3a916264f47a45be02789 -> 
  custom:video-encoder-webm-vp8: eb34c28f22e8b96e1ab97ce403110664 -> 
  custom:audio-decoder-ogg-vorbis: bf7c407c2cedff20999df2af8eb42d56 -> 
  custom:audio-encoder-webm-vorbis: bf7c407c2cedff20999df2af8eb42d56 -> 
  custom:scripting/precompiled-assembly-types:Assembly-CSharp: 9bc7c08e5c2b2dc83dd26948d420372a -> b5609ffa9375a1719a4b9b879c420584
========================================================================
Received Prepare
Caller must complete domain reload
Begin MonoManager ReloadAssembly
- Loaded All Assemblies, in  1.134 seconds
Native extension for WindowsStandalone target not found
Native extension for WebGL target not found
[ScriptCompilation] NOT recompiling all scripts because this is an import worker process. Reason to compile was: Define symbols changed
Mono: successfully reloaded assembly
- Finished resetting the current domain, in  1.168 seconds
Domain Reload Profiling: 2292ms
	BeginReloadAssembly (191ms)
		ExecutionOrderSort (0ms)
		DisableScriptedObjects (7ms)
		BackupInstance (0ms)
		ReleaseScriptingObjects (0ms)
		CreateAndSetChildDomain (32ms)
	RebuildCommonClasses (56ms)
	RebuildNativeTypeToScriptingClass (16ms)
	initialDomainReloadingComplete (73ms)
	LoadAllAssembliesAndSetupDomain (787ms)
		LoadAssemblies (883ms)
		RebuildTransferFunctionScriptingTraits (0ms)
		AnalyzeDomain (26ms)
			TypeCache.Refresh (12ms)
				TypeCache.ScanAssembly (2ms)
			ScanForSourceGeneratedMonoScriptInfo (8ms)
			ResolveRequiredComponents (4ms)
	FinalizeReload (1169ms)
		ReleaseScriptCaches (0ms)
		RebuildScriptCaches (0ms)
		SetupLoadedEditorAssemblies (586ms)
			LogAssemblyErrors (0ms)
			InitializePlatformSupportModulesInManaged (12ms)
			SetLoadedEditorAssemblies (4ms)
			RefreshPlugins (0ms)
			BeforeProcessingInitializeOnLoad (84ms)
			ProcessInitializeOnLoadAttributes (452ms)
			ProcessInitializeOnLoadMethodAttributes (24ms)
			AfterProcessingInitializeOnLoad (10ms)
			EditorAssembliesLoaded (0ms)
		ExecutionOrderSort2 (0ms)
		AwakeInstancesAfterBackupRestoration (8ms)
Refreshing native plugins compatible for Editor in 5.67 ms, found 3 plugins.
Preloading 0 native plugins for Editor in 0.00 ms.
Unloading 3252 Unused Serialized files (Serialized files now loaded: 0)
Unloading 53 unused Assets / (4.0 MB). Loaded Objects now: 3828.
Memory consumption went from 221.9 MB to 218.0 MB.
Total: 5.676400 ms (FindLiveObjects: 0.307700 ms CreateObjectMapping: 0.209600 ms MarkObjects: 3.831400 ms  DeleteObjects: 1.325600 ms)

Prepare: number of updated asset objects reloaded= 0
AssetImportParameters requested are different than current active one (requested -> active):
  custom:scripting/monoscript/fileName/Decorators.cs: 4533f6715dc3f8cdabbd37ff77d1dad7 -> 
  custom:scripting/monoscript/fileName/GlobalSettings.cs: e5eb35b80bdfaee4ead1e1630fd77998 -> 
  custom:scripting/monoscript/fileName/PostProcessEffectBaseEditor.cs: 972bdf00f442be0d879dcb6868e25c8e -> 
  custom:scripting/monoscript/fileName/PostProcessRenderContext.cs: 9e034c8bf7d42a1d6c2d4339915eccb0 -> 
  custom:scripting/monoscript/fileName/Spline.cs: 7876820de12ed89d33ad838af99a030e -> 
  custom:scripting/monoscript/fileName/ColorGrading.cs: ef67493fb3cf9676ba5f25862510a595 -> 
  custom:scripting/monoscript/fileName/Monitor.cs: e0eb5d32b3aade2e0ce8680b00ac2b78 -> 
  custom:scripting/precompiled-assembly-types:Unity.Postprocessing.Runtime: 655cd018e42ac91ed9a03cfbdae17956 -> 
  custom:scripting/monoscript/fileName/TemporalAntialiasing.cs: 71e40fdab49d34f4e07f83936454d904 -> 
  custom:container-demuxer-ogg: 62fdf1f143b41e24485cea50d1cbac27 -> 
  custom:scripting/monoscript/fileName/AmbientOcclusion.cs: 7a27923f9312611f0b2898a72e3ee96a -> 
  custom:scripting/monoscript/fileName/PostProcessDebugLayer.cs: 6d8a99809398beddf11f92dfbb0e6ad4 -> 
  custom:scripting/monoscript/fileName/ColorUtilities.cs: 47918ebfa890b947a816b80444ee2882 -> 
  custom:scripting/monoscript/fileName/ParameterOverride.cs: 5475497db741ca919df708e5019e593d -> 
  custom:scripting/monoscript/fileName/TextureLerper.cs: 973e800795f77d61d647ea0c3f0cf284 -> 
  custom:scripting/precompiled-assembly-types:Unity.Postprocessing.Editor: 23b49e25b965492466cd147d7735360a -> 
  custom:scripting/monoscript/fileName/Vignette.cs: e0b99ac31b7575ef776e7be56647abb0 -> 
  custom:scripting/monoscript/fileName/DepthOfFieldEditor.cs: 64cce655bf722c851048e2ebbf401a7b -> 
  custom:scripting/monoscript/fileName/DefaultPostProcessEffectEditor.cs: 06a1d8fcea7725e08b95f21cc15fd0a1 -> 
  custom:scripting/monoscript/fileName/PostProcessLayer.cs: aa288976158dcd4c24041d5304f25d07 -> 
  custom:scripting/monoscript/fileName/MaxAttribute.cs: d661645ab8c724f24b3e19978e87b44c -> 
  custom:scripting/monoscript/fileName/PostProcessDebugEditor.cs: 1a0488d8742bf880cc7334e53e2cc73d -> 
  custom:video-decoder-ogg-theora: a1e56fd34408186e4bbccfd4996cb3dc -> 
  custom:scripting/monoscript/fileName/SerializedParameterOverride.cs: 5e4deaf96895d013d32a8e84ec179f8e -> 
  custom:scripting/monoscript/fileName/MeshUtilities.cs: dc5356b699afd34cf9728f4d65b476a0 -> 
  custom:scripting/monoscript/fileName/AmbientOcclusionEditor.cs: 61e5422c29b8f52188d508eb7d382167 -> 
  custom:scripting/monoscript/fileName/FastApproximateAntialiasing.cs: bf5588b2deec2689a812a7d2eacd9bd5 -> 
  custom:scripting/monoscript/fileName/MotionBlur.cs: 823914e335803785a19e5990c6ab2911 -> 
  custom:scripting/monoscript/fileName/DefineSetter.cs: 292ba08e52064b1a72f8d4bb04301dd3 -> 
  custom:framework-win-MediaFoundation: 216162199b28c13a410421893ffa2e32 -> 
  custom:scripting/monoscript/fileName/ShaderIDs.cs: 96024f1f873475da65a783f1404f9117 -> 
  custom:scripting/monoscript/fileName/PostProcessEditorAttribute.cs: 672a58b4d5bab60112487a31c361c481 -> 
  custom:scripting/monoscript/fileName/LensDistortionEditor.cs: dee045d29944d55e8040435a58a7ce90 -> 
  custom:scripting/monoscript/fileName/MotionBlurEditor.cs: 3bd8d3e7e9a7ea94beb2e5517b62d27b -> 
  custom:scripting/monoscript/fileName/Dithering.cs: 3014fffaa718d0ad6dd2c7bb7956ed46 -> 
  custom:scripting/monoscript/fileName/DecoratorAttribute.cs: be5bd39119e1a41ea1a019fdb3818a3f -> 
  custom:scripting/monoscript/fileName/DisplayNameAttribute.cs: 935a6ac504eb8a852fba40cbcae9292c -> 
  custom:scripting/monoscript/fileName/PostProcessEffectSettings.cs: 2ab9d33170e863b1a9c8a9079cdd12aa -> 
  custom:scripting/monoscript/fileName/Fog.cs: 07e271953e2bcf8513b6a72a2737e767 -> 
  custom:scripting/monoscript/fileName/PostProcessManager.cs: 28ef7780d543a8111635e1f5051383d0 -> 
  custom:scripting/monoscript/fileName/VolumeFactory.cs: cc77136700c9e1ff894d234886ccb852 -> 
  custom:CustomObjectIndexerAttribute: 9a22284fe3817be447336de3de66b15e -> 
  custom:scripting/monoscript/fileName/PostProcessEvent.cs: 8fb6e54ff2cf1a8be7ecdd01fbdd78f8 -> 
  custom:scripting/monoscript/fileName/TrackballAttribute.cs: 8dea8f77de7bd03137cc578af1ea6656 -> 
  custom:scripting/monoscript/fileName/TrackballDecorator.cs: 6a2b6c747937d12d8d81be8f5b21fbd2 -> 
  custom:scripting/monoscript/fileName/MultiScaleVO.cs: d4c4732956ffb536e016475d75f04c43 -> 
  custom:scripting/monoscript/fileName/CubeLutAssetFactory.cs: db1961888d7cabf6be94b37e3b663de4 -> 
  custom:container-demuxer-webm: 4f35f7cbe854078d1ac9338744f61a02 -> 
  custom:scripting/monoscript/fileName/PostProcessVolumeEditor.cs: 7aae71821512dcac422c45dc773293c3 -> 
  custom:scripting/monoscript/fileName/ChromaticAberration.cs: 4d59e57f8324f5f986e16678ed451410 -> 
  custom:scripting/monoscript/fileName/VignetteEditor.cs: 345736fc911c5e8ab23e579751a40e4a -> 
  custom:scripting/monoscript/fileName/Styling.cs: d1c4aa14ff93670753edfbb93fc91bfe -> 
  custom:scripting/monoscript/fileName/PostProcessEffectRendererExtensions.cs: e953624d113e7e1739c702512603957d -> 
  custom:scripting/monoscript/fileName/ScalableAO.cs: 2f29d71d59b754086c809cfee1cdce34 -> 
  custom:scripting/monoscript/fileName/PostProcessLayerEditor.cs: d16de665ece05cd6e27dcc8d7bac4b9a -> 
  custom:scripting/monoscript/fileName/MinMaxAttribute.cs: a4b6ac8a4377612c7135a60f905792f1 -> 
  custom:scripting/monoscript/fileName/SubpixelMorphologicalAntialiasing.cs: 02dcb8839824addec278047da0509aea -> 
  custom:scripting/monoscript/fileName/BaseEditor.cs: 90647cc400823b41df847a6cbfc29026 -> 
  custom:container-muxer-webm: aa71ff27fc2769a1b78a27578f13a17b -> 
  custom:video-decoder-webm-vp8: 9c59270c3fd7afecdb556c50c9e8de78 -> 
  custom:SearchIndexIgnoredProperties: e643bd26f0fe6173181afceb89e7c659 -> 
  custom:scripting/monoscript/fileName/ChromaticAberrationEditor.cs: 3043bf57519b71f64b7a6de970c2487b -> 
  custom:scripting/monoscript/fileName/PostProcessEffectRenderer.cs: 577c5acf8157ecea944bb95c8c6d9a95 -> 
  custom:AudioImporter_EditorPlatform: d09bf68614088b80899f8185d706f6e7 -> 
  custom:scripting/monoscript/fileName/TextureFormatUtilities.cs: ba58c57cfaabc0f8201a9ca6902fcb23 -> 
  custom:scripting/monoscript/fileName/PostProcessVolume.cs: 3883cef4be0567c54caf457a416a2095 -> 
  custom:scripting/monoscript/fileName/LightMeterMonitor.cs: a897ae0c731cb153281aea9ecd0efb03 -> 
  custom:scripting/monoscript/fileName/ColorGradingEditor.cs: 25838050e3e1f12ef51713a5dcf60349 -> 
  custom:scripting/monoscript/fileName/AttributeDecorator.cs: 39b465f08cd0a5df82fc2ef70b766ca2 -> 
  custom:scripting/monoscript/fileName/AutoExposureEditor.cs: dfd15824649ea346b717bc72a871d75b -> 
  custom:scripting/monoscript/fileName/LensDistortion.cs: b7963bb1da21ba484a7b59b9f6ea3aec -> 
  custom:scripting/monoscript/fileName/ResourceAssetFactory.cs: bf6acc988648d854bb3c5751325d0d0a -> 
  custom:scripting/monoscript/fileName/PostProcessProfileEditor.cs: 1dcd55858a4126cb33b0f2de53c74fbe -> 
  custom:scripting/monoscript/fileName/Skybox.cs: c122ade9e2d3a916264f47a45be02789 -> 
  custom:scripting/monoscript/fileName/PostProcessDebug.cs: a653e9b773649e7452b035b4ce1dae82 -> 
  custom:scripting/monoscript/fileName/PostProcessAttribute.cs: e125947bf72ce7382f3b16f75797c897 -> 
  custom:scripting/monoscript/fileName/Grain.cs: 43f09a87a88d9937fbb9c4dbf3d5508e -> 
  custom:scripting/monoscript/fileName/HistogramMonitor.cs: 6fd024409d6e9db8d4c2c4e26430c2ad -> 
  custom:scripting/monoscript/fileName/PostProcessProfile.cs: f6dc030e2e953b2ed0eca334cce5d5cf -> 
  custom:scripting/monoscript/fileName/ProfileFactory.cs: f835845dfebfed501813f60a1cb006a3 -> 
  custom:scripting/monoscript/fileName/PostProcessEffectEditor.cs: 90647cc400823b41df847a6cbfc29026 -> 
  custom:scripting/monoscript/fileName/CubeLutAssetImporter.cs: 5e94ca4c74dad11cc8880f33d0ba9efb -> 
  custom:scripting/monoscript/fileName/PostProcessBundle.cs: f610f855c8ae8b896b5084e85ede373e -> 
  custom:scripting/monoscript/fileName/ScreenSpaceReflectionsEditor.cs: 59c13ba25de6098e70bafe8be94f609a -> 
  custom:video-encoder-webm-vp8: eb34c28f22e8b96e1ab97ce403110664 -> 
  custom:scripting/monoscript/fileName/RuntimeUtilities.cs: 76964d36e50cc48cfa29643bdde8d9a5 -> 
  custom:scripting/monoscript/fileName/Bloom.cs: 6f6d579a64201b97313a62a1e91b3575 -> 
  custom:audio-decoder-ogg-vorbis: bf7c407c2cedff20999df2af8eb42d56 -> 
  custom:scripting/monoscript/fileName/AutoExposure.cs: 0e7c21b17f53209ee8c5c61ab59d7835 -> 
  custom:scripting/monoscript/fileName/VectorscopeMonitor.cs: cb70c6437b976f01b752cd219cc47f32 -> 
  custom:scripting/monoscript/fileName/PropertySheetFactory.cs: cfc4667cc03e44252fafe18d99f24b25 -> 
  custom:scripting/monoscript/fileName/EditorUtilities.cs: 53a52fb113757c42f9c516115bd845ca -> 
  custom:scripting/monoscript/fileName/HaltonSeq.cs: a7590e55d6fae5328a1c395a2473d0cf -> 
  custom:scripting/monoscript/fileName/MinAttribute.cs: a3e7473301291585f4cca024ce307406 -> 
  custom:scripting/monoscript/fileName/DepthOfField.cs: d62178d8b5619f59fcdd6d24617ef5fd -> 
  custom:scripting/monoscript/fileName/BloomEditor.cs: c341bb26b40744c3a5c2a142ac3e1051 -> 
  custom:scripting/monoscript/fileName/WaveformMonitor.cs: 609651ee3f98f206575f684e9cce655d -> 
  custom:scripting/monoscript/fileName/HableCurve.cs: f244b24d6e7c556a2de06e25b0bbf4c1 -> 
  custom:audio-encoder-webm-vorbis: bf7c407c2cedff20999df2af8eb42d56 -> 
  custom:scripting/monoscript/fileName/PropertySheet.cs: e6bb03169eca9d33ea794a47ad6ce213 -> 
  custom:scripting/monoscript/fileName/TargetPool.cs: 6d29560228134c933c12fb1c113fb6ef -> 
  custom:scripting/monoscript/fileName/LogHistogram.cs: bab913d888834a1a8572eb834acec97c -> 
  custom:scripting/monoscript/fileName/ScreenSpaceReflections.cs: 8afa07200328ddfcb2536d4180c62536 -> 
  custom:scripting/precompiled-assembly-types:Assembly-CSharp: 9bc7c08e5c2b2dc83dd26948d420372a -> b5609ffa9375a1719a4b9b879c420584
  custom:scripting/monoscript/fileName/CurveEditor.cs: f5e872b2a5a6427a1785818cb10d95d1 -> 
  custom:scripting/monoscript/fileName/PostProcessResources.cs: 5089c17a701ba9b714a1f3d25fb9a9b0 -> 
  custom:scripting/monoscript/fileName/EffectListEditor.cs: 1ecdb4094d9e64024d6eb7725a86197b -> 
========================================================================
Received Prepare
Caller must complete domain reload
Begin MonoManager ReloadAssembly
- Loaded All Assemblies, in  1.016 seconds
Native extension for WindowsStandalone target not found
Native extension for WebGL target not found
Mono: successfully reloaded assembly
- Finished resetting the current domain, in  1.659 seconds
Domain Reload Profiling: 2666ms
	BeginReloadAssembly (265ms)
		ExecutionOrderSort (0ms)
		DisableScriptedObjects (16ms)
		BackupInstance (0ms)
		ReleaseScriptingObjects (0ms)
		CreateAndSetChildDomain (45ms)
	RebuildCommonClasses (140ms)
	RebuildNativeTypeToScriptingClass (23ms)
	initialDomainReloadingComplete (63ms)
	LoadAllAssembliesAndSetupDomain (516ms)
		LoadAssemblies (526ms)
		RebuildTransferFunctionScriptingTraits (0ms)
		AnalyzeDomain (136ms)
			TypeCache.Refresh (105ms)
				TypeCache.ScanAssembly (87ms)
			ScanForSourceGeneratedMonoScriptInfo (22ms)
			ResolveRequiredComponents (7ms)
	FinalizeReload (1660ms)
		ReleaseScriptCaches (0ms)
		RebuildScriptCaches (0ms)
		SetupLoadedEditorAssemblies (575ms)
			LogAssemblyErrors (0ms)
			InitializePlatformSupportModulesInManaged (7ms)
			SetLoadedEditorAssemblies (3ms)
			RefreshPlugins (0ms)
			BeforeProcessingInitializeOnLoad (98ms)
			ProcessInitializeOnLoadAttributes (418ms)
			ProcessInitializeOnLoadMethodAttributes (34ms)
			AfterProcessingInitializeOnLoad (16ms)
			EditorAssembliesLoaded (0ms)
		ExecutionOrderSort2 (0ms)
		AwakeInstancesAfterBackupRestoration (14ms)
Refreshing native plugins compatible for Editor in 4.60 ms, found 3 plugins.
Preloading 0 native plugins for Editor in 0.00 ms.
Unloading 3252 Unused Serialized files (Serialized files now loaded: 0)
Unloading 53 unused Assets / (3.9 MB). Loaded Objects now: 3831.
Memory consumption went from 221.9 MB to 218.0 MB.
Total: 4.487500 ms (FindLiveObjects: 0.266700 ms CreateObjectMapping: 0.179700 ms MarkObjects: 2.811800 ms  DeleteObjects: 1.227800 ms)

Prepare: number of updated asset objects reloaded= 0
AssetImportParameters requested are different than current active one (requested -> active):
  custom:scripting/monoscript/fileName/Decorators.cs: 4533f6715dc3f8cdabbd37ff77d1dad7 -> 
  custom:scripting/monoscript/fileName/GlobalSettings.cs: e5eb35b80bdfaee4ead1e1630fd77998 -> 
  custom:scripting/monoscript/fileName/PostProcessEffectBaseEditor.cs: 972bdf00f442be0d879dcb6868e25c8e -> 
  custom:scripting/monoscript/fileName/PostProcessRenderContext.cs: 9e034c8bf7d42a1d6c2d4339915eccb0 -> 
  custom:scripting/monoscript/fileName/Spline.cs: 7876820de12ed89d33ad838af99a030e -> 
  custom:scripting/monoscript/fileName/ColorGrading.cs: ef67493fb3cf9676ba5f25862510a595 -> 
  custom:scripting/monoscript/fileName/Monitor.cs: e0eb5d32b3aade2e0ce8680b00ac2b78 -> 
  custom:scripting/precompiled-assembly-types:Unity.Postprocessing.Runtime: 655cd018e42ac91ed9a03cfbdae17956 -> 
  custom:scripting/monoscript/fileName/TemporalAntialiasing.cs: 71e40fdab49d34f4e07f83936454d904 -> 
  custom:container-demuxer-ogg: 62fdf1f143b41e24485cea50d1cbac27 -> 
  custom:scripting/monoscript/fileName/AmbientOcclusion.cs: 7a27923f9312611f0b2898a72e3ee96a -> 
  custom:scripting/monoscript/fileName/PostProcessDebugLayer.cs: 6d8a99809398beddf11f92dfbb0e6ad4 -> 
  custom:scripting/monoscript/fileName/ColorUtilities.cs: 47918ebfa890b947a816b80444ee2882 -> 
  custom:scripting/monoscript/fileName/ParameterOverride.cs: 5475497db741ca919df708e5019e593d -> 
  custom:scripting/monoscript/fileName/TextureLerper.cs: 973e800795f77d61d647ea0c3f0cf284 -> 
  custom:scripting/precompiled-assembly-types:Unity.Postprocessing.Editor: 23b49e25b965492466cd147d7735360a -> 
  custom:scripting/monoscript/fileName/Vignette.cs: e0b99ac31b7575ef776e7be56647abb0 -> 
  custom:scripting/monoscript/fileName/DepthOfFieldEditor.cs: 64cce655bf722c851048e2ebbf401a7b -> 
  custom:scripting/monoscript/fileName/DefaultPostProcessEffectEditor.cs: 06a1d8fcea7725e08b95f21cc15fd0a1 -> 
  custom:scripting/monoscript/fileName/PostProcessLayer.cs: aa288976158dcd4c24041d5304f25d07 -> 
  custom:scripting/monoscript/fileName/MaxAttribute.cs: d661645ab8c724f24b3e19978e87b44c -> 
  custom:scripting/monoscript/fileName/PostProcessDebugEditor.cs: 1a0488d8742bf880cc7334e53e2cc73d -> 
  custom:video-decoder-ogg-theora: a1e56fd34408186e4bbccfd4996cb3dc -> 
  custom:scripting/monoscript/fileName/SerializedParameterOverride.cs: 5e4deaf96895d013d32a8e84ec179f8e -> 
  custom:scripting/monoscript/fileName/MeshUtilities.cs: dc5356b699afd34cf9728f4d65b476a0 -> 
  custom:scripting/monoscript/fileName/AmbientOcclusionEditor.cs: 61e5422c29b8f52188d508eb7d382167 -> 
  custom:scripting/monoscript/fileName/FastApproximateAntialiasing.cs: bf5588b2deec2689a812a7d2eacd9bd5 -> 
  custom:scripting/monoscript/fileName/MotionBlur.cs: 823914e335803785a19e5990c6ab2911 -> 
  custom:scripting/monoscript/fileName/DefineSetter.cs: 292ba08e52064b1a72f8d4bb04301dd3 -> 
  custom:framework-win-MediaFoundation: 216162199b28c13a410421893ffa2e32 -> 
  custom:scripting/monoscript/fileName/ShaderIDs.cs: 96024f1f873475da65a783f1404f9117 -> 
  custom:scripting/monoscript/fileName/PostProcessEditorAttribute.cs: 672a58b4d5bab60112487a31c361c481 -> 
  custom:scripting/monoscript/fileName/LensDistortionEditor.cs: dee045d29944d55e8040435a58a7ce90 -> 
  custom:scripting/monoscript/fileName/MotionBlurEditor.cs: 3bd8d3e7e9a7ea94beb2e5517b62d27b -> 
  custom:scripting/monoscript/fileName/Dithering.cs: 3014fffaa718d0ad6dd2c7bb7956ed46 -> 
  custom:scripting/monoscript/fileName/DecoratorAttribute.cs: be5bd39119e1a41ea1a019fdb3818a3f -> 
  custom:scripting/monoscript/fileName/DisplayNameAttribute.cs: 935a6ac504eb8a852fba40cbcae9292c -> 
  custom:scripting/monoscript/fileName/PostProcessEffectSettings.cs: 2ab9d33170e863b1a9c8a9079cdd12aa -> 
  custom:scripting/monoscript/fileName/Fog.cs: 07e271953e2bcf8513b6a72a2737e767 -> 
  custom:scripting/monoscript/fileName/PostProcessManager.cs: 28ef7780d543a8111635e1f5051383d0 -> 
  custom:scripting/monoscript/fileName/VolumeFactory.cs: cc77136700c9e1ff894d234886ccb852 -> 
  custom:CustomObjectIndexerAttribute: 9a22284fe3817be447336de3de66b15e -> 
  custom:scripting/monoscript/fileName/PostProcessEvent.cs: 8fb6e54ff2cf1a8be7ecdd01fbdd78f8 -> 
  custom:scripting/monoscript/fileName/TrackballAttribute.cs: 8dea8f77de7bd03137cc578af1ea6656 -> 
  custom:scripting/monoscript/fileName/TrackballDecorator.cs: 6a2b6c747937d12d8d81be8f5b21fbd2 -> 
  custom:scripting/monoscript/fileName/MultiScaleVO.cs: d4c4732956ffb536e016475d75f04c43 -> 
  custom:scripting/monoscript/fileName/CubeLutAssetFactory.cs: db1961888d7cabf6be94b37e3b663de4 -> 
  custom:container-demuxer-webm: 4f35f7cbe854078d1ac9338744f61a02 -> 
  custom:scripting/monoscript/fileName/PostProcessVolumeEditor.cs: 7aae71821512dcac422c45dc773293c3 -> 
  custom:scripting/monoscript/fileName/ChromaticAberration.cs: 4d59e57f8324f5f986e16678ed451410 -> 
  custom:scripting/monoscript/fileName/VignetteEditor.cs: 345736fc911c5e8ab23e579751a40e4a -> 
  custom:scripting/monoscript/fileName/Styling.cs: d1c4aa14ff93670753edfbb93fc91bfe -> 
  custom:scripting/monoscript/fileName/PostProcessEffectRendererExtensions.cs: e953624d113e7e1739c702512603957d -> 
  custom:scripting/monoscript/fileName/ScalableAO.cs: 2f29d71d59b754086c809cfee1cdce34 -> 
  custom:scripting/monoscript/fileName/PostProcessLayerEditor.cs: d16de665ece05cd6e27dcc8d7bac4b9a -> 
  custom:scripting/monoscript/fileName/MinMaxAttribute.cs: a4b6ac8a4377612c7135a60f905792f1 -> 
  custom:scripting/monoscript/fileName/SubpixelMorphologicalAntialiasing.cs: 02dcb8839824addec278047da0509aea -> 
  custom:scripting/monoscript/fileName/BaseEditor.cs: 90647cc400823b41df847a6cbfc29026 -> 
  custom:container-muxer-webm: aa71ff27fc2769a1b78a27578f13a17b -> 
  custom:video-decoder-webm-vp8: 9c59270c3fd7afecdb556c50c9e8de78 -> 
  custom:SearchIndexIgnoredProperties: e643bd26f0fe6173181afceb89e7c659 -> 
  custom:scripting/monoscript/fileName/ChromaticAberrationEditor.cs: 3043bf57519b71f64b7a6de970c2487b -> 
  custom:scripting/monoscript/fileName/PostProcessEffectRenderer.cs: 577c5acf8157ecea944bb95c8c6d9a95 -> 
  custom:AudioImporter_EditorPlatform: d09bf68614088b80899f8185d706f6e7 -> 
  custom:scripting/monoscript/fileName/TextureFormatUtilities.cs: ba58c57cfaabc0f8201a9ca6902fcb23 -> 
  custom:scripting/monoscript/fileName/PostProcessVolume.cs: 3883cef4be0567c54caf457a416a2095 -> 
  custom:scripting/monoscript/fileName/LightMeterMonitor.cs: a897ae0c731cb153281aea9ecd0efb03 -> 
  custom:scripting/monoscript/fileName/ColorGradingEditor.cs: 25838050e3e1f12ef51713a5dcf60349 -> 
  custom:scripting/monoscript/fileName/AttributeDecorator.cs: 39b465f08cd0a5df82fc2ef70b766ca2 -> 
  custom:scripting/monoscript/fileName/AutoExposureEditor.cs: dfd15824649ea346b717bc72a871d75b -> 
  custom:scripting/monoscript/fileName/LensDistortion.cs: b7963bb1da21ba484a7b59b9f6ea3aec -> 
  custom:scripting/monoscript/fileName/ResourceAssetFactory.cs: bf6acc988648d854bb3c5751325d0d0a -> 
  custom:scripting/monoscript/fileName/PostProcessProfileEditor.cs: 1dcd55858a4126cb33b0f2de53c74fbe -> 
  custom:scripting/monoscript/fileName/Skybox.cs: c122ade9e2d3a916264f47a45be02789 -> 
  custom:scripting/monoscript/fileName/PostProcessDebug.cs: a653e9b773649e7452b035b4ce1dae82 -> 
  custom:scripting/monoscript/fileName/PostProcessAttribute.cs: e125947bf72ce7382f3b16f75797c897 -> 
  custom:scripting/monoscript/fileName/Grain.cs: 43f09a87a88d9937fbb9c4dbf3d5508e -> 
  custom:scripting/monoscript/fileName/HistogramMonitor.cs: 6fd024409d6e9db8d4c2c4e26430c2ad -> 
  custom:scripting/monoscript/fileName/PostProcessProfile.cs: f6dc030e2e953b2ed0eca334cce5d5cf -> 
  custom:scripting/monoscript/fileName/ProfileFactory.cs: f835845dfebfed501813f60a1cb006a3 -> 
  custom:scripting/monoscript/fileName/PostProcessEffectEditor.cs: 90647cc400823b41df847a6cbfc29026 -> 
  custom:scripting/monoscript/fileName/CubeLutAssetImporter.cs: 5e94ca4c74dad11cc8880f33d0ba9efb -> 
  custom:scripting/monoscript/fileName/PostProcessBundle.cs: f610f855c8ae8b896b5084e85ede373e -> 
  custom:scripting/monoscript/fileName/ScreenSpaceReflectionsEditor.cs: 59c13ba25de6098e70bafe8be94f609a -> 
  custom:video-encoder-webm-vp8: eb34c28f22e8b96e1ab97ce403110664 -> 
  custom:scripting/monoscript/fileName/RuntimeUtilities.cs: 76964d36e50cc48cfa29643bdde8d9a5 -> 
  custom:scripting/monoscript/fileName/Bloom.cs: 6f6d579a64201b97313a62a1e91b3575 -> 
  custom:audio-decoder-ogg-vorbis: bf7c407c2cedff20999df2af8eb42d56 -> 
  custom:scripting/monoscript/fileName/AutoExposure.cs: 0e7c21b17f53209ee8c5c61ab59d7835 -> 
  custom:scripting/monoscript/fileName/VectorscopeMonitor.cs: cb70c6437b976f01b752cd219cc47f32 -> 
  custom:scripting/monoscript/fileName/PropertySheetFactory.cs: cfc4667cc03e44252fafe18d99f24b25 -> 
  custom:scripting/monoscript/fileName/EditorUtilities.cs: 53a52fb113757c42f9c516115bd845ca -> 
  custom:scripting/monoscript/fileName/HaltonSeq.cs: a7590e55d6fae5328a1c395a2473d0cf -> 
  custom:scripting/monoscript/fileName/MinAttribute.cs: a3e7473301291585f4cca024ce307406 -> 
  custom:scripting/monoscript/fileName/DepthOfField.cs: d62178d8b5619f59fcdd6d24617ef5fd -> 
  custom:scripting/monoscript/fileName/BloomEditor.cs: c341bb26b40744c3a5c2a142ac3e1051 -> 
  custom:scripting/monoscript/fileName/WaveformMonitor.cs: 609651ee3f98f206575f684e9cce655d -> 
  custom:scripting/monoscript/fileName/HableCurve.cs: f244b24d6e7c556a2de06e25b0bbf4c1 -> 
  custom:audio-encoder-webm-vorbis: bf7c407c2cedff20999df2af8eb42d56 -> 
  custom:scripting/monoscript/fileName/PropertySheet.cs: e6bb03169eca9d33ea794a47ad6ce213 -> 
  custom:scripting/monoscript/fileName/TargetPool.cs: 6d29560228134c933c12fb1c113fb6ef -> 
  custom:scripting/monoscript/fileName/LogHistogram.cs: bab913d888834a1a8572eb834acec97c -> 
  custom:scripting/monoscript/fileName/ScreenSpaceReflections.cs: 8afa07200328ddfcb2536d4180c62536 -> 
  custom:scripting/precompiled-assembly-types:Assembly-CSharp: 9bc7c08e5c2b2dc83dd26948d420372a -> b5609ffa9375a1719a4b9b879c420584
  custom:scripting/monoscript/fileName/CurveEditor.cs: f5e872b2a5a6427a1785818cb10d95d1 -> 
  custom:scripting/monoscript/fileName/PostProcessResources.cs: 5089c17a701ba9b714a1f3d25fb9a9b0 -> 
  custom:scripting/monoscript/fileName/EffectListEditor.cs: 1ecdb4094d9e64024d6eb7725a86197b -> 
========================================================================
Received Prepare
Caller must complete domain reload
Begin MonoManager ReloadAssembly
- Loaded All Assemblies, in  0.376 seconds
Native extension for WindowsStandalone target not found
Native extension for WebGL target not found
Mono: successfully reloaded assembly
- Finished resetting the current domain, in  0.821 seconds
Domain Reload Profiling: 1196ms
	BeginReloadAssembly (134ms)
		ExecutionOrderSort (0ms)
		DisableScriptedObjects (5ms)
		BackupInstance (0ms)
		ReleaseScriptingObjects (0ms)
		CreateAndSetChildDomain (27ms)
	RebuildCommonClasses (27ms)
	RebuildNativeTypeToScriptingClass (9ms)
	initialDomainReloadingComplete (26ms)
	LoadAllAssembliesAndSetupDomain (178ms)
		LoadAssemblies (239ms)
		RebuildTransferFunctionScriptingTraits (0ms)
		AnalyzeDomain (12ms)
			TypeCache.Refresh (6ms)
				TypeCache.ScanAssembly (0ms)
			ScanForSourceGeneratedMonoScriptInfo (0ms)
			ResolveRequiredComponents (4ms)
	FinalizeReload (822ms)
		ReleaseScriptCaches (0ms)
		RebuildScriptCaches (0ms)
		SetupLoadedEditorAssemblies (390ms)
			LogAssemblyErrors (0ms)
			InitializePlatformSupportModulesInManaged (7ms)
			SetLoadedEditorAssemblies (3ms)
			RefreshPlugins (0ms)
			BeforeProcessingInitializeOnLoad (59ms)
			ProcessInitializeOnLoadAttributes (292ms)
			ProcessInitializeOnLoadMethodAttributes (21ms)
			AfterProcessingInitializeOnLoad (9ms)
			EditorAssembliesLoaded (0ms)
		ExecutionOrderSort2 (0ms)
		AwakeInstancesAfterBackupRestoration (7ms)
Refreshing native plugins compatible for Editor in 5.29 ms, found 3 plugins.
Preloading 0 native plugins for Editor in 0.00 ms.
Unloading 3252 Unused Serialized files (Serialized files now loaded: 0)
Unloading 53 unused Assets / (4.0 MB). Loaded Objects now: 3834.
Memory consumption went from 221.9 MB to 218.0 MB.
Total: 5.110300 ms (FindLiveObjects: 0.258700 ms CreateObjectMapping: 0.156800 ms MarkObjects: 3.133200 ms  DeleteObjects: 1.559800 ms)

Prepare: number of updated asset objects reloaded= 0
AssetImportParameters requested are different than current active one (requested -> active):
  custom:scripting/monoscript/fileName/Decorators.cs: 4533f6715dc3f8cdabbd37ff77d1dad7 -> 
  custom:scripting/monoscript/fileName/GlobalSettings.cs: e5eb35b80bdfaee4ead1e1630fd77998 -> 
  custom:scripting/monoscript/fileName/PostProcessEffectBaseEditor.cs: 972bdf00f442be0d879dcb6868e25c8e -> 
  custom:scripting/monoscript/fileName/PostProcessRenderContext.cs: 9e034c8bf7d42a1d6c2d4339915eccb0 -> 
  custom:scripting/monoscript/fileName/Spline.cs: 7876820de12ed89d33ad838af99a030e -> 
  custom:scripting/monoscript/fileName/ColorGrading.cs: ef67493fb3cf9676ba5f25862510a595 -> 
  custom:scripting/monoscript/fileName/Monitor.cs: e0eb5d32b3aade2e0ce8680b00ac2b78 -> 
  custom:scripting/precompiled-assembly-types:Unity.Postprocessing.Runtime: 655cd018e42ac91ed9a03cfbdae17956 -> 
  custom:scripting/monoscript/fileName/TemporalAntialiasing.cs: 71e40fdab49d34f4e07f83936454d904 -> 
  custom:container-demuxer-ogg: 62fdf1f143b41e24485cea50d1cbac27 -> 
  custom:scripting/monoscript/fileName/AmbientOcclusion.cs: 7a27923f9312611f0b2898a72e3ee96a -> 
  custom:scripting/monoscript/fileName/PostProcessDebugLayer.cs: 6d8a99809398beddf11f92dfbb0e6ad4 -> 
  custom:scripting/monoscript/fileName/ColorUtilities.cs: 47918ebfa890b947a816b80444ee2882 -> 
  custom:scripting/monoscript/fileName/ParameterOverride.cs: 5475497db741ca919df708e5019e593d -> 
  custom:scripting/monoscript/fileName/TextureLerper.cs: 973e800795f77d61d647ea0c3f0cf284 -> 
  custom:scripting/precompiled-assembly-types:Unity.Postprocessing.Editor: 23b49e25b965492466cd147d7735360a -> 
  custom:scripting/monoscript/fileName/Vignette.cs: e0b99ac31b7575ef776e7be56647abb0 -> 
  custom:scripting/monoscript/fileName/DepthOfFieldEditor.cs: 64cce655bf722c851048e2ebbf401a7b -> 
  custom:scripting/monoscript/fileName/DefaultPostProcessEffectEditor.cs: 06a1d8fcea7725e08b95f21cc15fd0a1 -> 
  custom:scripting/monoscript/fileName/PostProcessLayer.cs: aa288976158dcd4c24041d5304f25d07 -> 
  custom:scripting/monoscript/fileName/MaxAttribute.cs: d661645ab8c724f24b3e19978e87b44c -> 
  custom:scripting/monoscript/fileName/PostProcessDebugEditor.cs: 1a0488d8742bf880cc7334e53e2cc73d -> 
  custom:video-decoder-ogg-theora: a1e56fd34408186e4bbccfd4996cb3dc -> 
  custom:scripting/monoscript/fileName/SerializedParameterOverride.cs: 5e4deaf96895d013d32a8e84ec179f8e -> 
  custom:scripting/monoscript/fileName/MeshUtilities.cs: dc5356b699afd34cf9728f4d65b476a0 -> 
  custom:scripting/monoscript/fileName/AmbientOcclusionEditor.cs: 61e5422c29b8f52188d508eb7d382167 -> 
  custom:scripting/monoscript/fileName/FastApproximateAntialiasing.cs: bf5588b2deec2689a812a7d2eacd9bd5 -> 
  custom:scripting/monoscript/fileName/MotionBlur.cs: 823914e335803785a19e5990c6ab2911 -> 
  custom:scripting/monoscript/fileName/DefineSetter.cs: 292ba08e52064b1a72f8d4bb04301dd3 -> 
  custom:framework-win-MediaFoundation: 216162199b28c13a410421893ffa2e32 -> 
  custom:scripting/monoscript/fileName/ShaderIDs.cs: 96024f1f873475da65a783f1404f9117 -> 
  custom:scripting/monoscript/fileName/PostProcessEditorAttribute.cs: 672a58b4d5bab60112487a31c361c481 -> 
  custom:scripting/monoscript/fileName/LensDistortionEditor.cs: dee045d29944d55e8040435a58a7ce90 -> 
  custom:scripting/monoscript/fileName/MotionBlurEditor.cs: 3bd8d3e7e9a7ea94beb2e5517b62d27b -> 
  custom:scripting/monoscript/fileName/Dithering.cs: 3014fffaa718d0ad6dd2c7bb7956ed46 -> 
  custom:scripting/monoscript/fileName/DecoratorAttribute.cs: be5bd39119e1a41ea1a019fdb3818a3f -> 
  custom:scripting/monoscript/fileName/DisplayNameAttribute.cs: 935a6ac504eb8a852fba40cbcae9292c -> 
  custom:scripting/monoscript/fileName/PostProcessEffectSettings.cs: 2ab9d33170e863b1a9c8a9079cdd12aa -> 
  custom:scripting/monoscript/fileName/Fog.cs: 07e271953e2bcf8513b6a72a2737e767 -> 
  custom:scripting/monoscript/fileName/PostProcessManager.cs: 28ef7780d543a8111635e1f5051383d0 -> 
  custom:scripting/monoscript/fileName/VolumeFactory.cs: cc77136700c9e1ff894d234886ccb852 -> 
  custom:CustomObjectIndexerAttribute: 9a22284fe3817be447336de3de66b15e -> 
  custom:scripting/monoscript/fileName/PostProcessEvent.cs: 8fb6e54ff2cf1a8be7ecdd01fbdd78f8 -> 
  custom:scripting/monoscript/fileName/TrackballAttribute.cs: 8dea8f77de7bd03137cc578af1ea6656 -> 
  custom:scripting/monoscript/fileName/TrackballDecorator.cs: 6a2b6c747937d12d8d81be8f5b21fbd2 -> 
  custom:scripting/monoscript/fileName/MultiScaleVO.cs: d4c4732956ffb536e016475d75f04c43 -> 
  custom:scripting/monoscript/fileName/CubeLutAssetFactory.cs: db1961888d7cabf6be94b37e3b663de4 -> 
  custom:container-demuxer-webm: 4f35f7cbe854078d1ac9338744f61a02 -> 
  custom:scripting/monoscript/fileName/PostProcessVolumeEditor.cs: 7aae71821512dcac422c45dc773293c3 -> 
  custom:scripting/monoscript/fileName/ChromaticAberration.cs: 4d59e57f8324f5f986e16678ed451410 -> 
  custom:scripting/monoscript/fileName/VignetteEditor.cs: 345736fc911c5e8ab23e579751a40e4a -> 
  custom:scripting/monoscript/fileName/Styling.cs: d1c4aa14ff93670753edfbb93fc91bfe -> 
  custom:scripting/monoscript/fileName/PostProcessEffectRendererExtensions.cs: e953624d113e7e1739c702512603957d -> 
  custom:scripting/monoscript/fileName/ScalableAO.cs: 2f29d71d59b754086c809cfee1cdce34 -> 
  custom:scripting/monoscript/fileName/PostProcessLayerEditor.cs: d16de665ece05cd6e27dcc8d7bac4b9a -> 
  custom:scripting/monoscript/fileName/MinMaxAttribute.cs: a4b6ac8a4377612c7135a60f905792f1 -> 
  custom:scripting/monoscript/fileName/SubpixelMorphologicalAntialiasing.cs: 02dcb8839824addec278047da0509aea -> 
  custom:scripting/monoscript/fileName/BaseEditor.cs: 90647cc400823b41df847a6cbfc29026 -> 
  custom:container-muxer-webm: aa71ff27fc2769a1b78a27578f13a17b -> 
  custom:video-decoder-webm-vp8: 9c59270c3fd7afecdb556c50c9e8de78 -> 
  custom:SearchIndexIgnoredProperties: e643bd26f0fe6173181afceb89e7c659 -> 
  custom:scripting/monoscript/fileName/ChromaticAberrationEditor.cs: 3043bf57519b71f64b7a6de970c2487b -> 
  custom:scripting/monoscript/fileName/PostProcessEffectRenderer.cs: 577c5acf8157ecea944bb95c8c6d9a95 -> 
  custom:AudioImporter_EditorPlatform: d09bf68614088b80899f8185d706f6e7 -> 
  custom:scripting/monoscript/fileName/TextureFormatUtilities.cs: ba58c57cfaabc0f8201a9ca6902fcb23 -> 
  custom:scripting/monoscript/fileName/PostProcessVolume.cs: 3883cef4be0567c54caf457a416a2095 -> 
  custom:scripting/monoscript/fileName/LightMeterMonitor.cs: a897ae0c731cb153281aea9ecd0efb03 -> 
  custom:scripting/monoscript/fileName/ColorGradingEditor.cs: 25838050e3e1f12ef51713a5dcf60349 -> 
  custom:scripting/monoscript/fileName/AttributeDecorator.cs: 39b465f08cd0a5df82fc2ef70b766ca2 -> 
  custom:scripting/monoscript/fileName/AutoExposureEditor.cs: dfd15824649ea346b717bc72a871d75b -> 
  custom:scripting/monoscript/fileName/LensDistortion.cs: b7963bb1da21ba484a7b59b9f6ea3aec -> 
  custom:scripting/monoscript/fileName/ResourceAssetFactory.cs: bf6acc988648d854bb3c5751325d0d0a -> 
  custom:scripting/monoscript/fileName/PostProcessProfileEditor.cs: 1dcd55858a4126cb33b0f2de53c74fbe -> 
  custom:scripting/monoscript/fileName/Skybox.cs: c122ade9e2d3a916264f47a45be02789 -> 
  custom:scripting/monoscript/fileName/PostProcessDebug.cs: a653e9b773649e7452b035b4ce1dae82 -> 
  custom:scripting/monoscript/fileName/PostProcessAttribute.cs: e125947bf72ce7382f3b16f75797c897 -> 
  custom:scripting/monoscript/fileName/Grain.cs: 43f09a87a88d9937fbb9c4dbf3d5508e -> 
  custom:scripting/monoscript/fileName/HistogramMonitor.cs: 6fd024409d6e9db8d4c2c4e26430c2ad -> 
  custom:scripting/monoscript/fileName/PostProcessProfile.cs: f6dc030e2e953b2ed0eca334cce5d5cf -> 
  custom:scripting/monoscript/fileName/ProfileFactory.cs: f835845dfebfed501813f60a1cb006a3 -> 
  custom:scripting/monoscript/fileName/PostProcessEffectEditor.cs: 90647cc400823b41df847a6cbfc29026 -> 
  custom:scripting/monoscript/fileName/CubeLutAssetImporter.cs: 5e94ca4c74dad11cc8880f33d0ba9efb -> 
  custom:scripting/monoscript/fileName/PostProcessBundle.cs: f610f855c8ae8b896b5084e85ede373e -> 
  custom:scripting/monoscript/fileName/ScreenSpaceReflectionsEditor.cs: 59c13ba25de6098e70bafe8be94f609a -> 
  custom:video-encoder-webm-vp8: eb34c28f22e8b96e1ab97ce403110664 -> 
  custom:scripting/monoscript/fileName/RuntimeUtilities.cs: 76964d36e50cc48cfa29643bdde8d9a5 -> 
  custom:scripting/monoscript/fileName/Bloom.cs: 6f6d579a64201b97313a62a1e91b3575 -> 
  custom:audio-decoder-ogg-vorbis: bf7c407c2cedff20999df2af8eb42d56 -> 
  custom:scripting/monoscript/fileName/AutoExposure.cs: 0e7c21b17f53209ee8c5c61ab59d7835 -> 
  custom:scripting/monoscript/fileName/VectorscopeMonitor.cs: cb70c6437b976f01b752cd219cc47f32 -> 
  custom:scripting/monoscript/fileName/PropertySheetFactory.cs: cfc4667cc03e44252fafe18d99f24b25 -> 
  custom:scripting/monoscript/fileName/EditorUtilities.cs: 53a52fb113757c42f9c516115bd845ca -> 
  custom:scripting/monoscript/fileName/HaltonSeq.cs: a7590e55d6fae5328a1c395a2473d0cf -> 
  custom:scripting/monoscript/fileName/MinAttribute.cs: a3e7473301291585f4cca024ce307406 -> 
  custom:scripting/monoscript/fileName/DepthOfField.cs: d62178d8b5619f59fcdd6d24617ef5fd -> 
  custom:scripting/monoscript/fileName/BloomEditor.cs: c341bb26b40744c3a5c2a142ac3e1051 -> 
  custom:scripting/monoscript/fileName/WaveformMonitor.cs: 609651ee3f98f206575f684e9cce655d -> 
  custom:scripting/monoscript/fileName/HableCurve.cs: f244b24d6e7c556a2de06e25b0bbf4c1 -> 
  custom:audio-encoder-webm-vorbis: bf7c407c2cedff20999df2af8eb42d56 -> 
  custom:scripting/monoscript/fileName/PropertySheet.cs: e6bb03169eca9d33ea794a47ad6ce213 -> 
  custom:scripting/monoscript/fileName/TargetPool.cs: 6d29560228134c933c12fb1c113fb6ef -> 
  custom:scripting/monoscript/fileName/LogHistogram.cs: bab913d888834a1a8572eb834acec97c -> 
  custom:scripting/monoscript/fileName/ScreenSpaceReflections.cs: 8afa07200328ddfcb2536d4180c62536 -> 
  custom:scripting/precompiled-assembly-types:Assembly-CSharp: 9bc7c08e5c2b2dc83dd26948d420372a -> b5609ffa9375a1719a4b9b879c420584
  custom:scripting/monoscript/fileName/CurveEditor.cs: f5e872b2a5a6427a1785818cb10d95d1 -> 
  custom:scripting/monoscript/fileName/PostProcessResources.cs: 5089c17a701ba9b714a1f3d25fb9a9b0 -> 
  custom:scripting/monoscript/fileName/EffectListEditor.cs: 1ecdb4094d9e64024d6eb7725a86197b -> 
========================================================================
Received Prepare
Caller must complete domain reload
Begin MonoManager ReloadAssembly
- Loaded All Assemblies, in  0.378 seconds
Native extension for WindowsStandalone target not found
Native extension for WebGL target not found
Mono: successfully reloaded assembly
- Finished resetting the current domain, in  0.837 seconds
Domain Reload Profiling: 1213ms
	BeginReloadAssembly (131ms)
		ExecutionOrderSort (0ms)
		DisableScriptedObjects (4ms)
		BackupInstance (0ms)
		ReleaseScriptingObjects (0ms)
		CreateAndSetChildDomain (27ms)
	RebuildCommonClasses (27ms)
	RebuildNativeTypeToScriptingClass (9ms)
	initialDomainReloadingComplete (26ms)
	LoadAllAssembliesAndSetupDomain (183ms)
		LoadAssemblies (242ms)
		RebuildTransferFunctionScriptingTraits (0ms)
		AnalyzeDomain (13ms)
			TypeCache.Refresh (6ms)
				TypeCache.ScanAssembly (0ms)
			ScanForSourceGeneratedMonoScriptInfo (0ms)
			ResolveRequiredComponents (5ms)
	FinalizeReload (837ms)
		ReleaseScriptCaches (0ms)
		RebuildScriptCaches (0ms)
		SetupLoadedEditorAssemblies (402ms)
			LogAssemblyErrors (0ms)
			InitializePlatformSupportModulesInManaged (8ms)
			SetLoadedEditorAssemblies (3ms)
			RefreshPlugins (0ms)
			BeforeProcessingInitializeOnLoad (56ms)
			ProcessInitializeOnLoadAttributes (305ms)
			ProcessInitializeOnLoadMethodAttributes (22ms)
			AfterProcessingInitializeOnLoad (7ms)
			EditorAssembliesLoaded (0ms)
		ExecutionOrderSort2 (0ms)
		AwakeInstancesAfterBackupRestoration (7ms)
Refreshing native plugins compatible for Editor in 5.07 ms, found 3 plugins.
Preloading 0 native plugins for Editor in 0.00 ms.
Unloading 3252 Unused Serialized files (Serialized files now loaded: 0)
Unloading 53 unused Assets / (3.9 MB). Loaded Objects now: 3837.
Memory consumption went from 221.9 MB to 218.0 MB.
Total: 5.280800 ms (FindLiveObjects: 0.275300 ms CreateObjectMapping: 0.237900 ms MarkObjects: 3.318000 ms  DeleteObjects: 1.448200 ms)

Prepare: number of updated asset objects reloaded= 0
AssetImportParameters requested are different than current active one (requested -> active):
  custom:scripting/monoscript/fileName/Decorators.cs: 4533f6715dc3f8cdabbd37ff77d1dad7 -> 
  custom:scripting/monoscript/fileName/GlobalSettings.cs: e5eb35b80bdfaee4ead1e1630fd77998 -> 
  custom:scripting/monoscript/fileName/PostProcessEffectBaseEditor.cs: 972bdf00f442be0d879dcb6868e25c8e -> 
  custom:scripting/monoscript/fileName/PostProcessRenderContext.cs: 9e034c8bf7d42a1d6c2d4339915eccb0 -> 
  custom:scripting/monoscript/fileName/Spline.cs: 7876820de12ed89d33ad838af99a030e -> 
  custom:scripting/monoscript/fileName/ColorGrading.cs: ef67493fb3cf9676ba5f25862510a595 -> 
  custom:scripting/monoscript/fileName/Monitor.cs: e0eb5d32b3aade2e0ce8680b00ac2b78 -> 
  custom:scripting/precompiled-assembly-types:Unity.Postprocessing.Runtime: 655cd018e42ac91ed9a03cfbdae17956 -> 
  custom:scripting/monoscript/fileName/TemporalAntialiasing.cs: 71e40fdab49d34f4e07f83936454d904 -> 
  custom:container-demuxer-ogg: 62fdf1f143b41e24485cea50d1cbac27 -> 
  custom:scripting/monoscript/fileName/AmbientOcclusion.cs: 7a27923f9312611f0b2898a72e3ee96a -> 
  custom:scripting/monoscript/fileName/PostProcessDebugLayer.cs: 6d8a99809398beddf11f92dfbb0e6ad4 -> 
  custom:scripting/monoscript/fileName/ColorUtilities.cs: 47918ebfa890b947a816b80444ee2882 -> 
  custom:scripting/monoscript/fileName/ParameterOverride.cs: 5475497db741ca919df708e5019e593d -> 
  custom:scripting/monoscript/fileName/TextureLerper.cs: 973e800795f77d61d647ea0c3f0cf284 -> 
  custom:scripting/precompiled-assembly-types:Unity.Postprocessing.Editor: 23b49e25b965492466cd147d7735360a -> 
  custom:scripting/monoscript/fileName/Vignette.cs: e0b99ac31b7575ef776e7be56647abb0 -> 
  custom:scripting/monoscript/fileName/DepthOfFieldEditor.cs: 64cce655bf722c851048e2ebbf401a7b -> 
  custom:scripting/monoscript/fileName/DefaultPostProcessEffectEditor.cs: 06a1d8fcea7725e08b95f21cc15fd0a1 -> 
  custom:scripting/monoscript/fileName/PostProcessLayer.cs: aa288976158dcd4c24041d5304f25d07 -> 
  custom:scripting/monoscript/fileName/MaxAttribute.cs: d661645ab8c724f24b3e19978e87b44c -> 
  custom:scripting/monoscript/fileName/PostProcessDebugEditor.cs: 1a0488d8742bf880cc7334e53e2cc73d -> 
  custom:video-decoder-ogg-theora: a1e56fd34408186e4bbccfd4996cb3dc -> 
  custom:scripting/monoscript/fileName/SerializedParameterOverride.cs: 5e4deaf96895d013d32a8e84ec179f8e -> 
  custom:scripting/monoscript/fileName/MeshUtilities.cs: dc5356b699afd34cf9728f4d65b476a0 -> 
  custom:scripting/monoscript/fileName/AmbientOcclusionEditor.cs: 61e5422c29b8f52188d508eb7d382167 -> 
  custom:scripting/monoscript/fileName/FastApproximateAntialiasing.cs: bf5588b2deec2689a812a7d2eacd9bd5 -> 
  custom:scripting/monoscript/fileName/MotionBlur.cs: 823914e335803785a19e5990c6ab2911 -> 
  custom:scripting/monoscript/fileName/DefineSetter.cs: 292ba08e52064b1a72f8d4bb04301dd3 -> 
  custom:framework-win-MediaFoundation: 216162199b28c13a410421893ffa2e32 -> 
  custom:scripting/monoscript/fileName/ShaderIDs.cs: 96024f1f873475da65a783f1404f9117 -> 
  custom:scripting/monoscript/fileName/PostProcessEditorAttribute.cs: 672a58b4d5bab60112487a31c361c481 -> 
  custom:scripting/monoscript/fileName/LensDistortionEditor.cs: dee045d29944d55e8040435a58a7ce90 -> 
  custom:scripting/monoscript/fileName/MotionBlurEditor.cs: 3bd8d3e7e9a7ea94beb2e5517b62d27b -> 
  custom:scripting/monoscript/fileName/Dithering.cs: 3014fffaa718d0ad6dd2c7bb7956ed46 -> 
  custom:scripting/monoscript/fileName/DecoratorAttribute.cs: be5bd39119e1a41ea1a019fdb3818a3f -> 
  custom:scripting/monoscript/fileName/DisplayNameAttribute.cs: 935a6ac504eb8a852fba40cbcae9292c -> 
  custom:scripting/monoscript/fileName/PostProcessEffectSettings.cs: 2ab9d33170e863b1a9c8a9079cdd12aa -> 
  custom:scripting/monoscript/fileName/Fog.cs: 07e271953e2bcf8513b6a72a2737e767 -> 
  custom:scripting/monoscript/fileName/PostProcessManager.cs: 28ef7780d543a8111635e1f5051383d0 -> 
  custom:scripting/monoscript/fileName/VolumeFactory.cs: cc77136700c9e1ff894d234886ccb852 -> 
  custom:CustomObjectIndexerAttribute: 9a22284fe3817be447336de3de66b15e -> 
  custom:scripting/monoscript/fileName/PostProcessEvent.cs: 8fb6e54ff2cf1a8be7ecdd01fbdd78f8 -> 
  custom:scripting/monoscript/fileName/TrackballAttribute.cs: 8dea8f77de7bd03137cc578af1ea6656 -> 
  custom:scripting/monoscript/fileName/TrackballDecorator.cs: 6a2b6c747937d12d8d81be8f5b21fbd2 -> 
  custom:scripting/monoscript/fileName/MultiScaleVO.cs: d4c4732956ffb536e016475d75f04c43 -> 
  custom:scripting/monoscript/fileName/CubeLutAssetFactory.cs: db1961888d7cabf6be94b37e3b663de4 -> 
  custom:container-demuxer-webm: 4f35f7cbe854078d1ac9338744f61a02 -> 
  custom:scripting/monoscript/fileName/PostProcessVolumeEditor.cs: 7aae71821512dcac422c45dc773293c3 -> 
  custom:scripting/monoscript/fileName/ChromaticAberration.cs: 4d59e57f8324f5f986e16678ed451410 -> 
  custom:scripting/monoscript/fileName/VignetteEditor.cs: 345736fc911c5e8ab23e579751a40e4a -> 
  custom:scripting/monoscript/fileName/Styling.cs: d1c4aa14ff93670753edfbb93fc91bfe -> 
  custom:scripting/monoscript/fileName/PostProcessEffectRendererExtensions.cs: e953624d113e7e1739c702512603957d -> 
  custom:scripting/monoscript/fileName/ScalableAO.cs: 2f29d71d59b754086c809cfee1cdce34 -> 
  custom:scripting/monoscript/fileName/PostProcessLayerEditor.cs: d16de665ece05cd6e27dcc8d7bac4b9a -> 
  custom:scripting/monoscript/fileName/MinMaxAttribute.cs: a4b6ac8a4377612c7135a60f905792f1 -> 
  custom:scripting/monoscript/fileName/SubpixelMorphologicalAntialiasing.cs: 02dcb8839824addec278047da0509aea -> 
  custom:scripting/monoscript/fileName/BaseEditor.cs: 90647cc400823b41df847a6cbfc29026 -> 
  custom:container-muxer-webm: aa71ff27fc2769a1b78a27578f13a17b -> 
  custom:video-decoder-webm-vp8: 9c59270c3fd7afecdb556c50c9e8de78 -> 
  custom:SearchIndexIgnoredProperties: e643bd26f0fe6173181afceb89e7c659 -> 
  custom:scripting/monoscript/fileName/ChromaticAberrationEditor.cs: 3043bf57519b71f64b7a6de970c2487b -> 
  custom:scripting/monoscript/fileName/PostProcessEffectRenderer.cs: 577c5acf8157ecea944bb95c8c6d9a95 -> 
  custom:AudioImporter_EditorPlatform: d09bf68614088b80899f8185d706f6e7 -> 
  custom:scripting/monoscript/fileName/TextureFormatUtilities.cs: ba58c57cfaabc0f8201a9ca6902fcb23 -> 
  custom:scripting/monoscript/fileName/PostProcessVolume.cs: 3883cef4be0567c54caf457a416a2095 -> 
  custom:scripting/monoscript/fileName/LightMeterMonitor.cs: a897ae0c731cb153281aea9ecd0efb03 -> 
  custom:scripting/monoscript/fileName/ColorGradingEditor.cs: 25838050e3e1f12ef51713a5dcf60349 -> 
  custom:scripting/monoscript/fileName/AttributeDecorator.cs: 39b465f08cd0a5df82fc2ef70b766ca2 -> 
  custom:scripting/monoscript/fileName/AutoExposureEditor.cs: dfd15824649ea346b717bc72a871d75b -> 
  custom:scripting/monoscript/fileName/LensDistortion.cs: b7963bb1da21ba484a7b59b9f6ea3aec -> 
  custom:scripting/monoscript/fileName/ResourceAssetFactory.cs: bf6acc988648d854bb3c5751325d0d0a -> 
  custom:scripting/monoscript/fileName/PostProcessProfileEditor.cs: 1dcd55858a4126cb33b0f2de53c74fbe -> 
  custom:scripting/monoscript/fileName/Skybox.cs: c122ade9e2d3a916264f47a45be02789 -> 
  custom:scripting/monoscript/fileName/PostProcessDebug.cs: a653e9b773649e7452b035b4ce1dae82 -> 
  custom:scripting/monoscript/fileName/PostProcessAttribute.cs: e125947bf72ce7382f3b16f75797c897 -> 
  custom:scripting/monoscript/fileName/Grain.cs: 43f09a87a88d9937fbb9c4dbf3d5508e -> 
  custom:scripting/monoscript/fileName/HistogramMonitor.cs: 6fd024409d6e9db8d4c2c4e26430c2ad -> 
  custom:scripting/monoscript/fileName/PostProcessProfile.cs: f6dc030e2e953b2ed0eca334cce5d5cf -> 
  custom:scripting/monoscript/fileName/ProfileFactory.cs: f835845dfebfed501813f60a1cb006a3 -> 
  custom:scripting/monoscript/fileName/PostProcessEffectEditor.cs: 90647cc400823b41df847a6cbfc29026 -> 
  custom:scripting/monoscript/fileName/CubeLutAssetImporter.cs: 5e94ca4c74dad11cc8880f33d0ba9efb -> 
  custom:scripting/monoscript/fileName/PostProcessBundle.cs: f610f855c8ae8b896b5084e85ede373e -> 
  custom:scripting/monoscript/fileName/ScreenSpaceReflectionsEditor.cs: 59c13ba25de6098e70bafe8be94f609a -> 
  custom:video-encoder-webm-vp8: eb34c28f22e8b96e1ab97ce403110664 -> 
  custom:scripting/monoscript/fileName/RuntimeUtilities.cs: 76964d36e50cc48cfa29643bdde8d9a5 -> 
  custom:scripting/monoscript/fileName/Bloom.cs: 6f6d579a64201b97313a62a1e91b3575 -> 
  custom:audio-decoder-ogg-vorbis: bf7c407c2cedff20999df2af8eb42d56 -> 
  custom:scripting/monoscript/fileName/AutoExposure.cs: 0e7c21b17f53209ee8c5c61ab59d7835 -> 
  custom:scripting/monoscript/fileName/VectorscopeMonitor.cs: cb70c6437b976f01b752cd219cc47f32 -> 
  custom:scripting/monoscript/fileName/PropertySheetFactory.cs: cfc4667cc03e44252fafe18d99f24b25 -> 
  custom:scripting/monoscript/fileName/EditorUtilities.cs: 53a52fb113757c42f9c516115bd845ca -> 
  custom:scripting/monoscript/fileName/HaltonSeq.cs: a7590e55d6fae5328a1c395a2473d0cf -> 
  custom:scripting/monoscript/fileName/MinAttribute.cs: a3e7473301291585f4cca024ce307406 -> 
  custom:scripting/monoscript/fileName/DepthOfField.cs: d62178d8b5619f59fcdd6d24617ef5fd -> 
  custom:scripting/monoscript/fileName/BloomEditor.cs: c341bb26b40744c3a5c2a142ac3e1051 -> 
  custom:scripting/monoscript/fileName/WaveformMonitor.cs: 609651ee3f98f206575f684e9cce655d -> 
  custom:scripting/monoscript/fileName/HableCurve.cs: f244b24d6e7c556a2de06e25b0bbf4c1 -> 
  custom:audio-encoder-webm-vorbis: bf7c407c2cedff20999df2af8eb42d56 -> 
  custom:scripting/monoscript/fileName/PropertySheet.cs: e6bb03169eca9d33ea794a47ad6ce213 -> 
  custom:scripting/monoscript/fileName/TargetPool.cs: 6d29560228134c933c12fb1c113fb6ef -> 
  custom:scripting/monoscript/fileName/LogHistogram.cs: bab913d888834a1a8572eb834acec97c -> 
  custom:scripting/monoscript/fileName/ScreenSpaceReflections.cs: 8afa07200328ddfcb2536d4180c62536 -> 
  custom:scripting/precompiled-assembly-types:Assembly-CSharp: 9bc7c08e5c2b2dc83dd26948d420372a -> b5609ffa9375a1719a4b9b879c420584
  custom:scripting/monoscript/fileName/CurveEditor.cs: f5e872b2a5a6427a1785818cb10d95d1 -> 
  custom:scripting/monoscript/fileName/PostProcessResources.cs: 5089c17a701ba9b714a1f3d25fb9a9b0 -> 
  custom:scripting/monoscript/fileName/EffectListEditor.cs: 1ecdb4094d9e64024d6eb7725a86197b -> 
========================================================================
Received Prepare
Caller must complete domain reload
Begin MonoManager ReloadAssembly
- Loaded All Assemblies, in  0.375 seconds
Native extension for WindowsStandalone target not found
Native extension for WebGL target not found
Mono: successfully reloaded assembly
- Finished resetting the current domain, in  0.799 seconds
Domain Reload Profiling: 1173ms
	BeginReloadAssembly (131ms)
		ExecutionOrderSort (0ms)
		DisableScriptedObjects (4ms)
		BackupInstance (0ms)
		ReleaseScriptingObjects (0ms)
		CreateAndSetChildDomain (26ms)
	RebuildCommonClasses (27ms)
	RebuildNativeTypeToScriptingClass (8ms)
	initialDomainReloadingComplete (26ms)
	LoadAllAssembliesAndSetupDomain (181ms)
		LoadAssemblies (240ms)
		RebuildTransferFunctionScriptingTraits (0ms)
		AnalyzeDomain (12ms)
			TypeCache.Refresh (5ms)
				TypeCache.ScanAssembly (0ms)
			ScanForSourceGeneratedMonoScriptInfo (0ms)
			ResolveRequiredComponents (5ms)
	FinalizeReload (800ms)
		ReleaseScriptCaches (0ms)
		RebuildScriptCaches (0ms)
		SetupLoadedEditorAssemblies (365ms)
			LogAssemblyErrors (0ms)
			InitializePlatformSupportModulesInManaged (7ms)
			SetLoadedEditorAssemblies (3ms)
			RefreshPlugins (0ms)
			BeforeProcessingInitializeOnLoad (52ms)
			ProcessInitializeOnLoadAttributes (275ms)
			ProcessInitializeOnLoadMethodAttributes (20ms)
			AfterProcessingInitializeOnLoad (9ms)
			EditorAssembliesLoaded (0ms)
		ExecutionOrderSort2 (0ms)
		AwakeInstancesAfterBackupRestoration (7ms)
Refreshing native plugins compatible for Editor in 5.70 ms, found 3 plugins.
Preloading 0 native plugins for Editor in 0.00 ms.
Unloading 3252 Unused Serialized files (Serialized files now loaded: 0)
Unloading 53 unused Assets / (4.0 MB). Loaded Objects now: 3840.
Memory consumption went from 221.9 MB to 218.0 MB.
Total: 4.731600 ms (FindLiveObjects: 0.333700 ms CreateObjectMapping: 0.181000 ms MarkObjects: 2.903900 ms  DeleteObjects: 1.311500 ms)

Prepare: number of updated asset objects reloaded= 0
AssetImportParameters requested are different than current active one (requested -> active):
  custom:scripting/monoscript/fileName/Decorators.cs: 4533f6715dc3f8cdabbd37ff77d1dad7 -> 
  custom:scripting/monoscript/fileName/GlobalSettings.cs: e5eb35b80bdfaee4ead1e1630fd77998 -> 
  custom:scripting/monoscript/fileName/PostProcessEffectBaseEditor.cs: 972bdf00f442be0d879dcb6868e25c8e -> 
  custom:scripting/monoscript/fileName/PostProcessRenderContext.cs: 9e034c8bf7d42a1d6c2d4339915eccb0 -> 
  custom:scripting/monoscript/fileName/Spline.cs: 7876820de12ed89d33ad838af99a030e -> 
  custom:scripting/monoscript/fileName/ColorGrading.cs: ef67493fb3cf9676ba5f25862510a595 -> 
  custom:scripting/monoscript/fileName/Monitor.cs: e0eb5d32b3aade2e0ce8680b00ac2b78 -> 
  custom:scripting/precompiled-assembly-types:Unity.Postprocessing.Runtime: 655cd018e42ac91ed9a03cfbdae17956 -> 
  custom:scripting/monoscript/fileName/TemporalAntialiasing.cs: 71e40fdab49d34f4e07f83936454d904 -> 
  custom:container-demuxer-ogg: 62fdf1f143b41e24485cea50d1cbac27 -> 
  custom:scripting/monoscript/fileName/AmbientOcclusion.cs: 7a27923f9312611f0b2898a72e3ee96a -> 
  custom:scripting/monoscript/fileName/PostProcessDebugLayer.cs: 6d8a99809398beddf11f92dfbb0e6ad4 -> 
  custom:scripting/monoscript/fileName/ColorUtilities.cs: 47918ebfa890b947a816b80444ee2882 -> 
  custom:scripting/monoscript/fileName/ParameterOverride.cs: 5475497db741ca919df708e5019e593d -> 
  custom:scripting/monoscript/fileName/TextureLerper.cs: 973e800795f77d61d647ea0c3f0cf284 -> 
  custom:scripting/precompiled-assembly-types:Unity.Postprocessing.Editor: 23b49e25b965492466cd147d7735360a -> 
  custom:scripting/monoscript/fileName/Vignette.cs: e0b99ac31b7575ef776e7be56647abb0 -> 
  custom:scripting/monoscript/fileName/DepthOfFieldEditor.cs: 64cce655bf722c851048e2ebbf401a7b -> 
  custom:scripting/monoscript/fileName/DefaultPostProcessEffectEditor.cs: 06a1d8fcea7725e08b95f21cc15fd0a1 -> 
  custom:scripting/monoscript/fileName/PostProcessLayer.cs: aa288976158dcd4c24041d5304f25d07 -> 
  custom:scripting/monoscript/fileName/MaxAttribute.cs: d661645ab8c724f24b3e19978e87b44c -> 
  custom:scripting/monoscript/fileName/PostProcessDebugEditor.cs: 1a0488d8742bf880cc7334e53e2cc73d -> 
  custom:video-decoder-ogg-theora: a1e56fd34408186e4bbccfd4996cb3dc -> 
  custom:scripting/monoscript/fileName/SerializedParameterOverride.cs: 5e4deaf96895d013d32a8e84ec179f8e -> 
  custom:scripting/monoscript/fileName/MeshUtilities.cs: dc5356b699afd34cf9728f4d65b476a0 -> 
  custom:scripting/monoscript/fileName/AmbientOcclusionEditor.cs: 61e5422c29b8f52188d508eb7d382167 -> 
  custom:scripting/monoscript/fileName/FastApproximateAntialiasing.cs: bf5588b2deec2689a812a7d2eacd9bd5 -> 
  custom:scripting/monoscript/fileName/MotionBlur.cs: 823914e335803785a19e5990c6ab2911 -> 
  custom:scripting/monoscript/fileName/DefineSetter.cs: 292ba08e52064b1a72f8d4bb04301dd3 -> 
  custom:framework-win-MediaFoundation: 216162199b28c13a410421893ffa2e32 -> 
  custom:scripting/monoscript/fileName/ShaderIDs.cs: 96024f1f873475da65a783f1404f9117 -> 
  custom:scripting/monoscript/fileName/PostProcessEditorAttribute.cs: 672a58b4d5bab60112487a31c361c481 -> 
  custom:scripting/monoscript/fileName/LensDistortionEditor.cs: dee045d29944d55e8040435a58a7ce90 -> 
  custom:scripting/monoscript/fileName/MotionBlurEditor.cs: 3bd8d3e7e9a7ea94beb2e5517b62d27b -> 
  custom:scripting/monoscript/fileName/Dithering.cs: 3014fffaa718d0ad6dd2c7bb7956ed46 -> 
  custom:scripting/monoscript/fileName/DecoratorAttribute.cs: be5bd39119e1a41ea1a019fdb3818a3f -> 
  custom:scripting/monoscript/fileName/DisplayNameAttribute.cs: 935a6ac504eb8a852fba40cbcae9292c -> 
  custom:scripting/monoscript/fileName/PostProcessEffectSettings.cs: 2ab9d33170e863b1a9c8a9079cdd12aa -> 
  custom:scripting/monoscript/fileName/Fog.cs: 07e271953e2bcf8513b6a72a2737e767 -> 
  custom:scripting/monoscript/fileName/PostProcessManager.cs: 28ef7780d543a8111635e1f5051383d0 -> 
  custom:scripting/monoscript/fileName/VolumeFactory.cs: cc77136700c9e1ff894d234886ccb852 -> 
  custom:CustomObjectIndexerAttribute: 9a22284fe3817be447336de3de66b15e -> 
  custom:scripting/monoscript/fileName/PostProcessEvent.cs: 8fb6e54ff2cf1a8be7ecdd01fbdd78f8 -> 
  custom:scripting/monoscript/fileName/TrackballAttribute.cs: 8dea8f77de7bd03137cc578af1ea6656 -> 
  custom:scripting/monoscript/fileName/TrackballDecorator.cs: 6a2b6c747937d12d8d81be8f5b21fbd2 -> 
  custom:scripting/monoscript/fileName/MultiScaleVO.cs: d4c4732956ffb536e016475d75f04c43 -> 
  custom:scripting/monoscript/fileName/CubeLutAssetFactory.cs: db1961888d7cabf6be94b37e3b663de4 -> 
  custom:container-demuxer-webm: 4f35f7cbe854078d1ac9338744f61a02 -> 
  custom:scripting/monoscript/fileName/PostProcessVolumeEditor.cs: 7aae71821512dcac422c45dc773293c3 -> 
  custom:scripting/monoscript/fileName/ChromaticAberration.cs: 4d59e57f8324f5f986e16678ed451410 -> 
  custom:scripting/monoscript/fileName/VignetteEditor.cs: 345736fc911c5e8ab23e579751a40e4a -> 
  custom:scripting/monoscript/fileName/Styling.cs: d1c4aa14ff93670753edfbb93fc91bfe -> 
  custom:scripting/monoscript/fileName/PostProcessEffectRendererExtensions.cs: e953624d113e7e1739c702512603957d -> 
  custom:scripting/monoscript/fileName/ScalableAO.cs: 2f29d71d59b754086c809cfee1cdce34 -> 
  custom:scripting/monoscript/fileName/PostProcessLayerEditor.cs: d16de665ece05cd6e27dcc8d7bac4b9a -> 
  custom:scripting/monoscript/fileName/MinMaxAttribute.cs: a4b6ac8a4377612c7135a60f905792f1 -> 
  custom:scripting/monoscript/fileName/SubpixelMorphologicalAntialiasing.cs: 02dcb8839824addec278047da0509aea -> 
  custom:scripting/monoscript/fileName/BaseEditor.cs: 90647cc400823b41df847a6cbfc29026 -> 
  custom:container-muxer-webm: aa71ff27fc2769a1b78a27578f13a17b -> 
  custom:video-decoder-webm-vp8: 9c59270c3fd7afecdb556c50c9e8de78 -> 
  custom:SearchIndexIgnoredProperties: e643bd26f0fe6173181afceb89e7c659 -> 
  custom:scripting/monoscript/fileName/ChromaticAberrationEditor.cs: 3043bf57519b71f64b7a6de970c2487b -> 
  custom:scripting/monoscript/fileName/PostProcessEffectRenderer.cs: 577c5acf8157ecea944bb95c8c6d9a95 -> 
  custom:AudioImporter_EditorPlatform: d09bf68614088b80899f8185d706f6e7 -> 
  custom:scripting/monoscript/fileName/TextureFormatUtilities.cs: ba58c57cfaabc0f8201a9ca6902fcb23 -> 
  custom:scripting/monoscript/fileName/PostProcessVolume.cs: 3883cef4be0567c54caf457a416a2095 -> 
  custom:scripting/monoscript/fileName/LightMeterMonitor.cs: a897ae0c731cb153281aea9ecd0efb03 -> 
  custom:scripting/monoscript/fileName/ColorGradingEditor.cs: 25838050e3e1f12ef51713a5dcf60349 -> 
  custom:scripting/monoscript/fileName/AttributeDecorator.cs: 39b465f08cd0a5df82fc2ef70b766ca2 -> 
  custom:scripting/monoscript/fileName/AutoExposureEditor.cs: dfd15824649ea346b717bc72a871d75b -> 
  custom:scripting/monoscript/fileName/LensDistortion.cs: b7963bb1da21ba484a7b59b9f6ea3aec -> 
  custom:scripting/monoscript/fileName/ResourceAssetFactory.cs: bf6acc988648d854bb3c5751325d0d0a -> 
  custom:scripting/monoscript/fileName/PostProcessProfileEditor.cs: 1dcd55858a4126cb33b0f2de53c74fbe -> 
  custom:scripting/monoscript/fileName/Skybox.cs: c122ade9e2d3a916264f47a45be02789 -> 
  custom:scripting/monoscript/fileName/PostProcessDebug.cs: a653e9b773649e7452b035b4ce1dae82 -> 
  custom:scripting/monoscript/fileName/PostProcessAttribute.cs: e125947bf72ce7382f3b16f75797c897 -> 
  custom:scripting/monoscript/fileName/Grain.cs: 43f09a87a88d9937fbb9c4dbf3d5508e -> 
  custom:scripting/monoscript/fileName/HistogramMonitor.cs: 6fd024409d6e9db8d4c2c4e26430c2ad -> 
  custom:scripting/monoscript/fileName/PostProcessProfile.cs: f6dc030e2e953b2ed0eca334cce5d5cf -> 
  custom:scripting/monoscript/fileName/ProfileFactory.cs: f835845dfebfed501813f60a1cb006a3 -> 
  custom:scripting/monoscript/fileName/PostProcessEffectEditor.cs: 90647cc400823b41df847a6cbfc29026 -> 
  custom:scripting/monoscript/fileName/CubeLutAssetImporter.cs: 5e94ca4c74dad11cc8880f33d0ba9efb -> 
  custom:scripting/monoscript/fileName/PostProcessBundle.cs: f610f855c8ae8b896b5084e85ede373e -> 
  custom:scripting/monoscript/fileName/ScreenSpaceReflectionsEditor.cs: 59c13ba25de6098e70bafe8be94f609a -> 
  custom:video-encoder-webm-vp8: eb34c28f22e8b96e1ab97ce403110664 -> 
  custom:scripting/monoscript/fileName/RuntimeUtilities.cs: 76964d36e50cc48cfa29643bdde8d9a5 -> 
  custom:scripting/monoscript/fileName/Bloom.cs: 6f6d579a64201b97313a62a1e91b3575 -> 
  custom:audio-decoder-ogg-vorbis: bf7c407c2cedff20999df2af8eb42d56 -> 
  custom:scripting/monoscript/fileName/AutoExposure.cs: 0e7c21b17f53209ee8c5c61ab59d7835 -> 
  custom:scripting/monoscript/fileName/VectorscopeMonitor.cs: cb70c6437b976f01b752cd219cc47f32 -> 
  custom:scripting/monoscript/fileName/PropertySheetFactory.cs: cfc4667cc03e44252fafe18d99f24b25 -> 
  custom:scripting/monoscript/fileName/EditorUtilities.cs: 53a52fb113757c42f9c516115bd845ca -> 
  custom:scripting/monoscript/fileName/HaltonSeq.cs: a7590e55d6fae5328a1c395a2473d0cf -> 
  custom:scripting/monoscript/fileName/MinAttribute.cs: a3e7473301291585f4cca024ce307406 -> 
  custom:scripting/monoscript/fileName/DepthOfField.cs: d62178d8b5619f59fcdd6d24617ef5fd -> 
  custom:scripting/monoscript/fileName/BloomEditor.cs: c341bb26b40744c3a5c2a142ac3e1051 -> 
  custom:scripting/monoscript/fileName/WaveformMonitor.cs: 609651ee3f98f206575f684e9cce655d -> 
  custom:scripting/monoscript/fileName/HableCurve.cs: f244b24d6e7c556a2de06e25b0bbf4c1 -> 
  custom:audio-encoder-webm-vorbis: bf7c407c2cedff20999df2af8eb42d56 -> 
  custom:scripting/monoscript/fileName/PropertySheet.cs: e6bb03169eca9d33ea794a47ad6ce213 -> 
  custom:scripting/monoscript/fileName/TargetPool.cs: 6d29560228134c933c12fb1c113fb6ef -> 
  custom:scripting/monoscript/fileName/LogHistogram.cs: bab913d888834a1a8572eb834acec97c -> 
  custom:scripting/monoscript/fileName/ScreenSpaceReflections.cs: 8afa07200328ddfcb2536d4180c62536 -> 
  custom:scripting/precompiled-assembly-types:Assembly-CSharp: 9bc7c08e5c2b2dc83dd26948d420372a -> b5609ffa9375a1719a4b9b879c420584
  custom:scripting/monoscript/fileName/CurveEditor.cs: f5e872b2a5a6427a1785818cb10d95d1 -> 
  custom:scripting/monoscript/fileName/PostProcessResources.cs: 5089c17a701ba9b714a1f3d25fb9a9b0 -> 
  custom:scripting/monoscript/fileName/EffectListEditor.cs: 1ecdb4094d9e64024d6eb7725a86197b -> 
========================================================================
Received Prepare
Caller must complete domain reload
Begin MonoManager ReloadAssembly
- Loaded All Assemblies, in  0.383 seconds
Native extension for WindowsStandalone target not found
Native extension for WebGL target not found
Mono: successfully reloaded assembly
- Finished resetting the current domain, in  0.800 seconds
Domain Reload Profiling: 1181ms
	BeginReloadAssembly (134ms)
		ExecutionOrderSort (0ms)
		DisableScriptedObjects (4ms)
		BackupInstance (0ms)
		ReleaseScriptingObjects (0ms)
		CreateAndSetChildDomain (27ms)
	RebuildCommonClasses (26ms)
	RebuildNativeTypeToScriptingClass (8ms)
	initialDomainReloadingComplete (27ms)
	LoadAllAssembliesAndSetupDomain (184ms)
		LoadAssemblies (245ms)
		RebuildTransferFunctionScriptingTraits (0ms)
		AnalyzeDomain (12ms)
			TypeCache.Refresh (5ms)
				TypeCache.ScanAssembly (0ms)
			ScanForSourceGeneratedMonoScriptInfo (0ms)
			ResolveRequiredComponents (4ms)
	FinalizeReload (801ms)
		ReleaseScriptCaches (0ms)
		RebuildScriptCaches (0ms)
		SetupLoadedEditorAssemblies (365ms)
			LogAssemblyErrors (0ms)
			InitializePlatformSupportModulesInManaged (7ms)
			SetLoadedEditorAssemblies (3ms)
			RefreshPlugins (0ms)
			BeforeProcessingInitializeOnLoad (53ms)
			ProcessInitializeOnLoadAttributes (273ms)
			ProcessInitializeOnLoadMethodAttributes (21ms)
			AfterProcessingInitializeOnLoad (7ms)
			EditorAssembliesLoaded (0ms)
		ExecutionOrderSort2 (0ms)
		AwakeInstancesAfterBackupRestoration (7ms)
Refreshing native plugins compatible for Editor in 5.28 ms, found 3 plugins.
Preloading 0 native plugins for Editor in 0.00 ms.
Unloading 3252 Unused Serialized files (Serialized files now loaded: 0)
Unloading 53 unused Assets / (4.0 MB). Loaded Objects now: 3843.
Memory consumption went from 221.9 MB to 218.0 MB.
Total: 5.353300 ms (FindLiveObjects: 0.279200 ms CreateObjectMapping: 0.218800 ms MarkObjects: 3.238800 ms  DeleteObjects: 1.614700 ms)

Prepare: number of updated asset objects reloaded= 0
AssetImportParameters requested are different than current active one (requested -> active):
  custom:scripting/monoscript/fileName/Decorators.cs: 4533f6715dc3f8cdabbd37ff77d1dad7 -> 
  custom:scripting/monoscript/fileName/GlobalSettings.cs: e5eb35b80bdfaee4ead1e1630fd77998 -> 
  custom:scripting/monoscript/fileName/PostProcessEffectBaseEditor.cs: 972bdf00f442be0d879dcb6868e25c8e -> 
  custom:scripting/monoscript/fileName/PostProcessRenderContext.cs: 9e034c8bf7d42a1d6c2d4339915eccb0 -> 
  custom:scripting/monoscript/fileName/Spline.cs: 7876820de12ed89d33ad838af99a030e -> 
  custom:scripting/monoscript/fileName/ColorGrading.cs: ef67493fb3cf9676ba5f25862510a595 -> 
  custom:scripting/monoscript/fileName/Monitor.cs: e0eb5d32b3aade2e0ce8680b00ac2b78 -> 
  custom:scripting/precompiled-assembly-types:Unity.Postprocessing.Runtime: 655cd018e42ac91ed9a03cfbdae17956 -> 
  custom:scripting/monoscript/fileName/TemporalAntialiasing.cs: 71e40fdab49d34f4e07f83936454d904 -> 
  custom:container-demuxer-ogg: 62fdf1f143b41e24485cea50d1cbac27 -> 
  custom:scripting/monoscript/fileName/AmbientOcclusion.cs: 7a27923f9312611f0b2898a72e3ee96a -> 
  custom:scripting/monoscript/fileName/PostProcessDebugLayer.cs: 6d8a99809398beddf11f92dfbb0e6ad4 -> 
  custom:scripting/monoscript/fileName/ColorUtilities.cs: 47918ebfa890b947a816b80444ee2882 -> 
  custom:scripting/monoscript/fileName/ParameterOverride.cs: 5475497db741ca919df708e5019e593d -> 
  custom:scripting/monoscript/fileName/TextureLerper.cs: 973e800795f77d61d647ea0c3f0cf284 -> 
  custom:scripting/precompiled-assembly-types:Unity.Postprocessing.Editor: 23b49e25b965492466cd147d7735360a -> 
  custom:scripting/monoscript/fileName/Vignette.cs: e0b99ac31b7575ef776e7be56647abb0 -> 
  custom:scripting/monoscript/fileName/DepthOfFieldEditor.cs: 64cce655bf722c851048e2ebbf401a7b -> 
  custom:scripting/monoscript/fileName/DefaultPostProcessEffectEditor.cs: 06a1d8fcea7725e08b95f21cc15fd0a1 -> 
  custom:scripting/monoscript/fileName/PostProcessLayer.cs: aa288976158dcd4c24041d5304f25d07 -> 
  custom:scripting/monoscript/fileName/MaxAttribute.cs: d661645ab8c724f24b3e19978e87b44c -> 
  custom:scripting/monoscript/fileName/PostProcessDebugEditor.cs: 1a0488d8742bf880cc7334e53e2cc73d -> 
  custom:video-decoder-ogg-theora: a1e56fd34408186e4bbccfd4996cb3dc -> 
  custom:scripting/monoscript/fileName/SerializedParameterOverride.cs: 5e4deaf96895d013d32a8e84ec179f8e -> 
  custom:scripting/monoscript/fileName/MeshUtilities.cs: dc5356b699afd34cf9728f4d65b476a0 -> 
  custom:scripting/monoscript/fileName/AmbientOcclusionEditor.cs: 61e5422c29b8f52188d508eb7d382167 -> 
  custom:scripting/monoscript/fileName/FastApproximateAntialiasing.cs: bf5588b2deec2689a812a7d2eacd9bd5 -> 
  custom:scripting/monoscript/fileName/MotionBlur.cs: 823914e335803785a19e5990c6ab2911 -> 
  custom:scripting/monoscript/fileName/DefineSetter.cs: 292ba08e52064b1a72f8d4bb04301dd3 -> 
  custom:framework-win-MediaFoundation: 216162199b28c13a410421893ffa2e32 -> 
  custom:scripting/monoscript/fileName/ShaderIDs.cs: 96024f1f873475da65a783f1404f9117 -> 
  custom:scripting/monoscript/fileName/PostProcessEditorAttribute.cs: 672a58b4d5bab60112487a31c361c481 -> 
  custom:scripting/monoscript/fileName/LensDistortionEditor.cs: dee045d29944d55e8040435a58a7ce90 -> 
  custom:scripting/monoscript/fileName/MotionBlurEditor.cs: 3bd8d3e7e9a7ea94beb2e5517b62d27b -> 
  custom:scripting/monoscript/fileName/Dithering.cs: 3014fffaa718d0ad6dd2c7bb7956ed46 -> 
  custom:scripting/monoscript/fileName/DecoratorAttribute.cs: be5bd39119e1a41ea1a019fdb3818a3f -> 
  custom:scripting/monoscript/fileName/DisplayNameAttribute.cs: 935a6ac504eb8a852fba40cbcae9292c -> 
  custom:scripting/monoscript/fileName/PostProcessEffectSettings.cs: 2ab9d33170e863b1a9c8a9079cdd12aa -> 
  custom:scripting/monoscript/fileName/Fog.cs: 07e271953e2bcf8513b6a72a2737e767 -> 
  custom:scripting/monoscript/fileName/PostProcessManager.cs: 28ef7780d543a8111635e1f5051383d0 -> 
  custom:scripting/monoscript/fileName/VolumeFactory.cs: cc77136700c9e1ff894d234886ccb852 -> 
  custom:CustomObjectIndexerAttribute: 9a22284fe3817be447336de3de66b15e -> 
  custom:scripting/monoscript/fileName/PostProcessEvent.cs: 8fb6e54ff2cf1a8be7ecdd01fbdd78f8 -> 
  custom:scripting/monoscript/fileName/TrackballAttribute.cs: 8dea8f77de7bd03137cc578af1ea6656 -> 
  custom:scripting/monoscript/fileName/TrackballDecorator.cs: 6a2b6c747937d12d8d81be8f5b21fbd2 -> 
  custom:scripting/monoscript/fileName/MultiScaleVO.cs: d4c4732956ffb536e016475d75f04c43 -> 
  custom:scripting/monoscript/fileName/CubeLutAssetFactory.cs: db1961888d7cabf6be94b37e3b663de4 -> 
  custom:container-demuxer-webm: 4f35f7cbe854078d1ac9338744f61a02 -> 
  custom:scripting/monoscript/fileName/PostProcessVolumeEditor.cs: 7aae71821512dcac422c45dc773293c3 -> 
  custom:scripting/monoscript/fileName/ChromaticAberration.cs: 4d59e57f8324f5f986e16678ed451410 -> 
  custom:scripting/monoscript/fileName/VignetteEditor.cs: 345736fc911c5e8ab23e579751a40e4a -> 
  custom:scripting/monoscript/fileName/Styling.cs: d1c4aa14ff93670753edfbb93fc91bfe -> 
  custom:scripting/monoscript/fileName/PostProcessEffectRendererExtensions.cs: e953624d113e7e1739c702512603957d -> 
  custom:scripting/monoscript/fileName/ScalableAO.cs: 2f29d71d59b754086c809cfee1cdce34 -> 
  custom:scripting/monoscript/fileName/PostProcessLayerEditor.cs: d16de665ece05cd6e27dcc8d7bac4b9a -> 
  custom:scripting/monoscript/fileName/MinMaxAttribute.cs: a4b6ac8a4377612c7135a60f905792f1 -> 
  custom:scripting/monoscript/fileName/SubpixelMorphologicalAntialiasing.cs: 02dcb8839824addec278047da0509aea -> 
  custom:scripting/monoscript/fileName/BaseEditor.cs: 90647cc400823b41df847a6cbfc29026 -> 
  custom:container-muxer-webm: aa71ff27fc2769a1b78a27578f13a17b -> 
  custom:video-decoder-webm-vp8: 9c59270c3fd7afecdb556c50c9e8de78 -> 
  custom:SearchIndexIgnoredProperties: e643bd26f0fe6173181afceb89e7c659 -> 
  custom:scripting/monoscript/fileName/ChromaticAberrationEditor.cs: 3043bf57519b71f64b7a6de970c2487b -> 
  custom:scripting/monoscript/fileName/PostProcessEffectRenderer.cs: 577c5acf8157ecea944bb95c8c6d9a95 -> 
  custom:AudioImporter_EditorPlatform: d09bf68614088b80899f8185d706f6e7 -> 
  custom:scripting/monoscript/fileName/TextureFormatUtilities.cs: ba58c57cfaabc0f8201a9ca6902fcb23 -> 
  custom:scripting/monoscript/fileName/PostProcessVolume.cs: 3883cef4be0567c54caf457a416a2095 -> 
  custom:scripting/monoscript/fileName/LightMeterMonitor.cs: a897ae0c731cb153281aea9ecd0efb03 -> 
  custom:scripting/monoscript/fileName/ColorGradingEditor.cs: 25838050e3e1f12ef51713a5dcf60349 -> 
  custom:scripting/monoscript/fileName/AttributeDecorator.cs: 39b465f08cd0a5df82fc2ef70b766ca2 -> 
  custom:scripting/monoscript/fileName/AutoExposureEditor.cs: dfd15824649ea346b717bc72a871d75b -> 
  custom:scripting/monoscript/fileName/LensDistortion.cs: b7963bb1da21ba484a7b59b9f6ea3aec -> 
  custom:scripting/monoscript/fileName/ResourceAssetFactory.cs: bf6acc988648d854bb3c5751325d0d0a -> 
  custom:scripting/monoscript/fileName/PostProcessProfileEditor.cs: 1dcd55858a4126cb33b0f2de53c74fbe -> 
  custom:scripting/monoscript/fileName/Skybox.cs: c122ade9e2d3a916264f47a45be02789 -> 
  custom:scripting/monoscript/fileName/PostProcessDebug.cs: a653e9b773649e7452b035b4ce1dae82 -> 
  custom:scripting/monoscript/fileName/PostProcessAttribute.cs: e125947bf72ce7382f3b16f75797c897 -> 
  custom:scripting/monoscript/fileName/Grain.cs: 43f09a87a88d9937fbb9c4dbf3d5508e -> 
  custom:scripting/monoscript/fileName/HistogramMonitor.cs: 6fd024409d6e9db8d4c2c4e26430c2ad -> 
  custom:scripting/monoscript/fileName/PostProcessProfile.cs: f6dc030e2e953b2ed0eca334cce5d5cf -> 
  custom:scripting/monoscript/fileName/ProfileFactory.cs: f835845dfebfed501813f60a1cb006a3 -> 
  custom:scripting/monoscript/fileName/PostProcessEffectEditor.cs: 90647cc400823b41df847a6cbfc29026 -> 
  custom:scripting/monoscript/fileName/CubeLutAssetImporter.cs: 5e94ca4c74dad11cc8880f33d0ba9efb -> 
  custom:scripting/monoscript/fileName/PostProcessBundle.cs: f610f855c8ae8b896b5084e85ede373e -> 
  custom:scripting/monoscript/fileName/ScreenSpaceReflectionsEditor.cs: 59c13ba25de6098e70bafe8be94f609a -> 
  custom:video-encoder-webm-vp8: eb34c28f22e8b96e1ab97ce403110664 -> 
  custom:scripting/monoscript/fileName/RuntimeUtilities.cs: 76964d36e50cc48cfa29643bdde8d9a5 -> 
  custom:scripting/monoscript/fileName/Bloom.cs: 6f6d579a64201b97313a62a1e91b3575 -> 
  custom:audio-decoder-ogg-vorbis: bf7c407c2cedff20999df2af8eb42d56 -> 
  custom:scripting/monoscript/fileName/AutoExposure.cs: 0e7c21b17f53209ee8c5c61ab59d7835 -> 
  custom:scripting/monoscript/fileName/VectorscopeMonitor.cs: cb70c6437b976f01b752cd219cc47f32 -> 
  custom:scripting/monoscript/fileName/PropertySheetFactory.cs: cfc4667cc03e44252fafe18d99f24b25 -> 
  custom:scripting/monoscript/fileName/EditorUtilities.cs: 53a52fb113757c42f9c516115bd845ca -> 
  custom:scripting/monoscript/fileName/HaltonSeq.cs: a7590e55d6fae5328a1c395a2473d0cf -> 
  custom:scripting/monoscript/fileName/MinAttribute.cs: a3e7473301291585f4cca024ce307406 -> 
  custom:scripting/monoscript/fileName/DepthOfField.cs: d62178d8b5619f59fcdd6d24617ef5fd -> 
  custom:scripting/monoscript/fileName/BloomEditor.cs: c341bb26b40744c3a5c2a142ac3e1051 -> 
  custom:scripting/monoscript/fileName/WaveformMonitor.cs: 609651ee3f98f206575f684e9cce655d -> 
  custom:scripting/monoscript/fileName/HableCurve.cs: f244b24d6e7c556a2de06e25b0bbf4c1 -> 
  custom:audio-encoder-webm-vorbis: bf7c407c2cedff20999df2af8eb42d56 -> 
  custom:scripting/monoscript/fileName/PropertySheet.cs: e6bb03169eca9d33ea794a47ad6ce213 -> 
  custom:scripting/monoscript/fileName/TargetPool.cs: 6d29560228134c933c12fb1c113fb6ef -> 
  custom:scripting/monoscript/fileName/LogHistogram.cs: bab913d888834a1a8572eb834acec97c -> 
  custom:scripting/monoscript/fileName/ScreenSpaceReflections.cs: 8afa07200328ddfcb2536d4180c62536 -> 
  custom:scripting/precompiled-assembly-types:Assembly-CSharp: 9bc7c08e5c2b2dc83dd26948d420372a -> b5609ffa9375a1719a4b9b879c420584
  custom:scripting/monoscript/fileName/CurveEditor.cs: f5e872b2a5a6427a1785818cb10d95d1 -> 
  custom:scripting/monoscript/fileName/PostProcessResources.cs: 5089c17a701ba9b714a1f3d25fb9a9b0 -> 
  custom:scripting/monoscript/fileName/EffectListEditor.cs: 1ecdb4094d9e64024d6eb7725a86197b -> 
========================================================================
Received Prepare
Caller must complete domain reload
Begin MonoManager ReloadAssembly
- Loaded All Assemblies, in  0.367 seconds
Native extension for WindowsStandalone target not found
Native extension for WebGL target not found
Mono: successfully reloaded assembly
- Finished resetting the current domain, in  0.754 seconds
Domain Reload Profiling: 1119ms
	BeginReloadAssembly (128ms)
		ExecutionOrderSort (0ms)
		DisableScriptedObjects (4ms)
		BackupInstance (0ms)
		ReleaseScriptingObjects (0ms)
		CreateAndSetChildDomain (24ms)
	RebuildCommonClasses (27ms)
	RebuildNativeTypeToScriptingClass (8ms)
	initialDomainReloadingComplete (25ms)
	LoadAllAssembliesAndSetupDomain (176ms)
		LoadAssemblies (235ms)
		RebuildTransferFunctionScriptingTraits (0ms)
		AnalyzeDomain (12ms)
			TypeCache.Refresh (5ms)
				TypeCache.ScanAssembly (0ms)
			ScanForSourceGeneratedMonoScriptInfo (0ms)
			ResolveRequiredComponents (4ms)
	FinalizeReload (754ms)
		ReleaseScriptCaches (0ms)
		RebuildScriptCaches (0ms)
		SetupLoadedEditorAssemblies (343ms)
			LogAssemblyErrors (0ms)
			InitializePlatformSupportModulesInManaged (7ms)
			SetLoadedEditorAssemblies (3ms)
			RefreshPlugins (0ms)
			BeforeProcessingInitializeOnLoad (50ms)
			ProcessInitializeOnLoadAttributes (257ms)
			ProcessInitializeOnLoadMethodAttributes (19ms)
			AfterProcessingInitializeOnLoad (7ms)
			EditorAssembliesLoaded (0ms)
		ExecutionOrderSort2 (0ms)
		AwakeInstancesAfterBackupRestoration (7ms)
Refreshing native plugins compatible for Editor in 5.18 ms, found 3 plugins.
Preloading 0 native plugins for Editor in 0.00 ms.
Unloading 3252 Unused Serialized files (Serialized files now loaded: 0)
Unloading 53 unused Assets / (3.9 MB). Loaded Objects now: 3846.
Memory consumption went from 221.9 MB to 218.0 MB.
Total: 4.558200 ms (FindLiveObjects: 0.302400 ms CreateObjectMapping: 0.161800 ms MarkObjects: 2.846800 ms  DeleteObjects: 1.245100 ms)

Prepare: number of updated asset objects reloaded= 0
AssetImportParameters requested are different than current active one (requested -> active):
  custom:scripting/monoscript/fileName/Decorators.cs: 4533f6715dc3f8cdabbd37ff77d1dad7 -> 
  custom:scripting/monoscript/fileName/GlobalSettings.cs: e5eb35b80bdfaee4ead1e1630fd77998 -> 
  custom:scripting/monoscript/fileName/PostProcessEffectBaseEditor.cs: 972bdf00f442be0d879dcb6868e25c8e -> 
  custom:scripting/monoscript/fileName/PostProcessRenderContext.cs: 9e034c8bf7d42a1d6c2d4339915eccb0 -> 
  custom:scripting/monoscript/fileName/Spline.cs: 7876820de12ed89d33ad838af99a030e -> 
  custom:scripting/monoscript/fileName/ColorGrading.cs: ef67493fb3cf9676ba5f25862510a595 -> 
  custom:scripting/monoscript/fileName/Monitor.cs: e0eb5d32b3aade2e0ce8680b00ac2b78 -> 
  custom:scripting/precompiled-assembly-types:Unity.Postprocessing.Runtime: 655cd018e42ac91ed9a03cfbdae17956 -> 
  custom:scripting/monoscript/fileName/TemporalAntialiasing.cs: 71e40fdab49d34f4e07f83936454d904 -> 
  custom:container-demuxer-ogg: 62fdf1f143b41e24485cea50d1cbac27 -> 
  custom:scripting/monoscript/fileName/AmbientOcclusion.cs: 7a27923f9312611f0b2898a72e3ee96a -> 
  custom:scripting/monoscript/fileName/PostProcessDebugLayer.cs: 6d8a99809398beddf11f92dfbb0e6ad4 -> 
  custom:scripting/monoscript/fileName/ColorUtilities.cs: 47918ebfa890b947a816b80444ee2882 -> 
  custom:scripting/monoscript/fileName/ParameterOverride.cs: 5475497db741ca919df708e5019e593d -> 
  custom:scripting/monoscript/fileName/TextureLerper.cs: 973e800795f77d61d647ea0c3f0cf284 -> 
  custom:scripting/precompiled-assembly-types:Unity.Postprocessing.Editor: 23b49e25b965492466cd147d7735360a -> 
  custom:scripting/monoscript/fileName/Vignette.cs: e0b99ac31b7575ef776e7be56647abb0 -> 
  custom:scripting/monoscript/fileName/DepthOfFieldEditor.cs: 64cce655bf722c851048e2ebbf401a7b -> 
  custom:scripting/monoscript/fileName/DefaultPostProcessEffectEditor.cs: 06a1d8fcea7725e08b95f21cc15fd0a1 -> 
  custom:scripting/monoscript/fileName/PostProcessLayer.cs: aa288976158dcd4c24041d5304f25d07 -> 
  custom:scripting/monoscript/fileName/MaxAttribute.cs: d661645ab8c724f24b3e19978e87b44c -> 
  custom:scripting/monoscript/fileName/PostProcessDebugEditor.cs: 1a0488d8742bf880cc7334e53e2cc73d -> 
  custom:video-decoder-ogg-theora: a1e56fd34408186e4bbccfd4996cb3dc -> 
  custom:scripting/monoscript/fileName/SerializedParameterOverride.cs: 5e4deaf96895d013d32a8e84ec179f8e -> 
  custom:scripting/monoscript/fileName/MeshUtilities.cs: dc5356b699afd34cf9728f4d65b476a0 -> 
  custom:scripting/monoscript/fileName/AmbientOcclusionEditor.cs: 61e5422c29b8f52188d508eb7d382167 -> 
  custom:scripting/monoscript/fileName/FastApproximateAntialiasing.cs: bf5588b2deec2689a812a7d2eacd9bd5 -> 
  custom:scripting/monoscript/fileName/MotionBlur.cs: 823914e335803785a19e5990c6ab2911 -> 
  custom:scripting/monoscript/fileName/DefineSetter.cs: 292ba08e52064b1a72f8d4bb04301dd3 -> 
  custom:framework-win-MediaFoundation: 216162199b28c13a410421893ffa2e32 -> 
  custom:scripting/monoscript/fileName/ShaderIDs.cs: 96024f1f873475da65a783f1404f9117 -> 
  custom:scripting/monoscript/fileName/PostProcessEditorAttribute.cs: 672a58b4d5bab60112487a31c361c481 -> 
  custom:scripting/monoscript/fileName/LensDistortionEditor.cs: dee045d29944d55e8040435a58a7ce90 -> 
  custom:scripting/monoscript/fileName/MotionBlurEditor.cs: 3bd8d3e7e9a7ea94beb2e5517b62d27b -> 
  custom:scripting/monoscript/fileName/Dithering.cs: 3014fffaa718d0ad6dd2c7bb7956ed46 -> 
  custom:scripting/monoscript/fileName/DecoratorAttribute.cs: be5bd39119e1a41ea1a019fdb3818a3f -> 
  custom:scripting/monoscript/fileName/DisplayNameAttribute.cs: 935a6ac504eb8a852fba40cbcae9292c -> 
  custom:scripting/monoscript/fileName/PostProcessEffectSettings.cs: 2ab9d33170e863b1a9c8a9079cdd12aa -> 
  custom:scripting/monoscript/fileName/Fog.cs: 07e271953e2bcf8513b6a72a2737e767 -> 
  custom:scripting/monoscript/fileName/PostProcessManager.cs: 28ef7780d543a8111635e1f5051383d0 -> 
  custom:scripting/monoscript/fileName/VolumeFactory.cs: cc77136700c9e1ff894d234886ccb852 -> 
  custom:CustomObjectIndexerAttribute: 9a22284fe3817be447336de3de66b15e -> 
  custom:scripting/monoscript/fileName/PostProcessEvent.cs: 8fb6e54ff2cf1a8be7ecdd01fbdd78f8 -> 
  custom:scripting/monoscript/fileName/TrackballAttribute.cs: 8dea8f77de7bd03137cc578af1ea6656 -> 
  custom:scripting/monoscript/fileName/TrackballDecorator.cs: 6a2b6c747937d12d8d81be8f5b21fbd2 -> 
  custom:scripting/monoscript/fileName/MultiScaleVO.cs: d4c4732956ffb536e016475d75f04c43 -> 
  custom:scripting/monoscript/fileName/CubeLutAssetFactory.cs: db1961888d7cabf6be94b37e3b663de4 -> 
  custom:container-demuxer-webm: 4f35f7cbe854078d1ac9338744f61a02 -> 
  custom:scripting/monoscript/fileName/PostProcessVolumeEditor.cs: 7aae71821512dcac422c45dc773293c3 -> 
  custom:scripting/monoscript/fileName/ChromaticAberration.cs: 4d59e57f8324f5f986e16678ed451410 -> 
  custom:scripting/monoscript/fileName/VignetteEditor.cs: 345736fc911c5e8ab23e579751a40e4a -> 
  custom:scripting/monoscript/fileName/Styling.cs: d1c4aa14ff93670753edfbb93fc91bfe -> 
  custom:scripting/monoscript/fileName/PostProcessEffectRendererExtensions.cs: e953624d113e7e1739c702512603957d -> 
  custom:scripting/monoscript/fileName/ScalableAO.cs: 2f29d71d59b754086c809cfee1cdce34 -> 
  custom:scripting/monoscript/fileName/PostProcessLayerEditor.cs: d16de665ece05cd6e27dcc8d7bac4b9a -> 
  custom:scripting/monoscript/fileName/MinMaxAttribute.cs: a4b6ac8a4377612c7135a60f905792f1 -> 
  custom:scripting/monoscript/fileName/SubpixelMorphologicalAntialiasing.cs: 02dcb8839824addec278047da0509aea -> 
  custom:scripting/monoscript/fileName/BaseEditor.cs: 90647cc400823b41df847a6cbfc29026 -> 
  custom:container-muxer-webm: aa71ff27fc2769a1b78a27578f13a17b -> 
  custom:video-decoder-webm-vp8: 9c59270c3fd7afecdb556c50c9e8de78 -> 
  custom:SearchIndexIgnoredProperties: e643bd26f0fe6173181afceb89e7c659 -> 
  custom:scripting/monoscript/fileName/ChromaticAberrationEditor.cs: 3043bf57519b71f64b7a6de970c2487b -> 
  custom:scripting/monoscript/fileName/PostProcessEffectRenderer.cs: 577c5acf8157ecea944bb95c8c6d9a95 -> 
  custom:AudioImporter_EditorPlatform: d09bf68614088b80899f8185d706f6e7 -> 
  custom:scripting/monoscript/fileName/TextureFormatUtilities.cs: ba58c57cfaabc0f8201a9ca6902fcb23 -> 
  custom:scripting/monoscript/fileName/PostProcessVolume.cs: 3883cef4be0567c54caf457a416a2095 -> 
  custom:scripting/monoscript/fileName/LightMeterMonitor.cs: a897ae0c731cb153281aea9ecd0efb03 -> 
  custom:scripting/monoscript/fileName/ColorGradingEditor.cs: 25838050e3e1f12ef51713a5dcf60349 -> 
  custom:scripting/monoscript/fileName/AttributeDecorator.cs: 39b465f08cd0a5df82fc2ef70b766ca2 -> 
  custom:scripting/monoscript/fileName/AutoExposureEditor.cs: dfd15824649ea346b717bc72a871d75b -> 
  custom:scripting/monoscript/fileName/LensDistortion.cs: b7963bb1da21ba484a7b59b9f6ea3aec -> 
  custom:scripting/monoscript/fileName/ResourceAssetFactory.cs: bf6acc988648d854bb3c5751325d0d0a -> 
  custom:scripting/monoscript/fileName/PostProcessProfileEditor.cs: 1dcd55858a4126cb33b0f2de53c74fbe -> 
  custom:scripting/monoscript/fileName/Skybox.cs: c122ade9e2d3a916264f47a45be02789 -> 
  custom:scripting/monoscript/fileName/PostProcessDebug.cs: a653e9b773649e7452b035b4ce1dae82 -> 
  custom:scripting/monoscript/fileName/PostProcessAttribute.cs: e125947bf72ce7382f3b16f75797c897 -> 
  custom:scripting/monoscript/fileName/Grain.cs: 43f09a87a88d9937fbb9c4dbf3d5508e -> 
  custom:scripting/monoscript/fileName/HistogramMonitor.cs: 6fd024409d6e9db8d4c2c4e26430c2ad -> 
  custom:scripting/monoscript/fileName/PostProcessProfile.cs: f6dc030e2e953b2ed0eca334cce5d5cf -> 
  custom:scripting/monoscript/fileName/ProfileFactory.cs: f835845dfebfed501813f60a1cb006a3 -> 
  custom:scripting/monoscript/fileName/PostProcessEffectEditor.cs: 90647cc400823b41df847a6cbfc29026 -> 
  custom:scripting/monoscript/fileName/CubeLutAssetImporter.cs: 5e94ca4c74dad11cc8880f33d0ba9efb -> 
  custom:scripting/monoscript/fileName/PostProcessBundle.cs: f610f855c8ae8b896b5084e85ede373e -> 
  custom:scripting/monoscript/fileName/ScreenSpaceReflectionsEditor.cs: 59c13ba25de6098e70bafe8be94f609a -> 
  custom:video-encoder-webm-vp8: eb34c28f22e8b96e1ab97ce403110664 -> 
  custom:scripting/monoscript/fileName/RuntimeUtilities.cs: 76964d36e50cc48cfa29643bdde8d9a5 -> 
  custom:scripting/monoscript/fileName/Bloom.cs: 6f6d579a64201b97313a62a1e91b3575 -> 
  custom:audio-decoder-ogg-vorbis: bf7c407c2cedff20999df2af8eb42d56 -> 
  custom:scripting/monoscript/fileName/AutoExposure.cs: 0e7c21b17f53209ee8c5c61ab59d7835 -> 
  custom:scripting/monoscript/fileName/VectorscopeMonitor.cs: cb70c6437b976f01b752cd219cc47f32 -> 
  custom:scripting/monoscript/fileName/PropertySheetFactory.cs: cfc4667cc03e44252fafe18d99f24b25 -> 
  custom:scripting/monoscript/fileName/EditorUtilities.cs: 53a52fb113757c42f9c516115bd845ca -> 
  custom:scripting/monoscript/fileName/HaltonSeq.cs: a7590e55d6fae5328a1c395a2473d0cf -> 
  custom:scripting/monoscript/fileName/MinAttribute.cs: a3e7473301291585f4cca024ce307406 -> 
  custom:scripting/monoscript/fileName/DepthOfField.cs: d62178d8b5619f59fcdd6d24617ef5fd -> 
  custom:scripting/monoscript/fileName/BloomEditor.cs: c341bb26b40744c3a5c2a142ac3e1051 -> 
  custom:scripting/monoscript/fileName/WaveformMonitor.cs: 609651ee3f98f206575f684e9cce655d -> 
  custom:scripting/monoscript/fileName/HableCurve.cs: f244b24d6e7c556a2de06e25b0bbf4c1 -> 
  custom:audio-encoder-webm-vorbis: bf7c407c2cedff20999df2af8eb42d56 -> 
  custom:scripting/monoscript/fileName/PropertySheet.cs: e6bb03169eca9d33ea794a47ad6ce213 -> 
  custom:scripting/monoscript/fileName/TargetPool.cs: 6d29560228134c933c12fb1c113fb6ef -> 
  custom:scripting/monoscript/fileName/LogHistogram.cs: bab913d888834a1a8572eb834acec97c -> 
  custom:scripting/monoscript/fileName/ScreenSpaceReflections.cs: 8afa07200328ddfcb2536d4180c62536 -> 
  custom:scripting/precompiled-assembly-types:Assembly-CSharp: 9bc7c08e5c2b2dc83dd26948d420372a -> b5609ffa9375a1719a4b9b879c420584
  custom:scripting/monoscript/fileName/CurveEditor.cs: f5e872b2a5a6427a1785818cb10d95d1 -> 
  custom:scripting/monoscript/fileName/PostProcessResources.cs: 5089c17a701ba9b714a1f3d25fb9a9b0 -> 
  custom:scripting/monoscript/fileName/EffectListEditor.cs: 1ecdb4094d9e64024d6eb7725a86197b -> 
========================================================================
Received Prepare
Caller must complete domain reload
Begin MonoManager ReloadAssembly
- Loaded All Assemblies, in  0.376 seconds
Native extension for WindowsStandalone target not found
Native extension for WebGL target not found
Mono: successfully reloaded assembly
- Finished resetting the current domain, in  0.783 seconds
Domain Reload Profiling: 1156ms
	BeginReloadAssembly (133ms)
		ExecutionOrderSort (0ms)
		DisableScriptedObjects (4ms)
		BackupInstance (0ms)
		ReleaseScriptingObjects (0ms)
		CreateAndSetChildDomain (26ms)
	RebuildCommonClasses (26ms)
	RebuildNativeTypeToScriptingClass (9ms)
	initialDomainReloadingComplete (25ms)
	LoadAllAssembliesAndSetupDomain (181ms)
		LoadAssemblies (243ms)
		RebuildTransferFunctionScriptingTraits (0ms)
		AnalyzeDomain (12ms)
			TypeCache.Refresh (5ms)
				TypeCache.ScanAssembly (0ms)
			ScanForSourceGeneratedMonoScriptInfo (0ms)
			ResolveRequiredComponents (4ms)
	FinalizeReload (783ms)
		ReleaseScriptCaches (0ms)
		RebuildScriptCaches (0ms)
		SetupLoadedEditorAssemblies (356ms)
			LogAssemblyErrors (0ms)
			InitializePlatformSupportModulesInManaged (7ms)
			SetLoadedEditorAssemblies (3ms)
			RefreshPlugins (0ms)
			BeforeProcessingInitializeOnLoad (52ms)
			ProcessInitializeOnLoadAttributes (265ms)
			ProcessInitializeOnLoadMethodAttributes (22ms)
			AfterProcessingInitializeOnLoad (7ms)
			EditorAssembliesLoaded (0ms)
		ExecutionOrderSort2 (0ms)
		AwakeInstancesAfterBackupRestoration (8ms)
Refreshing native plugins compatible for Editor in 5.15 ms, found 3 plugins.
Preloading 0 native plugins for Editor in 0.00 ms.
Unloading 3252 Unused Serialized files (Serialized files now loaded: 0)
Unloading 53 unused Assets / (3.9 MB). Loaded Objects now: 3849.
Memory consumption went from 221.9 MB to 218.0 MB.
Total: 5.205000 ms (FindLiveObjects: 0.274700 ms CreateObjectMapping: 0.208200 ms MarkObjects: 3.161600 ms  DeleteObjects: 1.559100 ms)

Prepare: number of updated asset objects reloaded= 0
AssetImportParameters requested are different than current active one (requested -> active):
  custom:scripting/monoscript/fileName/Decorators.cs: 4533f6715dc3f8cdabbd37ff77d1dad7 -> 
  custom:scripting/monoscript/fileName/GlobalSettings.cs: e5eb35b80bdfaee4ead1e1630fd77998 -> 
  custom:scripting/monoscript/fileName/PostProcessEffectBaseEditor.cs: 972bdf00f442be0d879dcb6868e25c8e -> 
  custom:scripting/monoscript/fileName/PostProcessRenderContext.cs: 9e034c8bf7d42a1d6c2d4339915eccb0 -> 
  custom:scripting/monoscript/fileName/Spline.cs: 7876820de12ed89d33ad838af99a030e -> 
  custom:scripting/monoscript/fileName/ColorGrading.cs: ef67493fb3cf9676ba5f25862510a595 -> 
  custom:scripting/monoscript/fileName/Monitor.cs: e0eb5d32b3aade2e0ce8680b00ac2b78 -> 
  custom:scripting/precompiled-assembly-types:Unity.Postprocessing.Runtime: 655cd018e42ac91ed9a03cfbdae17956 -> 
  custom:scripting/monoscript/fileName/TemporalAntialiasing.cs: 71e40fdab49d34f4e07f83936454d904 -> 
  custom:container-demuxer-ogg: 62fdf1f143b41e24485cea50d1cbac27 -> 
  custom:scripting/monoscript/fileName/AmbientOcclusion.cs: 7a27923f9312611f0b2898a72e3ee96a -> 
  custom:scripting/monoscript/fileName/PostProcessDebugLayer.cs: 6d8a99809398beddf11f92dfbb0e6ad4 -> 
  custom:scripting/monoscript/fileName/ColorUtilities.cs: 47918ebfa890b947a816b80444ee2882 -> 
  custom:scripting/monoscript/fileName/ParameterOverride.cs: 5475497db741ca919df708e5019e593d -> 
  custom:scripting/monoscript/fileName/TextureLerper.cs: 973e800795f77d61d647ea0c3f0cf284 -> 
  custom:scripting/precompiled-assembly-types:Unity.Postprocessing.Editor: 23b49e25b965492466cd147d7735360a -> 
  custom:scripting/monoscript/fileName/Vignette.cs: e0b99ac31b7575ef776e7be56647abb0 -> 
  custom:scripting/monoscript/fileName/DepthOfFieldEditor.cs: 64cce655bf722c851048e2ebbf401a7b -> 
  custom:scripting/monoscript/fileName/DefaultPostProcessEffectEditor.cs: 06a1d8fcea7725e08b95f21cc15fd0a1 -> 
  custom:scripting/monoscript/fileName/PostProcessLayer.cs: aa288976158dcd4c24041d5304f25d07 -> 
  custom:scripting/monoscript/fileName/MaxAttribute.cs: d661645ab8c724f24b3e19978e87b44c -> 
  custom:scripting/monoscript/fileName/PostProcessDebugEditor.cs: 1a0488d8742bf880cc7334e53e2cc73d -> 
  custom:video-decoder-ogg-theora: a1e56fd34408186e4bbccfd4996cb3dc -> 
  custom:scripting/monoscript/fileName/SerializedParameterOverride.cs: 5e4deaf96895d013d32a8e84ec179f8e -> 
  custom:scripting/monoscript/fileName/MeshUtilities.cs: dc5356b699afd34cf9728f4d65b476a0 -> 
  custom:scripting/monoscript/fileName/AmbientOcclusionEditor.cs: 61e5422c29b8f52188d508eb7d382167 -> 
  custom:scripting/monoscript/fileName/FastApproximateAntialiasing.cs: bf5588b2deec2689a812a7d2eacd9bd5 -> 
  custom:scripting/monoscript/fileName/MotionBlur.cs: 823914e335803785a19e5990c6ab2911 -> 
  custom:scripting/monoscript/fileName/DefineSetter.cs: 292ba08e52064b1a72f8d4bb04301dd3 -> 
  custom:framework-win-MediaFoundation: 216162199b28c13a410421893ffa2e32 -> 
  custom:scripting/monoscript/fileName/ShaderIDs.cs: 96024f1f873475da65a783f1404f9117 -> 
  custom:scripting/monoscript/fileName/PostProcessEditorAttribute.cs: 672a58b4d5bab60112487a31c361c481 -> 
  custom:scripting/monoscript/fileName/LensDistortionEditor.cs: dee045d29944d55e8040435a58a7ce90 -> 
  custom:scripting/monoscript/fileName/MotionBlurEditor.cs: 3bd8d3e7e9a7ea94beb2e5517b62d27b -> 
  custom:scripting/monoscript/fileName/Dithering.cs: 3014fffaa718d0ad6dd2c7bb7956ed46 -> 
  custom:scripting/monoscript/fileName/DecoratorAttribute.cs: be5bd39119e1a41ea1a019fdb3818a3f -> 
  custom:scripting/monoscript/fileName/DisplayNameAttribute.cs: 935a6ac504eb8a852fba40cbcae9292c -> 
  custom:scripting/monoscript/fileName/PostProcessEffectSettings.cs: 2ab9d33170e863b1a9c8a9079cdd12aa -> 
  custom:scripting/monoscript/fileName/Fog.cs: 07e271953e2bcf8513b6a72a2737e767 -> 
  custom:scripting/monoscript/fileName/PostProcessManager.cs: 28ef7780d543a8111635e1f5051383d0 -> 
  custom:scripting/monoscript/fileName/VolumeFactory.cs: cc77136700c9e1ff894d234886ccb852 -> 
  custom:CustomObjectIndexerAttribute: 9a22284fe3817be447336de3de66b15e -> 
  custom:scripting/monoscript/fileName/PostProcessEvent.cs: 8fb6e54ff2cf1a8be7ecdd01fbdd78f8 -> 
  custom:scripting/monoscript/fileName/TrackballAttribute.cs: 8dea8f77de7bd03137cc578af1ea6656 -> 
  custom:scripting/monoscript/fileName/TrackballDecorator.cs: 6a2b6c747937d12d8d81be8f5b21fbd2 -> 
  custom:scripting/monoscript/fileName/MultiScaleVO.cs: d4c4732956ffb536e016475d75f04c43 -> 
  custom:scripting/monoscript/fileName/CubeLutAssetFactory.cs: db1961888d7cabf6be94b37e3b663de4 -> 
  custom:container-demuxer-webm: 4f35f7cbe854078d1ac9338744f61a02 -> 
  custom:scripting/monoscript/fileName/PostProcessVolumeEditor.cs: 7aae71821512dcac422c45dc773293c3 -> 
  custom:scripting/monoscript/fileName/ChromaticAberration.cs: 4d59e57f8324f5f986e16678ed451410 -> 
  custom:scripting/monoscript/fileName/VignetteEditor.cs: 345736fc911c5e8ab23e579751a40e4a -> 
  custom:scripting/monoscript/fileName/Styling.cs: d1c4aa14ff93670753edfbb93fc91bfe -> 
  custom:scripting/monoscript/fileName/PostProcessEffectRendererExtensions.cs: e953624d113e7e1739c702512603957d -> 
  custom:scripting/monoscript/fileName/ScalableAO.cs: 2f29d71d59b754086c809cfee1cdce34 -> 
  custom:scripting/monoscript/fileName/PostProcessLayerEditor.cs: d16de665ece05cd6e27dcc8d7bac4b9a -> 
  custom:scripting/monoscript/fileName/MinMaxAttribute.cs: a4b6ac8a4377612c7135a60f905792f1 -> 
  custom:scripting/monoscript/fileName/SubpixelMorphologicalAntialiasing.cs: 02dcb8839824addec278047da0509aea -> 
  custom:scripting/monoscript/fileName/BaseEditor.cs: 90647cc400823b41df847a6cbfc29026 -> 
  custom:container-muxer-webm: aa71ff27fc2769a1b78a27578f13a17b -> 
  custom:video-decoder-webm-vp8: 9c59270c3fd7afecdb556c50c9e8de78 -> 
  custom:SearchIndexIgnoredProperties: e643bd26f0fe6173181afceb89e7c659 -> 
  custom:scripting/monoscript/fileName/ChromaticAberrationEditor.cs: 3043bf57519b71f64b7a6de970c2487b -> 
  custom:scripting/monoscript/fileName/PostProcessEffectRenderer.cs: 577c5acf8157ecea944bb95c8c6d9a95 -> 
  custom:AudioImporter_EditorPlatform: d09bf68614088b80899f8185d706f6e7 -> 
  custom:scripting/monoscript/fileName/TextureFormatUtilities.cs: ba58c57cfaabc0f8201a9ca6902fcb23 -> 
  custom:scripting/monoscript/fileName/PostProcessVolume.cs: 3883cef4be0567c54caf457a416a2095 -> 
  custom:scripting/monoscript/fileName/LightMeterMonitor.cs: a897ae0c731cb153281aea9ecd0efb03 -> 
  custom:scripting/monoscript/fileName/ColorGradingEditor.cs: 25838050e3e1f12ef51713a5dcf60349 -> 
  custom:scripting/monoscript/fileName/AttributeDecorator.cs: 39b465f08cd0a5df82fc2ef70b766ca2 -> 
  custom:scripting/monoscript/fileName/AutoExposureEditor.cs: dfd15824649ea346b717bc72a871d75b -> 
  custom:scripting/monoscript/fileName/LensDistortion.cs: b7963bb1da21ba484a7b59b9f6ea3aec -> 
  custom:scripting/monoscript/fileName/ResourceAssetFactory.cs: bf6acc988648d854bb3c5751325d0d0a -> 
  custom:scripting/monoscript/fileName/PostProcessProfileEditor.cs: 1dcd55858a4126cb33b0f2de53c74fbe -> 
  custom:scripting/monoscript/fileName/Skybox.cs: c122ade9e2d3a916264f47a45be02789 -> 
  custom:scripting/monoscript/fileName/PostProcessDebug.cs: a653e9b773649e7452b035b4ce1dae82 -> 
  custom:scripting/monoscript/fileName/PostProcessAttribute.cs: e125947bf72ce7382f3b16f75797c897 -> 
  custom:scripting/monoscript/fileName/Grain.cs: 43f09a87a88d9937fbb9c4dbf3d5508e -> 
  custom:scripting/monoscript/fileName/HistogramMonitor.cs: 6fd024409d6e9db8d4c2c4e26430c2ad -> 
  custom:scripting/monoscript/fileName/PostProcessProfile.cs: f6dc030e2e953b2ed0eca334cce5d5cf -> 
  custom:scripting/monoscript/fileName/ProfileFactory.cs: f835845dfebfed501813f60a1cb006a3 -> 
  custom:scripting/monoscript/fileName/PostProcessEffectEditor.cs: 90647cc400823b41df847a6cbfc29026 -> 
  custom:scripting/monoscript/fileName/CubeLutAssetImporter.cs: 5e94ca4c74dad11cc8880f33d0ba9efb -> 
  custom:scripting/monoscript/fileName/PostProcessBundle.cs: f610f855c8ae8b896b5084e85ede373e -> 
  custom:scripting/monoscript/fileName/ScreenSpaceReflectionsEditor.cs: 59c13ba25de6098e70bafe8be94f609a -> 
  custom:video-encoder-webm-vp8: eb34c28f22e8b96e1ab97ce403110664 -> 
  custom:scripting/monoscript/fileName/RuntimeUtilities.cs: 76964d36e50cc48cfa29643bdde8d9a5 -> 
  custom:scripting/monoscript/fileName/Bloom.cs: 6f6d579a64201b97313a62a1e91b3575 -> 
  custom:audio-decoder-ogg-vorbis: bf7c407c2cedff20999df2af8eb42d56 -> 
  custom:scripting/monoscript/fileName/AutoExposure.cs: 0e7c21b17f53209ee8c5c61ab59d7835 -> 
  custom:scripting/monoscript/fileName/VectorscopeMonitor.cs: cb70c6437b976f01b752cd219cc47f32 -> 
  custom:scripting/monoscript/fileName/PropertySheetFactory.cs: cfc4667cc03e44252fafe18d99f24b25 -> 
  custom:scripting/monoscript/fileName/EditorUtilities.cs: 53a52fb113757c42f9c516115bd845ca -> 
  custom:scripting/monoscript/fileName/HaltonSeq.cs: a7590e55d6fae5328a1c395a2473d0cf -> 
  custom:scripting/monoscript/fileName/MinAttribute.cs: a3e7473301291585f4cca024ce307406 -> 
  custom:scripting/monoscript/fileName/DepthOfField.cs: d62178d8b5619f59fcdd6d24617ef5fd -> 
  custom:scripting/monoscript/fileName/BloomEditor.cs: c341bb26b40744c3a5c2a142ac3e1051 -> 
  custom:scripting/monoscript/fileName/WaveformMonitor.cs: 609651ee3f98f206575f684e9cce655d -> 
  custom:scripting/monoscript/fileName/HableCurve.cs: f244b24d6e7c556a2de06e25b0bbf4c1 -> 
  custom:audio-encoder-webm-vorbis: bf7c407c2cedff20999df2af8eb42d56 -> 
  custom:scripting/monoscript/fileName/PropertySheet.cs: e6bb03169eca9d33ea794a47ad6ce213 -> 
  custom:scripting/monoscript/fileName/TargetPool.cs: 6d29560228134c933c12fb1c113fb6ef -> 
  custom:scripting/monoscript/fileName/LogHistogram.cs: bab913d888834a1a8572eb834acec97c -> 
  custom:scripting/monoscript/fileName/ScreenSpaceReflections.cs: 8afa07200328ddfcb2536d4180c62536 -> 
  custom:scripting/precompiled-assembly-types:Assembly-CSharp: 9bc7c08e5c2b2dc83dd26948d420372a -> b5609ffa9375a1719a4b9b879c420584
  custom:scripting/monoscript/fileName/CurveEditor.cs: f5e872b2a5a6427a1785818cb10d95d1 -> 
  custom:scripting/monoscript/fileName/PostProcessResources.cs: 5089c17a701ba9b714a1f3d25fb9a9b0 -> 
  custom:scripting/monoscript/fileName/EffectListEditor.cs: 1ecdb4094d9e64024d6eb7725a86197b -> 
========================================================================
Received Prepare
Caller must complete domain reload
Begin MonoManager ReloadAssembly
- Loaded All Assemblies, in  0.366 seconds
Native extension for WindowsStandalone target not found
Native extension for WebGL target not found
Mono: successfully reloaded assembly
- Finished resetting the current domain, in  0.799 seconds
Domain Reload Profiling: 1163ms
	BeginReloadAssembly (126ms)
		ExecutionOrderSort (0ms)
		DisableScriptedObjects (4ms)
		BackupInstance (0ms)
		ReleaseScriptingObjects (0ms)
		CreateAndSetChildDomain (23ms)
	RebuildCommonClasses (26ms)
	RebuildNativeTypeToScriptingClass (8ms)
	initialDomainReloadingComplete (25ms)
	LoadAllAssembliesAndSetupDomain (179ms)
		LoadAssemblies (237ms)
		RebuildTransferFunctionScriptingTraits (0ms)
		AnalyzeDomain (12ms)
			TypeCache.Refresh (5ms)
				TypeCache.ScanAssembly (0ms)
			ScanForSourceGeneratedMonoScriptInfo (0ms)
			ResolveRequiredComponents (4ms)
	FinalizeReload (799ms)
		ReleaseScriptCaches (0ms)
		RebuildScriptCaches (0ms)
		SetupLoadedEditorAssemblies (363ms)
			LogAssemblyErrors (0ms)
			InitializePlatformSupportModulesInManaged (9ms)
			SetLoadedEditorAssemblies (3ms)
			RefreshPlugins (0ms)
			BeforeProcessingInitializeOnLoad (54ms)
			ProcessInitializeOnLoadAttributes (270ms)
			ProcessInitializeOnLoadMethodAttributes (21ms)
			AfterProcessingInitializeOnLoad (7ms)
			EditorAssembliesLoaded (0ms)
		ExecutionOrderSort2 (0ms)
		AwakeInstancesAfterBackupRestoration (7ms)
Refreshing native plugins compatible for Editor in 5.30 ms, found 3 plugins.
Preloading 0 native plugins for Editor in 0.00 ms.
Unloading 3252 Unused Serialized files (Serialized files now loaded: 0)
Unloading 53 unused Assets / (4.0 MB). Loaded Objects now: 3852.
Memory consumption went from 221.9 MB to 218.0 MB.
Total: 4.728000 ms (FindLiveObjects: 0.373500 ms CreateObjectMapping: 0.157800 ms MarkObjects: 2.790300 ms  DeleteObjects: 1.404500 ms)

Prepare: number of updated asset objects reloaded= 0
AssetImportParameters requested are different than current active one (requested -> active):
  custom:scripting/monoscript/fileName/Decorators.cs: 4533f6715dc3f8cdabbd37ff77d1dad7 -> 
  custom:scripting/monoscript/fileName/GlobalSettings.cs: e5eb35b80bdfaee4ead1e1630fd77998 -> 
  custom:scripting/monoscript/fileName/PostProcessEffectBaseEditor.cs: 972bdf00f442be0d879dcb6868e25c8e -> 
  custom:scripting/monoscript/fileName/PostProcessRenderContext.cs: 9e034c8bf7d42a1d6c2d4339915eccb0 -> 
  custom:scripting/monoscript/fileName/Spline.cs: 7876820de12ed89d33ad838af99a030e -> 
  custom:scripting/monoscript/fileName/ColorGrading.cs: ef67493fb3cf9676ba5f25862510a595 -> 
  custom:scripting/monoscript/fileName/Monitor.cs: e0eb5d32b3aade2e0ce8680b00ac2b78 -> 
  custom:scripting/precompiled-assembly-types:Unity.Postprocessing.Runtime: 655cd018e42ac91ed9a03cfbdae17956 -> 
  custom:scripting/monoscript/fileName/TemporalAntialiasing.cs: 71e40fdab49d34f4e07f83936454d904 -> 
  custom:container-demuxer-ogg: 62fdf1f143b41e24485cea50d1cbac27 -> 
  custom:scripting/monoscript/fileName/AmbientOcclusion.cs: 7a27923f9312611f0b2898a72e3ee96a -> 
  custom:scripting/monoscript/fileName/PostProcessDebugLayer.cs: 6d8a99809398beddf11f92dfbb0e6ad4 -> 
  custom:scripting/monoscript/fileName/ColorUtilities.cs: 47918ebfa890b947a816b80444ee2882 -> 
  custom:scripting/monoscript/fileName/ParameterOverride.cs: 5475497db741ca919df708e5019e593d -> 
  custom:scripting/monoscript/fileName/TextureLerper.cs: 973e800795f77d61d647ea0c3f0cf284 -> 
  custom:scripting/precompiled-assembly-types:Unity.Postprocessing.Editor: 23b49e25b965492466cd147d7735360a -> 
  custom:scripting/monoscript/fileName/Vignette.cs: e0b99ac31b7575ef776e7be56647abb0 -> 
  custom:scripting/monoscript/fileName/DepthOfFieldEditor.cs: 64cce655bf722c851048e2ebbf401a7b -> 
  custom:scripting/monoscript/fileName/DefaultPostProcessEffectEditor.cs: 06a1d8fcea7725e08b95f21cc15fd0a1 -> 
  custom:scripting/monoscript/fileName/PostProcessLayer.cs: aa288976158dcd4c24041d5304f25d07 -> 
  custom:scripting/monoscript/fileName/MaxAttribute.cs: d661645ab8c724f24b3e19978e87b44c -> 
  custom:scripting/monoscript/fileName/PostProcessDebugEditor.cs: 1a0488d8742bf880cc7334e53e2cc73d -> 
  custom:video-decoder-ogg-theora: a1e56fd34408186e4bbccfd4996cb3dc -> 
  custom:scripting/monoscript/fileName/SerializedParameterOverride.cs: 5e4deaf96895d013d32a8e84ec179f8e -> 
  custom:scripting/monoscript/fileName/MeshUtilities.cs: dc5356b699afd34cf9728f4d65b476a0 -> 
  custom:scripting/monoscript/fileName/AmbientOcclusionEditor.cs: 61e5422c29b8f52188d508eb7d382167 -> 
  custom:scripting/monoscript/fileName/FastApproximateAntialiasing.cs: bf5588b2deec2689a812a7d2eacd9bd5 -> 
  custom:scripting/monoscript/fileName/MotionBlur.cs: 823914e335803785a19e5990c6ab2911 -> 
  custom:scripting/monoscript/fileName/DefineSetter.cs: 292ba08e52064b1a72f8d4bb04301dd3 -> 
  custom:framework-win-MediaFoundation: 216162199b28c13a410421893ffa2e32 -> 
  custom:scripting/monoscript/fileName/ShaderIDs.cs: 96024f1f873475da65a783f1404f9117 -> 
  custom:scripting/monoscript/fileName/PostProcessEditorAttribute.cs: 672a58b4d5bab60112487a31c361c481 -> 
  custom:scripting/monoscript/fileName/LensDistortionEditor.cs: dee045d29944d55e8040435a58a7ce90 -> 
  custom:scripting/monoscript/fileName/MotionBlurEditor.cs: 3bd8d3e7e9a7ea94beb2e5517b62d27b -> 
  custom:scripting/monoscript/fileName/Dithering.cs: 3014fffaa718d0ad6dd2c7bb7956ed46 -> 
  custom:scripting/monoscript/fileName/DecoratorAttribute.cs: be5bd39119e1a41ea1a019fdb3818a3f -> 
  custom:scripting/monoscript/fileName/DisplayNameAttribute.cs: 935a6ac504eb8a852fba40cbcae9292c -> 
  custom:scripting/monoscript/fileName/PostProcessEffectSettings.cs: 2ab9d33170e863b1a9c8a9079cdd12aa -> 
  custom:scripting/monoscript/fileName/Fog.cs: 07e271953e2bcf8513b6a72a2737e767 -> 
  custom:scripting/monoscript/fileName/PostProcessManager.cs: 28ef7780d543a8111635e1f5051383d0 -> 
  custom:scripting/monoscript/fileName/VolumeFactory.cs: cc77136700c9e1ff894d234886ccb852 -> 
  custom:CustomObjectIndexerAttribute: 9a22284fe3817be447336de3de66b15e -> 
  custom:scripting/monoscript/fileName/PostProcessEvent.cs: 8fb6e54ff2cf1a8be7ecdd01fbdd78f8 -> 
  custom:scripting/monoscript/fileName/TrackballAttribute.cs: 8dea8f77de7bd03137cc578af1ea6656 -> 
  custom:scripting/monoscript/fileName/TrackballDecorator.cs: 6a2b6c747937d12d8d81be8f5b21fbd2 -> 
  custom:scripting/monoscript/fileName/MultiScaleVO.cs: d4c4732956ffb536e016475d75f04c43 -> 
  custom:scripting/monoscript/fileName/CubeLutAssetFactory.cs: db1961888d7cabf6be94b37e3b663de4 -> 
  custom:container-demuxer-webm: 4f35f7cbe854078d1ac9338744f61a02 -> 
  custom:scripting/monoscript/fileName/PostProcessVolumeEditor.cs: 7aae71821512dcac422c45dc773293c3 -> 
  custom:scripting/monoscript/fileName/ChromaticAberration.cs: 4d59e57f8324f5f986e16678ed451410 -> 
  custom:scripting/monoscript/fileName/VignetteEditor.cs: 345736fc911c5e8ab23e579751a40e4a -> 
  custom:scripting/monoscript/fileName/Styling.cs: d1c4aa14ff93670753edfbb93fc91bfe -> 
  custom:scripting/monoscript/fileName/PostProcessEffectRendererExtensions.cs: e953624d113e7e1739c702512603957d -> 
  custom:scripting/monoscript/fileName/ScalableAO.cs: 2f29d71d59b754086c809cfee1cdce34 -> 
  custom:scripting/monoscript/fileName/PostProcessLayerEditor.cs: d16de665ece05cd6e27dcc8d7bac4b9a -> 
  custom:scripting/monoscript/fileName/MinMaxAttribute.cs: a4b6ac8a4377612c7135a60f905792f1 -> 
  custom:scripting/monoscript/fileName/SubpixelMorphologicalAntialiasing.cs: 02dcb8839824addec278047da0509aea -> 
  custom:scripting/monoscript/fileName/BaseEditor.cs: 90647cc400823b41df847a6cbfc29026 -> 
  custom:container-muxer-webm: aa71ff27fc2769a1b78a27578f13a17b -> 
  custom:video-decoder-webm-vp8: 9c59270c3fd7afecdb556c50c9e8de78 -> 
  custom:SearchIndexIgnoredProperties: e643bd26f0fe6173181afceb89e7c659 -> 
  custom:scripting/monoscript/fileName/ChromaticAberrationEditor.cs: 3043bf57519b71f64b7a6de970c2487b -> 
  custom:scripting/monoscript/fileName/PostProcessEffectRenderer.cs: 577c5acf8157ecea944bb95c8c6d9a95 -> 
  custom:AudioImporter_EditorPlatform: d09bf68614088b80899f8185d706f6e7 -> 
  custom:scripting/monoscript/fileName/TextureFormatUtilities.cs: ba58c57cfaabc0f8201a9ca6902fcb23 -> 
  custom:scripting/monoscript/fileName/PostProcessVolume.cs: 3883cef4be0567c54caf457a416a2095 -> 
  custom:scripting/monoscript/fileName/LightMeterMonitor.cs: a897ae0c731cb153281aea9ecd0efb03 -> 
  custom:scripting/monoscript/fileName/ColorGradingEditor.cs: 25838050e3e1f12ef51713a5dcf60349 -> 
  custom:scripting/monoscript/fileName/AttributeDecorator.cs: 39b465f08cd0a5df82fc2ef70b766ca2 -> 
  custom:scripting/monoscript/fileName/AutoExposureEditor.cs: dfd15824649ea346b717bc72a871d75b -> 
  custom:scripting/monoscript/fileName/LensDistortion.cs: b7963bb1da21ba484a7b59b9f6ea3aec -> 
  custom:scripting/monoscript/fileName/ResourceAssetFactory.cs: bf6acc988648d854bb3c5751325d0d0a -> 
  custom:scripting/monoscript/fileName/PostProcessProfileEditor.cs: 1dcd55858a4126cb33b0f2de53c74fbe -> 
  custom:scripting/monoscript/fileName/Skybox.cs: c122ade9e2d3a916264f47a45be02789 -> 
  custom:scripting/monoscript/fileName/PostProcessDebug.cs: a653e9b773649e7452b035b4ce1dae82 -> 
  custom:scripting/monoscript/fileName/PostProcessAttribute.cs: e125947bf72ce7382f3b16f75797c897 -> 
  custom:scripting/monoscript/fileName/Grain.cs: 43f09a87a88d9937fbb9c4dbf3d5508e -> 
  custom:scripting/monoscript/fileName/HistogramMonitor.cs: 6fd024409d6e9db8d4c2c4e26430c2ad -> 
  custom:scripting/monoscript/fileName/PostProcessProfile.cs: f6dc030e2e953b2ed0eca334cce5d5cf -> 
  custom:scripting/monoscript/fileName/ProfileFactory.cs: f835845dfebfed501813f60a1cb006a3 -> 
  custom:scripting/monoscript/fileName/PostProcessEffectEditor.cs: 90647cc400823b41df847a6cbfc29026 -> 
  custom:scripting/monoscript/fileName/CubeLutAssetImporter.cs: 5e94ca4c74dad11cc8880f33d0ba9efb -> 
  custom:scripting/monoscript/fileName/PostProcessBundle.cs: f610f855c8ae8b896b5084e85ede373e -> 
  custom:scripting/monoscript/fileName/ScreenSpaceReflectionsEditor.cs: 59c13ba25de6098e70bafe8be94f609a -> 
  custom:video-encoder-webm-vp8: eb34c28f22e8b96e1ab97ce403110664 -> 
  custom:scripting/monoscript/fileName/RuntimeUtilities.cs: 76964d36e50cc48cfa29643bdde8d9a5 -> 
  custom:scripting/monoscript/fileName/Bloom.cs: 6f6d579a64201b97313a62a1e91b3575 -> 
  custom:audio-decoder-ogg-vorbis: bf7c407c2cedff20999df2af8eb42d56 -> 
  custom:scripting/monoscript/fileName/AutoExposure.cs: 0e7c21b17f53209ee8c5c61ab59d7835 -> 
  custom:scripting/monoscript/fileName/VectorscopeMonitor.cs: cb70c6437b976f01b752cd219cc47f32 -> 
  custom:scripting/monoscript/fileName/PropertySheetFactory.cs: cfc4667cc03e44252fafe18d99f24b25 -> 
  custom:scripting/monoscript/fileName/EditorUtilities.cs: 53a52fb113757c42f9c516115bd845ca -> 
  custom:scripting/monoscript/fileName/HaltonSeq.cs: a7590e55d6fae5328a1c395a2473d0cf -> 
  custom:scripting/monoscript/fileName/MinAttribute.cs: a3e7473301291585f4cca024ce307406 -> 
  custom:scripting/monoscript/fileName/DepthOfField.cs: d62178d8b5619f59fcdd6d24617ef5fd -> 
  custom:scripting/monoscript/fileName/BloomEditor.cs: c341bb26b40744c3a5c2a142ac3e1051 -> 
  custom:scripting/monoscript/fileName/WaveformMonitor.cs: 609651ee3f98f206575f684e9cce655d -> 
  custom:scripting/monoscript/fileName/HableCurve.cs: f244b24d6e7c556a2de06e25b0bbf4c1 -> 
  custom:audio-encoder-webm-vorbis: bf7c407c2cedff20999df2af8eb42d56 -> 
  custom:scripting/monoscript/fileName/PropertySheet.cs: e6bb03169eca9d33ea794a47ad6ce213 -> 
  custom:scripting/monoscript/fileName/TargetPool.cs: 6d29560228134c933c12fb1c113fb6ef -> 
  custom:scripting/monoscript/fileName/LogHistogram.cs: bab913d888834a1a8572eb834acec97c -> 
  custom:scripting/monoscript/fileName/ScreenSpaceReflections.cs: 8afa07200328ddfcb2536d4180c62536 -> 
  custom:scripting/precompiled-assembly-types:Assembly-CSharp: 9bc7c08e5c2b2dc83dd26948d420372a -> b5609ffa9375a1719a4b9b879c420584
  custom:scripting/monoscript/fileName/CurveEditor.cs: f5e872b2a5a6427a1785818cb10d95d1 -> 
  custom:scripting/monoscript/fileName/PostProcessResources.cs: 5089c17a701ba9b714a1f3d25fb9a9b0 -> 
  custom:scripting/monoscript/fileName/EffectListEditor.cs: 1ecdb4094d9e64024d6eb7725a86197b -> 
========================================================================
Received Prepare
Caller must complete domain reload
Begin MonoManager ReloadAssembly
- Loaded All Assemblies, in  0.377 seconds
Native extension for WindowsStandalone target not found
Native extension for WebGL target not found
Mono: successfully reloaded assembly
- Finished resetting the current domain, in  0.775 seconds
Domain Reload Profiling: 1150ms
	BeginReloadAssembly (131ms)
		ExecutionOrderSort (0ms)
		DisableScriptedObjects (4ms)
		BackupInstance (0ms)
		ReleaseScriptingObjects (0ms)
		CreateAndSetChildDomain (26ms)
	RebuildCommonClasses (28ms)
	RebuildNativeTypeToScriptingClass (8ms)
	initialDomainReloadingComplete (26ms)
	LoadAllAssembliesAndSetupDomain (182ms)
		LoadAssemblies (239ms)
		RebuildTransferFunctionScriptingTraits (0ms)
		AnalyzeDomain (13ms)
			TypeCache.Refresh (6ms)
				TypeCache.ScanAssembly (0ms)
			ScanForSourceGeneratedMonoScriptInfo (0ms)
			ResolveRequiredComponents (5ms)
	FinalizeReload (775ms)
		ReleaseScriptCaches (0ms)
		RebuildScriptCaches (0ms)
		SetupLoadedEditorAssemblies (353ms)
			LogAssemblyErrors (0ms)
			InitializePlatformSupportModulesInManaged (7ms)
			SetLoadedEditorAssemblies (2ms)
			RefreshPlugins (0ms)
			BeforeProcessingInitializeOnLoad (54ms)
			ProcessInitializeOnLoadAttributes (262ms)
			ProcessInitializeOnLoadMethodAttributes (20ms)
			AfterProcessingInitializeOnLoad (7ms)
			EditorAssembliesLoaded (0ms)
		ExecutionOrderSort2 (0ms)
		AwakeInstancesAfterBackupRestoration (6ms)
Refreshing native plugins compatible for Editor in 5.90 ms, found 3 plugins.
Preloading 0 native plugins for Editor in 0.00 ms.
Unloading 3252 Unused Serialized files (Serialized files now loaded: 0)
Unloading 53 unused Assets / (4.0 MB). Loaded Objects now: 3855.
Memory consumption went from 221.9 MB to 218.0 MB.
Total: 4.943900 ms (FindLiveObjects: 0.275000 ms CreateObjectMapping: 0.207400 ms MarkObjects: 2.989500 ms  DeleteObjects: 1.469900 ms)

Prepare: number of updated asset objects reloaded= 0
AssetImportParameters requested are different than current active one (requested -> active):
  custom:scripting/monoscript/fileName/Decorators.cs: 4533f6715dc3f8cdabbd37ff77d1dad7 -> 
  custom:scripting/monoscript/fileName/GlobalSettings.cs: e5eb35b80bdfaee4ead1e1630fd77998 -> 
  custom:scripting/monoscript/fileName/PostProcessEffectBaseEditor.cs: 972bdf00f442be0d879dcb6868e25c8e -> 
  custom:scripting/monoscript/fileName/PostProcessRenderContext.cs: 9e034c8bf7d42a1d6c2d4339915eccb0 -> 
  custom:scripting/monoscript/fileName/Spline.cs: 7876820de12ed89d33ad838af99a030e -> 
  custom:scripting/monoscript/fileName/ColorGrading.cs: ef67493fb3cf9676ba5f25862510a595 -> 
  custom:scripting/monoscript/fileName/Monitor.cs: e0eb5d32b3aade2e0ce8680b00ac2b78 -> 
  custom:scripting/precompiled-assembly-types:Unity.Postprocessing.Runtime: 655cd018e42ac91ed9a03cfbdae17956 -> 
  custom:scripting/monoscript/fileName/TemporalAntialiasing.cs: 71e40fdab49d34f4e07f83936454d904 -> 
  custom:container-demuxer-ogg: 62fdf1f143b41e24485cea50d1cbac27 -> 
  custom:scripting/monoscript/fileName/AmbientOcclusion.cs: 7a27923f9312611f0b2898a72e3ee96a -> 
  custom:scripting/monoscript/fileName/PostProcessDebugLayer.cs: 6d8a99809398beddf11f92dfbb0e6ad4 -> 
  custom:scripting/monoscript/fileName/ColorUtilities.cs: 47918ebfa890b947a816b80444ee2882 -> 
  custom:scripting/monoscript/fileName/ParameterOverride.cs: 5475497db741ca919df708e5019e593d -> 
  custom:scripting/monoscript/fileName/TextureLerper.cs: 973e800795f77d61d647ea0c3f0cf284 -> 
  custom:scripting/precompiled-assembly-types:Unity.Postprocessing.Editor: 23b49e25b965492466cd147d7735360a -> 
  custom:scripting/monoscript/fileName/Vignette.cs: e0b99ac31b7575ef776e7be56647abb0 -> 
  custom:scripting/monoscript/fileName/DepthOfFieldEditor.cs: 64cce655bf722c851048e2ebbf401a7b -> 
  custom:scripting/monoscript/fileName/DefaultPostProcessEffectEditor.cs: 06a1d8fcea7725e08b95f21cc15fd0a1 -> 
  custom:scripting/monoscript/fileName/PostProcessLayer.cs: aa288976158dcd4c24041d5304f25d07 -> 
  custom:scripting/monoscript/fileName/MaxAttribute.cs: d661645ab8c724f24b3e19978e87b44c -> 
  custom:scripting/monoscript/fileName/PostProcessDebugEditor.cs: 1a0488d8742bf880cc7334e53e2cc73d -> 
  custom:video-decoder-ogg-theora: a1e56fd34408186e4bbccfd4996cb3dc -> 
  custom:scripting/monoscript/fileName/SerializedParameterOverride.cs: 5e4deaf96895d013d32a8e84ec179f8e -> 
  custom:scripting/monoscript/fileName/MeshUtilities.cs: dc5356b699afd34cf9728f4d65b476a0 -> 
  custom:scripting/monoscript/fileName/AmbientOcclusionEditor.cs: 61e5422c29b8f52188d508eb7d382167 -> 
  custom:scripting/monoscript/fileName/FastApproximateAntialiasing.cs: bf5588b2deec2689a812a7d2eacd9bd5 -> 
  custom:scripting/monoscript/fileName/MotionBlur.cs: 823914e335803785a19e5990c6ab2911 -> 
  custom:scripting/monoscript/fileName/DefineSetter.cs: 292ba08e52064b1a72f8d4bb04301dd3 -> 
  custom:framework-win-MediaFoundation: 216162199b28c13a410421893ffa2e32 -> 
  custom:scripting/monoscript/fileName/ShaderIDs.cs: 96024f1f873475da65a783f1404f9117 -> 
  custom:scripting/monoscript/fileName/PostProcessEditorAttribute.cs: 672a58b4d5bab60112487a31c361c481 -> 
  custom:scripting/monoscript/fileName/LensDistortionEditor.cs: dee045d29944d55e8040435a58a7ce90 -> 
  custom:scripting/monoscript/fileName/MotionBlurEditor.cs: 3bd8d3e7e9a7ea94beb2e5517b62d27b -> 
  custom:scripting/monoscript/fileName/Dithering.cs: 3014fffaa718d0ad6dd2c7bb7956ed46 -> 
  custom:scripting/monoscript/fileName/DecoratorAttribute.cs: be5bd39119e1a41ea1a019fdb3818a3f -> 
  custom:scripting/monoscript/fileName/DisplayNameAttribute.cs: 935a6ac504eb8a852fba40cbcae9292c -> 
  custom:scripting/monoscript/fileName/PostProcessEffectSettings.cs: 2ab9d33170e863b1a9c8a9079cdd12aa -> 
  custom:scripting/monoscript/fileName/Fog.cs: 07e271953e2bcf8513b6a72a2737e767 -> 
  custom:scripting/monoscript/fileName/PostProcessManager.cs: 28ef7780d543a8111635e1f5051383d0 -> 
  custom:scripting/monoscript/fileName/VolumeFactory.cs: cc77136700c9e1ff894d234886ccb852 -> 
  custom:CustomObjectIndexerAttribute: 9a22284fe3817be447336de3de66b15e -> 
  custom:scripting/monoscript/fileName/PostProcessEvent.cs: 8fb6e54ff2cf1a8be7ecdd01fbdd78f8 -> 
  custom:scripting/monoscript/fileName/TrackballAttribute.cs: 8dea8f77de7bd03137cc578af1ea6656 -> 
  custom:scripting/monoscript/fileName/TrackballDecorator.cs: 6a2b6c747937d12d8d81be8f5b21fbd2 -> 
  custom:scripting/monoscript/fileName/MultiScaleVO.cs: d4c4732956ffb536e016475d75f04c43 -> 
  custom:scripting/monoscript/fileName/CubeLutAssetFactory.cs: db1961888d7cabf6be94b37e3b663de4 -> 
  custom:container-demuxer-webm: 4f35f7cbe854078d1ac9338744f61a02 -> 
  custom:scripting/monoscript/fileName/PostProcessVolumeEditor.cs: 7aae71821512dcac422c45dc773293c3 -> 
  custom:scripting/monoscript/fileName/ChromaticAberration.cs: 4d59e57f8324f5f986e16678ed451410 -> 
  custom:scripting/monoscript/fileName/VignetteEditor.cs: 345736fc911c5e8ab23e579751a40e4a -> 
  custom:scripting/monoscript/fileName/Styling.cs: d1c4aa14ff93670753edfbb93fc91bfe -> 
  custom:scripting/monoscript/fileName/PostProcessEffectRendererExtensions.cs: e953624d113e7e1739c702512603957d -> 
  custom:scripting/monoscript/fileName/ScalableAO.cs: 2f29d71d59b754086c809cfee1cdce34 -> 
  custom:scripting/monoscript/fileName/PostProcessLayerEditor.cs: d16de665ece05cd6e27dcc8d7bac4b9a -> 
  custom:scripting/monoscript/fileName/MinMaxAttribute.cs: a4b6ac8a4377612c7135a60f905792f1 -> 
  custom:scripting/monoscript/fileName/SubpixelMorphologicalAntialiasing.cs: 02dcb8839824addec278047da0509aea -> 
  custom:scripting/monoscript/fileName/BaseEditor.cs: 90647cc400823b41df847a6cbfc29026 -> 
  custom:container-muxer-webm: aa71ff27fc2769a1b78a27578f13a17b -> 
  custom:video-decoder-webm-vp8: 9c59270c3fd7afecdb556c50c9e8de78 -> 
  custom:SearchIndexIgnoredProperties: e643bd26f0fe6173181afceb89e7c659 -> 
  custom:scripting/monoscript/fileName/ChromaticAberrationEditor.cs: 3043bf57519b71f64b7a6de970c2487b -> 
  custom:scripting/monoscript/fileName/PostProcessEffectRenderer.cs: 577c5acf8157ecea944bb95c8c6d9a95 -> 
  custom:AudioImporter_EditorPlatform: d09bf68614088b80899f8185d706f6e7 -> 
  custom:scripting/monoscript/fileName/TextureFormatUtilities.cs: ba58c57cfaabc0f8201a9ca6902fcb23 -> 
  custom:scripting/monoscript/fileName/PostProcessVolume.cs: 3883cef4be0567c54caf457a416a2095 -> 
  custom:scripting/monoscript/fileName/LightMeterMonitor.cs: a897ae0c731cb153281aea9ecd0efb03 -> 
  custom:scripting/monoscript/fileName/ColorGradingEditor.cs: 25838050e3e1f12ef51713a5dcf60349 -> 
  custom:scripting/monoscript/fileName/AttributeDecorator.cs: 39b465f08cd0a5df82fc2ef70b766ca2 -> 
  custom:scripting/monoscript/fileName/AutoExposureEditor.cs: dfd15824649ea346b717bc72a871d75b -> 
  custom:scripting/monoscript/fileName/LensDistortion.cs: b7963bb1da21ba484a7b59b9f6ea3aec -> 
  custom:scripting/monoscript/fileName/ResourceAssetFactory.cs: bf6acc988648d854bb3c5751325d0d0a -> 
  custom:scripting/monoscript/fileName/PostProcessProfileEditor.cs: 1dcd55858a4126cb33b0f2de53c74fbe -> 
  custom:scripting/monoscript/fileName/Skybox.cs: c122ade9e2d3a916264f47a45be02789 -> 
  custom:scripting/monoscript/fileName/PostProcessDebug.cs: a653e9b773649e7452b035b4ce1dae82 -> 
  custom:scripting/monoscript/fileName/PostProcessAttribute.cs: e125947bf72ce7382f3b16f75797c897 -> 
  custom:scripting/monoscript/fileName/Grain.cs: 43f09a87a88d9937fbb9c4dbf3d5508e -> 
  custom:scripting/monoscript/fileName/HistogramMonitor.cs: 6fd024409d6e9db8d4c2c4e26430c2ad -> 
  custom:scripting/monoscript/fileName/PostProcessProfile.cs: f6dc030e2e953b2ed0eca334cce5d5cf -> 
  custom:scripting/monoscript/fileName/ProfileFactory.cs: f835845dfebfed501813f60a1cb006a3 -> 
  custom:scripting/monoscript/fileName/PostProcessEffectEditor.cs: 90647cc400823b41df847a6cbfc29026 -> 
  custom:scripting/monoscript/fileName/CubeLutAssetImporter.cs: 5e94ca4c74dad11cc8880f33d0ba9efb -> 
  custom:scripting/monoscript/fileName/PostProcessBundle.cs: f610f855c8ae8b896b5084e85ede373e -> 
  custom:scripting/monoscript/fileName/ScreenSpaceReflectionsEditor.cs: 59c13ba25de6098e70bafe8be94f609a -> 
  custom:video-encoder-webm-vp8: eb34c28f22e8b96e1ab97ce403110664 -> 
  custom:scripting/monoscript/fileName/RuntimeUtilities.cs: 76964d36e50cc48cfa29643bdde8d9a5 -> 
  custom:scripting/monoscript/fileName/Bloom.cs: 6f6d579a64201b97313a62a1e91b3575 -> 
  custom:audio-decoder-ogg-vorbis: bf7c407c2cedff20999df2af8eb42d56 -> 
  custom:scripting/monoscript/fileName/AutoExposure.cs: 0e7c21b17f53209ee8c5c61ab59d7835 -> 
  custom:scripting/monoscript/fileName/VectorscopeMonitor.cs: cb70c6437b976f01b752cd219cc47f32 -> 
  custom:scripting/monoscript/fileName/PropertySheetFactory.cs: cfc4667cc03e44252fafe18d99f24b25 -> 
  custom:scripting/monoscript/fileName/EditorUtilities.cs: 53a52fb113757c42f9c516115bd845ca -> 
  custom:scripting/monoscript/fileName/HaltonSeq.cs: a7590e55d6fae5328a1c395a2473d0cf -> 
  custom:scripting/monoscript/fileName/MinAttribute.cs: a3e7473301291585f4cca024ce307406 -> 
  custom:scripting/monoscript/fileName/DepthOfField.cs: d62178d8b5619f59fcdd6d24617ef5fd -> 
  custom:scripting/monoscript/fileName/BloomEditor.cs: c341bb26b40744c3a5c2a142ac3e1051 -> 
  custom:scripting/monoscript/fileName/WaveformMonitor.cs: 609651ee3f98f206575f684e9cce655d -> 
  custom:scripting/monoscript/fileName/HableCurve.cs: f244b24d6e7c556a2de06e25b0bbf4c1 -> 
  custom:audio-encoder-webm-vorbis: bf7c407c2cedff20999df2af8eb42d56 -> 
  custom:scripting/monoscript/fileName/PropertySheet.cs: e6bb03169eca9d33ea794a47ad6ce213 -> 
  custom:scripting/monoscript/fileName/TargetPool.cs: 6d29560228134c933c12fb1c113fb6ef -> 
  custom:scripting/monoscript/fileName/LogHistogram.cs: bab913d888834a1a8572eb834acec97c -> 
  custom:scripting/monoscript/fileName/ScreenSpaceReflections.cs: 8afa07200328ddfcb2536d4180c62536 -> 
  custom:scripting/precompiled-assembly-types:Assembly-CSharp: 9bc7c08e5c2b2dc83dd26948d420372a -> b5609ffa9375a1719a4b9b879c420584
  custom:scripting/monoscript/fileName/CurveEditor.cs: f5e872b2a5a6427a1785818cb10d95d1 -> 
  custom:scripting/monoscript/fileName/PostProcessResources.cs: 5089c17a701ba9b714a1f3d25fb9a9b0 -> 
  custom:scripting/monoscript/fileName/EffectListEditor.cs: 1ecdb4094d9e64024d6eb7725a86197b -> 
========================================================================
Received Prepare
Caller must complete domain reload
Begin MonoManager ReloadAssembly
- Loaded All Assemblies, in  0.372 seconds
Native extension for WindowsStandalone target not found
Native extension for WebGL target not found
Mono: successfully reloaded assembly
- Finished resetting the current domain, in  0.783 seconds
Domain Reload Profiling: 1153ms
	BeginReloadAssembly (131ms)
		ExecutionOrderSort (0ms)
		DisableScriptedObjects (4ms)
		BackupInstance (0ms)
		ReleaseScriptingObjects (0ms)
		CreateAndSetChildDomain (24ms)
	RebuildCommonClasses (26ms)
	RebuildNativeTypeToScriptingClass (9ms)
	initialDomainReloadingComplete (25ms)
	LoadAllAssembliesAndSetupDomain (178ms)
		LoadAssemblies (241ms)
		RebuildTransferFunctionScriptingTraits (0ms)
		AnalyzeDomain (11ms)
			TypeCache.Refresh (5ms)
				TypeCache.ScanAssembly (0ms)
			ScanForSourceGeneratedMonoScriptInfo (0ms)
			ResolveRequiredComponents (4ms)
	FinalizeReload (784ms)
		ReleaseScriptCaches (0ms)
		RebuildScriptCaches (0ms)
		SetupLoadedEditorAssemblies (361ms)
			LogAssemblyErrors (0ms)
			InitializePlatformSupportModulesInManaged (8ms)
			SetLoadedEditorAssemblies (3ms)
			RefreshPlugins (0ms)
			BeforeProcessingInitializeOnLoad (54ms)
			ProcessInitializeOnLoadAttributes (268ms)
			ProcessInitializeOnLoadMethodAttributes (20ms)
			AfterProcessingInitializeOnLoad (8ms)
			EditorAssembliesLoaded (0ms)
		ExecutionOrderSort2 (0ms)
		AwakeInstancesAfterBackupRestoration (7ms)
Refreshing native plugins compatible for Editor in 4.92 ms, found 3 plugins.
Preloading 0 native plugins for Editor in 0.00 ms.
Unloading 3252 Unused Serialized files (Serialized files now loaded: 0)
Unloading 53 unused Assets / (3.9 MB). Loaded Objects now: 3858.
Memory consumption went from 221.9 MB to 218.0 MB.
Total: 4.957100 ms (FindLiveObjects: 0.254500 ms CreateObjectMapping: 0.195600 ms MarkObjects: 3.107400 ms  DeleteObjects: 1.398200 ms)

Prepare: number of updated asset objects reloaded= 0
AssetImportParameters requested are different than current active one (requested -> active):
  custom:scripting/monoscript/fileName/Decorators.cs: 4533f6715dc3f8cdabbd37ff77d1dad7 -> 
  custom:scripting/monoscript/fileName/GlobalSettings.cs: e5eb35b80bdfaee4ead1e1630fd77998 -> 
  custom:scripting/monoscript/fileName/PostProcessEffectBaseEditor.cs: 972bdf00f442be0d879dcb6868e25c8e -> 
  custom:scripting/monoscript/fileName/PostProcessRenderContext.cs: 9e034c8bf7d42a1d6c2d4339915eccb0 -> 
  custom:scripting/monoscript/fileName/Spline.cs: 7876820de12ed89d33ad838af99a030e -> 
  custom:scripting/monoscript/fileName/ColorGrading.cs: ef67493fb3cf9676ba5f25862510a595 -> 
  custom:scripting/monoscript/fileName/Monitor.cs: e0eb5d32b3aade2e0ce8680b00ac2b78 -> 
  custom:scripting/precompiled-assembly-types:Unity.Postprocessing.Runtime: 655cd018e42ac91ed9a03cfbdae17956 -> 
  custom:scripting/monoscript/fileName/TemporalAntialiasing.cs: 71e40fdab49d34f4e07f83936454d904 -> 
  custom:container-demuxer-ogg: 62fdf1f143b41e24485cea50d1cbac27 -> 
  custom:scripting/monoscript/fileName/AmbientOcclusion.cs: 7a27923f9312611f0b2898a72e3ee96a -> 
  custom:scripting/monoscript/fileName/PostProcessDebugLayer.cs: 6d8a99809398beddf11f92dfbb0e6ad4 -> 
  custom:scripting/monoscript/fileName/ColorUtilities.cs: 47918ebfa890b947a816b80444ee2882 -> 
  custom:scripting/monoscript/fileName/ParameterOverride.cs: 5475497db741ca919df708e5019e593d -> 
  custom:scripting/monoscript/fileName/TextureLerper.cs: 973e800795f77d61d647ea0c3f0cf284 -> 
  custom:scripting/precompiled-assembly-types:Unity.Postprocessing.Editor: 23b49e25b965492466cd147d7735360a -> 
  custom:scripting/monoscript/fileName/Vignette.cs: e0b99ac31b7575ef776e7be56647abb0 -> 
  custom:scripting/monoscript/fileName/DepthOfFieldEditor.cs: 64cce655bf722c851048e2ebbf401a7b -> 
  custom:scripting/monoscript/fileName/DefaultPostProcessEffectEditor.cs: 06a1d8fcea7725e08b95f21cc15fd0a1 -> 
  custom:scripting/monoscript/fileName/PostProcessLayer.cs: aa288976158dcd4c24041d5304f25d07 -> 
  custom:scripting/monoscript/fileName/MaxAttribute.cs: d661645ab8c724f24b3e19978e87b44c -> 
  custom:scripting/monoscript/fileName/PostProcessDebugEditor.cs: 1a0488d8742bf880cc7334e53e2cc73d -> 
  custom:video-decoder-ogg-theora: a1e56fd34408186e4bbccfd4996cb3dc -> 
  custom:scripting/monoscript/fileName/SerializedParameterOverride.cs: 5e4deaf96895d013d32a8e84ec179f8e -> 
  custom:scripting/monoscript/fileName/MeshUtilities.cs: dc5356b699afd34cf9728f4d65b476a0 -> 
  custom:scripting/monoscript/fileName/AmbientOcclusionEditor.cs: 61e5422c29b8f52188d508eb7d382167 -> 
  custom:scripting/monoscript/fileName/FastApproximateAntialiasing.cs: bf5588b2deec2689a812a7d2eacd9bd5 -> 
  custom:scripting/monoscript/fileName/MotionBlur.cs: 823914e335803785a19e5990c6ab2911 -> 
  custom:scripting/monoscript/fileName/DefineSetter.cs: 292ba08e52064b1a72f8d4bb04301dd3 -> 
  custom:framework-win-MediaFoundation: 216162199b28c13a410421893ffa2e32 -> 
  custom:scripting/monoscript/fileName/ShaderIDs.cs: 96024f1f873475da65a783f1404f9117 -> 
  custom:scripting/monoscript/fileName/PostProcessEditorAttribute.cs: 672a58b4d5bab60112487a31c361c481 -> 
  custom:scripting/monoscript/fileName/LensDistortionEditor.cs: dee045d29944d55e8040435a58a7ce90 -> 
  custom:scripting/monoscript/fileName/MotionBlurEditor.cs: 3bd8d3e7e9a7ea94beb2e5517b62d27b -> 
  custom:scripting/monoscript/fileName/Dithering.cs: 3014fffaa718d0ad6dd2c7bb7956ed46 -> 
  custom:scripting/monoscript/fileName/DecoratorAttribute.cs: be5bd39119e1a41ea1a019fdb3818a3f -> 
  custom:scripting/monoscript/fileName/DisplayNameAttribute.cs: 935a6ac504eb8a852fba40cbcae9292c -> 
  custom:scripting/monoscript/fileName/PostProcessEffectSettings.cs: 2ab9d33170e863b1a9c8a9079cdd12aa -> 
  custom:scripting/monoscript/fileName/Fog.cs: 07e271953e2bcf8513b6a72a2737e767 -> 
  custom:scripting/monoscript/fileName/PostProcessManager.cs: 28ef7780d543a8111635e1f5051383d0 -> 
  custom:scripting/monoscript/fileName/VolumeFactory.cs: cc77136700c9e1ff894d234886ccb852 -> 
  custom:CustomObjectIndexerAttribute: 9a22284fe3817be447336de3de66b15e -> 
  custom:scripting/monoscript/fileName/PostProcessEvent.cs: 8fb6e54ff2cf1a8be7ecdd01fbdd78f8 -> 
  custom:scripting/monoscript/fileName/TrackballAttribute.cs: 8dea8f77de7bd03137cc578af1ea6656 -> 
  custom:scripting/monoscript/fileName/TrackballDecorator.cs: 6a2b6c747937d12d8d81be8f5b21fbd2 -> 
  custom:scripting/monoscript/fileName/MultiScaleVO.cs: d4c4732956ffb536e016475d75f04c43 -> 
  custom:scripting/monoscript/fileName/CubeLutAssetFactory.cs: db1961888d7cabf6be94b37e3b663de4 -> 
  custom:container-demuxer-webm: 4f35f7cbe854078d1ac9338744f61a02 -> 
  custom:scripting/monoscript/fileName/PostProcessVolumeEditor.cs: 7aae71821512dcac422c45dc773293c3 -> 
  custom:scripting/monoscript/fileName/ChromaticAberration.cs: 4d59e57f8324f5f986e16678ed451410 -> 
  custom:scripting/monoscript/fileName/VignetteEditor.cs: 345736fc911c5e8ab23e579751a40e4a -> 
  custom:scripting/monoscript/fileName/Styling.cs: d1c4aa14ff93670753edfbb93fc91bfe -> 
  custom:scripting/monoscript/fileName/PostProcessEffectRendererExtensions.cs: e953624d113e7e1739c702512603957d -> 
  custom:scripting/monoscript/fileName/ScalableAO.cs: 2f29d71d59b754086c809cfee1cdce34 -> 
  custom:scripting/monoscript/fileName/PostProcessLayerEditor.cs: d16de665ece05cd6e27dcc8d7bac4b9a -> 
  custom:scripting/monoscript/fileName/MinMaxAttribute.cs: a4b6ac8a4377612c7135a60f905792f1 -> 
  custom:scripting/monoscript/fileName/SubpixelMorphologicalAntialiasing.cs: 02dcb8839824addec278047da0509aea -> 
  custom:scripting/monoscript/fileName/BaseEditor.cs: 90647cc400823b41df847a6cbfc29026 -> 
  custom:container-muxer-webm: aa71ff27fc2769a1b78a27578f13a17b -> 
  custom:video-decoder-webm-vp8: 9c59270c3fd7afecdb556c50c9e8de78 -> 
  custom:SearchIndexIgnoredProperties: e643bd26f0fe6173181afceb89e7c659 -> 
  custom:scripting/monoscript/fileName/ChromaticAberrationEditor.cs: 3043bf57519b71f64b7a6de970c2487b -> 
  custom:scripting/monoscript/fileName/PostProcessEffectRenderer.cs: 577c5acf8157ecea944bb95c8c6d9a95 -> 
  custom:AudioImporter_EditorPlatform: d09bf68614088b80899f8185d706f6e7 -> 
  custom:scripting/monoscript/fileName/TextureFormatUtilities.cs: ba58c57cfaabc0f8201a9ca6902fcb23 -> 
  custom:scripting/monoscript/fileName/PostProcessVolume.cs: 3883cef4be0567c54caf457a416a2095 -> 
  custom:scripting/monoscript/fileName/LightMeterMonitor.cs: a897ae0c731cb153281aea9ecd0efb03 -> 
  custom:scripting/monoscript/fileName/ColorGradingEditor.cs: 25838050e3e1f12ef51713a5dcf60349 -> 
  custom:scripting/monoscript/fileName/AttributeDecorator.cs: 39b465f08cd0a5df82fc2ef70b766ca2 -> 
  custom:scripting/monoscript/fileName/AutoExposureEditor.cs: dfd15824649ea346b717bc72a871d75b -> 
  custom:scripting/monoscript/fileName/LensDistortion.cs: b7963bb1da21ba484a7b59b9f6ea3aec -> 
  custom:scripting/monoscript/fileName/ResourceAssetFactory.cs: bf6acc988648d854bb3c5751325d0d0a -> 
  custom:scripting/monoscript/fileName/PostProcessProfileEditor.cs: 1dcd55858a4126cb33b0f2de53c74fbe -> 
  custom:scripting/monoscript/fileName/Skybox.cs: c122ade9e2d3a916264f47a45be02789 -> 
  custom:scripting/monoscript/fileName/PostProcessDebug.cs: a653e9b773649e7452b035b4ce1dae82 -> 
  custom:scripting/monoscript/fileName/PostProcessAttribute.cs: e125947bf72ce7382f3b16f75797c897 -> 
  custom:scripting/monoscript/fileName/Grain.cs: 43f09a87a88d9937fbb9c4dbf3d5508e -> 
  custom:scripting/monoscript/fileName/HistogramMonitor.cs: 6fd024409d6e9db8d4c2c4e26430c2ad -> 
  custom:scripting/monoscript/fileName/PostProcessProfile.cs: f6dc030e2e953b2ed0eca334cce5d5cf -> 
  custom:scripting/monoscript/fileName/ProfileFactory.cs: f835845dfebfed501813f60a1cb006a3 -> 
  custom:scripting/monoscript/fileName/PostProcessEffectEditor.cs: 90647cc400823b41df847a6cbfc29026 -> 
  custom:scripting/monoscript/fileName/CubeLutAssetImporter.cs: 5e94ca4c74dad11cc8880f33d0ba9efb -> 
  custom:scripting/monoscript/fileName/PostProcessBundle.cs: f610f855c8ae8b896b5084e85ede373e -> 
  custom:scripting/monoscript/fileName/ScreenSpaceReflectionsEditor.cs: 59c13ba25de6098e70bafe8be94f609a -> 
  custom:video-encoder-webm-vp8: eb34c28f22e8b96e1ab97ce403110664 -> 
  custom:scripting/monoscript/fileName/RuntimeUtilities.cs: 76964d36e50cc48cfa29643bdde8d9a5 -> 
  custom:scripting/monoscript/fileName/Bloom.cs: 6f6d579a64201b97313a62a1e91b3575 -> 
  custom:audio-decoder-ogg-vorbis: bf7c407c2cedff20999df2af8eb42d56 -> 
  custom:scripting/monoscript/fileName/AutoExposure.cs: 0e7c21b17f53209ee8c5c61ab59d7835 -> 
  custom:scripting/monoscript/fileName/VectorscopeMonitor.cs: cb70c6437b976f01b752cd219cc47f32 -> 
  custom:scripting/monoscript/fileName/PropertySheetFactory.cs: cfc4667cc03e44252fafe18d99f24b25 -> 
  custom:scripting/monoscript/fileName/EditorUtilities.cs: 53a52fb113757c42f9c516115bd845ca -> 
  custom:scripting/monoscript/fileName/HaltonSeq.cs: a7590e55d6fae5328a1c395a2473d0cf -> 
  custom:scripting/monoscript/fileName/MinAttribute.cs: a3e7473301291585f4cca024ce307406 -> 
  custom:scripting/monoscript/fileName/DepthOfField.cs: d62178d8b5619f59fcdd6d24617ef5fd -> 
  custom:scripting/monoscript/fileName/BloomEditor.cs: c341bb26b40744c3a5c2a142ac3e1051 -> 
  custom:scripting/monoscript/fileName/WaveformMonitor.cs: 609651ee3f98f206575f684e9cce655d -> 
  custom:scripting/monoscript/fileName/HableCurve.cs: f244b24d6e7c556a2de06e25b0bbf4c1 -> 
  custom:audio-encoder-webm-vorbis: bf7c407c2cedff20999df2af8eb42d56 -> 
  custom:scripting/monoscript/fileName/PropertySheet.cs: e6bb03169eca9d33ea794a47ad6ce213 -> 
  custom:scripting/monoscript/fileName/TargetPool.cs: 6d29560228134c933c12fb1c113fb6ef -> 
  custom:scripting/monoscript/fileName/LogHistogram.cs: bab913d888834a1a8572eb834acec97c -> 
  custom:scripting/monoscript/fileName/ScreenSpaceReflections.cs: 8afa07200328ddfcb2536d4180c62536 -> 
  custom:scripting/precompiled-assembly-types:Assembly-CSharp: 9bc7c08e5c2b2dc83dd26948d420372a -> b5609ffa9375a1719a4b9b879c420584
  custom:scripting/monoscript/fileName/CurveEditor.cs: f5e872b2a5a6427a1785818cb10d95d1 -> 
  custom:scripting/monoscript/fileName/PostProcessResources.cs: 5089c17a701ba9b714a1f3d25fb9a9b0 -> 
  custom:scripting/monoscript/fileName/EffectListEditor.cs: 1ecdb4094d9e64024d6eb7725a86197b -> 
========================================================================
Received Prepare
Caller must complete domain reload
Begin MonoManager ReloadAssembly
- Loaded All Assemblies, in  0.368 seconds
Native extension for WindowsStandalone target not found
Native extension for WebGL target not found
Mono: successfully reloaded assembly
- Finished resetting the current domain, in  0.790 seconds
Domain Reload Profiling: 1156ms
	BeginReloadAssembly (125ms)
		ExecutionOrderSort (0ms)
		DisableScriptedObjects (5ms)
		BackupInstance (0ms)
		ReleaseScriptingObjects (0ms)
		CreateAndSetChildDomain (23ms)
	RebuildCommonClasses (26ms)
	RebuildNativeTypeToScriptingClass (8ms)
	initialDomainReloadingComplete (25ms)
	LoadAllAssembliesAndSetupDomain (181ms)
		LoadAssemblies (238ms)
		RebuildTransferFunctionScriptingTraits (0ms)
		AnalyzeDomain (12ms)
			TypeCache.Refresh (5ms)
				TypeCache.ScanAssembly (0ms)
			ScanForSourceGeneratedMonoScriptInfo (0ms)
			ResolveRequiredComponents (5ms)
	FinalizeReload (791ms)
		ReleaseScriptCaches (0ms)
		RebuildScriptCaches (0ms)
		SetupLoadedEditorAssemblies (366ms)
			LogAssemblyErrors (0ms)
			InitializePlatformSupportModulesInManaged (7ms)
			SetLoadedEditorAssemblies (3ms)
			RefreshPlugins (0ms)
			BeforeProcessingInitializeOnLoad (53ms)
			ProcessInitializeOnLoadAttributes (272ms)
			ProcessInitializeOnLoadMethodAttributes (22ms)
			AfterProcessingInitializeOnLoad (8ms)
			EditorAssembliesLoaded (0ms)
		ExecutionOrderSort2 (0ms)
		AwakeInstancesAfterBackupRestoration (7ms)
Refreshing native plugins compatible for Editor in 4.71 ms, found 3 plugins.
Preloading 0 native plugins for Editor in 0.00 ms.
Unloading 3252 Unused Serialized files (Serialized files now loaded: 0)
Unloading 53 unused Assets / (4.0 MB). Loaded Objects now: 3861.
Memory consumption went from 221.9 MB to 218.0 MB.
Total: 5.235500 ms (FindLiveObjects: 0.422800 ms CreateObjectMapping: 0.345400 ms MarkObjects: 3.039000 ms  DeleteObjects: 1.426800 ms)

Prepare: number of updated asset objects reloaded= 0
AssetImportParameters requested are different than current active one (requested -> active):
  custom:scripting/monoscript/fileName/Decorators.cs: 4533f6715dc3f8cdabbd37ff77d1dad7 -> 
  custom:scripting/monoscript/fileName/GlobalSettings.cs: e5eb35b80bdfaee4ead1e1630fd77998 -> 
  custom:scripting/monoscript/fileName/PostProcessEffectBaseEditor.cs: 972bdf00f442be0d879dcb6868e25c8e -> 
  custom:scripting/monoscript/fileName/PostProcessRenderContext.cs: 9e034c8bf7d42a1d6c2d4339915eccb0 -> 
  custom:scripting/monoscript/fileName/Spline.cs: 7876820de12ed89d33ad838af99a030e -> 
  custom:scripting/monoscript/fileName/ColorGrading.cs: ef67493fb3cf9676ba5f25862510a595 -> 
  custom:scripting/monoscript/fileName/Monitor.cs: e0eb5d32b3aade2e0ce8680b00ac2b78 -> 
  custom:scripting/precompiled-assembly-types:Unity.Postprocessing.Runtime: 655cd018e42ac91ed9a03cfbdae17956 -> 
  custom:scripting/monoscript/fileName/TemporalAntialiasing.cs: 71e40fdab49d34f4e07f83936454d904 -> 
  custom:container-demuxer-ogg: 62fdf1f143b41e24485cea50d1cbac27 -> 
  custom:scripting/monoscript/fileName/AmbientOcclusion.cs: 7a27923f9312611f0b2898a72e3ee96a -> 
  custom:scripting/monoscript/fileName/PostProcessDebugLayer.cs: 6d8a99809398beddf11f92dfbb0e6ad4 -> 
  custom:scripting/monoscript/fileName/ColorUtilities.cs: 47918ebfa890b947a816b80444ee2882 -> 
  custom:scripting/monoscript/fileName/ParameterOverride.cs: 5475497db741ca919df708e5019e593d -> 
  custom:scripting/monoscript/fileName/TextureLerper.cs: 973e800795f77d61d647ea0c3f0cf284 -> 
  custom:scripting/precompiled-assembly-types:Unity.Postprocessing.Editor: 23b49e25b965492466cd147d7735360a -> 
  custom:scripting/monoscript/fileName/Vignette.cs: e0b99ac31b7575ef776e7be56647abb0 -> 
  custom:scripting/monoscript/fileName/DepthOfFieldEditor.cs: 64cce655bf722c851048e2ebbf401a7b -> 
  custom:scripting/monoscript/fileName/DefaultPostProcessEffectEditor.cs: 06a1d8fcea7725e08b95f21cc15fd0a1 -> 
  custom:scripting/monoscript/fileName/PostProcessLayer.cs: aa288976158dcd4c24041d5304f25d07 -> 
  custom:scripting/monoscript/fileName/MaxAttribute.cs: d661645ab8c724f24b3e19978e87b44c -> 
  custom:scripting/monoscript/fileName/PostProcessDebugEditor.cs: 1a0488d8742bf880cc7334e53e2cc73d -> 
  custom:video-decoder-ogg-theora: a1e56fd34408186e4bbccfd4996cb3dc -> 
  custom:scripting/monoscript/fileName/SerializedParameterOverride.cs: 5e4deaf96895d013d32a8e84ec179f8e -> 
  custom:scripting/monoscript/fileName/MeshUtilities.cs: dc5356b699afd34cf9728f4d65b476a0 -> 
  custom:scripting/monoscript/fileName/AmbientOcclusionEditor.cs: 61e5422c29b8f52188d508eb7d382167 -> 
  custom:scripting/monoscript/fileName/FastApproximateAntialiasing.cs: bf5588b2deec2689a812a7d2eacd9bd5 -> 
  custom:scripting/monoscript/fileName/MotionBlur.cs: 823914e335803785a19e5990c6ab2911 -> 
  custom:scripting/monoscript/fileName/DefineSetter.cs: 292ba08e52064b1a72f8d4bb04301dd3 -> 
  custom:framework-win-MediaFoundation: 216162199b28c13a410421893ffa2e32 -> 
  custom:scripting/monoscript/fileName/ShaderIDs.cs: 96024f1f873475da65a783f1404f9117 -> 
  custom:scripting/monoscript/fileName/PostProcessEditorAttribute.cs: 672a58b4d5bab60112487a31c361c481 -> 
  custom:scripting/monoscript/fileName/LensDistortionEditor.cs: dee045d29944d55e8040435a58a7ce90 -> 
  custom:scripting/monoscript/fileName/MotionBlurEditor.cs: 3bd8d3e7e9a7ea94beb2e5517b62d27b -> 
  custom:scripting/monoscript/fileName/Dithering.cs: 3014fffaa718d0ad6dd2c7bb7956ed46 -> 
  custom:scripting/monoscript/fileName/DecoratorAttribute.cs: be5bd39119e1a41ea1a019fdb3818a3f -> 
  custom:scripting/monoscript/fileName/DisplayNameAttribute.cs: 935a6ac504eb8a852fba40cbcae9292c -> 
  custom:scripting/monoscript/fileName/PostProcessEffectSettings.cs: 2ab9d33170e863b1a9c8a9079cdd12aa -> 
  custom:scripting/monoscript/fileName/Fog.cs: 07e271953e2bcf8513b6a72a2737e767 -> 
  custom:scripting/monoscript/fileName/PostProcessManager.cs: 28ef7780d543a8111635e1f5051383d0 -> 
  custom:scripting/monoscript/fileName/VolumeFactory.cs: cc77136700c9e1ff894d234886ccb852 -> 
  custom:CustomObjectIndexerAttribute: 9a22284fe3817be447336de3de66b15e -> 
  custom:scripting/monoscript/fileName/PostProcessEvent.cs: 8fb6e54ff2cf1a8be7ecdd01fbdd78f8 -> 
  custom:scripting/monoscript/fileName/TrackballAttribute.cs: 8dea8f77de7bd03137cc578af1ea6656 -> 
  custom:scripting/monoscript/fileName/TrackballDecorator.cs: 6a2b6c747937d12d8d81be8f5b21fbd2 -> 
  custom:scripting/monoscript/fileName/MultiScaleVO.cs: d4c4732956ffb536e016475d75f04c43 -> 
  custom:scripting/monoscript/fileName/CubeLutAssetFactory.cs: db1961888d7cabf6be94b37e3b663de4 -> 
  custom:container-demuxer-webm: 4f35f7cbe854078d1ac9338744f61a02 -> 
  custom:scripting/monoscript/fileName/PostProcessVolumeEditor.cs: 7aae71821512dcac422c45dc773293c3 -> 
  custom:scripting/monoscript/fileName/ChromaticAberration.cs: 4d59e57f8324f5f986e16678ed451410 -> 
  custom:scripting/monoscript/fileName/VignetteEditor.cs: 345736fc911c5e8ab23e579751a40e4a -> 
  custom:scripting/monoscript/fileName/Styling.cs: d1c4aa14ff93670753edfbb93fc91bfe -> 
  custom:scripting/monoscript/fileName/PostProcessEffectRendererExtensions.cs: e953624d113e7e1739c702512603957d -> 
  custom:scripting/monoscript/fileName/ScalableAO.cs: 2f29d71d59b754086c809cfee1cdce34 -> 
  custom:scripting/monoscript/fileName/PostProcessLayerEditor.cs: d16de665ece05cd6e27dcc8d7bac4b9a -> 
  custom:scripting/monoscript/fileName/MinMaxAttribute.cs: a4b6ac8a4377612c7135a60f905792f1 -> 
  custom:scripting/monoscript/fileName/SubpixelMorphologicalAntialiasing.cs: 02dcb8839824addec278047da0509aea -> 
  custom:scripting/monoscript/fileName/BaseEditor.cs: 90647cc400823b41df847a6cbfc29026 -> 
  custom:container-muxer-webm: aa71ff27fc2769a1b78a27578f13a17b -> 
  custom:video-decoder-webm-vp8: 9c59270c3fd7afecdb556c50c9e8de78 -> 
  custom:SearchIndexIgnoredProperties: e643bd26f0fe6173181afceb89e7c659 -> 
  custom:scripting/monoscript/fileName/ChromaticAberrationEditor.cs: 3043bf57519b71f64b7a6de970c2487b -> 
  custom:scripting/monoscript/fileName/PostProcessEffectRenderer.cs: 577c5acf8157ecea944bb95c8c6d9a95 -> 
  custom:AudioImporter_EditorPlatform: d09bf68614088b80899f8185d706f6e7 -> 
  custom:scripting/monoscript/fileName/TextureFormatUtilities.cs: ba58c57cfaabc0f8201a9ca6902fcb23 -> 
  custom:scripting/monoscript/fileName/PostProcessVolume.cs: 3883cef4be0567c54caf457a416a2095 -> 
  custom:scripting/monoscript/fileName/LightMeterMonitor.cs: a897ae0c731cb153281aea9ecd0efb03 -> 
  custom:scripting/monoscript/fileName/ColorGradingEditor.cs: 25838050e3e1f12ef51713a5dcf60349 -> 
  custom:scripting/monoscript/fileName/AttributeDecorator.cs: 39b465f08cd0a5df82fc2ef70b766ca2 -> 
  custom:scripting/monoscript/fileName/AutoExposureEditor.cs: dfd15824649ea346b717bc72a871d75b -> 
  custom:scripting/monoscript/fileName/LensDistortion.cs: b7963bb1da21ba484a7b59b9f6ea3aec -> 
  custom:scripting/monoscript/fileName/ResourceAssetFactory.cs: bf6acc988648d854bb3c5751325d0d0a -> 
  custom:scripting/monoscript/fileName/PostProcessProfileEditor.cs: 1dcd55858a4126cb33b0f2de53c74fbe -> 
  custom:scripting/monoscript/fileName/Skybox.cs: c122ade9e2d3a916264f47a45be02789 -> 
  custom:scripting/monoscript/fileName/PostProcessDebug.cs: a653e9b773649e7452b035b4ce1dae82 -> 
  custom:scripting/monoscript/fileName/PostProcessAttribute.cs: e125947bf72ce7382f3b16f75797c897 -> 
  custom:scripting/monoscript/fileName/Grain.cs: 43f09a87a88d9937fbb9c4dbf3d5508e -> 
  custom:scripting/monoscript/fileName/HistogramMonitor.cs: 6fd024409d6e9db8d4c2c4e26430c2ad -> 
  custom:scripting/monoscript/fileName/PostProcessProfile.cs: f6dc030e2e953b2ed0eca334cce5d5cf -> 
  custom:scripting/monoscript/fileName/ProfileFactory.cs: f835845dfebfed501813f60a1cb006a3 -> 
  custom:scripting/monoscript/fileName/PostProcessEffectEditor.cs: 90647cc400823b41df847a6cbfc29026 -> 
  custom:scripting/monoscript/fileName/CubeLutAssetImporter.cs: 5e94ca4c74dad11cc8880f33d0ba9efb -> 
  custom:scripting/monoscript/fileName/PostProcessBundle.cs: f610f855c8ae8b896b5084e85ede373e -> 
  custom:scripting/monoscript/fileName/ScreenSpaceReflectionsEditor.cs: 59c13ba25de6098e70bafe8be94f609a -> 
  custom:video-encoder-webm-vp8: eb34c28f22e8b96e1ab97ce403110664 -> 
  custom:scripting/monoscript/fileName/RuntimeUtilities.cs: 76964d36e50cc48cfa29643bdde8d9a5 -> 
  custom:scripting/monoscript/fileName/Bloom.cs: 6f6d579a64201b97313a62a1e91b3575 -> 
  custom:audio-decoder-ogg-vorbis: bf7c407c2cedff20999df2af8eb42d56 -> 
  custom:scripting/monoscript/fileName/AutoExposure.cs: 0e7c21b17f53209ee8c5c61ab59d7835 -> 
  custom:scripting/monoscript/fileName/VectorscopeMonitor.cs: cb70c6437b976f01b752cd219cc47f32 -> 
  custom:scripting/monoscript/fileName/PropertySheetFactory.cs: cfc4667cc03e44252fafe18d99f24b25 -> 
  custom:scripting/monoscript/fileName/EditorUtilities.cs: 53a52fb113757c42f9c516115bd845ca -> 
  custom:scripting/monoscript/fileName/HaltonSeq.cs: a7590e55d6fae5328a1c395a2473d0cf -> 
  custom:scripting/monoscript/fileName/MinAttribute.cs: a3e7473301291585f4cca024ce307406 -> 
  custom:scripting/monoscript/fileName/DepthOfField.cs: d62178d8b5619f59fcdd6d24617ef5fd -> 
  custom:scripting/monoscript/fileName/BloomEditor.cs: c341bb26b40744c3a5c2a142ac3e1051 -> 
  custom:scripting/monoscript/fileName/WaveformMonitor.cs: 609651ee3f98f206575f684e9cce655d -> 
  custom:scripting/monoscript/fileName/HableCurve.cs: f244b24d6e7c556a2de06e25b0bbf4c1 -> 
  custom:audio-encoder-webm-vorbis: bf7c407c2cedff20999df2af8eb42d56 -> 
  custom:scripting/monoscript/fileName/PropertySheet.cs: e6bb03169eca9d33ea794a47ad6ce213 -> 
  custom:scripting/monoscript/fileName/TargetPool.cs: 6d29560228134c933c12fb1c113fb6ef -> 
  custom:scripting/monoscript/fileName/LogHistogram.cs: bab913d888834a1a8572eb834acec97c -> 
  custom:scripting/monoscript/fileName/ScreenSpaceReflections.cs: 8afa07200328ddfcb2536d4180c62536 -> 
  custom:scripting/precompiled-assembly-types:Assembly-CSharp: 9bc7c08e5c2b2dc83dd26948d420372a -> b5609ffa9375a1719a4b9b879c420584
  custom:scripting/monoscript/fileName/CurveEditor.cs: f5e872b2a5a6427a1785818cb10d95d1 -> 
  custom:scripting/monoscript/fileName/PostProcessResources.cs: 5089c17a701ba9b714a1f3d25fb9a9b0 -> 
  custom:scripting/monoscript/fileName/EffectListEditor.cs: 1ecdb4094d9e64024d6eb7725a86197b -> 
========================================================================
Received Prepare
Caller must complete domain reload
Begin MonoManager ReloadAssembly
- Loaded All Assemblies, in  0.446 seconds
Native extension for WindowsStandalone target not found
Native extension for WebGL target not found
Mono: successfully reloaded assembly
- Finished resetting the current domain, in  0.804 seconds
Domain Reload Profiling: 1248ms
	BeginReloadAssembly (145ms)
		ExecutionOrderSort (0ms)
		DisableScriptedObjects (4ms)
		BackupInstance (0ms)
		ReleaseScriptingObjects (0ms)
		CreateAndSetChildDomain (27ms)
	RebuildCommonClasses (28ms)
	RebuildNativeTypeToScriptingClass (9ms)
	initialDomainReloadingComplete (27ms)
	LoadAllAssembliesAndSetupDomain (234ms)
		LoadAssemblies (306ms)
		RebuildTransferFunctionScriptingTraits (0ms)
		AnalyzeDomain (13ms)
			TypeCache.Refresh (6ms)
				TypeCache.ScanAssembly (0ms)
			ScanForSourceGeneratedMonoScriptInfo (0ms)
			ResolveRequiredComponents (5ms)
	FinalizeReload (805ms)
		ReleaseScriptCaches (0ms)
		RebuildScriptCaches (0ms)
		SetupLoadedEditorAssemblies (354ms)
			LogAssemblyErrors (0ms)
			InitializePlatformSupportModulesInManaged (8ms)
			SetLoadedEditorAssemblies (3ms)
			RefreshPlugins (0ms)
			BeforeProcessingInitializeOnLoad (52ms)
			ProcessInitializeOnLoadAttributes (265ms)
			ProcessInitializeOnLoadMethodAttributes (19ms)
			AfterProcessingInitializeOnLoad (7ms)
			EditorAssembliesLoaded (0ms)
		ExecutionOrderSort2 (0ms)
		AwakeInstancesAfterBackupRestoration (7ms)
Refreshing native plugins compatible for Editor in 5.31 ms, found 3 plugins.
Preloading 0 native plugins for Editor in 0.00 ms.
Unloading 3252 Unused Serialized files (Serialized files now loaded: 0)
Unloading 53 unused Assets / (4.0 MB). Loaded Objects now: 3864.
Memory consumption went from 221.9 MB to 218.0 MB.
Total: 5.517800 ms (FindLiveObjects: 0.371700 ms CreateObjectMapping: 0.303600 ms MarkObjects: 3.547900 ms  DeleteObjects: 1.293000 ms)

Prepare: number of updated asset objects reloaded= 0
AssetImportParameters requested are different than current active one (requested -> active):
  custom:scripting/monoscript/fileName/Decorators.cs: 4533f6715dc3f8cdabbd37ff77d1dad7 -> 
  custom:scripting/monoscript/fileName/GlobalSettings.cs: e5eb35b80bdfaee4ead1e1630fd77998 -> 
  custom:scripting/monoscript/fileName/PostProcessEffectBaseEditor.cs: 972bdf00f442be0d879dcb6868e25c8e -> 
  custom:scripting/monoscript/fileName/PostProcessRenderContext.cs: 9e034c8bf7d42a1d6c2d4339915eccb0 -> 
  custom:scripting/monoscript/fileName/Spline.cs: 7876820de12ed89d33ad838af99a030e -> 
  custom:scripting/monoscript/fileName/ColorGrading.cs: ef67493fb3cf9676ba5f25862510a595 -> 
  custom:scripting/monoscript/fileName/Monitor.cs: e0eb5d32b3aade2e0ce8680b00ac2b78 -> 
  custom:scripting/precompiled-assembly-types:Unity.Postprocessing.Runtime: 655cd018e42ac91ed9a03cfbdae17956 -> 
  custom:scripting/monoscript/fileName/TemporalAntialiasing.cs: 71e40fdab49d34f4e07f83936454d904 -> 
  custom:container-demuxer-ogg: 62fdf1f143b41e24485cea50d1cbac27 -> 
  custom:scripting/monoscript/fileName/AmbientOcclusion.cs: 7a27923f9312611f0b2898a72e3ee96a -> 
  custom:scripting/monoscript/fileName/PostProcessDebugLayer.cs: 6d8a99809398beddf11f92dfbb0e6ad4 -> 
  custom:scripting/monoscript/fileName/ColorUtilities.cs: 47918ebfa890b947a816b80444ee2882 -> 
  custom:scripting/monoscript/fileName/ParameterOverride.cs: 5475497db741ca919df708e5019e593d -> 
  custom:scripting/monoscript/fileName/TextureLerper.cs: 973e800795f77d61d647ea0c3f0cf284 -> 
  custom:scripting/precompiled-assembly-types:Unity.Postprocessing.Editor: 23b49e25b965492466cd147d7735360a -> 
  custom:scripting/monoscript/fileName/Vignette.cs: e0b99ac31b7575ef776e7be56647abb0 -> 
  custom:scripting/monoscript/fileName/DepthOfFieldEditor.cs: 64cce655bf722c851048e2ebbf401a7b -> 
  custom:scripting/monoscript/fileName/DefaultPostProcessEffectEditor.cs: 06a1d8fcea7725e08b95f21cc15fd0a1 -> 
  custom:scripting/monoscript/fileName/PostProcessLayer.cs: aa288976158dcd4c24041d5304f25d07 -> 
  custom:scripting/monoscript/fileName/MaxAttribute.cs: d661645ab8c724f24b3e19978e87b44c -> 
  custom:scripting/monoscript/fileName/PostProcessDebugEditor.cs: 1a0488d8742bf880cc7334e53e2cc73d -> 
  custom:video-decoder-ogg-theora: a1e56fd34408186e4bbccfd4996cb3dc -> 
  custom:scripting/monoscript/fileName/SerializedParameterOverride.cs: 5e4deaf96895d013d32a8e84ec179f8e -> 
  custom:scripting/monoscript/fileName/MeshUtilities.cs: dc5356b699afd34cf9728f4d65b476a0 -> 
  custom:scripting/monoscript/fileName/AmbientOcclusionEditor.cs: 61e5422c29b8f52188d508eb7d382167 -> 
  custom:scripting/monoscript/fileName/FastApproximateAntialiasing.cs: bf5588b2deec2689a812a7d2eacd9bd5 -> 
  custom:scripting/monoscript/fileName/MotionBlur.cs: 823914e335803785a19e5990c6ab2911 -> 
  custom:scripting/monoscript/fileName/DefineSetter.cs: 292ba08e52064b1a72f8d4bb04301dd3 -> 
  custom:framework-win-MediaFoundation: 216162199b28c13a410421893ffa2e32 -> 
  custom:scripting/monoscript/fileName/ShaderIDs.cs: 96024f1f873475da65a783f1404f9117 -> 
  custom:scripting/monoscript/fileName/PostProcessEditorAttribute.cs: 672a58b4d5bab60112487a31c361c481 -> 
  custom:scripting/monoscript/fileName/LensDistortionEditor.cs: dee045d29944d55e8040435a58a7ce90 -> 
  custom:scripting/monoscript/fileName/MotionBlurEditor.cs: 3bd8d3e7e9a7ea94beb2e5517b62d27b -> 
  custom:scripting/monoscript/fileName/Dithering.cs: 3014fffaa718d0ad6dd2c7bb7956ed46 -> 
  custom:scripting/monoscript/fileName/DecoratorAttribute.cs: be5bd39119e1a41ea1a019fdb3818a3f -> 
  custom:scripting/monoscript/fileName/DisplayNameAttribute.cs: 935a6ac504eb8a852fba40cbcae9292c -> 
  custom:scripting/monoscript/fileName/PostProcessEffectSettings.cs: 2ab9d33170e863b1a9c8a9079cdd12aa -> 
  custom:scripting/monoscript/fileName/Fog.cs: 07e271953e2bcf8513b6a72a2737e767 -> 
  custom:scripting/monoscript/fileName/PostProcessManager.cs: 28ef7780d543a8111635e1f5051383d0 -> 
  custom:scripting/monoscript/fileName/VolumeFactory.cs: cc77136700c9e1ff894d234886ccb852 -> 
  custom:CustomObjectIndexerAttribute: 9a22284fe3817be447336de3de66b15e -> 
  custom:scripting/monoscript/fileName/PostProcessEvent.cs: 8fb6e54ff2cf1a8be7ecdd01fbdd78f8 -> 
  custom:scripting/monoscript/fileName/TrackballAttribute.cs: 8dea8f77de7bd03137cc578af1ea6656 -> 
  custom:scripting/monoscript/fileName/TrackballDecorator.cs: 6a2b6c747937d12d8d81be8f5b21fbd2 -> 
  custom:scripting/monoscript/fileName/MultiScaleVO.cs: d4c4732956ffb536e016475d75f04c43 -> 
  custom:scripting/monoscript/fileName/CubeLutAssetFactory.cs: db1961888d7cabf6be94b37e3b663de4 -> 
  custom:container-demuxer-webm: 4f35f7cbe854078d1ac9338744f61a02 -> 
  custom:scripting/monoscript/fileName/PostProcessVolumeEditor.cs: 7aae71821512dcac422c45dc773293c3 -> 
  custom:scripting/monoscript/fileName/ChromaticAberration.cs: 4d59e57f8324f5f986e16678ed451410 -> 
  custom:scripting/monoscript/fileName/VignetteEditor.cs: 345736fc911c5e8ab23e579751a40e4a -> 
  custom:scripting/monoscript/fileName/Styling.cs: d1c4aa14ff93670753edfbb93fc91bfe -> 
  custom:scripting/monoscript/fileName/PostProcessEffectRendererExtensions.cs: e953624d113e7e1739c702512603957d -> 
  custom:scripting/monoscript/fileName/ScalableAO.cs: 2f29d71d59b754086c809cfee1cdce34 -> 
  custom:scripting/monoscript/fileName/PostProcessLayerEditor.cs: d16de665ece05cd6e27dcc8d7bac4b9a -> 
  custom:scripting/monoscript/fileName/MinMaxAttribute.cs: a4b6ac8a4377612c7135a60f905792f1 -> 
  custom:scripting/monoscript/fileName/SubpixelMorphologicalAntialiasing.cs: 02dcb8839824addec278047da0509aea -> 
  custom:scripting/monoscript/fileName/BaseEditor.cs: 90647cc400823b41df847a6cbfc29026 -> 
  custom:container-muxer-webm: aa71ff27fc2769a1b78a27578f13a17b -> 
  custom:video-decoder-webm-vp8: 9c59270c3fd7afecdb556c50c9e8de78 -> 
  custom:SearchIndexIgnoredProperties: e643bd26f0fe6173181afceb89e7c659 -> 
  custom:scripting/monoscript/fileName/ChromaticAberrationEditor.cs: 3043bf57519b71f64b7a6de970c2487b -> 
  custom:scripting/monoscript/fileName/PostProcessEffectRenderer.cs: 577c5acf8157ecea944bb95c8c6d9a95 -> 
  custom:AudioImporter_EditorPlatform: d09bf68614088b80899f8185d706f6e7 -> 
  custom:scripting/monoscript/fileName/TextureFormatUtilities.cs: ba58c57cfaabc0f8201a9ca6902fcb23 -> 
  custom:scripting/monoscript/fileName/PostProcessVolume.cs: 3883cef4be0567c54caf457a416a2095 -> 
  custom:scripting/monoscript/fileName/LightMeterMonitor.cs: a897ae0c731cb153281aea9ecd0efb03 -> 
  custom:scripting/monoscript/fileName/ColorGradingEditor.cs: 25838050e3e1f12ef51713a5dcf60349 -> 
  custom:scripting/monoscript/fileName/AttributeDecorator.cs: 39b465f08cd0a5df82fc2ef70b766ca2 -> 
  custom:scripting/monoscript/fileName/AutoExposureEditor.cs: dfd15824649ea346b717bc72a871d75b -> 
  custom:scripting/monoscript/fileName/LensDistortion.cs: b7963bb1da21ba484a7b59b9f6ea3aec -> 
  custom:scripting/monoscript/fileName/ResourceAssetFactory.cs: bf6acc988648d854bb3c5751325d0d0a -> 
  custom:scripting/monoscript/fileName/PostProcessProfileEditor.cs: 1dcd55858a4126cb33b0f2de53c74fbe -> 
  custom:scripting/monoscript/fileName/Skybox.cs: c122ade9e2d3a916264f47a45be02789 -> 
  custom:scripting/monoscript/fileName/PostProcessDebug.cs: a653e9b773649e7452b035b4ce1dae82 -> 
  custom:scripting/monoscript/fileName/PostProcessAttribute.cs: e125947bf72ce7382f3b16f75797c897 -> 
  custom:scripting/monoscript/fileName/Grain.cs: 43f09a87a88d9937fbb9c4dbf3d5508e -> 
  custom:scripting/monoscript/fileName/HistogramMonitor.cs: 6fd024409d6e9db8d4c2c4e26430c2ad -> 
  custom:scripting/monoscript/fileName/PostProcessProfile.cs: f6dc030e2e953b2ed0eca334cce5d5cf -> 
  custom:scripting/monoscript/fileName/ProfileFactory.cs: f835845dfebfed501813f60a1cb006a3 -> 
  custom:scripting/monoscript/fileName/PostProcessEffectEditor.cs: 90647cc400823b41df847a6cbfc29026 -> 
  custom:scripting/monoscript/fileName/CubeLutAssetImporter.cs: 5e94ca4c74dad11cc8880f33d0ba9efb -> 
  custom:scripting/monoscript/fileName/PostProcessBundle.cs: f610f855c8ae8b896b5084e85ede373e -> 
  custom:scripting/monoscript/fileName/ScreenSpaceReflectionsEditor.cs: 59c13ba25de6098e70bafe8be94f609a -> 
  custom:video-encoder-webm-vp8: eb34c28f22e8b96e1ab97ce403110664 -> 
  custom:scripting/monoscript/fileName/RuntimeUtilities.cs: 76964d36e50cc48cfa29643bdde8d9a5 -> 
  custom:scripting/monoscript/fileName/Bloom.cs: 6f6d579a64201b97313a62a1e91b3575 -> 
  custom:audio-decoder-ogg-vorbis: bf7c407c2cedff20999df2af8eb42d56 -> 
  custom:scripting/monoscript/fileName/AutoExposure.cs: 0e7c21b17f53209ee8c5c61ab59d7835 -> 
  custom:scripting/monoscript/fileName/VectorscopeMonitor.cs: cb70c6437b976f01b752cd219cc47f32 -> 
  custom:scripting/monoscript/fileName/PropertySheetFactory.cs: cfc4667cc03e44252fafe18d99f24b25 -> 
  custom:scripting/monoscript/fileName/EditorUtilities.cs: 53a52fb113757c42f9c516115bd845ca -> 
  custom:scripting/monoscript/fileName/HaltonSeq.cs: a7590e55d6fae5328a1c395a2473d0cf -> 
  custom:scripting/monoscript/fileName/MinAttribute.cs: a3e7473301291585f4cca024ce307406 -> 
  custom:scripting/monoscript/fileName/DepthOfField.cs: d62178d8b5619f59fcdd6d24617ef5fd -> 
  custom:scripting/monoscript/fileName/BloomEditor.cs: c341bb26b40744c3a5c2a142ac3e1051 -> 
  custom:scripting/monoscript/fileName/WaveformMonitor.cs: 609651ee3f98f206575f684e9cce655d -> 
  custom:scripting/monoscript/fileName/HableCurve.cs: f244b24d6e7c556a2de06e25b0bbf4c1 -> 
  custom:audio-encoder-webm-vorbis: bf7c407c2cedff20999df2af8eb42d56 -> 
  custom:scripting/monoscript/fileName/PropertySheet.cs: e6bb03169eca9d33ea794a47ad6ce213 -> 
  custom:scripting/monoscript/fileName/TargetPool.cs: 6d29560228134c933c12fb1c113fb6ef -> 
  custom:scripting/monoscript/fileName/LogHistogram.cs: bab913d888834a1a8572eb834acec97c -> 
  custom:scripting/monoscript/fileName/ScreenSpaceReflections.cs: 8afa07200328ddfcb2536d4180c62536 -> 
  custom:scripting/precompiled-assembly-types:Assembly-CSharp: 9bc7c08e5c2b2dc83dd26948d420372a -> b5609ffa9375a1719a4b9b879c420584
  custom:scripting/monoscript/fileName/CurveEditor.cs: f5e872b2a5a6427a1785818cb10d95d1 -> 
  custom:scripting/monoscript/fileName/PostProcessResources.cs: 5089c17a701ba9b714a1f3d25fb9a9b0 -> 
  custom:scripting/monoscript/fileName/EffectListEditor.cs: 1ecdb4094d9e64024d6eb7725a86197b -> 
========================================================================
Received Prepare
Caller must complete domain reload
Begin MonoManager ReloadAssembly
- Loaded All Assemblies, in  2.305 seconds
Native extension for WindowsStandalone target not found
Native extension for WebGL target not found
Mono: successfully reloaded assembly
- Finished resetting the current domain, in  2.780 seconds
Domain Reload Profiling: 5075ms
	BeginReloadAssembly (476ms)
		ExecutionOrderSort (0ms)
		DisableScriptedObjects (15ms)
		BackupInstance (0ms)
		ReleaseScriptingObjects (0ms)
		CreateAndSetChildDomain (121ms)
	RebuildCommonClasses (148ms)
	RebuildNativeTypeToScriptingClass (24ms)
	initialDomainReloadingComplete (98ms)
	LoadAllAssembliesAndSetupDomain (1549ms)
		LoadAssemblies (1635ms)
		RebuildTransferFunctionScriptingTraits (0ms)
		AnalyzeDomain (183ms)
			TypeCache.Refresh (124ms)
				TypeCache.ScanAssembly (5ms)
			ScanForSourceGeneratedMonoScriptInfo (39ms)
			ResolveRequiredComponents (15ms)
	FinalizeReload (2781ms)
		ReleaseScriptCaches (0ms)
		RebuildScriptCaches (0ms)
		SetupLoadedEditorAssemblies (734ms)
			LogAssemblyErrors (0ms)
			InitializePlatformSupportModulesInManaged (17ms)
			SetLoadedEditorAssemblies (6ms)
			RefreshPlugins (0ms)
			BeforeProcessingInitializeOnLoad (112ms)
			ProcessInitializeOnLoadAttributes (543ms)
			ProcessInitializeOnLoadMethodAttributes (37ms)
			AfterProcessingInitializeOnLoad (19ms)
			EditorAssembliesLoaded (0ms)
		ExecutionOrderSort2 (0ms)
		AwakeInstancesAfterBackupRestoration (14ms)
Refreshing native plugins compatible for Editor in 11.31 ms, found 3 plugins.
Preloading 0 native plugins for Editor in 0.00 ms.
Unloading 3253 Unused Serialized files (Serialized files now loaded: 0)
Unloading 53 unused Assets / (4.0 MB). Loaded Objects now: 3868.
Memory consumption went from 222.0 MB to 218.0 MB.
Total: 6.647500 ms (FindLiveObjects: 0.391400 ms CreateObjectMapping: 0.191400 ms MarkObjects: 4.456300 ms  DeleteObjects: 1.606700 ms)

Prepare: number of updated asset objects reloaded= 0
AssetImportParameters requested are different than current active one (requested -> active):
  custom:scripting/monoscript/fileName/Decorators.cs: 4533f6715dc3f8cdabbd37ff77d1dad7 -> 
  custom:scripting/monoscript/fileName/GlobalSettings.cs: e5eb35b80bdfaee4ead1e1630fd77998 -> 
  custom:scripting/monoscript/fileName/PostProcessEffectBaseEditor.cs: 972bdf00f442be0d879dcb6868e25c8e -> 
  custom:scripting/monoscript/fileName/PostProcessRenderContext.cs: 9e034c8bf7d42a1d6c2d4339915eccb0 -> 
  custom:scripting/monoscript/fileName/MainMenu.cs: c093076ba5753d7bec74a8a751ffb653 -> 
  custom:scripting/monoscript/fileName/Spline.cs: 7876820de12ed89d33ad838af99a030e -> 
  custom:scripting/monoscript/fileName/ColorGrading.cs: ef67493fb3cf9676ba5f25862510a595 -> 
  custom:scripting/monoscript/fileName/Monitor.cs: e0eb5d32b3aade2e0ce8680b00ac2b78 -> 
  custom:scripting/precompiled-assembly-types:Unity.Postprocessing.Runtime: 655cd018e42ac91ed9a03cfbdae17956 -> 
  custom:scripting/monoscript/fileName/TemporalAntialiasing.cs: 71e40fdab49d34f4e07f83936454d904 -> 
  custom:container-demuxer-ogg: 62fdf1f143b41e24485cea50d1cbac27 -> 
  custom:scripting/monoscript/fileName/AmbientOcclusion.cs: 7a27923f9312611f0b2898a72e3ee96a -> 
  custom:scripting/monoscript/fileName/PostProcessDebugLayer.cs: 6d8a99809398beddf11f92dfbb0e6ad4 -> 
  custom:scripting/monoscript/fileName/ColorUtilities.cs: 47918ebfa890b947a816b80444ee2882 -> 
  custom:scripting/monoscript/fileName/ParameterOverride.cs: 5475497db741ca919df708e5019e593d -> 
  custom:scripting/monoscript/fileName/TextureLerper.cs: 973e800795f77d61d647ea0c3f0cf284 -> 
  custom:scripting/precompiled-assembly-types:Unity.Postprocessing.Editor: 23b49e25b965492466cd147d7735360a -> 
  custom:scripting/monoscript/fileName/Vignette.cs: e0b99ac31b7575ef776e7be56647abb0 -> 
  custom:scripting/monoscript/fileName/DepthOfFieldEditor.cs: 64cce655bf722c851048e2ebbf401a7b -> 
  custom:scripting/monoscript/fileName/DefaultPostProcessEffectEditor.cs: 06a1d8fcea7725e08b95f21cc15fd0a1 -> 
  custom:scripting/monoscript/fileName/PostProcessLayer.cs: aa288976158dcd4c24041d5304f25d07 -> 
  custom:scripting/monoscript/fileName/MaxAttribute.cs: d661645ab8c724f24b3e19978e87b44c -> 
  custom:scripting/monoscript/fileName/PostProcessDebugEditor.cs: 1a0488d8742bf880cc7334e53e2cc73d -> 
  custom:video-decoder-ogg-theora: a1e56fd34408186e4bbccfd4996cb3dc -> 
  custom:scripting/monoscript/fileName/SerializedParameterOverride.cs: 5e4deaf96895d013d32a8e84ec179f8e -> 
  custom:scripting/monoscript/fileName/MeshUtilities.cs: dc5356b699afd34cf9728f4d65b476a0 -> 
  custom:scripting/monoscript/fileName/AmbientOcclusionEditor.cs: 61e5422c29b8f52188d508eb7d382167 -> 
  custom:scripting/monoscript/fileName/FastApproximateAntialiasing.cs: bf5588b2deec2689a812a7d2eacd9bd5 -> 
  custom:scripting/monoscript/fileName/MotionBlur.cs: 823914e335803785a19e5990c6ab2911 -> 
  custom:scripting/monoscript/fileName/DefineSetter.cs: 292ba08e52064b1a72f8d4bb04301dd3 -> 
  custom:framework-win-MediaFoundation: 216162199b28c13a410421893ffa2e32 -> 
  custom:scripting/monoscript/fileName/ShaderIDs.cs: 96024f1f873475da65a783f1404f9117 -> 
  custom:scripting/monoscript/fileName/PostProcessEditorAttribute.cs: 672a58b4d5bab60112487a31c361c481 -> 
  custom:scripting/monoscript/fileName/LensDistortionEditor.cs: dee045d29944d55e8040435a58a7ce90 -> 
  custom:scripting/monoscript/fileName/MotionBlurEditor.cs: 3bd8d3e7e9a7ea94beb2e5517b62d27b -> 
  custom:scripting/monoscript/fileName/Dithering.cs: 3014fffaa718d0ad6dd2c7bb7956ed46 -> 
  custom:scripting/monoscript/fileName/DecoratorAttribute.cs: be5bd39119e1a41ea1a019fdb3818a3f -> 
  custom:scripting/monoscript/fileName/DisplayNameAttribute.cs: 935a6ac504eb8a852fba40cbcae9292c -> 
  custom:scripting/monoscript/fileName/PostProcessEffectSettings.cs: 2ab9d33170e863b1a9c8a9079cdd12aa -> 
  custom:scripting/monoscript/fileName/Fog.cs: 07e271953e2bcf8513b6a72a2737e767 -> 
  custom:scripting/monoscript/fileName/PostProcessManager.cs: 28ef7780d543a8111635e1f5051383d0 -> 
  custom:scripting/monoscript/fileName/VolumeFactory.cs: cc77136700c9e1ff894d234886ccb852 -> 
  custom:CustomObjectIndexerAttribute: 9a22284fe3817be447336de3de66b15e -> 
  custom:scripting/monoscript/fileName/PostProcessEvent.cs: 8fb6e54ff2cf1a8be7ecdd01fbdd78f8 -> 
  custom:scripting/monoscript/fileName/TrackballAttribute.cs: 8dea8f77de7bd03137cc578af1ea6656 -> 
  custom:scripting/monoscript/fileName/TrackballDecorator.cs: 6a2b6c747937d12d8d81be8f5b21fbd2 -> 
  custom:scripting/monoscript/fileName/MultiScaleVO.cs: d4c4732956ffb536e016475d75f04c43 -> 
  custom:scripting/monoscript/fileName/CubeLutAssetFactory.cs: db1961888d7cabf6be94b37e3b663de4 -> 
  custom:container-demuxer-webm: 4f35f7cbe854078d1ac9338744f61a02 -> 
  custom:scripting/monoscript/fileName/PostProcessVolumeEditor.cs: 7aae71821512dcac422c45dc773293c3 -> 
  custom:scripting/monoscript/fileName/ChromaticAberration.cs: 4d59e57f8324f5f986e16678ed451410 -> 
  custom:scripting/monoscript/fileName/VignetteEditor.cs: 345736fc911c5e8ab23e579751a40e4a -> 
  custom:scripting/monoscript/fileName/Styling.cs: d1c4aa14ff93670753edfbb93fc91bfe -> 
  custom:scripting/monoscript/fileName/PostProcessEffectRendererExtensions.cs: e953624d113e7e1739c702512603957d -> 
  custom:scripting/monoscript/fileName/ScalableAO.cs: 2f29d71d59b754086c809cfee1cdce34 -> 
  custom:scripting/monoscript/fileName/PostProcessLayerEditor.cs: d16de665ece05cd6e27dcc8d7bac4b9a -> 
  custom:scripting/monoscript/fileName/MinMaxAttribute.cs: a4b6ac8a4377612c7135a60f905792f1 -> 
  custom:scripting/monoscript/fileName/SubpixelMorphologicalAntialiasing.cs: 02dcb8839824addec278047da0509aea -> 
  custom:scripting/monoscript/fileName/BaseEditor.cs: 90647cc400823b41df847a6cbfc29026 -> 
  custom:container-muxer-webm: aa71ff27fc2769a1b78a27578f13a17b -> 
  custom:video-decoder-webm-vp8: 9c59270c3fd7afecdb556c50c9e8de78 -> 
  custom:SearchIndexIgnoredProperties: e643bd26f0fe6173181afceb89e7c659 -> 
  custom:scripting/monoscript/fileName/ChromaticAberrationEditor.cs: 3043bf57519b71f64b7a6de970c2487b -> 
  custom:scripting/monoscript/fileName/PostProcessEffectRenderer.cs: 577c5acf8157ecea944bb95c8c6d9a95 -> 
  custom:AudioImporter_EditorPlatform: d09bf68614088b80899f8185d706f6e7 -> 
  custom:scripting/monoscript/fileName/TextureFormatUtilities.cs: ba58c57cfaabc0f8201a9ca6902fcb23 -> 
  custom:scripting/monoscript/fileName/PostProcessVolume.cs: 3883cef4be0567c54caf457a416a2095 -> 
  custom:scripting/monoscript/fileName/LightMeterMonitor.cs: a897ae0c731cb153281aea9ecd0efb03 -> 
  custom:scripting/monoscript/fileName/ColorGradingEditor.cs: 25838050e3e1f12ef51713a5dcf60349 -> 
  custom:scripting/monoscript/fileName/AttributeDecorator.cs: 39b465f08cd0a5df82fc2ef70b766ca2 -> 
  custom:scripting/monoscript/fileName/AutoExposureEditor.cs: dfd15824649ea346b717bc72a871d75b -> 
  custom:scripting/monoscript/fileName/LensDistortion.cs: b7963bb1da21ba484a7b59b9f6ea3aec -> 
  custom:scripting/monoscript/fileName/ResourceAssetFactory.cs: bf6acc988648d854bb3c5751325d0d0a -> 
  custom:scripting/monoscript/fileName/PostProcessProfileEditor.cs: 1dcd55858a4126cb33b0f2de53c74fbe -> 
  custom:scripting/monoscript/fileName/Skybox.cs: c122ade9e2d3a916264f47a45be02789 -> 
  custom:scripting/monoscript/fileName/PostProcessDebug.cs: a653e9b773649e7452b035b4ce1dae82 -> 
  custom:scripting/monoscript/fileName/PostProcessAttribute.cs: e125947bf72ce7382f3b16f75797c897 -> 
  custom:scripting/monoscript/fileName/Grain.cs: 43f09a87a88d9937fbb9c4dbf3d5508e -> 
  custom:scripting/monoscript/fileName/HistogramMonitor.cs: 6fd024409d6e9db8d4c2c4e26430c2ad -> 
  custom:scripting/monoscript/fileName/PostProcessProfile.cs: f6dc030e2e953b2ed0eca334cce5d5cf -> 
  custom:scripting/monoscript/fileName/ProfileFactory.cs: f835845dfebfed501813f60a1cb006a3 -> 
  custom:scripting/monoscript/fileName/PostProcessEffectEditor.cs: 90647cc400823b41df847a6cbfc29026 -> 
  custom:scripting/monoscript/fileName/CubeLutAssetImporter.cs: 5e94ca4c74dad11cc8880f33d0ba9efb -> 
  custom:scripting/monoscript/fileName/PostProcessBundle.cs: f610f855c8ae8b896b5084e85ede373e -> 
  custom:scripting/monoscript/fileName/ScreenSpaceReflectionsEditor.cs: 59c13ba25de6098e70bafe8be94f609a -> 
  custom:video-encoder-webm-vp8: eb34c28f22e8b96e1ab97ce403110664 -> 
  custom:scripting/monoscript/fileName/RuntimeUtilities.cs: 76964d36e50cc48cfa29643bdde8d9a5 -> 
  custom:scripting/monoscript/fileName/Bloom.cs: 6f6d579a64201b97313a62a1e91b3575 -> 
  custom:audio-decoder-ogg-vorbis: bf7c407c2cedff20999df2af8eb42d56 -> 
  custom:scripting/monoscript/fileName/AutoExposure.cs: 0e7c21b17f53209ee8c5c61ab59d7835 -> 
  custom:scripting/monoscript/fileName/VectorscopeMonitor.cs: cb70c6437b976f01b752cd219cc47f32 -> 
  custom:scripting/monoscript/fileName/PropertySheetFactory.cs: cfc4667cc03e44252fafe18d99f24b25 -> 
  custom:scripting/monoscript/fileName/EditorUtilities.cs: 53a52fb113757c42f9c516115bd845ca -> 
  custom:scripting/monoscript/fileName/HaltonSeq.cs: a7590e55d6fae5328a1c395a2473d0cf -> 
  custom:scripting/monoscript/fileName/MinAttribute.cs: a3e7473301291585f4cca024ce307406 -> 
  custom:scripting/monoscript/fileName/DepthOfField.cs: d62178d8b5619f59fcdd6d24617ef5fd -> 
  custom:scripting/monoscript/fileName/BloomEditor.cs: c341bb26b40744c3a5c2a142ac3e1051 -> 
  custom:scripting/monoscript/fileName/WaveformMonitor.cs: 609651ee3f98f206575f684e9cce655d -> 
  custom:scripting/monoscript/fileName/HableCurve.cs: f244b24d6e7c556a2de06e25b0bbf4c1 -> 
  custom:audio-encoder-webm-vorbis: bf7c407c2cedff20999df2af8eb42d56 -> 
  custom:scripting/monoscript/fileName/PropertySheet.cs: e6bb03169eca9d33ea794a47ad6ce213 -> 
  custom:scripting/monoscript/fileName/TargetPool.cs: 6d29560228134c933c12fb1c113fb6ef -> 
  custom:scripting/monoscript/fileName/LogHistogram.cs: bab913d888834a1a8572eb834acec97c -> 
  custom:scripting/monoscript/fileName/ScreenSpaceReflections.cs: 8afa07200328ddfcb2536d4180c62536 -> 
  custom:scripting/precompiled-assembly-types:Assembly-CSharp: d6fe0ff31029f2d2cc0617ccb9ee00f5 -> b5609ffa9375a1719a4b9b879c420584
  custom:scripting/monoscript/fileName/CurveEditor.cs: f5e872b2a5a6427a1785818cb10d95d1 -> 
  custom:scripting/monoscript/fileName/PostProcessResources.cs: 5089c17a701ba9b714a1f3d25fb9a9b0 -> 
  custom:scripting/monoscript/fileName/EffectListEditor.cs: 1ecdb4094d9e64024d6eb7725a86197b -> 
========================================================================
Received Prepare
Caller must complete domain reload
Begin MonoManager ReloadAssembly
- Loaded All Assemblies, in  0.469 seconds
Native extension for WindowsStandalone target not found
Native extension for WebGL target not found
Mono: successfully reloaded assembly
- Finished resetting the current domain, in  0.827 seconds
Domain Reload Profiling: 1292ms
	BeginReloadAssembly (156ms)
		ExecutionOrderSort (0ms)
		DisableScriptedObjects (5ms)
		BackupInstance (0ms)
		ReleaseScriptingObjects (0ms)
		CreateAndSetChildDomain (28ms)
	RebuildCommonClasses (32ms)
	RebuildNativeTypeToScriptingClass (10ms)
	initialDomainReloadingComplete (39ms)
	LoadAllAssembliesAndSetupDomain (229ms)
		LoadAssemblies (301ms)
		RebuildTransferFunctionScriptingTraits (0ms)
		AnalyzeDomain (20ms)
			TypeCache.Refresh (9ms)
				TypeCache.ScanAssembly (0ms)
			ScanForSourceGeneratedMonoScriptInfo (6ms)
			ResolveRequiredComponents (4ms)
	FinalizeReload (827ms)
		ReleaseScriptCaches (0ms)
		RebuildScriptCaches (0ms)
		SetupLoadedEditorAssemblies (350ms)
			LogAssemblyErrors (0ms)
			InitializePlatformSupportModulesInManaged (9ms)
			SetLoadedEditorAssemblies (3ms)
			RefreshPlugins (0ms)
			BeforeProcessingInitializeOnLoad (58ms)
			ProcessInitializeOnLoadAttributes (258ms)
			ProcessInitializeOnLoadMethodAttributes (17ms)
			AfterProcessingInitializeOnLoad (6ms)
			EditorAssembliesLoaded (0ms)
		ExecutionOrderSort2 (0ms)
		AwakeInstancesAfterBackupRestoration (6ms)
Refreshing native plugins compatible for Editor in 4.80 ms, found 3 plugins.
Preloading 0 native plugins for Editor in 0.00 ms.
Unloading 3253 Unused Serialized files (Serialized files now loaded: 0)
Unloading 53 unused Assets / (4.0 MB). Loaded Objects now: 3871.
Memory consumption went from 222.0 MB to 218.0 MB.
Total: 4.998600 ms (FindLiveObjects: 0.315200 ms CreateObjectMapping: 0.181700 ms MarkObjects: 2.889200 ms  DeleteObjects: 1.610900 ms)

Prepare: number of updated asset objects reloaded= 0
AssetImportParameters requested are different than current active one (requested -> active):
  custom:scripting/monoscript/fileName/Decorators.cs: 4533f6715dc3f8cdabbd37ff77d1dad7 -> 
  custom:scripting/monoscript/fileName/GlobalSettings.cs: e5eb35b80bdfaee4ead1e1630fd77998 -> 
  custom:scripting/monoscript/fileName/PostProcessEffectBaseEditor.cs: 972bdf00f442be0d879dcb6868e25c8e -> 
  custom:scripting/monoscript/fileName/PostProcessRenderContext.cs: 9e034c8bf7d42a1d6c2d4339915eccb0 -> 
  custom:scripting/monoscript/fileName/MainMenu.cs: c093076ba5753d7bec74a8a751ffb653 -> 
  custom:scripting/monoscript/fileName/Spline.cs: 7876820de12ed89d33ad838af99a030e -> 
  custom:scripting/monoscript/fileName/ColorGrading.cs: ef67493fb3cf9676ba5f25862510a595 -> 
  custom:scripting/monoscript/fileName/Monitor.cs: e0eb5d32b3aade2e0ce8680b00ac2b78 -> 
  custom:scripting/precompiled-assembly-types:Unity.Postprocessing.Runtime: 655cd018e42ac91ed9a03cfbdae17956 -> 
  custom:scripting/monoscript/fileName/TemporalAntialiasing.cs: 71e40fdab49d34f4e07f83936454d904 -> 
  custom:container-demuxer-ogg: 62fdf1f143b41e24485cea50d1cbac27 -> 
  custom:scripting/monoscript/fileName/AmbientOcclusion.cs: 7a27923f9312611f0b2898a72e3ee96a -> 
  custom:scripting/monoscript/fileName/PostProcessDebugLayer.cs: 6d8a99809398beddf11f92dfbb0e6ad4 -> 
  custom:scripting/monoscript/fileName/ColorUtilities.cs: 47918ebfa890b947a816b80444ee2882 -> 
  custom:scripting/monoscript/fileName/ParameterOverride.cs: 5475497db741ca919df708e5019e593d -> 
  custom:scripting/monoscript/fileName/TextureLerper.cs: 973e800795f77d61d647ea0c3f0cf284 -> 
  custom:scripting/precompiled-assembly-types:Unity.Postprocessing.Editor: 23b49e25b965492466cd147d7735360a -> 
  custom:scripting/monoscript/fileName/Vignette.cs: e0b99ac31b7575ef776e7be56647abb0 -> 
  custom:scripting/monoscript/fileName/DepthOfFieldEditor.cs: 64cce655bf722c851048e2ebbf401a7b -> 
  custom:scripting/monoscript/fileName/DefaultPostProcessEffectEditor.cs: 06a1d8fcea7725e08b95f21cc15fd0a1 -> 
  custom:scripting/monoscript/fileName/PostProcessLayer.cs: aa288976158dcd4c24041d5304f25d07 -> 
  custom:scripting/monoscript/fileName/MaxAttribute.cs: d661645ab8c724f24b3e19978e87b44c -> 
  custom:scripting/monoscript/fileName/PostProcessDebugEditor.cs: 1a0488d8742bf880cc7334e53e2cc73d -> 
  custom:video-decoder-ogg-theora: a1e56fd34408186e4bbccfd4996cb3dc -> 
  custom:scripting/monoscript/fileName/SerializedParameterOverride.cs: 5e4deaf96895d013d32a8e84ec179f8e -> 
  custom:scripting/monoscript/fileName/MeshUtilities.cs: dc5356b699afd34cf9728f4d65b476a0 -> 
  custom:scripting/monoscript/fileName/AmbientOcclusionEditor.cs: 61e5422c29b8f52188d508eb7d382167 -> 
  custom:scripting/monoscript/fileName/FastApproximateAntialiasing.cs: bf5588b2deec2689a812a7d2eacd9bd5 -> 
  custom:scripting/monoscript/fileName/MotionBlur.cs: 823914e335803785a19e5990c6ab2911 -> 
  custom:scripting/monoscript/fileName/DefineSetter.cs: 292ba08e52064b1a72f8d4bb04301dd3 -> 
  custom:framework-win-MediaFoundation: 216162199b28c13a410421893ffa2e32 -> 
  custom:scripting/monoscript/fileName/ShaderIDs.cs: 96024f1f873475da65a783f1404f9117 -> 
  custom:scripting/monoscript/fileName/PostProcessEditorAttribute.cs: 672a58b4d5bab60112487a31c361c481 -> 
  custom:scripting/monoscript/fileName/LensDistortionEditor.cs: dee045d29944d55e8040435a58a7ce90 -> 
  custom:scripting/monoscript/fileName/MotionBlurEditor.cs: 3bd8d3e7e9a7ea94beb2e5517b62d27b -> 
  custom:scripting/monoscript/fileName/Dithering.cs: 3014fffaa718d0ad6dd2c7bb7956ed46 -> 
  custom:scripting/monoscript/fileName/DecoratorAttribute.cs: be5bd39119e1a41ea1a019fdb3818a3f -> 
  custom:scripting/monoscript/fileName/DisplayNameAttribute.cs: 935a6ac504eb8a852fba40cbcae9292c -> 
  custom:scripting/monoscript/fileName/PostProcessEffectSettings.cs: 2ab9d33170e863b1a9c8a9079cdd12aa -> 
  custom:scripting/monoscript/fileName/Fog.cs: 07e271953e2bcf8513b6a72a2737e767 -> 
  custom:scripting/monoscript/fileName/PostProcessManager.cs: 28ef7780d543a8111635e1f5051383d0 -> 
  custom:scripting/monoscript/fileName/VolumeFactory.cs: cc77136700c9e1ff894d234886ccb852 -> 
  custom:CustomObjectIndexerAttribute: 9a22284fe3817be447336de3de66b15e -> 
  custom:scripting/monoscript/fileName/PostProcessEvent.cs: 8fb6e54ff2cf1a8be7ecdd01fbdd78f8 -> 
  custom:scripting/monoscript/fileName/TrackballAttribute.cs: 8dea8f77de7bd03137cc578af1ea6656 -> 
  custom:scripting/monoscript/fileName/TrackballDecorator.cs: 6a2b6c747937d12d8d81be8f5b21fbd2 -> 
  custom:scripting/monoscript/fileName/MultiScaleVO.cs: d4c4732956ffb536e016475d75f04c43 -> 
  custom:scripting/monoscript/fileName/CubeLutAssetFactory.cs: db1961888d7cabf6be94b37e3b663de4 -> 
  custom:container-demuxer-webm: 4f35f7cbe854078d1ac9338744f61a02 -> 
  custom:scripting/monoscript/fileName/PostProcessVolumeEditor.cs: 7aae71821512dcac422c45dc773293c3 -> 
  custom:scripting/monoscript/fileName/ChromaticAberration.cs: 4d59e57f8324f5f986e16678ed451410 -> 
  custom:scripting/monoscript/fileName/VignetteEditor.cs: 345736fc911c5e8ab23e579751a40e4a -> 
  custom:scripting/monoscript/fileName/Styling.cs: d1c4aa14ff93670753edfbb93fc91bfe -> 
  custom:scripting/monoscript/fileName/PostProcessEffectRendererExtensions.cs: e953624d113e7e1739c702512603957d -> 
  custom:scripting/monoscript/fileName/ScalableAO.cs: 2f29d71d59b754086c809cfee1cdce34 -> 
  custom:scripting/monoscript/fileName/PostProcessLayerEditor.cs: d16de665ece05cd6e27dcc8d7bac4b9a -> 
  custom:scripting/monoscript/fileName/MinMaxAttribute.cs: a4b6ac8a4377612c7135a60f905792f1 -> 
  custom:scripting/monoscript/fileName/SubpixelMorphologicalAntialiasing.cs: 02dcb8839824addec278047da0509aea -> 
  custom:scripting/monoscript/fileName/BaseEditor.cs: 90647cc400823b41df847a6cbfc29026 -> 
  custom:container-muxer-webm: aa71ff27fc2769a1b78a27578f13a17b -> 
  custom:video-decoder-webm-vp8: 9c59270c3fd7afecdb556c50c9e8de78 -> 
  custom:SearchIndexIgnoredProperties: e643bd26f0fe6173181afceb89e7c659 -> 
  custom:scripting/monoscript/fileName/ChromaticAberrationEditor.cs: 3043bf57519b71f64b7a6de970c2487b -> 
  custom:scripting/monoscript/fileName/PostProcessEffectRenderer.cs: 577c5acf8157ecea944bb95c8c6d9a95 -> 
  custom:AudioImporter_EditorPlatform: d09bf68614088b80899f8185d706f6e7 -> 
  custom:scripting/monoscript/fileName/TextureFormatUtilities.cs: ba58c57cfaabc0f8201a9ca6902fcb23 -> 
  custom:scripting/monoscript/fileName/PostProcessVolume.cs: 3883cef4be0567c54caf457a416a2095 -> 
  custom:scripting/monoscript/fileName/LightMeterMonitor.cs: a897ae0c731cb153281aea9ecd0efb03 -> 
  custom:scripting/monoscript/fileName/ColorGradingEditor.cs: 25838050e3e1f12ef51713a5dcf60349 -> 
  custom:scripting/monoscript/fileName/AttributeDecorator.cs: 39b465f08cd0a5df82fc2ef70b766ca2 -> 
  custom:scripting/monoscript/fileName/AutoExposureEditor.cs: dfd15824649ea346b717bc72a871d75b -> 
  custom:scripting/monoscript/fileName/LensDistortion.cs: b7963bb1da21ba484a7b59b9f6ea3aec -> 
  custom:scripting/monoscript/fileName/ResourceAssetFactory.cs: bf6acc988648d854bb3c5751325d0d0a -> 
  custom:scripting/monoscript/fileName/PostProcessProfileEditor.cs: 1dcd55858a4126cb33b0f2de53c74fbe -> 
  custom:scripting/monoscript/fileName/Skybox.cs: c122ade9e2d3a916264f47a45be02789 -> 
  custom:scripting/monoscript/fileName/PostProcessDebug.cs: a653e9b773649e7452b035b4ce1dae82 -> 
  custom:scripting/monoscript/fileName/PostProcessAttribute.cs: e125947bf72ce7382f3b16f75797c897 -> 
  custom:scripting/monoscript/fileName/Grain.cs: 43f09a87a88d9937fbb9c4dbf3d5508e -> 
  custom:scripting/monoscript/fileName/HistogramMonitor.cs: 6fd024409d6e9db8d4c2c4e26430c2ad -> 
  custom:scripting/monoscript/fileName/PostProcessProfile.cs: f6dc030e2e953b2ed0eca334cce5d5cf -> 
  custom:scripting/monoscript/fileName/ProfileFactory.cs: f835845dfebfed501813f60a1cb006a3 -> 
  custom:scripting/monoscript/fileName/PostProcessEffectEditor.cs: 90647cc400823b41df847a6cbfc29026 -> 
  custom:scripting/monoscript/fileName/CubeLutAssetImporter.cs: 5e94ca4c74dad11cc8880f33d0ba9efb -> 
  custom:scripting/monoscript/fileName/PostProcessBundle.cs: f610f855c8ae8b896b5084e85ede373e -> 
  custom:scripting/monoscript/fileName/ScreenSpaceReflectionsEditor.cs: 59c13ba25de6098e70bafe8be94f609a -> 
  custom:video-encoder-webm-vp8: eb34c28f22e8b96e1ab97ce403110664 -> 
  custom:scripting/monoscript/fileName/RuntimeUtilities.cs: 76964d36e50cc48cfa29643bdde8d9a5 -> 
  custom:scripting/monoscript/fileName/Bloom.cs: 6f6d579a64201b97313a62a1e91b3575 -> 
  custom:audio-decoder-ogg-vorbis: bf7c407c2cedff20999df2af8eb42d56 -> 
  custom:scripting/monoscript/fileName/AutoExposure.cs: 0e7c21b17f53209ee8c5c61ab59d7835 -> 
  custom:scripting/monoscript/fileName/VectorscopeMonitor.cs: cb70c6437b976f01b752cd219cc47f32 -> 
  custom:scripting/monoscript/fileName/PropertySheetFactory.cs: cfc4667cc03e44252fafe18d99f24b25 -> 
  custom:scripting/monoscript/fileName/EditorUtilities.cs: 53a52fb113757c42f9c516115bd845ca -> 
  custom:scripting/monoscript/fileName/HaltonSeq.cs: a7590e55d6fae5328a1c395a2473d0cf -> 
  custom:scripting/monoscript/fileName/MinAttribute.cs: a3e7473301291585f4cca024ce307406 -> 
  custom:scripting/monoscript/fileName/DepthOfField.cs: d62178d8b5619f59fcdd6d24617ef5fd -> 
  custom:scripting/monoscript/fileName/BloomEditor.cs: c341bb26b40744c3a5c2a142ac3e1051 -> 
  custom:scripting/monoscript/fileName/WaveformMonitor.cs: 609651ee3f98f206575f684e9cce655d -> 
  custom:scripting/monoscript/fileName/HableCurve.cs: f244b24d6e7c556a2de06e25b0bbf4c1 -> 
  custom:audio-encoder-webm-vorbis: bf7c407c2cedff20999df2af8eb42d56 -> 
  custom:scripting/monoscript/fileName/PropertySheet.cs: e6bb03169eca9d33ea794a47ad6ce213 -> 
  custom:scripting/monoscript/fileName/TargetPool.cs: 6d29560228134c933c12fb1c113fb6ef -> 
  custom:scripting/monoscript/fileName/LogHistogram.cs: bab913d888834a1a8572eb834acec97c -> 
  custom:scripting/monoscript/fileName/ScreenSpaceReflections.cs: 8afa07200328ddfcb2536d4180c62536 -> 
  custom:scripting/precompiled-assembly-types:Assembly-CSharp: d6fe0ff31029f2d2cc0617ccb9ee00f5 -> b5609ffa9375a1719a4b9b879c420584
  custom:scripting/monoscript/fileName/CurveEditor.cs: f5e872b2a5a6427a1785818cb10d95d1 -> 
  custom:scripting/monoscript/fileName/PostProcessResources.cs: 5089c17a701ba9b714a1f3d25fb9a9b0 -> 
  custom:scripting/monoscript/fileName/EffectListEditor.cs: 1ecdb4094d9e64024d6eb7725a86197b -> 
========================================================================
Received Prepare
Caller must complete domain reload
Begin MonoManager ReloadAssembly
- Loaded All Assemblies, in  0.372 seconds
Native extension for WindowsStandalone target not found
Native extension for WebGL target not found
Mono: successfully reloaded assembly
- Finished resetting the current domain, in  0.811 seconds
Domain Reload Profiling: 1181ms
	BeginReloadAssembly (131ms)
		ExecutionOrderSort (0ms)
		DisableScriptedObjects (5ms)
		BackupInstance (0ms)
		ReleaseScriptingObjects (0ms)
		CreateAndSetChildDomain (27ms)
	RebuildCommonClasses (27ms)
	RebuildNativeTypeToScriptingClass (9ms)
	initialDomainReloadingComplete (26ms)
	LoadAllAssembliesAndSetupDomain (176ms)
		LoadAssemblies (233ms)
		RebuildTransferFunctionScriptingTraits (0ms)
		AnalyzeDomain (12ms)
			TypeCache.Refresh (5ms)
				TypeCache.ScanAssembly (0ms)
			ScanForSourceGeneratedMonoScriptInfo (0ms)
			ResolveRequiredComponents (4ms)
	FinalizeReload (811ms)
		ReleaseScriptCaches (0ms)
		RebuildScriptCaches (0ms)
		SetupLoadedEditorAssemblies (357ms)
			LogAssemblyErrors (0ms)
			InitializePlatformSupportModulesInManaged (8ms)
			SetLoadedEditorAssemblies (4ms)
			RefreshPlugins (0ms)
			BeforeProcessingInitializeOnLoad (56ms)
			ProcessInitializeOnLoadAttributes (262ms)
			ProcessInitializeOnLoadMethodAttributes (19ms)
			AfterProcessingInitializeOnLoad (8ms)
			EditorAssembliesLoaded (0ms)
		ExecutionOrderSort2 (0ms)
		AwakeInstancesAfterBackupRestoration (6ms)
Refreshing native plugins compatible for Editor in 4.75 ms, found 3 plugins.
Preloading 0 native plugins for Editor in 0.00 ms.
Unloading 3253 Unused Serialized files (Serialized files now loaded: 0)
Unloading 53 unused Assets / (4.0 MB). Loaded Objects now: 3874.
Memory consumption went from 222.0 MB to 218.0 MB.
Total: 5.226900 ms (FindLiveObjects: 0.285500 ms CreateObjectMapping: 0.209500 ms MarkObjects: 3.386600 ms  DeleteObjects: 1.343400 ms)

Prepare: number of updated asset objects reloaded= 0
AssetImportParameters requested are different than current active one (requested -> active):
  custom:scripting/monoscript/fileName/Decorators.cs: 4533f6715dc3f8cdabbd37ff77d1dad7 -> 
  custom:scripting/monoscript/fileName/GlobalSettings.cs: e5eb35b80bdfaee4ead1e1630fd77998 -> 
  custom:scripting/monoscript/fileName/PostProcessEffectBaseEditor.cs: 972bdf00f442be0d879dcb6868e25c8e -> 
  custom:scripting/monoscript/fileName/PostProcessRenderContext.cs: 9e034c8bf7d42a1d6c2d4339915eccb0 -> 
  custom:scripting/monoscript/fileName/MainMenu.cs: c093076ba5753d7bec74a8a751ffb653 -> 
  custom:scripting/monoscript/fileName/Spline.cs: 7876820de12ed89d33ad838af99a030e -> 
  custom:scripting/monoscript/fileName/ColorGrading.cs: ef67493fb3cf9676ba5f25862510a595 -> 
  custom:scripting/monoscript/fileName/Monitor.cs: e0eb5d32b3aade2e0ce8680b00ac2b78 -> 
  custom:scripting/precompiled-assembly-types:Unity.Postprocessing.Runtime: 655cd018e42ac91ed9a03cfbdae17956 -> 
  custom:scripting/monoscript/fileName/TemporalAntialiasing.cs: 71e40fdab49d34f4e07f83936454d904 -> 
  custom:container-demuxer-ogg: 62fdf1f143b41e24485cea50d1cbac27 -> 
  custom:scripting/monoscript/fileName/AmbientOcclusion.cs: 7a27923f9312611f0b2898a72e3ee96a -> 
  custom:scripting/monoscript/fileName/PostProcessDebugLayer.cs: 6d8a99809398beddf11f92dfbb0e6ad4 -> 
  custom:scripting/monoscript/fileName/ColorUtilities.cs: 47918ebfa890b947a816b80444ee2882 -> 
  custom:scripting/monoscript/fileName/ParameterOverride.cs: 5475497db741ca919df708e5019e593d -> 
  custom:scripting/monoscript/fileName/TextureLerper.cs: 973e800795f77d61d647ea0c3f0cf284 -> 
  custom:scripting/precompiled-assembly-types:Unity.Postprocessing.Editor: 23b49e25b965492466cd147d7735360a -> 
  custom:scripting/monoscript/fileName/Vignette.cs: e0b99ac31b7575ef776e7be56647abb0 -> 
  custom:scripting/monoscript/fileName/DepthOfFieldEditor.cs: 64cce655bf722c851048e2ebbf401a7b -> 
  custom:scripting/monoscript/fileName/DefaultPostProcessEffectEditor.cs: 06a1d8fcea7725e08b95f21cc15fd0a1 -> 
  custom:scripting/monoscript/fileName/PostProcessLayer.cs: aa288976158dcd4c24041d5304f25d07 -> 
  custom:scripting/monoscript/fileName/MaxAttribute.cs: d661645ab8c724f24b3e19978e87b44c -> 
  custom:scripting/monoscript/fileName/PostProcessDebugEditor.cs: 1a0488d8742bf880cc7334e53e2cc73d -> 
  custom:video-decoder-ogg-theora: a1e56fd34408186e4bbccfd4996cb3dc -> 
  custom:scripting/monoscript/fileName/SerializedParameterOverride.cs: 5e4deaf96895d013d32a8e84ec179f8e -> 
  custom:scripting/monoscript/fileName/MeshUtilities.cs: dc5356b699afd34cf9728f4d65b476a0 -> 
  custom:scripting/monoscript/fileName/AmbientOcclusionEditor.cs: 61e5422c29b8f52188d508eb7d382167 -> 
  custom:scripting/monoscript/fileName/FastApproximateAntialiasing.cs: bf5588b2deec2689a812a7d2eacd9bd5 -> 
  custom:scripting/monoscript/fileName/MotionBlur.cs: 823914e335803785a19e5990c6ab2911 -> 
  custom:scripting/monoscript/fileName/DefineSetter.cs: 292ba08e52064b1a72f8d4bb04301dd3 -> 
  custom:framework-win-MediaFoundation: 216162199b28c13a410421893ffa2e32 -> 
  custom:scripting/monoscript/fileName/ShaderIDs.cs: 96024f1f873475da65a783f1404f9117 -> 
  custom:scripting/monoscript/fileName/PostProcessEditorAttribute.cs: 672a58b4d5bab60112487a31c361c481 -> 
  custom:scripting/monoscript/fileName/LensDistortionEditor.cs: dee045d29944d55e8040435a58a7ce90 -> 
  custom:scripting/monoscript/fileName/MotionBlurEditor.cs: 3bd8d3e7e9a7ea94beb2e5517b62d27b -> 
  custom:scripting/monoscript/fileName/Dithering.cs: 3014fffaa718d0ad6dd2c7bb7956ed46 -> 
  custom:scripting/monoscript/fileName/DecoratorAttribute.cs: be5bd39119e1a41ea1a019fdb3818a3f -> 
  custom:scripting/monoscript/fileName/DisplayNameAttribute.cs: 935a6ac504eb8a852fba40cbcae9292c -> 
  custom:scripting/monoscript/fileName/PostProcessEffectSettings.cs: 2ab9d33170e863b1a9c8a9079cdd12aa -> 
  custom:scripting/monoscript/fileName/Fog.cs: 07e271953e2bcf8513b6a72a2737e767 -> 
  custom:scripting/monoscript/fileName/PostProcessManager.cs: 28ef7780d543a8111635e1f5051383d0 -> 
  custom:scripting/monoscript/fileName/VolumeFactory.cs: cc77136700c9e1ff894d234886ccb852 -> 
  custom:CustomObjectIndexerAttribute: 9a22284fe3817be447336de3de66b15e -> 
  custom:scripting/monoscript/fileName/PostProcessEvent.cs: 8fb6e54ff2cf1a8be7ecdd01fbdd78f8 -> 
  custom:scripting/monoscript/fileName/TrackballAttribute.cs: 8dea8f77de7bd03137cc578af1ea6656 -> 
  custom:scripting/monoscript/fileName/TrackballDecorator.cs: 6a2b6c747937d12d8d81be8f5b21fbd2 -> 
  custom:scripting/monoscript/fileName/MultiScaleVO.cs: d4c4732956ffb536e016475d75f04c43 -> 
  custom:scripting/monoscript/fileName/CubeLutAssetFactory.cs: db1961888d7cabf6be94b37e3b663de4 -> 
  custom:container-demuxer-webm: 4f35f7cbe854078d1ac9338744f61a02 -> 
  custom:scripting/monoscript/fileName/PostProcessVolumeEditor.cs: 7aae71821512dcac422c45dc773293c3 -> 
  custom:scripting/monoscript/fileName/ChromaticAberration.cs: 4d59e57f8324f5f986e16678ed451410 -> 
  custom:scripting/monoscript/fileName/VignetteEditor.cs: 345736fc911c5e8ab23e579751a40e4a -> 
  custom:scripting/monoscript/fileName/Styling.cs: d1c4aa14ff93670753edfbb93fc91bfe -> 
  custom:scripting/monoscript/fileName/PostProcessEffectRendererExtensions.cs: e953624d113e7e1739c702512603957d -> 
  custom:scripting/monoscript/fileName/ScalableAO.cs: 2f29d71d59b754086c809cfee1cdce34 -> 
  custom:scripting/monoscript/fileName/PostProcessLayerEditor.cs: d16de665ece05cd6e27dcc8d7bac4b9a -> 
  custom:scripting/monoscript/fileName/MinMaxAttribute.cs: a4b6ac8a4377612c7135a60f905792f1 -> 
  custom:scripting/monoscript/fileName/SubpixelMorphologicalAntialiasing.cs: 02dcb8839824addec278047da0509aea -> 
  custom:scripting/monoscript/fileName/BaseEditor.cs: 90647cc400823b41df847a6cbfc29026 -> 
  custom:container-muxer-webm: aa71ff27fc2769a1b78a27578f13a17b -> 
  custom:video-decoder-webm-vp8: 9c59270c3fd7afecdb556c50c9e8de78 -> 
  custom:SearchIndexIgnoredProperties: e643bd26f0fe6173181afceb89e7c659 -> 
  custom:scripting/monoscript/fileName/ChromaticAberrationEditor.cs: 3043bf57519b71f64b7a6de970c2487b -> 
  custom:scripting/monoscript/fileName/PostProcessEffectRenderer.cs: 577c5acf8157ecea944bb95c8c6d9a95 -> 
  custom:AudioImporter_EditorPlatform: d09bf68614088b80899f8185d706f6e7 -> 
  custom:scripting/monoscript/fileName/TextureFormatUtilities.cs: ba58c57cfaabc0f8201a9ca6902fcb23 -> 
  custom:scripting/monoscript/fileName/PostProcessVolume.cs: 3883cef4be0567c54caf457a416a2095 -> 
  custom:scripting/monoscript/fileName/LightMeterMonitor.cs: a897ae0c731cb153281aea9ecd0efb03 -> 
  custom:scripting/monoscript/fileName/ColorGradingEditor.cs: 25838050e3e1f12ef51713a5dcf60349 -> 
  custom:scripting/monoscript/fileName/AttributeDecorator.cs: 39b465f08cd0a5df82fc2ef70b766ca2 -> 
  custom:scripting/monoscript/fileName/AutoExposureEditor.cs: dfd15824649ea346b717bc72a871d75b -> 
  custom:scripting/monoscript/fileName/LensDistortion.cs: b7963bb1da21ba484a7b59b9f6ea3aec -> 
  custom:scripting/monoscript/fileName/ResourceAssetFactory.cs: bf6acc988648d854bb3c5751325d0d0a -> 
  custom:scripting/monoscript/fileName/PostProcessProfileEditor.cs: 1dcd55858a4126cb33b0f2de53c74fbe -> 
  custom:scripting/monoscript/fileName/Skybox.cs: c122ade9e2d3a916264f47a45be02789 -> 
  custom:scripting/monoscript/fileName/PostProcessDebug.cs: a653e9b773649e7452b035b4ce1dae82 -> 
  custom:scripting/monoscript/fileName/PostProcessAttribute.cs: e125947bf72ce7382f3b16f75797c897 -> 
  custom:scripting/monoscript/fileName/Grain.cs: 43f09a87a88d9937fbb9c4dbf3d5508e -> 
  custom:scripting/monoscript/fileName/HistogramMonitor.cs: 6fd024409d6e9db8d4c2c4e26430c2ad -> 
  custom:scripting/monoscript/fileName/PostProcessProfile.cs: f6dc030e2e953b2ed0eca334cce5d5cf -> 
  custom:scripting/monoscript/fileName/ProfileFactory.cs: f835845dfebfed501813f60a1cb006a3 -> 
  custom:scripting/monoscript/fileName/PostProcessEffectEditor.cs: 90647cc400823b41df847a6cbfc29026 -> 
  custom:scripting/monoscript/fileName/CubeLutAssetImporter.cs: 5e94ca4c74dad11cc8880f33d0ba9efb -> 
  custom:scripting/monoscript/fileName/PostProcessBundle.cs: f610f855c8ae8b896b5084e85ede373e -> 
  custom:scripting/monoscript/fileName/ScreenSpaceReflectionsEditor.cs: 59c13ba25de6098e70bafe8be94f609a -> 
  custom:video-encoder-webm-vp8: eb34c28f22e8b96e1ab97ce403110664 -> 
  custom:scripting/monoscript/fileName/RuntimeUtilities.cs: 76964d36e50cc48cfa29643bdde8d9a5 -> 
  custom:scripting/monoscript/fileName/Bloom.cs: 6f6d579a64201b97313a62a1e91b3575 -> 
  custom:audio-decoder-ogg-vorbis: bf7c407c2cedff20999df2af8eb42d56 -> 
  custom:scripting/monoscript/fileName/AutoExposure.cs: 0e7c21b17f53209ee8c5c61ab59d7835 -> 
  custom:scripting/monoscript/fileName/VectorscopeMonitor.cs: cb70c6437b976f01b752cd219cc47f32 -> 
  custom:scripting/monoscript/fileName/PropertySheetFactory.cs: cfc4667cc03e44252fafe18d99f24b25 -> 
  custom:scripting/monoscript/fileName/EditorUtilities.cs: 53a52fb113757c42f9c516115bd845ca -> 
  custom:scripting/monoscript/fileName/HaltonSeq.cs: a7590e55d6fae5328a1c395a2473d0cf -> 
  custom:scripting/monoscript/fileName/MinAttribute.cs: a3e7473301291585f4cca024ce307406 -> 
  custom:scripting/monoscript/fileName/DepthOfField.cs: d62178d8b5619f59fcdd6d24617ef5fd -> 
  custom:scripting/monoscript/fileName/BloomEditor.cs: c341bb26b40744c3a5c2a142ac3e1051 -> 
  custom:scripting/monoscript/fileName/WaveformMonitor.cs: 609651ee3f98f206575f684e9cce655d -> 
  custom:scripting/monoscript/fileName/HableCurve.cs: f244b24d6e7c556a2de06e25b0bbf4c1 -> 
  custom:audio-encoder-webm-vorbis: bf7c407c2cedff20999df2af8eb42d56 -> 
  custom:scripting/monoscript/fileName/PropertySheet.cs: e6bb03169eca9d33ea794a47ad6ce213 -> 
  custom:scripting/monoscript/fileName/TargetPool.cs: 6d29560228134c933c12fb1c113fb6ef -> 
  custom:scripting/monoscript/fileName/LogHistogram.cs: bab913d888834a1a8572eb834acec97c -> 
  custom:scripting/monoscript/fileName/ScreenSpaceReflections.cs: 8afa07200328ddfcb2536d4180c62536 -> 
  custom:scripting/precompiled-assembly-types:Assembly-CSharp: d6fe0ff31029f2d2cc0617ccb9ee00f5 -> b5609ffa9375a1719a4b9b879c420584
  custom:scripting/monoscript/fileName/CurveEditor.cs: f5e872b2a5a6427a1785818cb10d95d1 -> 
  custom:scripting/monoscript/fileName/PostProcessResources.cs: 5089c17a701ba9b714a1f3d25fb9a9b0 -> 
  custom:scripting/monoscript/fileName/EffectListEditor.cs: 1ecdb4094d9e64024d6eb7725a86197b -> 
========================================================================
Received Prepare
Refreshing native plugins compatible for Editor in 12.28 ms, found 3 plugins.
Preloading 0 native plugins for Editor in 0.00 ms.
Unloading 40 Unused Serialized files (Serialized files now loaded: 0)
Unloading 40 unused Assets / (3.9 MB). Loaded Objects now: 3874.
Memory consumption went from 172.2 MB to 168.3 MB.
Total: 7.405600 ms (FindLiveObjects: 0.537700 ms CreateObjectMapping: 0.385200 ms MarkObjects: 4.066900 ms  DeleteObjects: 2.413700 ms)

Prepare: number of updated asset objects reloaded= 0
AssetImportParameters requested are different than current active one (requested -> active):
  custom:scripting/monoscript/fileName/Decorators.cs: 4533f6715dc3f8cdabbd37ff77d1dad7 -> 
  custom:scripting/monoscript/fileName/GlobalSettings.cs: e5eb35b80bdfaee4ead1e1630fd77998 -> 
  custom:scripting/monoscript/fileName/PostProcessEffectBaseEditor.cs: 972bdf00f442be0d879dcb6868e25c8e -> 
  custom:scripting/monoscript/fileName/PostProcessRenderContext.cs: 9e034c8bf7d42a1d6c2d4339915eccb0 -> 
  custom:scripting/monoscript/fileName/MainMenu.cs: c093076ba5753d7bec74a8a751ffb653 -> 
  custom:scripting/monoscript/fileName/Spline.cs: 7876820de12ed89d33ad838af99a030e -> 
  custom:scripting/monoscript/fileName/ColorGrading.cs: ef67493fb3cf9676ba5f25862510a595 -> 
  custom:scripting/monoscript/fileName/Monitor.cs: e0eb5d32b3aade2e0ce8680b00ac2b78 -> 
  custom:scripting/precompiled-assembly-types:Unity.Postprocessing.Runtime: 655cd018e42ac91ed9a03cfbdae17956 -> 
  custom:scripting/monoscript/fileName/TemporalAntialiasing.cs: 71e40fdab49d34f4e07f83936454d904 -> 
  custom:container-demuxer-ogg: 62fdf1f143b41e24485cea50d1cbac27 -> 
  custom:scripting/monoscript/fileName/AmbientOcclusion.cs: 7a27923f9312611f0b2898a72e3ee96a -> 
  custom:scripting/monoscript/fileName/PostProcessDebugLayer.cs: 6d8a99809398beddf11f92dfbb0e6ad4 -> 
  custom:scripting/monoscript/fileName/ColorUtilities.cs: 47918ebfa890b947a816b80444ee2882 -> 
  custom:scripting/monoscript/fileName/ParameterOverride.cs: 5475497db741ca919df708e5019e593d -> 
  custom:scripting/monoscript/fileName/TextureLerper.cs: 973e800795f77d61d647ea0c3f0cf284 -> 
  custom:scripting/precompiled-assembly-types:Unity.Postprocessing.Editor: 23b49e25b965492466cd147d7735360a -> 
  custom:scripting/monoscript/fileName/Vignette.cs: e0b99ac31b7575ef776e7be56647abb0 -> 
  custom:scripting/monoscript/fileName/DepthOfFieldEditor.cs: 64cce655bf722c851048e2ebbf401a7b -> 
  custom:scripting/monoscript/fileName/DefaultPostProcessEffectEditor.cs: 06a1d8fcea7725e08b95f21cc15fd0a1 -> 
  custom:scripting/monoscript/fileName/PostProcessLayer.cs: aa288976158dcd4c24041d5304f25d07 -> 
  custom:scripting/monoscript/fileName/MaxAttribute.cs: d661645ab8c724f24b3e19978e87b44c -> 
  custom:scripting/monoscript/fileName/PostProcessDebugEditor.cs: 1a0488d8742bf880cc7334e53e2cc73d -> 
  custom:video-decoder-ogg-theora: a1e56fd34408186e4bbccfd4996cb3dc -> 
  custom:scripting/monoscript/fileName/SerializedParameterOverride.cs: 5e4deaf96895d013d32a8e84ec179f8e -> 
  custom:scripting/monoscript/fileName/MeshUtilities.cs: dc5356b699afd34cf9728f4d65b476a0 -> 
  custom:scripting/monoscript/fileName/AmbientOcclusionEditor.cs: 61e5422c29b8f52188d508eb7d382167 -> 
  custom:scripting/monoscript/fileName/FastApproximateAntialiasing.cs: bf5588b2deec2689a812a7d2eacd9bd5 -> 
  custom:scripting/monoscript/fileName/MotionBlur.cs: 823914e335803785a19e5990c6ab2911 -> 
  custom:scripting/monoscript/fileName/DefineSetter.cs: 292ba08e52064b1a72f8d4bb04301dd3 -> 
  custom:framework-win-MediaFoundation: 216162199b28c13a410421893ffa2e32 -> 
  custom:scripting/monoscript/fileName/ShaderIDs.cs: 96024f1f873475da65a783f1404f9117 -> 
  custom:scripting/monoscript/fileName/PostProcessEditorAttribute.cs: 672a58b4d5bab60112487a31c361c481 -> 
  custom:scripting/monoscript/fileName/LensDistortionEditor.cs: dee045d29944d55e8040435a58a7ce90 -> 
  custom:scripting/monoscript/fileName/MotionBlurEditor.cs: 3bd8d3e7e9a7ea94beb2e5517b62d27b -> 
  custom:scripting/monoscript/fileName/Dithering.cs: 3014fffaa718d0ad6dd2c7bb7956ed46 -> 
  custom:scripting/monoscript/fileName/DecoratorAttribute.cs: be5bd39119e1a41ea1a019fdb3818a3f -> 
  custom:scripting/monoscript/fileName/DisplayNameAttribute.cs: 935a6ac504eb8a852fba40cbcae9292c -> 
  custom:scripting/monoscript/fileName/PostProcessEffectSettings.cs: 2ab9d33170e863b1a9c8a9079cdd12aa -> 
  custom:scripting/monoscript/fileName/Fog.cs: 07e271953e2bcf8513b6a72a2737e767 -> 
  custom:scripting/monoscript/fileName/PostProcessManager.cs: 28ef7780d543a8111635e1f5051383d0 -> 
  custom:scripting/monoscript/fileName/VolumeFactory.cs: cc77136700c9e1ff894d234886ccb852 -> 
  custom:CustomObjectIndexerAttribute: 9a22284fe3817be447336de3de66b15e -> 
  custom:scripting/monoscript/fileName/PostProcessEvent.cs: 8fb6e54ff2cf1a8be7ecdd01fbdd78f8 -> 
  custom:scripting/monoscript/fileName/TrackballAttribute.cs: 8dea8f77de7bd03137cc578af1ea6656 -> 
  custom:scripting/monoscript/fileName/TrackballDecorator.cs: 6a2b6c747937d12d8d81be8f5b21fbd2 -> 
  custom:scripting/monoscript/fileName/MultiScaleVO.cs: d4c4732956ffb536e016475d75f04c43 -> 
  custom:scripting/monoscript/fileName/CubeLutAssetFactory.cs: db1961888d7cabf6be94b37e3b663de4 -> 
  custom:container-demuxer-webm: 4f35f7cbe854078d1ac9338744f61a02 -> 
  custom:scripting/monoscript/fileName/PostProcessVolumeEditor.cs: 7aae71821512dcac422c45dc773293c3 -> 
  custom:scripting/monoscript/fileName/ChromaticAberration.cs: 4d59e57f8324f5f986e16678ed451410 -> 
  custom:scripting/monoscript/fileName/VignetteEditor.cs: 345736fc911c5e8ab23e579751a40e4a -> 
  custom:scripting/monoscript/fileName/Styling.cs: d1c4aa14ff93670753edfbb93fc91bfe -> 
  custom:scripting/monoscript/fileName/PostProcessEffectRendererExtensions.cs: e953624d113e7e1739c702512603957d -> 
  custom:scripting/monoscript/fileName/ScalableAO.cs: 2f29d71d59b754086c809cfee1cdce34 -> 
  custom:scripting/monoscript/fileName/PostProcessLayerEditor.cs: d16de665ece05cd6e27dcc8d7bac4b9a -> 
  custom:scripting/monoscript/fileName/MinMaxAttribute.cs: a4b6ac8a4377612c7135a60f905792f1 -> 
  custom:scripting/monoscript/fileName/SubpixelMorphologicalAntialiasing.cs: 02dcb8839824addec278047da0509aea -> 
  custom:scripting/monoscript/fileName/BaseEditor.cs: 90647cc400823b41df847a6cbfc29026 -> 
  custom:container-muxer-webm: aa71ff27fc2769a1b78a27578f13a17b -> 
  custom:video-decoder-webm-vp8: 9c59270c3fd7afecdb556c50c9e8de78 -> 
  custom:SearchIndexIgnoredProperties: e643bd26f0fe6173181afceb89e7c659 -> 
  custom:scripting/monoscript/fileName/ChromaticAberrationEditor.cs: 3043bf57519b71f64b7a6de970c2487b -> 
  custom:scripting/monoscript/fileName/PostProcessEffectRenderer.cs: 577c5acf8157ecea944bb95c8c6d9a95 -> 
  custom:AudioImporter_EditorPlatform: d09bf68614088b80899f8185d706f6e7 -> 
  custom:scripting/monoscript/fileName/TextureFormatUtilities.cs: ba58c57cfaabc0f8201a9ca6902fcb23 -> 
  custom:scripting/monoscript/fileName/PostProcessVolume.cs: 3883cef4be0567c54caf457a416a2095 -> 
  custom:scripting/monoscript/fileName/LightMeterMonitor.cs: a897ae0c731cb153281aea9ecd0efb03 -> 
  custom:scripting/monoscript/fileName/ColorGradingEditor.cs: 25838050e3e1f12ef51713a5dcf60349 -> 
  custom:scripting/monoscript/fileName/AttributeDecorator.cs: 39b465f08cd0a5df82fc2ef70b766ca2 -> 
  custom:scripting/monoscript/fileName/AutoExposureEditor.cs: dfd15824649ea346b717bc72a871d75b -> 
  custom:scripting/monoscript/fileName/LensDistortion.cs: b7963bb1da21ba484a7b59b9f6ea3aec -> 
  custom:scripting/monoscript/fileName/ResourceAssetFactory.cs: bf6acc988648d854bb3c5751325d0d0a -> 
  custom:scripting/monoscript/fileName/PostProcessProfileEditor.cs: 1dcd55858a4126cb33b0f2de53c74fbe -> 
  custom:scripting/monoscript/fileName/Skybox.cs: c122ade9e2d3a916264f47a45be02789 -> 
  custom:scripting/monoscript/fileName/PostProcessDebug.cs: a653e9b773649e7452b035b4ce1dae82 -> 
  custom:scripting/monoscript/fileName/PostProcessAttribute.cs: e125947bf72ce7382f3b16f75797c897 -> 
  custom:scripting/monoscript/fileName/Grain.cs: 43f09a87a88d9937fbb9c4dbf3d5508e -> 
  custom:scripting/monoscript/fileName/HistogramMonitor.cs: 6fd024409d6e9db8d4c2c4e26430c2ad -> 
  custom:scripting/monoscript/fileName/PostProcessProfile.cs: f6dc030e2e953b2ed0eca334cce5d5cf -> 
  custom:scripting/monoscript/fileName/ProfileFactory.cs: f835845dfebfed501813f60a1cb006a3 -> 
  custom:scripting/monoscript/fileName/PostProcessEffectEditor.cs: 90647cc400823b41df847a6cbfc29026 -> 
  custom:scripting/monoscript/fileName/CubeLutAssetImporter.cs: 5e94ca4c74dad11cc8880f33d0ba9efb -> 
  custom:scripting/monoscript/fileName/PostProcessBundle.cs: f610f855c8ae8b896b5084e85ede373e -> 
  custom:scripting/monoscript/fileName/ScreenSpaceReflectionsEditor.cs: 59c13ba25de6098e70bafe8be94f609a -> 
  custom:video-encoder-webm-vp8: eb34c28f22e8b96e1ab97ce403110664 -> 
  custom:scripting/monoscript/fileName/RuntimeUtilities.cs: 76964d36e50cc48cfa29643bdde8d9a5 -> 
  custom:scripting/monoscript/fileName/Bloom.cs: 6f6d579a64201b97313a62a1e91b3575 -> 
  custom:audio-decoder-ogg-vorbis: bf7c407c2cedff20999df2af8eb42d56 -> 
  custom:scripting/monoscript/fileName/AutoExposure.cs: 0e7c21b17f53209ee8c5c61ab59d7835 -> 
  custom:scripting/monoscript/fileName/VectorscopeMonitor.cs: cb70c6437b976f01b752cd219cc47f32 -> 
  custom:scripting/monoscript/fileName/PropertySheetFactory.cs: cfc4667cc03e44252fafe18d99f24b25 -> 
  custom:scripting/monoscript/fileName/EditorUtilities.cs: 53a52fb113757c42f9c516115bd845ca -> 
  custom:scripting/monoscript/fileName/HaltonSeq.cs: a7590e55d6fae5328a1c395a2473d0cf -> 
  custom:scripting/monoscript/fileName/MinAttribute.cs: a3e7473301291585f4cca024ce307406 -> 
  custom:scripting/monoscript/fileName/DepthOfField.cs: d62178d8b5619f59fcdd6d24617ef5fd -> 
  custom:scripting/monoscript/fileName/BloomEditor.cs: c341bb26b40744c3a5c2a142ac3e1051 -> 
  custom:scripting/monoscript/fileName/WaveformMonitor.cs: 609651ee3f98f206575f684e9cce655d -> 
  custom:scripting/monoscript/fileName/HableCurve.cs: f244b24d6e7c556a2de06e25b0bbf4c1 -> 
  custom:audio-encoder-webm-vorbis: bf7c407c2cedff20999df2af8eb42d56 -> 
  custom:scripting/monoscript/fileName/PropertySheet.cs: e6bb03169eca9d33ea794a47ad6ce213 -> 
  custom:scripting/monoscript/fileName/TargetPool.cs: 6d29560228134c933c12fb1c113fb6ef -> 
  custom:scripting/monoscript/fileName/LogHistogram.cs: bab913d888834a1a8572eb834acec97c -> 
  custom:scripting/monoscript/fileName/ScreenSpaceReflections.cs: 8afa07200328ddfcb2536d4180c62536 -> 
  custom:scripting/precompiled-assembly-types:Assembly-CSharp: d6fe0ff31029f2d2cc0617ccb9ee00f5 -> b5609ffa9375a1719a4b9b879c420584
  custom:scripting/monoscript/fileName/CurveEditor.cs: f5e872b2a5a6427a1785818cb10d95d1 -> 
  custom:scripting/monoscript/fileName/PostProcessResources.cs: 5089c17a701ba9b714a1f3d25fb9a9b0 -> 
  custom:scripting/monoscript/fileName/EffectListEditor.cs: 1ecdb4094d9e64024d6eb7725a86197b -> 
========================================================================
Received Prepare
Caller must complete domain reload
Begin MonoManager ReloadAssembly
- Loaded All Assemblies, in  0.388 seconds
Native extension for WindowsStandalone target not found
Native extension for WebGL target not found
Mono: successfully reloaded assembly
- Finished resetting the current domain, in  0.762 seconds
Domain Reload Profiling: 1148ms
	BeginReloadAssembly (142ms)
		ExecutionOrderSort (0ms)
		DisableScriptedObjects (4ms)
		BackupInstance (0ms)
		ReleaseScriptingObjects (0ms)
		CreateAndSetChildDomain (26ms)
	RebuildCommonClasses (29ms)
	RebuildNativeTypeToScriptingClass (9ms)
	initialDomainReloadingComplete (26ms)
	LoadAllAssembliesAndSetupDomain (179ms)
		LoadAssemblies (248ms)
		RebuildTransferFunctionScriptingTraits (0ms)
		AnalyzeDomain (11ms)
			TypeCache.Refresh (5ms)
				TypeCache.ScanAssembly (0ms)
			ScanForSourceGeneratedMonoScriptInfo (0ms)
			ResolveRequiredComponents (4ms)
	FinalizeReload (762ms)
		ReleaseScriptCaches (0ms)
		RebuildScriptCaches (0ms)
		SetupLoadedEditorAssemblies (348ms)
			LogAssemblyErrors (0ms)
			InitializePlatformSupportModulesInManaged (8ms)
			SetLoadedEditorAssemblies (3ms)
			RefreshPlugins (0ms)
			BeforeProcessingInitializeOnLoad (50ms)
			ProcessInitializeOnLoadAttributes (257ms)
			ProcessInitializeOnLoadMethodAttributes (21ms)
			AfterProcessingInitializeOnLoad (9ms)
			EditorAssembliesLoaded (0ms)
		ExecutionOrderSort2 (0ms)
		AwakeInstancesAfterBackupRestoration (8ms)
Refreshing native plugins compatible for Editor in 5.24 ms, found 3 plugins.
Preloading 0 native plugins for Editor in 0.00 ms.
Unloading 3253 Unused Serialized files (Serialized files now loaded: 0)
Unloading 53 unused Assets / (4.0 MB). Loaded Objects now: 3877.
Memory consumption went from 222.0 MB to 218.0 MB.
Total: 5.274100 ms (FindLiveObjects: 0.296700 ms CreateObjectMapping: 0.183800 ms MarkObjects: 3.356400 ms  DeleteObjects: 1.435800 ms)

Prepare: number of updated asset objects reloaded= 0
AssetImportParameters requested are different than current active one (requested -> active):
  custom:scripting/monoscript/fileName/Decorators.cs: 4533f6715dc3f8cdabbd37ff77d1dad7 -> 
  custom:scripting/monoscript/fileName/GlobalSettings.cs: e5eb35b80bdfaee4ead1e1630fd77998 -> 
  custom:scripting/monoscript/fileName/PostProcessEffectBaseEditor.cs: 972bdf00f442be0d879dcb6868e25c8e -> 
  custom:scripting/monoscript/fileName/PostProcessRenderContext.cs: 9e034c8bf7d42a1d6c2d4339915eccb0 -> 
  custom:scripting/monoscript/fileName/MainMenu.cs: c093076ba5753d7bec74a8a751ffb653 -> 
  custom:scripting/monoscript/fileName/Spline.cs: 7876820de12ed89d33ad838af99a030e -> 
  custom:scripting/monoscript/fileName/ColorGrading.cs: ef67493fb3cf9676ba5f25862510a595 -> 
  custom:scripting/monoscript/fileName/Monitor.cs: e0eb5d32b3aade2e0ce8680b00ac2b78 -> 
  custom:scripting/precompiled-assembly-types:Unity.Postprocessing.Runtime: 655cd018e42ac91ed9a03cfbdae17956 -> 
  custom:scripting/monoscript/fileName/TemporalAntialiasing.cs: 71e40fdab49d34f4e07f83936454d904 -> 
  custom:container-demuxer-ogg: 62fdf1f143b41e24485cea50d1cbac27 -> 
  custom:scripting/monoscript/fileName/AmbientOcclusion.cs: 7a27923f9312611f0b2898a72e3ee96a -> 
  custom:scripting/monoscript/fileName/PostProcessDebugLayer.cs: 6d8a99809398beddf11f92dfbb0e6ad4 -> 
  custom:scripting/monoscript/fileName/ColorUtilities.cs: 47918ebfa890b947a816b80444ee2882 -> 
  custom:scripting/monoscript/fileName/ParameterOverride.cs: 5475497db741ca919df708e5019e593d -> 
  custom:scripting/monoscript/fileName/TextureLerper.cs: 973e800795f77d61d647ea0c3f0cf284 -> 
  custom:scripting/precompiled-assembly-types:Unity.Postprocessing.Editor: 23b49e25b965492466cd147d7735360a -> 
  custom:scripting/monoscript/fileName/Vignette.cs: e0b99ac31b7575ef776e7be56647abb0 -> 
  custom:scripting/monoscript/fileName/DepthOfFieldEditor.cs: 64cce655bf722c851048e2ebbf401a7b -> 
  custom:scripting/monoscript/fileName/DefaultPostProcessEffectEditor.cs: 06a1d8fcea7725e08b95f21cc15fd0a1 -> 
  custom:scripting/monoscript/fileName/PostProcessLayer.cs: aa288976158dcd4c24041d5304f25d07 -> 
  custom:scripting/monoscript/fileName/MaxAttribute.cs: d661645ab8c724f24b3e19978e87b44c -> 
  custom:scripting/monoscript/fileName/PostProcessDebugEditor.cs: 1a0488d8742bf880cc7334e53e2cc73d -> 
  custom:video-decoder-ogg-theora: a1e56fd34408186e4bbccfd4996cb3dc -> 
  custom:scripting/monoscript/fileName/SerializedParameterOverride.cs: 5e4deaf96895d013d32a8e84ec179f8e -> 
  custom:scripting/monoscript/fileName/MeshUtilities.cs: dc5356b699afd34cf9728f4d65b476a0 -> 
  custom:scripting/monoscript/fileName/AmbientOcclusionEditor.cs: 61e5422c29b8f52188d508eb7d382167 -> 
  custom:scripting/monoscript/fileName/FastApproximateAntialiasing.cs: bf5588b2deec2689a812a7d2eacd9bd5 -> 
  custom:scripting/monoscript/fileName/MotionBlur.cs: 823914e335803785a19e5990c6ab2911 -> 
  custom:scripting/monoscript/fileName/DefineSetter.cs: 292ba08e52064b1a72f8d4bb04301dd3 -> 
  custom:framework-win-MediaFoundation: 216162199b28c13a410421893ffa2e32 -> 
  custom:scripting/monoscript/fileName/ShaderIDs.cs: 96024f1f873475da65a783f1404f9117 -> 
  custom:scripting/monoscript/fileName/PostProcessEditorAttribute.cs: 672a58b4d5bab60112487a31c361c481 -> 
  custom:scripting/monoscript/fileName/LensDistortionEditor.cs: dee045d29944d55e8040435a58a7ce90 -> 
  custom:scripting/monoscript/fileName/MotionBlurEditor.cs: 3bd8d3e7e9a7ea94beb2e5517b62d27b -> 
  custom:scripting/monoscript/fileName/Dithering.cs: 3014fffaa718d0ad6dd2c7bb7956ed46 -> 
  custom:scripting/monoscript/fileName/DecoratorAttribute.cs: be5bd39119e1a41ea1a019fdb3818a3f -> 
  custom:scripting/monoscript/fileName/DisplayNameAttribute.cs: 935a6ac504eb8a852fba40cbcae9292c -> 
  custom:scripting/monoscript/fileName/PostProcessEffectSettings.cs: 2ab9d33170e863b1a9c8a9079cdd12aa -> 
  custom:scripting/monoscript/fileName/Fog.cs: 07e271953e2bcf8513b6a72a2737e767 -> 
  custom:scripting/monoscript/fileName/PostProcessManager.cs: 28ef7780d543a8111635e1f5051383d0 -> 
  custom:scripting/monoscript/fileName/VolumeFactory.cs: cc77136700c9e1ff894d234886ccb852 -> 
  custom:CustomObjectIndexerAttribute: 9a22284fe3817be447336de3de66b15e -> 
  custom:scripting/monoscript/fileName/PostProcessEvent.cs: 8fb6e54ff2cf1a8be7ecdd01fbdd78f8 -> 
  custom:scripting/monoscript/fileName/TrackballAttribute.cs: 8dea8f77de7bd03137cc578af1ea6656 -> 
  custom:scripting/monoscript/fileName/TrackballDecorator.cs: 6a2b6c747937d12d8d81be8f5b21fbd2 -> 
  custom:scripting/monoscript/fileName/MultiScaleVO.cs: d4c4732956ffb536e016475d75f04c43 -> 
  custom:scripting/monoscript/fileName/CubeLutAssetFactory.cs: db1961888d7cabf6be94b37e3b663de4 -> 
  custom:container-demuxer-webm: 4f35f7cbe854078d1ac9338744f61a02 -> 
  custom:scripting/monoscript/fileName/PostProcessVolumeEditor.cs: 7aae71821512dcac422c45dc773293c3 -> 
  custom:scripting/monoscript/fileName/ChromaticAberration.cs: 4d59e57f8324f5f986e16678ed451410 -> 
  custom:scripting/monoscript/fileName/VignetteEditor.cs: 345736fc911c5e8ab23e579751a40e4a -> 
  custom:scripting/monoscript/fileName/Styling.cs: d1c4aa14ff93670753edfbb93fc91bfe -> 
  custom:scripting/monoscript/fileName/PostProcessEffectRendererExtensions.cs: e953624d113e7e1739c702512603957d -> 
  custom:scripting/monoscript/fileName/ScalableAO.cs: 2f29d71d59b754086c809cfee1cdce34 -> 
  custom:scripting/monoscript/fileName/PostProcessLayerEditor.cs: d16de665ece05cd6e27dcc8d7bac4b9a -> 
  custom:scripting/monoscript/fileName/MinMaxAttribute.cs: a4b6ac8a4377612c7135a60f905792f1 -> 
  custom:scripting/monoscript/fileName/SubpixelMorphologicalAntialiasing.cs: 02dcb8839824addec278047da0509aea -> 
  custom:scripting/monoscript/fileName/BaseEditor.cs: 90647cc400823b41df847a6cbfc29026 -> 
  custom:container-muxer-webm: aa71ff27fc2769a1b78a27578f13a17b -> 
  custom:video-decoder-webm-vp8: 9c59270c3fd7afecdb556c50c9e8de78 -> 
  custom:SearchIndexIgnoredProperties: e643bd26f0fe6173181afceb89e7c659 -> 
  custom:scripting/monoscript/fileName/ChromaticAberrationEditor.cs: 3043bf57519b71f64b7a6de970c2487b -> 
  custom:scripting/monoscript/fileName/PostProcessEffectRenderer.cs: 577c5acf8157ecea944bb95c8c6d9a95 -> 
  custom:AudioImporter_EditorPlatform: d09bf68614088b80899f8185d706f6e7 -> 
  custom:scripting/monoscript/fileName/TextureFormatUtilities.cs: ba58c57cfaabc0f8201a9ca6902fcb23 -> 
  custom:scripting/monoscript/fileName/PostProcessVolume.cs: 3883cef4be0567c54caf457a416a2095 -> 
  custom:scripting/monoscript/fileName/LightMeterMonitor.cs: a897ae0c731cb153281aea9ecd0efb03 -> 
  custom:scripting/monoscript/fileName/ColorGradingEditor.cs: 25838050e3e1f12ef51713a5dcf60349 -> 
  custom:scripting/monoscript/fileName/AttributeDecorator.cs: 39b465f08cd0a5df82fc2ef70b766ca2 -> 
  custom:scripting/monoscript/fileName/AutoExposureEditor.cs: dfd15824649ea346b717bc72a871d75b -> 
  custom:scripting/monoscript/fileName/LensDistortion.cs: b7963bb1da21ba484a7b59b9f6ea3aec -> 
  custom:scripting/monoscript/fileName/ResourceAssetFactory.cs: bf6acc988648d854bb3c5751325d0d0a -> 
  custom:scripting/monoscript/fileName/PostProcessProfileEditor.cs: 1dcd55858a4126cb33b0f2de53c74fbe -> 
  custom:scripting/monoscript/fileName/Skybox.cs: c122ade9e2d3a916264f47a45be02789 -> 
  custom:scripting/monoscript/fileName/PostProcessDebug.cs: a653e9b773649e7452b035b4ce1dae82 -> 
  custom:scripting/monoscript/fileName/PostProcessAttribute.cs: e125947bf72ce7382f3b16f75797c897 -> 
  custom:scripting/monoscript/fileName/Grain.cs: 43f09a87a88d9937fbb9c4dbf3d5508e -> 
  custom:scripting/monoscript/fileName/HistogramMonitor.cs: 6fd024409d6e9db8d4c2c4e26430c2ad -> 
  custom:scripting/monoscript/fileName/PostProcessProfile.cs: f6dc030e2e953b2ed0eca334cce5d5cf -> 
  custom:scripting/monoscript/fileName/ProfileFactory.cs: f835845dfebfed501813f60a1cb006a3 -> 
  custom:scripting/monoscript/fileName/PostProcessEffectEditor.cs: 90647cc400823b41df847a6cbfc29026 -> 
  custom:scripting/monoscript/fileName/CubeLutAssetImporter.cs: 5e94ca4c74dad11cc8880f33d0ba9efb -> 
  custom:scripting/monoscript/fileName/PostProcessBundle.cs: f610f855c8ae8b896b5084e85ede373e -> 
  custom:scripting/monoscript/fileName/ScreenSpaceReflectionsEditor.cs: 59c13ba25de6098e70bafe8be94f609a -> 
  custom:video-encoder-webm-vp8: eb34c28f22e8b96e1ab97ce403110664 -> 
  custom:scripting/monoscript/fileName/RuntimeUtilities.cs: 76964d36e50cc48cfa29643bdde8d9a5 -> 
  custom:scripting/monoscript/fileName/Bloom.cs: 6f6d579a64201b97313a62a1e91b3575 -> 
  custom:audio-decoder-ogg-vorbis: bf7c407c2cedff20999df2af8eb42d56 -> 
  custom:scripting/monoscript/fileName/AutoExposure.cs: 0e7c21b17f53209ee8c5c61ab59d7835 -> 
  custom:scripting/monoscript/fileName/VectorscopeMonitor.cs: cb70c6437b976f01b752cd219cc47f32 -> 
  custom:scripting/monoscript/fileName/PropertySheetFactory.cs: cfc4667cc03e44252fafe18d99f24b25 -> 
  custom:scripting/monoscript/fileName/EditorUtilities.cs: 53a52fb113757c42f9c516115bd845ca -> 
  custom:scripting/monoscript/fileName/HaltonSeq.cs: a7590e55d6fae5328a1c395a2473d0cf -> 
  custom:scripting/monoscript/fileName/MinAttribute.cs: a3e7473301291585f4cca024ce307406 -> 
  custom:scripting/monoscript/fileName/DepthOfField.cs: d62178d8b5619f59fcdd6d24617ef5fd -> 
  custom:scripting/monoscript/fileName/BloomEditor.cs: c341bb26b40744c3a5c2a142ac3e1051 -> 
  custom:scripting/monoscript/fileName/WaveformMonitor.cs: 609651ee3f98f206575f684e9cce655d -> 
  custom:scripting/monoscript/fileName/HableCurve.cs: f244b24d6e7c556a2de06e25b0bbf4c1 -> 
  custom:audio-encoder-webm-vorbis: bf7c407c2cedff20999df2af8eb42d56 -> 
  custom:scripting/monoscript/fileName/PropertySheet.cs: e6bb03169eca9d33ea794a47ad6ce213 -> 
  custom:scripting/monoscript/fileName/TargetPool.cs: 6d29560228134c933c12fb1c113fb6ef -> 
  custom:scripting/monoscript/fileName/LogHistogram.cs: bab913d888834a1a8572eb834acec97c -> 
  custom:scripting/monoscript/fileName/ScreenSpaceReflections.cs: 8afa07200328ddfcb2536d4180c62536 -> 
  custom:scripting/precompiled-assembly-types:Assembly-CSharp: d6fe0ff31029f2d2cc0617ccb9ee00f5 -> b5609ffa9375a1719a4b9b879c420584
  custom:scripting/monoscript/fileName/CurveEditor.cs: f5e872b2a5a6427a1785818cb10d95d1 -> 
  custom:scripting/monoscript/fileName/PostProcessResources.cs: 5089c17a701ba9b714a1f3d25fb9a9b0 -> 
  custom:scripting/monoscript/fileName/EffectListEditor.cs: 1ecdb4094d9e64024d6eb7725a86197b -> 
========================================================================
Received Import Request.
  Time since last request: 3177.411850 seconds.
  path: Assets/Scene1/Assets/broom-psx/textures/BroomHead.png
  artifactKey: Guid(a78d873252d22d940bb9e6a79f4eac5d) Importer(815301076,1909f56bfc062723c751e8b465ee728b)
Start importing Assets/Scene1/Assets/broom-psx/textures/BroomHead.png using Guid(a78d873252d22d940bb9e6a79f4eac5d) Importer(815301076,1909f56bfc062723c751e8b465ee728b) [PhysX] Initialized MultithreadedTaskDispatcher with 12 workers.
[PhysX] Initialized MultithreadedTaskDispatcher with 12 workers.
 -> (artifact id: '0140fe6b50f610f4410be748dae2aa73') in 0.075466 seconds
Number of updated asset objects reloaded before import = 0
Number of asset objects unloaded after import = 2
========================================================================
Received Prepare
Caller must complete domain reload
Begin MonoManager ReloadAssembly
- Loaded All Assemblies, in  0.399 seconds
Native extension for WindowsStandalone target not found
Native extension for WebGL target not found
Mono: successfully reloaded assembly
- Finished resetting the current domain, in  1.115 seconds
Domain Reload Profiling: 1511ms
	BeginReloadAssembly (142ms)
		ExecutionOrderSort (0ms)
		DisableScriptedObjects (4ms)
		BackupInstance (0ms)
		ReleaseScriptingObjects (0ms)
		CreateAndSetChildDomain (28ms)
	RebuildCommonClasses (27ms)
	RebuildNativeTypeToScriptingClass (8ms)
	initialDomainReloadingComplete (29ms)
	LoadAllAssembliesAndSetupDomain (189ms)
		LoadAssemblies (249ms)
		RebuildTransferFunctionScriptingTraits (0ms)
		AnalyzeDomain (20ms)
			TypeCache.Refresh (8ms)
				TypeCache.ScanAssembly (0ms)
			ScanForSourceGeneratedMonoScriptInfo (6ms)
			ResolveRequiredComponents (4ms)
	FinalizeReload (1116ms)
		ReleaseScriptCaches (0ms)
		RebuildScriptCaches (0ms)
		SetupLoadedEditorAssemblies (627ms)
			LogAssemblyErrors (0ms)
			InitializePlatformSupportModulesInManaged (8ms)
			SetLoadedEditorAssemblies (3ms)
			RefreshPlugins (0ms)
			BeforeProcessingInitializeOnLoad (58ms)
			ProcessInitializeOnLoadAttributes (505ms)
			ProcessInitializeOnLoadMethodAttributes (40ms)
			AfterProcessingInitializeOnLoad (14ms)
			EditorAssembliesLoaded (0ms)
		ExecutionOrderSort2 (0ms)
		AwakeInstancesAfterBackupRestoration (10ms)
Refreshing native plugins compatible for Editor in 6.18 ms, found 3 plugins.
Preloading 0 native plugins for Editor in 0.00 ms.
Unloading 3253 Unused Serialized files (Serialized files now loaded: 0)
Unloading 53 unused Assets / (4.0 MB). Loaded Objects now: 3881.
Memory consumption went from 221.7 MB to 217.8 MB.
Total: 6.870400 ms (FindLiveObjects: 0.298600 ms CreateObjectMapping: 0.220300 ms MarkObjects: 4.371200 ms  DeleteObjects: 1.977900 ms)

Prepare: number of updated asset objects reloaded= 0
AssetImportParameters requested are different than current active one (requested -> active):
  custom:scripting/monoscript/fileName/Decorators.cs: 4533f6715dc3f8cdabbd37ff77d1dad7 -> 
  custom:scripting/monoscript/fileName/GlobalSettings.cs: e5eb35b80bdfaee4ead1e1630fd77998 -> 
  custom:scripting/monoscript/fileName/PostProcessEffectBaseEditor.cs: 972bdf00f442be0d879dcb6868e25c8e -> 
  custom:scripting/monoscript/fileName/PostProcessRenderContext.cs: 9e034c8bf7d42a1d6c2d4339915eccb0 -> 
  custom:scripting/monoscript/fileName/MainMenu.cs: c093076ba5753d7bec74a8a751ffb653 -> 
  custom:scripting/monoscript/fileName/Spline.cs: 7876820de12ed89d33ad838af99a030e -> 
  custom:scripting/monoscript/fileName/ColorGrading.cs: ef67493fb3cf9676ba5f25862510a595 -> 
  custom:scripting/monoscript/fileName/Monitor.cs: e0eb5d32b3aade2e0ce8680b00ac2b78 -> 
  custom:scripting/precompiled-assembly-types:Unity.Postprocessing.Runtime: 655cd018e42ac91ed9a03cfbdae17956 -> 
  custom:scripting/monoscript/fileName/TemporalAntialiasing.cs: 71e40fdab49d34f4e07f83936454d904 -> 
  custom:container-demuxer-ogg: 62fdf1f143b41e24485cea50d1cbac27 -> 
  custom:scripting/monoscript/fileName/AmbientOcclusion.cs: 7a27923f9312611f0b2898a72e3ee96a -> 
  custom:scripting/monoscript/fileName/PostProcessDebugLayer.cs: 6d8a99809398beddf11f92dfbb0e6ad4 -> 
  custom:scripting/monoscript/fileName/ColorUtilities.cs: 47918ebfa890b947a816b80444ee2882 -> 
  custom:scripting/monoscript/fileName/ParameterOverride.cs: 5475497db741ca919df708e5019e593d -> 
  custom:scripting/monoscript/fileName/TextureLerper.cs: 973e800795f77d61d647ea0c3f0cf284 -> 
  custom:scripting/precompiled-assembly-types:Unity.Postprocessing.Editor: 23b49e25b965492466cd147d7735360a -> 
  custom:scripting/monoscript/fileName/Vignette.cs: e0b99ac31b7575ef776e7be56647abb0 -> 
  custom:scripting/monoscript/fileName/DepthOfFieldEditor.cs: 64cce655bf722c851048e2ebbf401a7b -> 
  custom:scripting/monoscript/fileName/DefaultPostProcessEffectEditor.cs: 06a1d8fcea7725e08b95f21cc15fd0a1 -> 
  custom:scripting/monoscript/fileName/PostProcessLayer.cs: aa288976158dcd4c24041d5304f25d07 -> 
  custom:scripting/monoscript/fileName/MaxAttribute.cs: d661645ab8c724f24b3e19978e87b44c -> 
  custom:scripting/monoscript/fileName/PostProcessDebugEditor.cs: 1a0488d8742bf880cc7334e53e2cc73d -> 
  custom:video-decoder-ogg-theora: a1e56fd34408186e4bbccfd4996cb3dc -> 
  custom:scripting/monoscript/fileName/SerializedParameterOverride.cs: 5e4deaf96895d013d32a8e84ec179f8e -> 
  custom:scripting/monoscript/fileName/MeshUtilities.cs: dc5356b699afd34cf9728f4d65b476a0 -> 
  custom:scripting/monoscript/fileName/AmbientOcclusionEditor.cs: 61e5422c29b8f52188d508eb7d382167 -> 
  custom:scripting/monoscript/fileName/FastApproximateAntialiasing.cs: bf5588b2deec2689a812a7d2eacd9bd5 -> 
  custom:scripting/monoscript/fileName/MotionBlur.cs: 823914e335803785a19e5990c6ab2911 -> 
  custom:scripting/monoscript/fileName/DefineSetter.cs: 292ba08e52064b1a72f8d4bb04301dd3 -> 
  custom:framework-win-MediaFoundation: 216162199b28c13a410421893ffa2e32 -> 
  custom:scripting/monoscript/fileName/ShaderIDs.cs: 96024f1f873475da65a783f1404f9117 -> 
  custom:scripting/monoscript/fileName/PostProcessEditorAttribute.cs: 672a58b4d5bab60112487a31c361c481 -> 
  custom:scripting/monoscript/fileName/LensDistortionEditor.cs: dee045d29944d55e8040435a58a7ce90 -> 
  custom:scripting/monoscript/fileName/MotionBlurEditor.cs: 3bd8d3e7e9a7ea94beb2e5517b62d27b -> 
  custom:scripting/monoscript/fileName/Dithering.cs: 3014fffaa718d0ad6dd2c7bb7956ed46 -> 
  custom:scripting/monoscript/fileName/DecoratorAttribute.cs: be5bd39119e1a41ea1a019fdb3818a3f -> 
  custom:scripting/monoscript/fileName/DisplayNameAttribute.cs: 935a6ac504eb8a852fba40cbcae9292c -> 
  custom:scripting/monoscript/fileName/PostProcessEffectSettings.cs: 2ab9d33170e863b1a9c8a9079cdd12aa -> 
  custom:scripting/monoscript/fileName/Fog.cs: 07e271953e2bcf8513b6a72a2737e767 -> 
  custom:scripting/monoscript/fileName/PostProcessManager.cs: 28ef7780d543a8111635e1f5051383d0 -> 
  custom:scripting/monoscript/fileName/VolumeFactory.cs: cc77136700c9e1ff894d234886ccb852 -> 
  custom:CustomObjectIndexerAttribute: 9a22284fe3817be447336de3de66b15e -> 
  custom:scripting/monoscript/fileName/PostProcessEvent.cs: 8fb6e54ff2cf1a8be7ecdd01fbdd78f8 -> 
  custom:scripting/monoscript/fileName/TrackballAttribute.cs: 8dea8f77de7bd03137cc578af1ea6656 -> 
  custom:scripting/monoscript/fileName/TrackballDecorator.cs: 6a2b6c747937d12d8d81be8f5b21fbd2 -> 
  custom:scripting/monoscript/fileName/MultiScaleVO.cs: d4c4732956ffb536e016475d75f04c43 -> 
  custom:scripting/monoscript/fileName/CubeLutAssetFactory.cs: db1961888d7cabf6be94b37e3b663de4 -> 
  custom:container-demuxer-webm: 4f35f7cbe854078d1ac9338744f61a02 -> 
  custom:scripting/monoscript/fileName/PostProcessVolumeEditor.cs: 7aae71821512dcac422c45dc773293c3 -> 
  custom:scripting/monoscript/fileName/ChromaticAberration.cs: 4d59e57f8324f5f986e16678ed451410 -> 
  custom:scripting/monoscript/fileName/VignetteEditor.cs: 345736fc911c5e8ab23e579751a40e4a -> 
  custom:scripting/monoscript/fileName/Styling.cs: d1c4aa14ff93670753edfbb93fc91bfe -> 
  custom:scripting/monoscript/fileName/PostProcessEffectRendererExtensions.cs: e953624d113e7e1739c702512603957d -> 
  custom:scripting/monoscript/fileName/ScalableAO.cs: 2f29d71d59b754086c809cfee1cdce34 -> 
  custom:scripting/monoscript/fileName/PostProcessLayerEditor.cs: d16de665ece05cd6e27dcc8d7bac4b9a -> 
  custom:scripting/monoscript/fileName/MinMaxAttribute.cs: a4b6ac8a4377612c7135a60f905792f1 -> 
  custom:scripting/monoscript/fileName/SubpixelMorphologicalAntialiasing.cs: 02dcb8839824addec278047da0509aea -> 
  custom:scripting/monoscript/fileName/BaseEditor.cs: 90647cc400823b41df847a6cbfc29026 -> 
  custom:container-muxer-webm: aa71ff27fc2769a1b78a27578f13a17b -> 
  custom:video-decoder-webm-vp8: 9c59270c3fd7afecdb556c50c9e8de78 -> 
  custom:SearchIndexIgnoredProperties: e643bd26f0fe6173181afceb89e7c659 -> 
  custom:scripting/monoscript/fileName/ChromaticAberrationEditor.cs: 3043bf57519b71f64b7a6de970c2487b -> 
  custom:scripting/monoscript/fileName/PostProcessEffectRenderer.cs: 577c5acf8157ecea944bb95c8c6d9a95 -> 
  custom:AudioImporter_EditorPlatform: d09bf68614088b80899f8185d706f6e7 -> 
  custom:scripting/monoscript/fileName/TextureFormatUtilities.cs: ba58c57cfaabc0f8201a9ca6902fcb23 -> 
  custom:scripting/monoscript/fileName/PostProcessVolume.cs: 3883cef4be0567c54caf457a416a2095 -> 
  custom:scripting/monoscript/fileName/LightMeterMonitor.cs: a897ae0c731cb153281aea9ecd0efb03 -> 
  custom:scripting/monoscript/fileName/ColorGradingEditor.cs: 25838050e3e1f12ef51713a5dcf60349 -> 
  custom:scripting/monoscript/fileName/AttributeDecorator.cs: 39b465f08cd0a5df82fc2ef70b766ca2 -> 
  custom:scripting/monoscript/fileName/AutoExposureEditor.cs: dfd15824649ea346b717bc72a871d75b -> 
  custom:scripting/monoscript/fileName/LensDistortion.cs: b7963bb1da21ba484a7b59b9f6ea3aec -> 
  custom:scripting/monoscript/fileName/ResourceAssetFactory.cs: bf6acc988648d854bb3c5751325d0d0a -> 
  custom:scripting/monoscript/fileName/PostProcessProfileEditor.cs: 1dcd55858a4126cb33b0f2de53c74fbe -> 
  custom:scripting/monoscript/fileName/Skybox.cs: c122ade9e2d3a916264f47a45be02789 -> 
  custom:scripting/monoscript/fileName/PostProcessDebug.cs: a653e9b773649e7452b035b4ce1dae82 -> 
  custom:scripting/monoscript/fileName/PostProcessAttribute.cs: e125947bf72ce7382f3b16f75797c897 -> 
  custom:scripting/monoscript/fileName/Grain.cs: 43f09a87a88d9937fbb9c4dbf3d5508e -> 
  custom:scripting/monoscript/fileName/HistogramMonitor.cs: 6fd024409d6e9db8d4c2c4e26430c2ad -> 
  custom:scripting/monoscript/fileName/PostProcessProfile.cs: f6dc030e2e953b2ed0eca334cce5d5cf -> 
  custom:scripting/monoscript/fileName/ProfileFactory.cs: f835845dfebfed501813f60a1cb006a3 -> 
  custom:scripting/monoscript/fileName/PostProcessEffectEditor.cs: 90647cc400823b41df847a6cbfc29026 -> 
  custom:scripting/monoscript/fileName/CubeLutAssetImporter.cs: 5e94ca4c74dad11cc8880f33d0ba9efb -> 
  custom:scripting/monoscript/fileName/PostProcessBundle.cs: f610f855c8ae8b896b5084e85ede373e -> 
  custom:scripting/monoscript/fileName/ScreenSpaceReflectionsEditor.cs: 59c13ba25de6098e70bafe8be94f609a -> 
  custom:video-encoder-webm-vp8: eb34c28f22e8b96e1ab97ce403110664 -> 
  custom:scripting/monoscript/fileName/RuntimeUtilities.cs: 76964d36e50cc48cfa29643bdde8d9a5 -> 
  custom:scripting/monoscript/fileName/Bloom.cs: 6f6d579a64201b97313a62a1e91b3575 -> 
  custom:audio-decoder-ogg-vorbis: bf7c407c2cedff20999df2af8eb42d56 -> 
  custom:scripting/monoscript/fileName/Fade.cs: 61320f8e17687c119db9aa01d877447f -> 
  custom:scripting/monoscript/fileName/AutoExposure.cs: 0e7c21b17f53209ee8c5c61ab59d7835 -> 
  custom:scripting/monoscript/fileName/VectorscopeMonitor.cs: cb70c6437b976f01b752cd219cc47f32 -> 
  custom:scripting/monoscript/fileName/PropertySheetFactory.cs: cfc4667cc03e44252fafe18d99f24b25 -> 
  custom:scripting/monoscript/fileName/EditorUtilities.cs: 53a52fb113757c42f9c516115bd845ca -> 
  custom:scripting/monoscript/fileName/HaltonSeq.cs: a7590e55d6fae5328a1c395a2473d0cf -> 
  custom:scripting/monoscript/fileName/MinAttribute.cs: a3e7473301291585f4cca024ce307406 -> 
  custom:scripting/monoscript/fileName/DepthOfField.cs: d62178d8b5619f59fcdd6d24617ef5fd -> 
  custom:scripting/monoscript/fileName/BloomEditor.cs: c341bb26b40744c3a5c2a142ac3e1051 -> 
  custom:scripting/monoscript/fileName/WaveformMonitor.cs: 609651ee3f98f206575f684e9cce655d -> 
  custom:scripting/monoscript/fileName/HableCurve.cs: f244b24d6e7c556a2de06e25b0bbf4c1 -> 
  custom:audio-encoder-webm-vorbis: bf7c407c2cedff20999df2af8eb42d56 -> 
  custom:scripting/monoscript/fileName/PropertySheet.cs: e6bb03169eca9d33ea794a47ad6ce213 -> 
  custom:scripting/monoscript/fileName/TargetPool.cs: 6d29560228134c933c12fb1c113fb6ef -> 
  custom:scripting/monoscript/fileName/LogHistogram.cs: bab913d888834a1a8572eb834acec97c -> 
  custom:scripting/monoscript/fileName/ScreenSpaceReflections.cs: 8afa07200328ddfcb2536d4180c62536 -> 
  custom:scripting/precompiled-assembly-types:Assembly-CSharp: 6d37409c62bc548d36c3b8e8c9e08545 -> b5609ffa9375a1719a4b9b879c420584
  custom:scripting/monoscript/fileName/CurveEditor.cs: f5e872b2a5a6427a1785818cb10d95d1 -> 
  custom:scripting/monoscript/fileName/PostProcessResources.cs: 5089c17a701ba9b714a1f3d25fb9a9b0 -> 
  custom:scripting/monoscript/fileName/EffectListEditor.cs: 1ecdb4094d9e64024d6eb7725a86197b -> 
========================================================================
Received Prepare
Caller must complete domain reload
Begin MonoManager ReloadAssembly
- Loaded All Assemblies, in  0.395 seconds
Native extension for WindowsStandalone target not found
Native extension for WebGL target not found
Mono: successfully reloaded assembly
- Finished resetting the current domain, in  0.873 seconds
Domain Reload Profiling: 1265ms
	BeginReloadAssembly (138ms)
		ExecutionOrderSort (0ms)
		DisableScriptedObjects (4ms)
		BackupInstance (0ms)
		ReleaseScriptingObjects (0ms)
		CreateAndSetChildDomain (26ms)
	RebuildCommonClasses (32ms)
	RebuildNativeTypeToScriptingClass (10ms)
	initialDomainReloadingComplete (27ms)
	LoadAllAssembliesAndSetupDomain (185ms)
		LoadAssemblies (252ms)
		RebuildTransferFunctionScriptingTraits (0ms)
		AnalyzeDomain (12ms)
			TypeCache.Refresh (5ms)
				TypeCache.ScanAssembly (0ms)
			ScanForSourceGeneratedMonoScriptInfo (0ms)
			ResolveRequiredComponents (4ms)
	FinalizeReload (874ms)
		ReleaseScriptCaches (0ms)
		RebuildScriptCaches (0ms)
		SetupLoadedEditorAssemblies (342ms)
			LogAssemblyErrors (0ms)
			InitializePlatformSupportModulesInManaged (8ms)
			SetLoadedEditorAssemblies (3ms)
			RefreshPlugins (0ms)
			BeforeProcessingInitializeOnLoad (52ms)
			ProcessInitializeOnLoadAttributes (254ms)
			ProcessInitializeOnLoadMethodAttributes (18ms)
			AfterProcessingInitializeOnLoad (7ms)
			EditorAssembliesLoaded (0ms)
		ExecutionOrderSort2 (0ms)
		AwakeInstancesAfterBackupRestoration (6ms)
Refreshing native plugins compatible for Editor in 4.08 ms, found 3 plugins.
Preloading 0 native plugins for Editor in 0.00 ms.
Unloading 3254 Unused Serialized files (Serialized files now loaded: 0)
Unloading 53 unused Assets / (4.0 MB). Loaded Objects now: 3884.
Memory consumption went from 222.0 MB to 218.0 MB.
Total: 4.625600 ms (FindLiveObjects: 0.225900 ms CreateObjectMapping: 0.145300 ms MarkObjects: 2.750100 ms  DeleteObjects: 1.502800 ms)

Prepare: number of updated asset objects reloaded= 0
AssetImportParameters requested are different than current active one (requested -> active):
  custom:scripting/monoscript/fileName/Decorators.cs: 4533f6715dc3f8cdabbd37ff77d1dad7 -> 
  custom:scripting/monoscript/fileName/GlobalSettings.cs: e5eb35b80bdfaee4ead1e1630fd77998 -> 
  custom:scripting/monoscript/fileName/PostProcessEffectBaseEditor.cs: 972bdf00f442be0d879dcb6868e25c8e -> 
  custom:scripting/monoscript/fileName/PostProcessRenderContext.cs: 9e034c8bf7d42a1d6c2d4339915eccb0 -> 
  custom:scripting/monoscript/fileName/MainMenu.cs: c093076ba5753d7bec74a8a751ffb653 -> 
  custom:scripting/monoscript/fileName/Spline.cs: 7876820de12ed89d33ad838af99a030e -> 
  custom:scripting/monoscript/fileName/ColorGrading.cs: ef67493fb3cf9676ba5f25862510a595 -> 
  custom:scripting/monoscript/fileName/Monitor.cs: e0eb5d32b3aade2e0ce8680b00ac2b78 -> 
  custom:scripting/precompiled-assembly-types:Unity.Postprocessing.Runtime: 655cd018e42ac91ed9a03cfbdae17956 -> 
  custom:scripting/monoscript/fileName/TemporalAntialiasing.cs: 71e40fdab49d34f4e07f83936454d904 -> 
  custom:container-demuxer-ogg: 62fdf1f143b41e24485cea50d1cbac27 -> 
  custom:scripting/monoscript/fileName/AmbientOcclusion.cs: 7a27923f9312611f0b2898a72e3ee96a -> 
  custom:scripting/monoscript/fileName/PostProcessDebugLayer.cs: 6d8a99809398beddf11f92dfbb0e6ad4 -> 
  custom:scripting/monoscript/fileName/ColorUtilities.cs: 47918ebfa890b947a816b80444ee2882 -> 
  custom:scripting/monoscript/fileName/ParameterOverride.cs: 5475497db741ca919df708e5019e593d -> 
  custom:scripting/monoscript/fileName/TextureLerper.cs: 973e800795f77d61d647ea0c3f0cf284 -> 
  custom:scripting/precompiled-assembly-types:Unity.Postprocessing.Editor: 23b49e25b965492466cd147d7735360a -> 
  custom:scripting/monoscript/fileName/Vignette.cs: e0b99ac31b7575ef776e7be56647abb0 -> 
  custom:scripting/monoscript/fileName/DepthOfFieldEditor.cs: 64cce655bf722c851048e2ebbf401a7b -> 
  custom:scripting/monoscript/fileName/DefaultPostProcessEffectEditor.cs: 06a1d8fcea7725e08b95f21cc15fd0a1 -> 
  custom:scripting/monoscript/fileName/PostProcessLayer.cs: aa288976158dcd4c24041d5304f25d07 -> 
  custom:scripting/monoscript/fileName/MaxAttribute.cs: d661645ab8c724f24b3e19978e87b44c -> 
  custom:scripting/monoscript/fileName/PostProcessDebugEditor.cs: 1a0488d8742bf880cc7334e53e2cc73d -> 
  custom:video-decoder-ogg-theora: a1e56fd34408186e4bbccfd4996cb3dc -> 
  custom:scripting/monoscript/fileName/SerializedParameterOverride.cs: 5e4deaf96895d013d32a8e84ec179f8e -> 
  custom:scripting/monoscript/fileName/MeshUtilities.cs: dc5356b699afd34cf9728f4d65b476a0 -> 
  custom:scripting/monoscript/fileName/AmbientOcclusionEditor.cs: 61e5422c29b8f52188d508eb7d382167 -> 
  custom:scripting/monoscript/fileName/FastApproximateAntialiasing.cs: bf5588b2deec2689a812a7d2eacd9bd5 -> 
  custom:scripting/monoscript/fileName/MotionBlur.cs: 823914e335803785a19e5990c6ab2911 -> 
  custom:scripting/monoscript/fileName/DefineSetter.cs: 292ba08e52064b1a72f8d4bb04301dd3 -> 
  custom:framework-win-MediaFoundation: 216162199b28c13a410421893ffa2e32 -> 
  custom:scripting/monoscript/fileName/ShaderIDs.cs: 96024f1f873475da65a783f1404f9117 -> 
  custom:scripting/monoscript/fileName/PostProcessEditorAttribute.cs: 672a58b4d5bab60112487a31c361c481 -> 
  custom:scripting/monoscript/fileName/LensDistortionEditor.cs: dee045d29944d55e8040435a58a7ce90 -> 
  custom:scripting/monoscript/fileName/MotionBlurEditor.cs: 3bd8d3e7e9a7ea94beb2e5517b62d27b -> 
  custom:scripting/monoscript/fileName/Dithering.cs: 3014fffaa718d0ad6dd2c7bb7956ed46 -> 
  custom:scripting/monoscript/fileName/DecoratorAttribute.cs: be5bd39119e1a41ea1a019fdb3818a3f -> 
  custom:scripting/monoscript/fileName/DisplayNameAttribute.cs: 935a6ac504eb8a852fba40cbcae9292c -> 
  custom:scripting/monoscript/fileName/PostProcessEffectSettings.cs: 2ab9d33170e863b1a9c8a9079cdd12aa -> 
  custom:scripting/monoscript/fileName/Fog.cs: 07e271953e2bcf8513b6a72a2737e767 -> 
  custom:scripting/monoscript/fileName/PostProcessManager.cs: 28ef7780d543a8111635e1f5051383d0 -> 
  custom:scripting/monoscript/fileName/VolumeFactory.cs: cc77136700c9e1ff894d234886ccb852 -> 
  custom:CustomObjectIndexerAttribute: 9a22284fe3817be447336de3de66b15e -> 
  custom:scripting/monoscript/fileName/PostProcessEvent.cs: 8fb6e54ff2cf1a8be7ecdd01fbdd78f8 -> 
  custom:scripting/monoscript/fileName/TrackballAttribute.cs: 8dea8f77de7bd03137cc578af1ea6656 -> 
  custom:scripting/monoscript/fileName/TrackballDecorator.cs: 6a2b6c747937d12d8d81be8f5b21fbd2 -> 
  custom:scripting/monoscript/fileName/MultiScaleVO.cs: d4c4732956ffb536e016475d75f04c43 -> 
  custom:scripting/monoscript/fileName/CubeLutAssetFactory.cs: db1961888d7cabf6be94b37e3b663de4 -> 
  custom:container-demuxer-webm: 4f35f7cbe854078d1ac9338744f61a02 -> 
  custom:scripting/monoscript/fileName/PostProcessVolumeEditor.cs: 7aae71821512dcac422c45dc773293c3 -> 
  custom:scripting/monoscript/fileName/ChromaticAberration.cs: 4d59e57f8324f5f986e16678ed451410 -> 
  custom:scripting/monoscript/fileName/VignetteEditor.cs: 345736fc911c5e8ab23e579751a40e4a -> 
  custom:scripting/monoscript/fileName/Styling.cs: d1c4aa14ff93670753edfbb93fc91bfe -> 
  custom:scripting/monoscript/fileName/PostProcessEffectRendererExtensions.cs: e953624d113e7e1739c702512603957d -> 
  custom:scripting/monoscript/fileName/ScalableAO.cs: 2f29d71d59b754086c809cfee1cdce34 -> 
  custom:scripting/monoscript/fileName/PostProcessLayerEditor.cs: d16de665ece05cd6e27dcc8d7bac4b9a -> 
  custom:scripting/monoscript/fileName/MinMaxAttribute.cs: a4b6ac8a4377612c7135a60f905792f1 -> 
  custom:scripting/monoscript/fileName/SubpixelMorphologicalAntialiasing.cs: 02dcb8839824addec278047da0509aea -> 
  custom:scripting/monoscript/fileName/BaseEditor.cs: 90647cc400823b41df847a6cbfc29026 -> 
  custom:container-muxer-webm: aa71ff27fc2769a1b78a27578f13a17b -> 
  custom:video-decoder-webm-vp8: 9c59270c3fd7afecdb556c50c9e8de78 -> 
  custom:SearchIndexIgnoredProperties: e643bd26f0fe6173181afceb89e7c659 -> 
  custom:scripting/monoscript/fileName/ChromaticAberrationEditor.cs: 3043bf57519b71f64b7a6de970c2487b -> 
  custom:scripting/monoscript/fileName/PostProcessEffectRenderer.cs: 577c5acf8157ecea944bb95c8c6d9a95 -> 
  custom:AudioImporter_EditorPlatform: d09bf68614088b80899f8185d706f6e7 -> 
  custom:scripting/monoscript/fileName/TextureFormatUtilities.cs: ba58c57cfaabc0f8201a9ca6902fcb23 -> 
  custom:scripting/monoscript/fileName/PostProcessVolume.cs: 3883cef4be0567c54caf457a416a2095 -> 
  custom:scripting/monoscript/fileName/LightMeterMonitor.cs: a897ae0c731cb153281aea9ecd0efb03 -> 
  custom:scripting/monoscript/fileName/ColorGradingEditor.cs: 25838050e3e1f12ef51713a5dcf60349 -> 
  custom:scripting/monoscript/fileName/AttributeDecorator.cs: 39b465f08cd0a5df82fc2ef70b766ca2 -> 
  custom:scripting/monoscript/fileName/AutoExposureEditor.cs: dfd15824649ea346b717bc72a871d75b -> 
  custom:scripting/monoscript/fileName/LensDistortion.cs: b7963bb1da21ba484a7b59b9f6ea3aec -> 
  custom:scripting/monoscript/fileName/ResourceAssetFactory.cs: bf6acc988648d854bb3c5751325d0d0a -> 
  custom:scripting/monoscript/fileName/PostProcessProfileEditor.cs: 1dcd55858a4126cb33b0f2de53c74fbe -> 
  custom:scripting/monoscript/fileName/Skybox.cs: c122ade9e2d3a916264f47a45be02789 -> 
  custom:scripting/monoscript/fileName/PostProcessDebug.cs: a653e9b773649e7452b035b4ce1dae82 -> 
  custom:scripting/monoscript/fileName/PostProcessAttribute.cs: e125947bf72ce7382f3b16f75797c897 -> 
  custom:scripting/monoscript/fileName/Grain.cs: 43f09a87a88d9937fbb9c4dbf3d5508e -> 
  custom:scripting/monoscript/fileName/HistogramMonitor.cs: 6fd024409d6e9db8d4c2c4e26430c2ad -> 
  custom:scripting/monoscript/fileName/PostProcessProfile.cs: f6dc030e2e953b2ed0eca334cce5d5cf -> 
  custom:scripting/monoscript/fileName/ProfileFactory.cs: f835845dfebfed501813f60a1cb006a3 -> 
  custom:scripting/monoscript/fileName/PostProcessEffectEditor.cs: 90647cc400823b41df847a6cbfc29026 -> 
  custom:scripting/monoscript/fileName/CubeLutAssetImporter.cs: 5e94ca4c74dad11cc8880f33d0ba9efb -> 
  custom:scripting/monoscript/fileName/PostProcessBundle.cs: f610f855c8ae8b896b5084e85ede373e -> 
  custom:scripting/monoscript/fileName/ScreenSpaceReflectionsEditor.cs: 59c13ba25de6098e70bafe8be94f609a -> 
  custom:video-encoder-webm-vp8: eb34c28f22e8b96e1ab97ce403110664 -> 
  custom:scripting/monoscript/fileName/RuntimeUtilities.cs: 76964d36e50cc48cfa29643bdde8d9a5 -> 
  custom:scripting/monoscript/fileName/Bloom.cs: 6f6d579a64201b97313a62a1e91b3575 -> 
  custom:audio-decoder-ogg-vorbis: bf7c407c2cedff20999df2af8eb42d56 -> 
  custom:scripting/monoscript/fileName/Fade.cs: 61320f8e17687c119db9aa01d877447f -> 
  custom:scripting/monoscript/fileName/AutoExposure.cs: 0e7c21b17f53209ee8c5c61ab59d7835 -> 
  custom:scripting/monoscript/fileName/VectorscopeMonitor.cs: cb70c6437b976f01b752cd219cc47f32 -> 
  custom:scripting/monoscript/fileName/PropertySheetFactory.cs: cfc4667cc03e44252fafe18d99f24b25 -> 
  custom:scripting/monoscript/fileName/EditorUtilities.cs: 53a52fb113757c42f9c516115bd845ca -> 
  custom:scripting/monoscript/fileName/HaltonSeq.cs: a7590e55d6fae5328a1c395a2473d0cf -> 
  custom:scripting/monoscript/fileName/MinAttribute.cs: a3e7473301291585f4cca024ce307406 -> 
  custom:scripting/monoscript/fileName/DepthOfField.cs: d62178d8b5619f59fcdd6d24617ef5fd -> 
  custom:scripting/monoscript/fileName/BloomEditor.cs: c341bb26b40744c3a5c2a142ac3e1051 -> 
  custom:scripting/monoscript/fileName/WaveformMonitor.cs: 609651ee3f98f206575f684e9cce655d -> 
  custom:scripting/monoscript/fileName/HableCurve.cs: f244b24d6e7c556a2de06e25b0bbf4c1 -> 
  custom:audio-encoder-webm-vorbis: bf7c407c2cedff20999df2af8eb42d56 -> 
  custom:scripting/monoscript/fileName/PropertySheet.cs: e6bb03169eca9d33ea794a47ad6ce213 -> 
  custom:scripting/monoscript/fileName/TargetPool.cs: 6d29560228134c933c12fb1c113fb6ef -> 
  custom:scripting/monoscript/fileName/LogHistogram.cs: bab913d888834a1a8572eb834acec97c -> 
  custom:scripting/monoscript/fileName/ScreenSpaceReflections.cs: 8afa07200328ddfcb2536d4180c62536 -> 
  custom:scripting/precompiled-assembly-types:Assembly-CSharp: 6d37409c62bc548d36c3b8e8c9e08545 -> b5609ffa9375a1719a4b9b879c420584
  custom:scripting/monoscript/fileName/CurveEditor.cs: f5e872b2a5a6427a1785818cb10d95d1 -> 
  custom:scripting/monoscript/fileName/PostProcessResources.cs: 5089c17a701ba9b714a1f3d25fb9a9b0 -> 
  custom:scripting/monoscript/fileName/EffectListEditor.cs: 1ecdb4094d9e64024d6eb7725a86197b -> 
========================================================================
Received Prepare
Caller must complete domain reload
Begin MonoManager ReloadAssembly
- Loaded All Assemblies, in  0.396 seconds
Native extension for WindowsStandalone target not found
Native extension for WebGL target not found
Mono: successfully reloaded assembly
- Finished resetting the current domain, in  0.739 seconds
Domain Reload Profiling: 1132ms
	BeginReloadAssembly (124ms)
		ExecutionOrderSort (0ms)
		DisableScriptedObjects (4ms)
		BackupInstance (0ms)
		ReleaseScriptingObjects (0ms)
		CreateAndSetChildDomain (22ms)
	RebuildCommonClasses (34ms)
	RebuildNativeTypeToScriptingClass (9ms)
	initialDomainReloadingComplete (31ms)
	LoadAllAssembliesAndSetupDomain (194ms)
		LoadAssemblies (241ms)
		RebuildTransferFunctionScriptingTraits (0ms)
		AnalyzeDomain (21ms)
			TypeCache.Refresh (8ms)
				TypeCache.ScanAssembly (0ms)
			ScanForSourceGeneratedMonoScriptInfo (6ms)
			ResolveRequiredComponents (4ms)
	FinalizeReload (739ms)
		ReleaseScriptCaches (0ms)
		RebuildScriptCaches (0ms)
		SetupLoadedEditorAssemblies (316ms)
			LogAssemblyErrors (0ms)
			InitializePlatformSupportModulesInManaged (7ms)
			SetLoadedEditorAssemblies (3ms)
			RefreshPlugins (0ms)
			BeforeProcessingInitializeOnLoad (51ms)
			ProcessInitializeOnLoadAttributes (232ms)
			ProcessInitializeOnLoadMethodAttributes (16ms)
			AfterProcessingInitializeOnLoad (7ms)
			EditorAssembliesLoaded (0ms)
		ExecutionOrderSort2 (0ms)
		AwakeInstancesAfterBackupRestoration (6ms)
Refreshing native plugins compatible for Editor in 5.08 ms, found 3 plugins.
Preloading 0 native plugins for Editor in 0.00 ms.
Unloading 3253 Unused Serialized files (Serialized files now loaded: 0)
Unloading 54 unused Assets / (4.0 MB). Loaded Objects now: 3886.
Memory consumption went from 222.0 MB to 218.0 MB.
Total: 4.644300 ms (FindLiveObjects: 0.257800 ms CreateObjectMapping: 0.145400 ms MarkObjects: 2.891200 ms  DeleteObjects: 1.348300 ms)

Prepare: number of updated asset objects reloaded= 0
AssetImportParameters requested are different than current active one (requested -> active):
  custom:scripting/monoscript/fileName/Decorators.cs: 4533f6715dc3f8cdabbd37ff77d1dad7 -> 
  custom:scripting/monoscript/fileName/GlobalSettings.cs: e5eb35b80bdfaee4ead1e1630fd77998 -> 
  custom:scripting/monoscript/fileName/PostProcessEffectBaseEditor.cs: 972bdf00f442be0d879dcb6868e25c8e -> 
  custom:scripting/monoscript/fileName/PostProcessRenderContext.cs: 9e034c8bf7d42a1d6c2d4339915eccb0 -> 
  custom:scripting/monoscript/fileName/MainMenu.cs: c093076ba5753d7bec74a8a751ffb653 -> 
  custom:scripting/monoscript/fileName/Spline.cs: 7876820de12ed89d33ad838af99a030e -> 
  custom:scripting/monoscript/fileName/ColorGrading.cs: ef67493fb3cf9676ba5f25862510a595 -> 
  custom:scripting/monoscript/fileName/Monitor.cs: e0eb5d32b3aade2e0ce8680b00ac2b78 -> 
  custom:scripting/precompiled-assembly-types:Unity.Postprocessing.Runtime: 655cd018e42ac91ed9a03cfbdae17956 -> 
  custom:scripting/monoscript/fileName/TemporalAntialiasing.cs: 71e40fdab49d34f4e07f83936454d904 -> 
  custom:container-demuxer-ogg: 62fdf1f143b41e24485cea50d1cbac27 -> 
  custom:scripting/monoscript/fileName/AmbientOcclusion.cs: 7a27923f9312611f0b2898a72e3ee96a -> 
  custom:scripting/monoscript/fileName/PostProcessDebugLayer.cs: 6d8a99809398beddf11f92dfbb0e6ad4 -> 
  custom:scripting/monoscript/fileName/ColorUtilities.cs: 47918ebfa890b947a816b80444ee2882 -> 
  custom:scripting/monoscript/fileName/ParameterOverride.cs: 5475497db741ca919df708e5019e593d -> 
  custom:scripting/monoscript/fileName/TextureLerper.cs: 973e800795f77d61d647ea0c3f0cf284 -> 
  custom:scripting/precompiled-assembly-types:Unity.Postprocessing.Editor: 23b49e25b965492466cd147d7735360a -> 
  custom:scripting/monoscript/fileName/Vignette.cs: e0b99ac31b7575ef776e7be56647abb0 -> 
  custom:scripting/monoscript/fileName/DepthOfFieldEditor.cs: 64cce655bf722c851048e2ebbf401a7b -> 
  custom:scripting/monoscript/fileName/DefaultPostProcessEffectEditor.cs: 06a1d8fcea7725e08b95f21cc15fd0a1 -> 
  custom:scripting/monoscript/fileName/PostProcessLayer.cs: aa288976158dcd4c24041d5304f25d07 -> 
  custom:scripting/monoscript/fileName/MaxAttribute.cs: d661645ab8c724f24b3e19978e87b44c -> 
  custom:scripting/monoscript/fileName/PostProcessDebugEditor.cs: 1a0488d8742bf880cc7334e53e2cc73d -> 
  custom:video-decoder-ogg-theora: a1e56fd34408186e4bbccfd4996cb3dc -> 
  custom:scripting/monoscript/fileName/SerializedParameterOverride.cs: 5e4deaf96895d013d32a8e84ec179f8e -> 
  custom:scripting/monoscript/fileName/MeshUtilities.cs: dc5356b699afd34cf9728f4d65b476a0 -> 
  custom:scripting/monoscript/fileName/AmbientOcclusionEditor.cs: 61e5422c29b8f52188d508eb7d382167 -> 
  custom:scripting/monoscript/fileName/FastApproximateAntialiasing.cs: bf5588b2deec2689a812a7d2eacd9bd5 -> 
  custom:scripting/monoscript/fileName/MotionBlur.cs: 823914e335803785a19e5990c6ab2911 -> 
  custom:scripting/monoscript/fileName/DefineSetter.cs: 292ba08e52064b1a72f8d4bb04301dd3 -> 
  custom:framework-win-MediaFoundation: 216162199b28c13a410421893ffa2e32 -> 
  custom:scripting/monoscript/fileName/ShaderIDs.cs: 96024f1f873475da65a783f1404f9117 -> 
  custom:scripting/monoscript/fileName/PostProcessEditorAttribute.cs: 672a58b4d5bab60112487a31c361c481 -> 
  custom:scripting/monoscript/fileName/LensDistortionEditor.cs: dee045d29944d55e8040435a58a7ce90 -> 
  custom:scripting/monoscript/fileName/MotionBlurEditor.cs: 3bd8d3e7e9a7ea94beb2e5517b62d27b -> 
  custom:scripting/monoscript/fileName/Dithering.cs: 3014fffaa718d0ad6dd2c7bb7956ed46 -> 
  custom:scripting/monoscript/fileName/DecoratorAttribute.cs: be5bd39119e1a41ea1a019fdb3818a3f -> 
  custom:scripting/monoscript/fileName/DisplayNameAttribute.cs: 935a6ac504eb8a852fba40cbcae9292c -> 
  custom:scripting/monoscript/fileName/PostProcessEffectSettings.cs: 2ab9d33170e863b1a9c8a9079cdd12aa -> 
  custom:scripting/monoscript/fileName/Fog.cs: 07e271953e2bcf8513b6a72a2737e767 -> 
  custom:scripting/monoscript/fileName/PostProcessManager.cs: 28ef7780d543a8111635e1f5051383d0 -> 
  custom:scripting/monoscript/fileName/VolumeFactory.cs: cc77136700c9e1ff894d234886ccb852 -> 
  custom:CustomObjectIndexerAttribute: 9a22284fe3817be447336de3de66b15e -> 
  custom:scripting/monoscript/fileName/PostProcessEvent.cs: 8fb6e54ff2cf1a8be7ecdd01fbdd78f8 -> 
  custom:scripting/monoscript/fileName/TrackballAttribute.cs: 8dea8f77de7bd03137cc578af1ea6656 -> 
  custom:scripting/monoscript/fileName/TrackballDecorator.cs: 6a2b6c747937d12d8d81be8f5b21fbd2 -> 
  custom:scripting/monoscript/fileName/MultiScaleVO.cs: d4c4732956ffb536e016475d75f04c43 -> 
  custom:scripting/monoscript/fileName/CubeLutAssetFactory.cs: db1961888d7cabf6be94b37e3b663de4 -> 
  custom:container-demuxer-webm: 4f35f7cbe854078d1ac9338744f61a02 -> 
  custom:scripting/monoscript/fileName/PostProcessVolumeEditor.cs: 7aae71821512dcac422c45dc773293c3 -> 
  custom:scripting/monoscript/fileName/ChromaticAberration.cs: 4d59e57f8324f5f986e16678ed451410 -> 
  custom:scripting/monoscript/fileName/VignetteEditor.cs: 345736fc911c5e8ab23e579751a40e4a -> 
  custom:scripting/monoscript/fileName/Styling.cs: d1c4aa14ff93670753edfbb93fc91bfe -> 
  custom:scripting/monoscript/fileName/PostProcessEffectRendererExtensions.cs: e953624d113e7e1739c702512603957d -> 
  custom:scripting/monoscript/fileName/ScalableAO.cs: 2f29d71d59b754086c809cfee1cdce34 -> 
  custom:scripting/monoscript/fileName/PostProcessLayerEditor.cs: d16de665ece05cd6e27dcc8d7bac4b9a -> 
  custom:scripting/monoscript/fileName/MinMaxAttribute.cs: a4b6ac8a4377612c7135a60f905792f1 -> 
  custom:scripting/monoscript/fileName/SubpixelMorphologicalAntialiasing.cs: 02dcb8839824addec278047da0509aea -> 
  custom:scripting/monoscript/fileName/BaseEditor.cs: 90647cc400823b41df847a6cbfc29026 -> 
  custom:container-muxer-webm: aa71ff27fc2769a1b78a27578f13a17b -> 
  custom:video-decoder-webm-vp8: 9c59270c3fd7afecdb556c50c9e8de78 -> 
  custom:SearchIndexIgnoredProperties: e643bd26f0fe6173181afceb89e7c659 -> 
  custom:scripting/monoscript/fileName/ChromaticAberrationEditor.cs: 3043bf57519b71f64b7a6de970c2487b -> 
  custom:scripting/monoscript/fileName/PostProcessEffectRenderer.cs: 577c5acf8157ecea944bb95c8c6d9a95 -> 
  custom:AudioImporter_EditorPlatform: d09bf68614088b80899f8185d706f6e7 -> 
  custom:scripting/monoscript/fileName/TextureFormatUtilities.cs: ba58c57cfaabc0f8201a9ca6902fcb23 -> 
  custom:scripting/monoscript/fileName/PostProcessVolume.cs: 3883cef4be0567c54caf457a416a2095 -> 
  custom:scripting/monoscript/fileName/LightMeterMonitor.cs: a897ae0c731cb153281aea9ecd0efb03 -> 
  custom:scripting/monoscript/fileName/ColorGradingEditor.cs: 25838050e3e1f12ef51713a5dcf60349 -> 
  custom:scripting/monoscript/fileName/AttributeDecorator.cs: 39b465f08cd0a5df82fc2ef70b766ca2 -> 
  custom:scripting/monoscript/fileName/AutoExposureEditor.cs: dfd15824649ea346b717bc72a871d75b -> 
  custom:scripting/monoscript/fileName/LensDistortion.cs: b7963bb1da21ba484a7b59b9f6ea3aec -> 
  custom:scripting/monoscript/fileName/ResourceAssetFactory.cs: bf6acc988648d854bb3c5751325d0d0a -> 
  custom:scripting/monoscript/fileName/PostProcessProfileEditor.cs: 1dcd55858a4126cb33b0f2de53c74fbe -> 
  custom:scripting/monoscript/fileName/Skybox.cs: c122ade9e2d3a916264f47a45be02789 -> 
  custom:scripting/monoscript/fileName/PostProcessDebug.cs: a653e9b773649e7452b035b4ce1dae82 -> 
  custom:scripting/monoscript/fileName/PostProcessAttribute.cs: e125947bf72ce7382f3b16f75797c897 -> 
  custom:scripting/monoscript/fileName/Grain.cs: 43f09a87a88d9937fbb9c4dbf3d5508e -> 
  custom:scripting/monoscript/fileName/HistogramMonitor.cs: 6fd024409d6e9db8d4c2c4e26430c2ad -> 
  custom:scripting/monoscript/fileName/PostProcessProfile.cs: f6dc030e2e953b2ed0eca334cce5d5cf -> 
  custom:scripting/monoscript/fileName/ProfileFactory.cs: f835845dfebfed501813f60a1cb006a3 -> 
  custom:scripting/monoscript/fileName/PostProcessEffectEditor.cs: 90647cc400823b41df847a6cbfc29026 -> 
  custom:scripting/monoscript/fileName/CubeLutAssetImporter.cs: 5e94ca4c74dad11cc8880f33d0ba9efb -> 
  custom:scripting/monoscript/fileName/PostProcessBundle.cs: f610f855c8ae8b896b5084e85ede373e -> 
  custom:scripting/monoscript/fileName/ScreenSpaceReflectionsEditor.cs: 59c13ba25de6098e70bafe8be94f609a -> 
  custom:video-encoder-webm-vp8: eb34c28f22e8b96e1ab97ce403110664 -> 
  custom:scripting/monoscript/fileName/RuntimeUtilities.cs: 76964d36e50cc48cfa29643bdde8d9a5 -> 
  custom:scripting/monoscript/fileName/Bloom.cs: 6f6d579a64201b97313a62a1e91b3575 -> 
  custom:audio-decoder-ogg-vorbis: bf7c407c2cedff20999df2af8eb42d56 -> 
  custom:scripting/monoscript/fileName/Fade.cs: 61320f8e17687c119db9aa01d877447f -> 
  custom:scripting/monoscript/fileName/AutoExposure.cs: 0e7c21b17f53209ee8c5c61ab59d7835 -> 
  custom:scripting/monoscript/fileName/VectorscopeMonitor.cs: cb70c6437b976f01b752cd219cc47f32 -> 
  custom:scripting/monoscript/fileName/PropertySheetFactory.cs: cfc4667cc03e44252fafe18d99f24b25 -> 
  custom:scripting/monoscript/fileName/EditorUtilities.cs: 53a52fb113757c42f9c516115bd845ca -> 
  custom:scripting/monoscript/fileName/HaltonSeq.cs: a7590e55d6fae5328a1c395a2473d0cf -> 
  custom:scripting/monoscript/fileName/MinAttribute.cs: a3e7473301291585f4cca024ce307406 -> 
  custom:scripting/monoscript/fileName/DepthOfField.cs: d62178d8b5619f59fcdd6d24617ef5fd -> 
  custom:scripting/monoscript/fileName/BloomEditor.cs: c341bb26b40744c3a5c2a142ac3e1051 -> 
  custom:scripting/monoscript/fileName/WaveformMonitor.cs: 609651ee3f98f206575f684e9cce655d -> 
  custom:scripting/monoscript/fileName/HableCurve.cs: f244b24d6e7c556a2de06e25b0bbf4c1 -> 
  custom:audio-encoder-webm-vorbis: bf7c407c2cedff20999df2af8eb42d56 -> 
  custom:scripting/monoscript/fileName/PropertySheet.cs: e6bb03169eca9d33ea794a47ad6ce213 -> 
  custom:scripting/monoscript/fileName/TargetPool.cs: 6d29560228134c933c12fb1c113fb6ef -> 
  custom:scripting/monoscript/fileName/LogHistogram.cs: bab913d888834a1a8572eb834acec97c -> 
  custom:scripting/monoscript/fileName/ScreenSpaceReflections.cs: 8afa07200328ddfcb2536d4180c62536 -> 
  custom:scripting/precompiled-assembly-types:Assembly-CSharp: d6fe0ff31029f2d2cc0617ccb9ee00f5 -> b5609ffa9375a1719a4b9b879c420584
  custom:scripting/monoscript/fileName/CurveEditor.cs: f5e872b2a5a6427a1785818cb10d95d1 -> 
  custom:scripting/monoscript/fileName/PostProcessResources.cs: 5089c17a701ba9b714a1f3d25fb9a9b0 -> 
  custom:scripting/monoscript/fileName/EffectListEditor.cs: 1ecdb4094d9e64024d6eb7725a86197b -> 
========================================================================
Received Prepare
Caller must complete domain reload
Begin MonoManager ReloadAssembly
- Loaded All Assemblies, in  0.745 seconds
Native extension for WindowsStandalone target not found
Native extension for WebGL target not found
Mono: successfully reloaded assembly
- Finished resetting the current domain, in  3.162 seconds
Domain Reload Profiling: 3901ms
	BeginReloadAssembly (230ms)
		ExecutionOrderSort (0ms)
		DisableScriptedObjects (13ms)
		BackupInstance (0ms)
		ReleaseScriptingObjects (0ms)
		CreateAndSetChildDomain (34ms)
	RebuildCommonClasses (50ms)
	RebuildNativeTypeToScriptingClass (17ms)
	initialDomainReloadingComplete (54ms)
	LoadAllAssembliesAndSetupDomain (387ms)
		LoadAssemblies (492ms)
		RebuildTransferFunctionScriptingTraits (0ms)
		AnalyzeDomain (33ms)
			TypeCache.Refresh (12ms)
				TypeCache.ScanAssembly (0ms)
			ScanForSourceGeneratedMonoScriptInfo (10ms)
			ResolveRequiredComponents (8ms)
	FinalizeReload (3163ms)
		ReleaseScriptCaches (0ms)
		RebuildScriptCaches (0ms)
		SetupLoadedEditorAssemblies (1072ms)
			LogAssemblyErrors (0ms)
			InitializePlatformSupportModulesInManaged (30ms)
			SetLoadedEditorAssemblies (7ms)
			RefreshPlugins (0ms)
			BeforeProcessingInitializeOnLoad (201ms)
			ProcessInitializeOnLoadAttributes (770ms)
			ProcessInitializeOnLoadMethodAttributes (34ms)
			AfterProcessingInitializeOnLoad (28ms)
			EditorAssembliesLoaded (0ms)
		ExecutionOrderSort2 (0ms)
		AwakeInstancesAfterBackupRestoration (13ms)
Refreshing native plugins compatible for Editor in 8.66 ms, found 3 plugins.
Preloading 0 native plugins for Editor in 0.00 ms.
Unloading 3253 Unused Serialized files (Serialized files now loaded: 0)
Unloading 53 unused Assets / (3.9 MB). Loaded Objects now: 3889.
Memory consumption went from 222.0 MB to 218.0 MB.
Total: 5.783200 ms (FindLiveObjects: 0.479800 ms CreateObjectMapping: 0.208900 ms MarkObjects: 3.623800 ms  DeleteObjects: 1.469000 ms)

Prepare: number of updated asset objects reloaded= 0
AssetImportParameters requested are different than current active one (requested -> active):
  custom:scripting/monoscript/fileName/Decorators.cs: 4533f6715dc3f8cdabbd37ff77d1dad7 -> 
  custom:scripting/monoscript/fileName/GlobalSettings.cs: e5eb35b80bdfaee4ead1e1630fd77998 -> 
  custom:scripting/monoscript/fileName/PostProcessEffectBaseEditor.cs: 972bdf00f442be0d879dcb6868e25c8e -> 
  custom:scripting/monoscript/fileName/PostProcessRenderContext.cs: 9e034c8bf7d42a1d6c2d4339915eccb0 -> 
  custom:scripting/monoscript/fileName/MainMenu.cs: c093076ba5753d7bec74a8a751ffb653 -> 
  custom:scripting/monoscript/fileName/Spline.cs: 7876820de12ed89d33ad838af99a030e -> 
  custom:scripting/monoscript/fileName/ColorGrading.cs: ef67493fb3cf9676ba5f25862510a595 -> 
  custom:scripting/monoscript/fileName/Monitor.cs: e0eb5d32b3aade2e0ce8680b00ac2b78 -> 
  custom:scripting/precompiled-assembly-types:Unity.Postprocessing.Runtime: 655cd018e42ac91ed9a03cfbdae17956 -> 
  custom:scripting/monoscript/fileName/TemporalAntialiasing.cs: 71e40fdab49d34f4e07f83936454d904 -> 
  custom:container-demuxer-ogg: 62fdf1f143b41e24485cea50d1cbac27 -> 
  custom:scripting/monoscript/fileName/AmbientOcclusion.cs: 7a27923f9312611f0b2898a72e3ee96a -> 
  custom:scripting/monoscript/fileName/PostProcessDebugLayer.cs: 6d8a99809398beddf11f92dfbb0e6ad4 -> 
  custom:scripting/monoscript/fileName/ColorUtilities.cs: 47918ebfa890b947a816b80444ee2882 -> 
  custom:scripting/monoscript/fileName/ParameterOverride.cs: 5475497db741ca919df708e5019e593d -> 
  custom:scripting/monoscript/fileName/TextureLerper.cs: 973e800795f77d61d647ea0c3f0cf284 -> 
  custom:scripting/precompiled-assembly-types:Unity.Postprocessing.Editor: 23b49e25b965492466cd147d7735360a -> 
  custom:scripting/monoscript/fileName/Vignette.cs: e0b99ac31b7575ef776e7be56647abb0 -> 
  custom:scripting/monoscript/fileName/DepthOfFieldEditor.cs: 64cce655bf722c851048e2ebbf401a7b -> 
  custom:scripting/monoscript/fileName/DefaultPostProcessEffectEditor.cs: 06a1d8fcea7725e08b95f21cc15fd0a1 -> 
  custom:scripting/monoscript/fileName/PostProcessLayer.cs: aa288976158dcd4c24041d5304f25d07 -> 
  custom:scripting/monoscript/fileName/MaxAttribute.cs: d661645ab8c724f24b3e19978e87b44c -> 
  custom:scripting/monoscript/fileName/PostProcessDebugEditor.cs: 1a0488d8742bf880cc7334e53e2cc73d -> 
  custom:video-decoder-ogg-theora: a1e56fd34408186e4bbccfd4996cb3dc -> 
  custom:scripting/monoscript/fileName/SerializedParameterOverride.cs: 5e4deaf96895d013d32a8e84ec179f8e -> 
  custom:scripting/monoscript/fileName/MeshUtilities.cs: dc5356b699afd34cf9728f4d65b476a0 -> 
  custom:scripting/monoscript/fileName/AmbientOcclusionEditor.cs: 61e5422c29b8f52188d508eb7d382167 -> 
  custom:scripting/monoscript/fileName/FastApproximateAntialiasing.cs: bf5588b2deec2689a812a7d2eacd9bd5 -> 
  custom:scripting/monoscript/fileName/MotionBlur.cs: 823914e335803785a19e5990c6ab2911 -> 
  custom:scripting/monoscript/fileName/DefineSetter.cs: 292ba08e52064b1a72f8d4bb04301dd3 -> 
  custom:framework-win-MediaFoundation: 216162199b28c13a410421893ffa2e32 -> 
  custom:scripting/monoscript/fileName/ShaderIDs.cs: 96024f1f873475da65a783f1404f9117 -> 
  custom:scripting/monoscript/fileName/PostProcessEditorAttribute.cs: 672a58b4d5bab60112487a31c361c481 -> 
  custom:scripting/monoscript/fileName/LensDistortionEditor.cs: dee045d29944d55e8040435a58a7ce90 -> 
  custom:scripting/monoscript/fileName/MotionBlurEditor.cs: 3bd8d3e7e9a7ea94beb2e5517b62d27b -> 
  custom:scripting/monoscript/fileName/Dithering.cs: 3014fffaa718d0ad6dd2c7bb7956ed46 -> 
  custom:scripting/monoscript/fileName/DecoratorAttribute.cs: be5bd39119e1a41ea1a019fdb3818a3f -> 
  custom:scripting/monoscript/fileName/DisplayNameAttribute.cs: 935a6ac504eb8a852fba40cbcae9292c -> 
  custom:scripting/monoscript/fileName/PostProcessEffectSettings.cs: 2ab9d33170e863b1a9c8a9079cdd12aa -> 
  custom:scripting/monoscript/fileName/Fog.cs: 07e271953e2bcf8513b6a72a2737e767 -> 
  custom:scripting/monoscript/fileName/PostProcessManager.cs: 28ef7780d543a8111635e1f5051383d0 -> 
  custom:scripting/monoscript/fileName/VolumeFactory.cs: cc77136700c9e1ff894d234886ccb852 -> 
  custom:CustomObjectIndexerAttribute: 9a22284fe3817be447336de3de66b15e -> 
  custom:scripting/monoscript/fileName/PostProcessEvent.cs: 8fb6e54ff2cf1a8be7ecdd01fbdd78f8 -> 
  custom:scripting/monoscript/fileName/TrackballAttribute.cs: 8dea8f77de7bd03137cc578af1ea6656 -> 
  custom:scripting/monoscript/fileName/TrackballDecorator.cs: 6a2b6c747937d12d8d81be8f5b21fbd2 -> 
  custom:scripting/monoscript/fileName/MultiScaleVO.cs: d4c4732956ffb536e016475d75f04c43 -> 
  custom:scripting/monoscript/fileName/CubeLutAssetFactory.cs: db1961888d7cabf6be94b37e3b663de4 -> 
  custom:container-demuxer-webm: 4f35f7cbe854078d1ac9338744f61a02 -> 
  custom:scripting/monoscript/fileName/PostProcessVolumeEditor.cs: 7aae71821512dcac422c45dc773293c3 -> 
  custom:scripting/monoscript/fileName/ChromaticAberration.cs: 4d59e57f8324f5f986e16678ed451410 -> 
  custom:scripting/monoscript/fileName/VignetteEditor.cs: 345736fc911c5e8ab23e579751a40e4a -> 
  custom:scripting/monoscript/fileName/Styling.cs: d1c4aa14ff93670753edfbb93fc91bfe -> 
  custom:scripting/monoscript/fileName/PostProcessEffectRendererExtensions.cs: e953624d113e7e1739c702512603957d -> 
  custom:scripting/monoscript/fileName/ScalableAO.cs: 2f29d71d59b754086c809cfee1cdce34 -> 
  custom:scripting/monoscript/fileName/PostProcessLayerEditor.cs: d16de665ece05cd6e27dcc8d7bac4b9a -> 
  custom:scripting/monoscript/fileName/MinMaxAttribute.cs: a4b6ac8a4377612c7135a60f905792f1 -> 
  custom:scripting/monoscript/fileName/SubpixelMorphologicalAntialiasing.cs: 02dcb8839824addec278047da0509aea -> 
  custom:scripting/monoscript/fileName/BaseEditor.cs: 90647cc400823b41df847a6cbfc29026 -> 
  custom:container-muxer-webm: aa71ff27fc2769a1b78a27578f13a17b -> 
  custom:video-decoder-webm-vp8: 9c59270c3fd7afecdb556c50c9e8de78 -> 
  custom:SearchIndexIgnoredProperties: e643bd26f0fe6173181afceb89e7c659 -> 
  custom:scripting/monoscript/fileName/ChromaticAberrationEditor.cs: 3043bf57519b71f64b7a6de970c2487b -> 
  custom:scripting/monoscript/fileName/PostProcessEffectRenderer.cs: 577c5acf8157ecea944bb95c8c6d9a95 -> 
  custom:AudioImporter_EditorPlatform: d09bf68614088b80899f8185d706f6e7 -> 
  custom:scripting/monoscript/fileName/TextureFormatUtilities.cs: ba58c57cfaabc0f8201a9ca6902fcb23 -> 
  custom:scripting/monoscript/fileName/PostProcessVolume.cs: 3883cef4be0567c54caf457a416a2095 -> 
  custom:scripting/monoscript/fileName/LightMeterMonitor.cs: a897ae0c731cb153281aea9ecd0efb03 -> 
  custom:scripting/monoscript/fileName/ColorGradingEditor.cs: 25838050e3e1f12ef51713a5dcf60349 -> 
  custom:scripting/monoscript/fileName/AttributeDecorator.cs: 39b465f08cd0a5df82fc2ef70b766ca2 -> 
  custom:scripting/monoscript/fileName/AutoExposureEditor.cs: dfd15824649ea346b717bc72a871d75b -> 
  custom:scripting/monoscript/fileName/LensDistortion.cs: b7963bb1da21ba484a7b59b9f6ea3aec -> 
  custom:scripting/monoscript/fileName/ResourceAssetFactory.cs: bf6acc988648d854bb3c5751325d0d0a -> 
  custom:scripting/monoscript/fileName/PostProcessProfileEditor.cs: 1dcd55858a4126cb33b0f2de53c74fbe -> 
  custom:scripting/monoscript/fileName/Skybox.cs: c122ade9e2d3a916264f47a45be02789 -> 
  custom:scripting/monoscript/fileName/PostProcessDebug.cs: a653e9b773649e7452b035b4ce1dae82 -> 
  custom:scripting/monoscript/fileName/PostProcessAttribute.cs: e125947bf72ce7382f3b16f75797c897 -> 
  custom:scripting/monoscript/fileName/Grain.cs: 43f09a87a88d9937fbb9c4dbf3d5508e -> 
  custom:scripting/monoscript/fileName/HistogramMonitor.cs: 6fd024409d6e9db8d4c2c4e26430c2ad -> 
  custom:scripting/monoscript/fileName/PostProcessProfile.cs: f6dc030e2e953b2ed0eca334cce5d5cf -> 
  custom:scripting/monoscript/fileName/ProfileFactory.cs: f835845dfebfed501813f60a1cb006a3 -> 
  custom:scripting/monoscript/fileName/PostProcessEffectEditor.cs: 90647cc400823b41df847a6cbfc29026 -> 
  custom:scripting/monoscript/fileName/CubeLutAssetImporter.cs: 5e94ca4c74dad11cc8880f33d0ba9efb -> 
  custom:scripting/monoscript/fileName/PostProcessBundle.cs: f610f855c8ae8b896b5084e85ede373e -> 
  custom:scripting/monoscript/fileName/ScreenSpaceReflectionsEditor.cs: 59c13ba25de6098e70bafe8be94f609a -> 
  custom:video-encoder-webm-vp8: eb34c28f22e8b96e1ab97ce403110664 -> 
  custom:scripting/monoscript/fileName/RuntimeUtilities.cs: 76964d36e50cc48cfa29643bdde8d9a5 -> 
  custom:scripting/monoscript/fileName/Bloom.cs: 6f6d579a64201b97313a62a1e91b3575 -> 
  custom:audio-decoder-ogg-vorbis: bf7c407c2cedff20999df2af8eb42d56 -> 
  custom:scripting/monoscript/fileName/Fade.cs: 61320f8e17687c119db9aa01d877447f -> 
  custom:scripting/monoscript/fileName/AutoExposure.cs: 0e7c21b17f53209ee8c5c61ab59d7835 -> 
  custom:scripting/monoscript/fileName/VectorscopeMonitor.cs: cb70c6437b976f01b752cd219cc47f32 -> 
  custom:scripting/monoscript/fileName/PropertySheetFactory.cs: cfc4667cc03e44252fafe18d99f24b25 -> 
  custom:scripting/monoscript/fileName/EditorUtilities.cs: 53a52fb113757c42f9c516115bd845ca -> 
  custom:scripting/monoscript/fileName/HaltonSeq.cs: a7590e55d6fae5328a1c395a2473d0cf -> 
  custom:scripting/monoscript/fileName/MinAttribute.cs: a3e7473301291585f4cca024ce307406 -> 
  custom:scripting/monoscript/fileName/DepthOfField.cs: d62178d8b5619f59fcdd6d24617ef5fd -> 
  custom:scripting/monoscript/fileName/BloomEditor.cs: c341bb26b40744c3a5c2a142ac3e1051 -> 
  custom:scripting/monoscript/fileName/WaveformMonitor.cs: 609651ee3f98f206575f684e9cce655d -> 
  custom:scripting/monoscript/fileName/HableCurve.cs: f244b24d6e7c556a2de06e25b0bbf4c1 -> 
  custom:audio-encoder-webm-vorbis: bf7c407c2cedff20999df2af8eb42d56 -> 
  custom:scripting/monoscript/fileName/PropertySheet.cs: e6bb03169eca9d33ea794a47ad6ce213 -> 
  custom:scripting/monoscript/fileName/TargetPool.cs: 6d29560228134c933c12fb1c113fb6ef -> 
  custom:scripting/monoscript/fileName/LogHistogram.cs: bab913d888834a1a8572eb834acec97c -> 
  custom:scripting/monoscript/fileName/ScreenSpaceReflections.cs: 8afa07200328ddfcb2536d4180c62536 -> 
  custom:scripting/precompiled-assembly-types:Assembly-CSharp: d6fe0ff31029f2d2cc0617ccb9ee00f5 -> b5609ffa9375a1719a4b9b879c420584
  custom:scripting/monoscript/fileName/CurveEditor.cs: f5e872b2a5a6427a1785818cb10d95d1 -> 
  custom:scripting/monoscript/fileName/PostProcessResources.cs: 5089c17a701ba9b714a1f3d25fb9a9b0 -> 
  custom:scripting/monoscript/fileName/EffectListEditor.cs: 1ecdb4094d9e64024d6eb7725a86197b -> 
========================================================================
Received Import Request.
  Time since last request: 181.675483 seconds.
  path: Assets/Main Menu/Scripts/MainMenu.cs
  artifactKey: Guid(6a049c6bb6258e743a0a8882d0f8bfa9) Importer(815301076,1909f56bfc062723c751e8b465ee728b)
Start importing Assets/Main Menu/Scripts/MainMenu.cs using Guid(6a049c6bb6258e743a0a8882d0f8bfa9) Importer(815301076,1909f56bfc062723c751e8b465ee728b) [PhysX] Initialized MultithreadedTaskDispatcher with 12 workers.
 -> (artifact id: '3a2b28e3f5ddfb542d93ea4e65ce77ed') in 0.003044 seconds
Number of updated asset objects reloaded before import = 0
Number of asset objects unloaded after import = 0
========================================================================
Received Prepare
Caller must complete domain reload
Begin MonoManager ReloadAssembly
- Loaded All Assemblies, in  0.731 seconds
Native extension for WindowsStandalone target not found
Native extension for WebGL target not found
Mono: successfully reloaded assembly
- Finished resetting the current domain, in  1.562 seconds
Domain Reload Profiling: 2285ms
	BeginReloadAssembly (229ms)
		ExecutionOrderSort (0ms)
		DisableScriptedObjects (8ms)
		BackupInstance (0ms)
		ReleaseScriptingObjects (0ms)
		CreateAndSetChildDomain (36ms)
	RebuildCommonClasses (48ms)
	RebuildNativeTypeToScriptingClass (16ms)
	initialDomainReloadingComplete (53ms)
	LoadAllAssembliesAndSetupDomain (376ms)
		LoadAssemblies (482ms)
		RebuildTransferFunctionScriptingTraits (0ms)
		AnalyzeDomain (33ms)
			TypeCache.Refresh (11ms)
				TypeCache.ScanAssembly (0ms)
			ScanForSourceGeneratedMonoScriptInfo (12ms)
			ResolveRequiredComponents (8ms)
	FinalizeReload (1563ms)
		ReleaseScriptCaches (0ms)
		RebuildScriptCaches (0ms)
		SetupLoadedEditorAssemblies (419ms)
			LogAssemblyErrors (0ms)
			InitializePlatformSupportModulesInManaged (14ms)
			SetLoadedEditorAssemblies (4ms)
			RefreshPlugins (0ms)
			BeforeProcessingInitializeOnLoad (106ms)
			ProcessInitializeOnLoadAttributes (270ms)
			ProcessInitializeOnLoadMethodAttributes (17ms)
			AfterProcessingInitializeOnLoad (7ms)
			EditorAssembliesLoaded (0ms)
		ExecutionOrderSort2 (0ms)
		AwakeInstancesAfterBackupRestoration (6ms)
Refreshing native plugins compatible for Editor in 4.98 ms, found 3 plugins.
Preloading 0 native plugins for Editor in 0.00 ms.
Unloading 3252 Unused Serialized files (Serialized files now loaded: 0)
Unloading 53 unused Assets / (4.0 MB). Loaded Objects now: 3892.
Memory consumption went from 221.7 MB to 217.8 MB.
Total: 4.612900 ms (FindLiveObjects: 0.300500 ms CreateObjectMapping: 0.208100 ms MarkObjects: 2.816000 ms  DeleteObjects: 1.286500 ms)

Prepare: number of updated asset objects reloaded= 0
AssetImportParameters requested are different than current active one (requested -> active):
  custom:scripting/monoscript/fileName/Decorators.cs: 4533f6715dc3f8cdabbd37ff77d1dad7 -> 
  custom:scripting/monoscript/fileName/GlobalSettings.cs: e5eb35b80bdfaee4ead1e1630fd77998 -> 
  custom:scripting/monoscript/fileName/PostProcessEffectBaseEditor.cs: 972bdf00f442be0d879dcb6868e25c8e -> 
  custom:scripting/monoscript/fileName/PostProcessRenderContext.cs: 9e034c8bf7d42a1d6c2d4339915eccb0 -> 
  custom:scripting/monoscript/fileName/MainMenu.cs: c093076ba5753d7bec74a8a751ffb653 -> 
  custom:scripting/monoscript/fileName/Spline.cs: 7876820de12ed89d33ad838af99a030e -> 
  custom:scripting/monoscript/fileName/ColorGrading.cs: ef67493fb3cf9676ba5f25862510a595 -> 
  custom:scripting/monoscript/fileName/Monitor.cs: e0eb5d32b3aade2e0ce8680b00ac2b78 -> 
  custom:scripting/precompiled-assembly-types:Unity.Postprocessing.Runtime: 655cd018e42ac91ed9a03cfbdae17956 -> 
  custom:scripting/monoscript/fileName/TemporalAntialiasing.cs: 71e40fdab49d34f4e07f83936454d904 -> 
  custom:container-demuxer-ogg: 62fdf1f143b41e24485cea50d1cbac27 -> 
  custom:scripting/monoscript/fileName/AmbientOcclusion.cs: 7a27923f9312611f0b2898a72e3ee96a -> 
  custom:scripting/monoscript/fileName/PostProcessDebugLayer.cs: 6d8a99809398beddf11f92dfbb0e6ad4 -> 
  custom:scripting/monoscript/fileName/ColorUtilities.cs: 47918ebfa890b947a816b80444ee2882 -> 
  custom:scripting/monoscript/fileName/ParameterOverride.cs: 5475497db741ca919df708e5019e593d -> 
  custom:scripting/monoscript/fileName/TextureLerper.cs: 973e800795f77d61d647ea0c3f0cf284 -> 
  custom:scripting/precompiled-assembly-types:Unity.Postprocessing.Editor: 23b49e25b965492466cd147d7735360a -> 
  custom:scripting/monoscript/fileName/Vignette.cs: e0b99ac31b7575ef776e7be56647abb0 -> 
  custom:scripting/monoscript/fileName/DepthOfFieldEditor.cs: 64cce655bf722c851048e2ebbf401a7b -> 
  custom:scripting/monoscript/fileName/DefaultPostProcessEffectEditor.cs: 06a1d8fcea7725e08b95f21cc15fd0a1 -> 
  custom:scripting/monoscript/fileName/PostProcessLayer.cs: aa288976158dcd4c24041d5304f25d07 -> 
  custom:scripting/monoscript/fileName/MaxAttribute.cs: d661645ab8c724f24b3e19978e87b44c -> 
  custom:scripting/monoscript/fileName/PostProcessDebugEditor.cs: 1a0488d8742bf880cc7334e53e2cc73d -> 
  custom:video-decoder-ogg-theora: a1e56fd34408186e4bbccfd4996cb3dc -> 
  custom:scripting/monoscript/fileName/SerializedParameterOverride.cs: 5e4deaf96895d013d32a8e84ec179f8e -> 
  custom:scripting/monoscript/fileName/MeshUtilities.cs: dc5356b699afd34cf9728f4d65b476a0 -> 
  custom:scripting/monoscript/fileName/AmbientOcclusionEditor.cs: 61e5422c29b8f52188d508eb7d382167 -> 
  custom:scripting/monoscript/fileName/FastApproximateAntialiasing.cs: bf5588b2deec2689a812a7d2eacd9bd5 -> 
  custom:scripting/monoscript/fileName/MotionBlur.cs: 823914e335803785a19e5990c6ab2911 -> 
  custom:scripting/monoscript/fileName/DefineSetter.cs: 292ba08e52064b1a72f8d4bb04301dd3 -> 
  custom:framework-win-MediaFoundation: 216162199b28c13a410421893ffa2e32 -> 
  custom:scripting/monoscript/fileName/ShaderIDs.cs: 96024f1f873475da65a783f1404f9117 -> 
  custom:scripting/monoscript/fileName/PostProcessEditorAttribute.cs: 672a58b4d5bab60112487a31c361c481 -> 
  custom:scripting/monoscript/fileName/LensDistortionEditor.cs: dee045d29944d55e8040435a58a7ce90 -> 
  custom:scripting/monoscript/fileName/MotionBlurEditor.cs: 3bd8d3e7e9a7ea94beb2e5517b62d27b -> 
  custom:scripting/monoscript/fileName/Dithering.cs: 3014fffaa718d0ad6dd2c7bb7956ed46 -> 
  custom:scripting/monoscript/fileName/DecoratorAttribute.cs: be5bd39119e1a41ea1a019fdb3818a3f -> 
  custom:scripting/monoscript/fileName/DisplayNameAttribute.cs: 935a6ac504eb8a852fba40cbcae9292c -> 
  custom:scripting/monoscript/fileName/PostProcessEffectSettings.cs: 2ab9d33170e863b1a9c8a9079cdd12aa -> 
  custom:scripting/monoscript/fileName/Fog.cs: 07e271953e2bcf8513b6a72a2737e767 -> 
  custom:scripting/monoscript/fileName/PostProcessManager.cs: 28ef7780d543a8111635e1f5051383d0 -> 
  custom:scripting/monoscript/fileName/VolumeFactory.cs: cc77136700c9e1ff894d234886ccb852 -> 
  custom:CustomObjectIndexerAttribute: 9a22284fe3817be447336de3de66b15e -> 
  custom:scripting/monoscript/fileName/PostProcessEvent.cs: 8fb6e54ff2cf1a8be7ecdd01fbdd78f8 -> 
  custom:scripting/monoscript/fileName/TrackballAttribute.cs: 8dea8f77de7bd03137cc578af1ea6656 -> 
  custom:scripting/monoscript/fileName/TrackballDecorator.cs: 6a2b6c747937d12d8d81be8f5b21fbd2 -> 
  custom:scripting/monoscript/fileName/MultiScaleVO.cs: d4c4732956ffb536e016475d75f04c43 -> 
  custom:scripting/monoscript/fileName/CubeLutAssetFactory.cs: db1961888d7cabf6be94b37e3b663de4 -> 
  custom:container-demuxer-webm: 4f35f7cbe854078d1ac9338744f61a02 -> 
  custom:scripting/monoscript/fileName/PostProcessVolumeEditor.cs: 7aae71821512dcac422c45dc773293c3 -> 
  custom:scripting/monoscript/fileName/ChromaticAberration.cs: 4d59e57f8324f5f986e16678ed451410 -> 
  custom:scripting/monoscript/fileName/VignetteEditor.cs: 345736fc911c5e8ab23e579751a40e4a -> 
  custom:scripting/monoscript/fileName/Styling.cs: d1c4aa14ff93670753edfbb93fc91bfe -> 
  custom:scripting/monoscript/fileName/PostProcessEffectRendererExtensions.cs: e953624d113e7e1739c702512603957d -> 
  custom:scripting/monoscript/fileName/ScalableAO.cs: 2f29d71d59b754086c809cfee1cdce34 -> 
  custom:scripting/monoscript/fileName/PostProcessLayerEditor.cs: d16de665ece05cd6e27dcc8d7bac4b9a -> 
  custom:scripting/monoscript/fileName/MinMaxAttribute.cs: a4b6ac8a4377612c7135a60f905792f1 -> 
  custom:scripting/monoscript/fileName/SubpixelMorphologicalAntialiasing.cs: 02dcb8839824addec278047da0509aea -> 
  custom:scripting/monoscript/fileName/BaseEditor.cs: 90647cc400823b41df847a6cbfc29026 -> 
  custom:container-muxer-webm: aa71ff27fc2769a1b78a27578f13a17b -> 
  custom:video-decoder-webm-vp8: 9c59270c3fd7afecdb556c50c9e8de78 -> 
  custom:SearchIndexIgnoredProperties: e643bd26f0fe6173181afceb89e7c659 -> 
  custom:scripting/monoscript/fileName/ChromaticAberrationEditor.cs: 3043bf57519b71f64b7a6de970c2487b -> 
  custom:scripting/monoscript/fileName/PostProcessEffectRenderer.cs: 577c5acf8157ecea944bb95c8c6d9a95 -> 
  custom:AudioImporter_EditorPlatform: d09bf68614088b80899f8185d706f6e7 -> 
  custom:scripting/monoscript/fileName/TextureFormatUtilities.cs: ba58c57cfaabc0f8201a9ca6902fcb23 -> 
  custom:scripting/monoscript/fileName/PostProcessVolume.cs: 3883cef4be0567c54caf457a416a2095 -> 
  custom:scripting/monoscript/fileName/LightMeterMonitor.cs: a897ae0c731cb153281aea9ecd0efb03 -> 
  custom:scripting/monoscript/fileName/ColorGradingEditor.cs: 25838050e3e1f12ef51713a5dcf60349 -> 
  custom:scripting/monoscript/fileName/AttributeDecorator.cs: 39b465f08cd0a5df82fc2ef70b766ca2 -> 
  custom:scripting/monoscript/fileName/AutoExposureEditor.cs: dfd15824649ea346b717bc72a871d75b -> 
  custom:scripting/monoscript/fileName/LensDistortion.cs: b7963bb1da21ba484a7b59b9f6ea3aec -> 
  custom:scripting/monoscript/fileName/ResourceAssetFactory.cs: bf6acc988648d854bb3c5751325d0d0a -> 
  custom:scripting/monoscript/fileName/PostProcessProfileEditor.cs: 1dcd55858a4126cb33b0f2de53c74fbe -> 
  custom:scripting/monoscript/fileName/Skybox.cs: c122ade9e2d3a916264f47a45be02789 -> 
  custom:scripting/monoscript/fileName/PostProcessDebug.cs: a653e9b773649e7452b035b4ce1dae82 -> 
  custom:scripting/monoscript/fileName/PostProcessAttribute.cs: e125947bf72ce7382f3b16f75797c897 -> 
  custom:scripting/monoscript/fileName/Grain.cs: 43f09a87a88d9937fbb9c4dbf3d5508e -> 
  custom:scripting/monoscript/fileName/HistogramMonitor.cs: 6fd024409d6e9db8d4c2c4e26430c2ad -> 
  custom:scripting/monoscript/fileName/PostProcessProfile.cs: f6dc030e2e953b2ed0eca334cce5d5cf -> 
  custom:scripting/monoscript/fileName/ProfileFactory.cs: f835845dfebfed501813f60a1cb006a3 -> 
  custom:scripting/monoscript/fileName/PostProcessEffectEditor.cs: 90647cc400823b41df847a6cbfc29026 -> 
  custom:scripting/monoscript/fileName/CubeLutAssetImporter.cs: 5e94ca4c74dad11cc8880f33d0ba9efb -> 
  custom:scripting/monoscript/fileName/PostProcessBundle.cs: f610f855c8ae8b896b5084e85ede373e -> 
  custom:scripting/monoscript/fileName/ScreenSpaceReflectionsEditor.cs: 59c13ba25de6098e70bafe8be94f609a -> 
  custom:video-encoder-webm-vp8: eb34c28f22e8b96e1ab97ce403110664 -> 
  custom:scripting/monoscript/fileName/RuntimeUtilities.cs: 76964d36e50cc48cfa29643bdde8d9a5 -> 
  custom:scripting/monoscript/fileName/Bloom.cs: 6f6d579a64201b97313a62a1e91b3575 -> 
  custom:audio-decoder-ogg-vorbis: bf7c407c2cedff20999df2af8eb42d56 -> 
  custom:scripting/monoscript/fileName/Fade.cs: 61320f8e17687c119db9aa01d877447f -> 
  custom:scripting/monoscript/fileName/AutoExposure.cs: 0e7c21b17f53209ee8c5c61ab59d7835 -> 
  custom:scripting/monoscript/fileName/VectorscopeMonitor.cs: cb70c6437b976f01b752cd219cc47f32 -> 
  custom:scripting/monoscript/fileName/PropertySheetFactory.cs: cfc4667cc03e44252fafe18d99f24b25 -> 
  custom:scripting/monoscript/fileName/EditorUtilities.cs: 53a52fb113757c42f9c516115bd845ca -> 
  custom:scripting/monoscript/fileName/HaltonSeq.cs: a7590e55d6fae5328a1c395a2473d0cf -> 
  custom:scripting/monoscript/fileName/MinAttribute.cs: a3e7473301291585f4cca024ce307406 -> 
  custom:scripting/monoscript/fileName/DepthOfField.cs: d62178d8b5619f59fcdd6d24617ef5fd -> 
  custom:scripting/monoscript/fileName/BloomEditor.cs: c341bb26b40744c3a5c2a142ac3e1051 -> 
  custom:scripting/monoscript/fileName/WaveformMonitor.cs: 609651ee3f98f206575f684e9cce655d -> 
  custom:scripting/monoscript/fileName/HableCurve.cs: f244b24d6e7c556a2de06e25b0bbf4c1 -> 
  custom:audio-encoder-webm-vorbis: bf7c407c2cedff20999df2af8eb42d56 -> 
  custom:scripting/monoscript/fileName/PropertySheet.cs: e6bb03169eca9d33ea794a47ad6ce213 -> 
  custom:scripting/monoscript/fileName/TargetPool.cs: 6d29560228134c933c12fb1c113fb6ef -> 
  custom:scripting/monoscript/fileName/LogHistogram.cs: bab913d888834a1a8572eb834acec97c -> 
  custom:scripting/monoscript/fileName/ScreenSpaceReflections.cs: 8afa07200328ddfcb2536d4180c62536 -> 
  custom:scripting/precompiled-assembly-types:Assembly-CSharp: d6fe0ff31029f2d2cc0617ccb9ee00f5 -> b5609ffa9375a1719a4b9b879c420584
  custom:scripting/monoscript/fileName/CurveEditor.cs: f5e872b2a5a6427a1785818cb10d95d1 -> 
  custom:scripting/monoscript/fileName/PostProcessResources.cs: 5089c17a701ba9b714a1f3d25fb9a9b0 -> 
  custom:scripting/monoscript/fileName/EffectListEditor.cs: 1ecdb4094d9e64024d6eb7725a86197b -> 
========================================================================
Received Prepare
Caller must complete domain reload
Begin MonoManager ReloadAssembly
- Loaded All Assemblies, in  0.749 seconds
Native extension for WindowsStandalone target not found
Native extension for WebGL target not found
Mono: successfully reloaded assembly
- Finished resetting the current domain, in  1.313 seconds
Domain Reload Profiling: 2054ms
	BeginReloadAssembly (230ms)
		ExecutionOrderSort (0ms)
		DisableScriptedObjects (10ms)
		BackupInstance (0ms)
		ReleaseScriptingObjects (0ms)
		CreateAndSetChildDomain (36ms)
	RebuildCommonClasses (48ms)
	RebuildNativeTypeToScriptingClass (16ms)
	initialDomainReloadingComplete (54ms)
	LoadAllAssembliesAndSetupDomain (391ms)
		LoadAssemblies (491ms)
		RebuildTransferFunctionScriptingTraits (0ms)
		AnalyzeDomain (36ms)
			TypeCache.Refresh (14ms)
				TypeCache.ScanAssembly (0ms)
			ScanForSourceGeneratedMonoScriptInfo (10ms)
			ResolveRequiredComponents (8ms)
	FinalizeReload (1314ms)
		ReleaseScriptCaches (0ms)
		RebuildScriptCaches (0ms)
		SetupLoadedEditorAssemblies (342ms)
			LogAssemblyErrors (0ms)
			InitializePlatformSupportModulesInManaged (7ms)
			SetLoadedEditorAssemblies (3ms)
			RefreshPlugins (0ms)
			BeforeProcessingInitializeOnLoad (54ms)
			ProcessInitializeOnLoadAttributes (252ms)
			ProcessInitializeOnLoadMethodAttributes (19ms)
			AfterProcessingInitializeOnLoad (7ms)
			EditorAssembliesLoaded (0ms)
		ExecutionOrderSort2 (0ms)
		AwakeInstancesAfterBackupRestoration (7ms)
Refreshing native plugins compatible for Editor in 5.20 ms, found 3 plugins.
Preloading 0 native plugins for Editor in 0.00 ms.
Unloading 3253 Unused Serialized files (Serialized files now loaded: 0)
Unloading 53 unused Assets / (4.0 MB). Loaded Objects now: 3895.
Memory consumption went from 222.0 MB to 218.0 MB.
Total: 5.005000 ms (FindLiveObjects: 0.281400 ms CreateObjectMapping: 0.188600 ms MarkObjects: 3.229800 ms  DeleteObjects: 1.303600 ms)

Prepare: number of updated asset objects reloaded= 0
AssetImportParameters requested are different than current active one (requested -> active):
  custom:scripting/monoscript/fileName/Decorators.cs: 4533f6715dc3f8cdabbd37ff77d1dad7 -> 
  custom:scripting/monoscript/fileName/GlobalSettings.cs: e5eb35b80bdfaee4ead1e1630fd77998 -> 
  custom:scripting/monoscript/fileName/PostProcessEffectBaseEditor.cs: 972bdf00f442be0d879dcb6868e25c8e -> 
  custom:scripting/monoscript/fileName/PostProcessRenderContext.cs: 9e034c8bf7d42a1d6c2d4339915eccb0 -> 
  custom:scripting/monoscript/fileName/MainMenu.cs: c093076ba5753d7bec74a8a751ffb653 -> 
  custom:scripting/monoscript/fileName/Spline.cs: 7876820de12ed89d33ad838af99a030e -> 
  custom:scripting/monoscript/fileName/ColorGrading.cs: ef67493fb3cf9676ba5f25862510a595 -> 
  custom:scripting/monoscript/fileName/Monitor.cs: e0eb5d32b3aade2e0ce8680b00ac2b78 -> 
  custom:scripting/precompiled-assembly-types:Unity.Postprocessing.Runtime: 655cd018e42ac91ed9a03cfbdae17956 -> 
  custom:scripting/monoscript/fileName/TemporalAntialiasing.cs: 71e40fdab49d34f4e07f83936454d904 -> 
  custom:container-demuxer-ogg: 62fdf1f143b41e24485cea50d1cbac27 -> 
  custom:scripting/monoscript/fileName/AmbientOcclusion.cs: 7a27923f9312611f0b2898a72e3ee96a -> 
  custom:scripting/monoscript/fileName/PostProcessDebugLayer.cs: 6d8a99809398beddf11f92dfbb0e6ad4 -> 
  custom:scripting/monoscript/fileName/ColorUtilities.cs: 47918ebfa890b947a816b80444ee2882 -> 
  custom:scripting/monoscript/fileName/ParameterOverride.cs: 5475497db741ca919df708e5019e593d -> 
  custom:scripting/monoscript/fileName/TextureLerper.cs: 973e800795f77d61d647ea0c3f0cf284 -> 
  custom:scripting/precompiled-assembly-types:Unity.Postprocessing.Editor: 23b49e25b965492466cd147d7735360a -> 
  custom:scripting/monoscript/fileName/Vignette.cs: e0b99ac31b7575ef776e7be56647abb0 -> 
  custom:scripting/monoscript/fileName/DepthOfFieldEditor.cs: 64cce655bf722c851048e2ebbf401a7b -> 
  custom:scripting/monoscript/fileName/DefaultPostProcessEffectEditor.cs: 06a1d8fcea7725e08b95f21cc15fd0a1 -> 
  custom:scripting/monoscript/fileName/PostProcessLayer.cs: aa288976158dcd4c24041d5304f25d07 -> 
  custom:scripting/monoscript/fileName/MaxAttribute.cs: d661645ab8c724f24b3e19978e87b44c -> 
  custom:scripting/monoscript/fileName/PostProcessDebugEditor.cs: 1a0488d8742bf880cc7334e53e2cc73d -> 
  custom:video-decoder-ogg-theora: a1e56fd34408186e4bbccfd4996cb3dc -> 
  custom:scripting/monoscript/fileName/SerializedParameterOverride.cs: 5e4deaf96895d013d32a8e84ec179f8e -> 
  custom:scripting/monoscript/fileName/MeshUtilities.cs: dc5356b699afd34cf9728f4d65b476a0 -> 
  custom:scripting/monoscript/fileName/AmbientOcclusionEditor.cs: 61e5422c29b8f52188d508eb7d382167 -> 
  custom:scripting/monoscript/fileName/FastApproximateAntialiasing.cs: bf5588b2deec2689a812a7d2eacd9bd5 -> 
  custom:scripting/monoscript/fileName/MotionBlur.cs: 823914e335803785a19e5990c6ab2911 -> 
  custom:scripting/monoscript/fileName/DefineSetter.cs: 292ba08e52064b1a72f8d4bb04301dd3 -> 
  custom:framework-win-MediaFoundation: 216162199b28c13a410421893ffa2e32 -> 
  custom:scripting/monoscript/fileName/ShaderIDs.cs: 96024f1f873475da65a783f1404f9117 -> 
  custom:scripting/monoscript/fileName/PostProcessEditorAttribute.cs: 672a58b4d5bab60112487a31c361c481 -> 
  custom:scripting/monoscript/fileName/LensDistortionEditor.cs: dee045d29944d55e8040435a58a7ce90 -> 
  custom:scripting/monoscript/fileName/MotionBlurEditor.cs: 3bd8d3e7e9a7ea94beb2e5517b62d27b -> 
  custom:scripting/monoscript/fileName/Dithering.cs: 3014fffaa718d0ad6dd2c7bb7956ed46 -> 
  custom:scripting/monoscript/fileName/DecoratorAttribute.cs: be5bd39119e1a41ea1a019fdb3818a3f -> 
  custom:scripting/monoscript/fileName/DisplayNameAttribute.cs: 935a6ac504eb8a852fba40cbcae9292c -> 
  custom:scripting/monoscript/fileName/PostProcessEffectSettings.cs: 2ab9d33170e863b1a9c8a9079cdd12aa -> 
  custom:scripting/monoscript/fileName/Fog.cs: 07e271953e2bcf8513b6a72a2737e767 -> 
  custom:scripting/monoscript/fileName/PostProcessManager.cs: 28ef7780d543a8111635e1f5051383d0 -> 
  custom:scripting/monoscript/fileName/VolumeFactory.cs: cc77136700c9e1ff894d234886ccb852 -> 
  custom:CustomObjectIndexerAttribute: 9a22284fe3817be447336de3de66b15e -> 
  custom:scripting/monoscript/fileName/PostProcessEvent.cs: 8fb6e54ff2cf1a8be7ecdd01fbdd78f8 -> 
  custom:scripting/monoscript/fileName/TrackballAttribute.cs: 8dea8f77de7bd03137cc578af1ea6656 -> 
  custom:scripting/monoscript/fileName/TrackballDecorator.cs: 6a2b6c747937d12d8d81be8f5b21fbd2 -> 
  custom:scripting/monoscript/fileName/MultiScaleVO.cs: d4c4732956ffb536e016475d75f04c43 -> 
  custom:scripting/monoscript/fileName/CubeLutAssetFactory.cs: db1961888d7cabf6be94b37e3b663de4 -> 
  custom:container-demuxer-webm: 4f35f7cbe854078d1ac9338744f61a02 -> 
  custom:scripting/monoscript/fileName/PostProcessVolumeEditor.cs: 7aae71821512dcac422c45dc773293c3 -> 
  custom:scripting/monoscript/fileName/ChromaticAberration.cs: 4d59e57f8324f5f986e16678ed451410 -> 
  custom:scripting/monoscript/fileName/VignetteEditor.cs: 345736fc911c5e8ab23e579751a40e4a -> 
  custom:scripting/monoscript/fileName/Styling.cs: d1c4aa14ff93670753edfbb93fc91bfe -> 
  custom:scripting/monoscript/fileName/PostProcessEffectRendererExtensions.cs: e953624d113e7e1739c702512603957d -> 
  custom:scripting/monoscript/fileName/ScalableAO.cs: 2f29d71d59b754086c809cfee1cdce34 -> 
  custom:scripting/monoscript/fileName/PostProcessLayerEditor.cs: d16de665ece05cd6e27dcc8d7bac4b9a -> 
  custom:scripting/monoscript/fileName/MinMaxAttribute.cs: a4b6ac8a4377612c7135a60f905792f1 -> 
  custom:scripting/monoscript/fileName/SubpixelMorphologicalAntialiasing.cs: 02dcb8839824addec278047da0509aea -> 
  custom:scripting/monoscript/fileName/BaseEditor.cs: 90647cc400823b41df847a6cbfc29026 -> 
  custom:container-muxer-webm: aa71ff27fc2769a1b78a27578f13a17b -> 
  custom:video-decoder-webm-vp8: 9c59270c3fd7afecdb556c50c9e8de78 -> 
  custom:SearchIndexIgnoredProperties: e643bd26f0fe6173181afceb89e7c659 -> 
  custom:scripting/monoscript/fileName/ChromaticAberrationEditor.cs: 3043bf57519b71f64b7a6de970c2487b -> 
  custom:scripting/monoscript/fileName/PostProcessEffectRenderer.cs: 577c5acf8157ecea944bb95c8c6d9a95 -> 
  custom:AudioImporter_EditorPlatform: d09bf68614088b80899f8185d706f6e7 -> 
  custom:scripting/monoscript/fileName/TextureFormatUtilities.cs: ba58c57cfaabc0f8201a9ca6902fcb23 -> 
  custom:scripting/monoscript/fileName/PostProcessVolume.cs: 3883cef4be0567c54caf457a416a2095 -> 
  custom:scripting/monoscript/fileName/LightMeterMonitor.cs: a897ae0c731cb153281aea9ecd0efb03 -> 
  custom:scripting/monoscript/fileName/ColorGradingEditor.cs: 25838050e3e1f12ef51713a5dcf60349 -> 
  custom:scripting/monoscript/fileName/AttributeDecorator.cs: 39b465f08cd0a5df82fc2ef70b766ca2 -> 
  custom:scripting/monoscript/fileName/AutoExposureEditor.cs: dfd15824649ea346b717bc72a871d75b -> 
  custom:scripting/monoscript/fileName/LensDistortion.cs: b7963bb1da21ba484a7b59b9f6ea3aec -> 
  custom:scripting/monoscript/fileName/ResourceAssetFactory.cs: bf6acc988648d854bb3c5751325d0d0a -> 
  custom:scripting/monoscript/fileName/PostProcessProfileEditor.cs: 1dcd55858a4126cb33b0f2de53c74fbe -> 
  custom:scripting/monoscript/fileName/Skybox.cs: c122ade9e2d3a916264f47a45be02789 -> 
  custom:scripting/monoscript/fileName/PostProcessDebug.cs: a653e9b773649e7452b035b4ce1dae82 -> 
  custom:scripting/monoscript/fileName/PostProcessAttribute.cs: e125947bf72ce7382f3b16f75797c897 -> 
  custom:scripting/monoscript/fileName/Grain.cs: 43f09a87a88d9937fbb9c4dbf3d5508e -> 
  custom:scripting/monoscript/fileName/HistogramMonitor.cs: 6fd024409d6e9db8d4c2c4e26430c2ad -> 
  custom:scripting/monoscript/fileName/PostProcessProfile.cs: f6dc030e2e953b2ed0eca334cce5d5cf -> 
  custom:scripting/monoscript/fileName/ProfileFactory.cs: f835845dfebfed501813f60a1cb006a3 -> 
  custom:scripting/monoscript/fileName/PostProcessEffectEditor.cs: 90647cc400823b41df847a6cbfc29026 -> 
  custom:scripting/monoscript/fileName/CubeLutAssetImporter.cs: 5e94ca4c74dad11cc8880f33d0ba9efb -> 
  custom:scripting/monoscript/fileName/PostProcessBundle.cs: f610f855c8ae8b896b5084e85ede373e -> 
  custom:scripting/monoscript/fileName/ScreenSpaceReflectionsEditor.cs: 59c13ba25de6098e70bafe8be94f609a -> 
  custom:video-encoder-webm-vp8: eb34c28f22e8b96e1ab97ce403110664 -> 
  custom:scripting/monoscript/fileName/RuntimeUtilities.cs: 76964d36e50cc48cfa29643bdde8d9a5 -> 
  custom:scripting/monoscript/fileName/Bloom.cs: 6f6d579a64201b97313a62a1e91b3575 -> 
  custom:audio-decoder-ogg-vorbis: bf7c407c2cedff20999df2af8eb42d56 -> 
  custom:scripting/monoscript/fileName/Fade.cs: 61320f8e17687c119db9aa01d877447f -> 
  custom:scripting/monoscript/fileName/AutoExposure.cs: 0e7c21b17f53209ee8c5c61ab59d7835 -> 
  custom:scripting/monoscript/fileName/VectorscopeMonitor.cs: cb70c6437b976f01b752cd219cc47f32 -> 
  custom:scripting/monoscript/fileName/PropertySheetFactory.cs: cfc4667cc03e44252fafe18d99f24b25 -> 
  custom:scripting/monoscript/fileName/EditorUtilities.cs: 53a52fb113757c42f9c516115bd845ca -> 
  custom:scripting/monoscript/fileName/HaltonSeq.cs: a7590e55d6fae5328a1c395a2473d0cf -> 
  custom:scripting/monoscript/fileName/MinAttribute.cs: a3e7473301291585f4cca024ce307406 -> 
  custom:scripting/monoscript/fileName/DepthOfField.cs: d62178d8b5619f59fcdd6d24617ef5fd -> 
  custom:scripting/monoscript/fileName/BloomEditor.cs: c341bb26b40744c3a5c2a142ac3e1051 -> 
  custom:scripting/monoscript/fileName/WaveformMonitor.cs: 609651ee3f98f206575f684e9cce655d -> 
  custom:scripting/monoscript/fileName/HableCurve.cs: f244b24d6e7c556a2de06e25b0bbf4c1 -> 
  custom:audio-encoder-webm-vorbis: bf7c407c2cedff20999df2af8eb42d56 -> 
  custom:scripting/monoscript/fileName/PropertySheet.cs: e6bb03169eca9d33ea794a47ad6ce213 -> 
  custom:scripting/monoscript/fileName/TargetPool.cs: 6d29560228134c933c12fb1c113fb6ef -> 
  custom:scripting/monoscript/fileName/LogHistogram.cs: bab913d888834a1a8572eb834acec97c -> 
  custom:scripting/monoscript/fileName/ScreenSpaceReflections.cs: 8afa07200328ddfcb2536d4180c62536 -> 
  custom:scripting/precompiled-assembly-types:Assembly-CSharp: d6fe0ff31029f2d2cc0617ccb9ee00f5 -> b5609ffa9375a1719a4b9b879c420584
  custom:scripting/monoscript/fileName/CurveEditor.cs: f5e872b2a5a6427a1785818cb10d95d1 -> 
  custom:scripting/monoscript/fileName/PostProcessResources.cs: 5089c17a701ba9b714a1f3d25fb9a9b0 -> 
  custom:scripting/monoscript/fileName/EffectListEditor.cs: 1ecdb4094d9e64024d6eb7725a86197b -> 
========================================================================
Received Prepare
Caller must complete domain reload
Begin MonoManager ReloadAssembly
- Loaded All Assemblies, in  0.413 seconds
Native extension for WindowsStandalone target not found
Native extension for WebGL target not found
Mono: successfully reloaded assembly
- Finished resetting the current domain, in  0.769 seconds
Domain Reload Profiling: 1179ms
	BeginReloadAssembly (133ms)
		ExecutionOrderSort (0ms)
		DisableScriptedObjects (4ms)
		BackupInstance (0ms)
		ReleaseScriptingObjects (0ms)
		CreateAndSetChildDomain (25ms)
	RebuildCommonClasses (32ms)
	RebuildNativeTypeToScriptingClass (9ms)
	initialDomainReloadingComplete (30ms)
	LoadAllAssembliesAndSetupDomain (206ms)
		LoadAssemblies (256ms)
		RebuildTransferFunctionScriptingTraits (0ms)
		AnalyzeDomain (24ms)
			TypeCache.Refresh (8ms)
				TypeCache.ScanAssembly (0ms)
			ScanForSourceGeneratedMonoScriptInfo (7ms)
			ResolveRequiredComponents (6ms)
	FinalizeReload (769ms)
		ReleaseScriptCaches (0ms)
		RebuildScriptCaches (0ms)
		SetupLoadedEditorAssemblies (312ms)
			LogAssemblyErrors (0ms)
			InitializePlatformSupportModulesInManaged (7ms)
			SetLoadedEditorAssemblies (2ms)
			RefreshPlugins (0ms)
			BeforeProcessingInitializeOnLoad (50ms)
			ProcessInitializeOnLoadAttributes (231ms)
			ProcessInitializeOnLoadMethodAttributes (16ms)
			AfterProcessingInitializeOnLoad (7ms)
			EditorAssembliesLoaded (0ms)
		ExecutionOrderSort2 (0ms)
		AwakeInstancesAfterBackupRestoration (7ms)
Refreshing native plugins compatible for Editor in 4.58 ms, found 3 plugins.
Preloading 0 native plugins for Editor in 0.00 ms.
Unloading 3253 Unused Serialized files (Serialized files now loaded: 0)
Unloading 53 unused Assets / (4.0 MB). Loaded Objects now: 3898.
Memory consumption went from 222.0 MB to 218.0 MB.
Total: 4.547600 ms (FindLiveObjects: 0.266600 ms CreateObjectMapping: 0.164200 ms MarkObjects: 2.778600 ms  DeleteObjects: 1.336500 ms)

Prepare: number of updated asset objects reloaded= 0
AssetImportParameters requested are different than current active one (requested -> active):
  custom:scripting/monoscript/fileName/Decorators.cs: 4533f6715dc3f8cdabbd37ff77d1dad7 -> 
  custom:scripting/monoscript/fileName/GlobalSettings.cs: e5eb35b80bdfaee4ead1e1630fd77998 -> 
  custom:scripting/monoscript/fileName/PostProcessEffectBaseEditor.cs: 972bdf00f442be0d879dcb6868e25c8e -> 
  custom:scripting/monoscript/fileName/PostProcessRenderContext.cs: 9e034c8bf7d42a1d6c2d4339915eccb0 -> 
  custom:scripting/monoscript/fileName/MainMenu.cs: c093076ba5753d7bec74a8a751ffb653 -> 
  custom:scripting/monoscript/fileName/Spline.cs: 7876820de12ed89d33ad838af99a030e -> 
  custom:scripting/monoscript/fileName/ColorGrading.cs: ef67493fb3cf9676ba5f25862510a595 -> 
  custom:scripting/monoscript/fileName/Monitor.cs: e0eb5d32b3aade2e0ce8680b00ac2b78 -> 
  custom:scripting/precompiled-assembly-types:Unity.Postprocessing.Runtime: 655cd018e42ac91ed9a03cfbdae17956 -> 
  custom:scripting/monoscript/fileName/TemporalAntialiasing.cs: 71e40fdab49d34f4e07f83936454d904 -> 
  custom:container-demuxer-ogg: 62fdf1f143b41e24485cea50d1cbac27 -> 
  custom:scripting/monoscript/fileName/AmbientOcclusion.cs: 7a27923f9312611f0b2898a72e3ee96a -> 
  custom:scripting/monoscript/fileName/PostProcessDebugLayer.cs: 6d8a99809398beddf11f92dfbb0e6ad4 -> 
  custom:scripting/monoscript/fileName/ColorUtilities.cs: 47918ebfa890b947a816b80444ee2882 -> 
  custom:scripting/monoscript/fileName/ParameterOverride.cs: 5475497db741ca919df708e5019e593d -> 
  custom:scripting/monoscript/fileName/TextureLerper.cs: 973e800795f77d61d647ea0c3f0cf284 -> 
  custom:scripting/precompiled-assembly-types:Unity.Postprocessing.Editor: 23b49e25b965492466cd147d7735360a -> 
  custom:scripting/monoscript/fileName/Vignette.cs: e0b99ac31b7575ef776e7be56647abb0 -> 
  custom:scripting/monoscript/fileName/DepthOfFieldEditor.cs: 64cce655bf722c851048e2ebbf401a7b -> 
  custom:scripting/monoscript/fileName/DefaultPostProcessEffectEditor.cs: 06a1d8fcea7725e08b95f21cc15fd0a1 -> 
  custom:scripting/monoscript/fileName/PostProcessLayer.cs: aa288976158dcd4c24041d5304f25d07 -> 
  custom:scripting/monoscript/fileName/MaxAttribute.cs: d661645ab8c724f24b3e19978e87b44c -> 
  custom:scripting/monoscript/fileName/PostProcessDebugEditor.cs: 1a0488d8742bf880cc7334e53e2cc73d -> 
  custom:video-decoder-ogg-theora: a1e56fd34408186e4bbccfd4996cb3dc -> 
  custom:scripting/monoscript/fileName/SerializedParameterOverride.cs: 5e4deaf96895d013d32a8e84ec179f8e -> 
  custom:scripting/monoscript/fileName/MeshUtilities.cs: dc5356b699afd34cf9728f4d65b476a0 -> 
  custom:scripting/monoscript/fileName/AmbientOcclusionEditor.cs: 61e5422c29b8f52188d508eb7d382167 -> 
  custom:scripting/monoscript/fileName/FastApproximateAntialiasing.cs: bf5588b2deec2689a812a7d2eacd9bd5 -> 
  custom:scripting/monoscript/fileName/MotionBlur.cs: 823914e335803785a19e5990c6ab2911 -> 
  custom:scripting/monoscript/fileName/DefineSetter.cs: 292ba08e52064b1a72f8d4bb04301dd3 -> 
  custom:framework-win-MediaFoundation: 216162199b28c13a410421893ffa2e32 -> 
  custom:scripting/monoscript/fileName/ShaderIDs.cs: 96024f1f873475da65a783f1404f9117 -> 
  custom:scripting/monoscript/fileName/PostProcessEditorAttribute.cs: 672a58b4d5bab60112487a31c361c481 -> 
  custom:scripting/monoscript/fileName/LensDistortionEditor.cs: dee045d29944d55e8040435a58a7ce90 -> 
  custom:scripting/monoscript/fileName/MotionBlurEditor.cs: 3bd8d3e7e9a7ea94beb2e5517b62d27b -> 
  custom:scripting/monoscript/fileName/Dithering.cs: 3014fffaa718d0ad6dd2c7bb7956ed46 -> 
  custom:scripting/monoscript/fileName/DecoratorAttribute.cs: be5bd39119e1a41ea1a019fdb3818a3f -> 
  custom:scripting/monoscript/fileName/DisplayNameAttribute.cs: 935a6ac504eb8a852fba40cbcae9292c -> 
  custom:scripting/monoscript/fileName/PostProcessEffectSettings.cs: 2ab9d33170e863b1a9c8a9079cdd12aa -> 
  custom:scripting/monoscript/fileName/Fog.cs: 07e271953e2bcf8513b6a72a2737e767 -> 
  custom:scripting/monoscript/fileName/PostProcessManager.cs: 28ef7780d543a8111635e1f5051383d0 -> 
  custom:scripting/monoscript/fileName/VolumeFactory.cs: cc77136700c9e1ff894d234886ccb852 -> 
  custom:CustomObjectIndexerAttribute: 9a22284fe3817be447336de3de66b15e -> 
  custom:scripting/monoscript/fileName/PostProcessEvent.cs: 8fb6e54ff2cf1a8be7ecdd01fbdd78f8 -> 
  custom:scripting/monoscript/fileName/TrackballAttribute.cs: 8dea8f77de7bd03137cc578af1ea6656 -> 
  custom:scripting/monoscript/fileName/TrackballDecorator.cs: 6a2b6c747937d12d8d81be8f5b21fbd2 -> 
  custom:scripting/monoscript/fileName/MultiScaleVO.cs: d4c4732956ffb536e016475d75f04c43 -> 
  custom:scripting/monoscript/fileName/CubeLutAssetFactory.cs: db1961888d7cabf6be94b37e3b663de4 -> 
  custom:container-demuxer-webm: 4f35f7cbe854078d1ac9338744f61a02 -> 
  custom:scripting/monoscript/fileName/PostProcessVolumeEditor.cs: 7aae71821512dcac422c45dc773293c3 -> 
  custom:scripting/monoscript/fileName/ChromaticAberration.cs: 4d59e57f8324f5f986e16678ed451410 -> 
  custom:scripting/monoscript/fileName/VignetteEditor.cs: 345736fc911c5e8ab23e579751a40e4a -> 
  custom:scripting/monoscript/fileName/Styling.cs: d1c4aa14ff93670753edfbb93fc91bfe -> 
  custom:scripting/monoscript/fileName/PostProcessEffectRendererExtensions.cs: e953624d113e7e1739c702512603957d -> 
  custom:scripting/monoscript/fileName/ScalableAO.cs: 2f29d71d59b754086c809cfee1cdce34 -> 
  custom:scripting/monoscript/fileName/PostProcessLayerEditor.cs: d16de665ece05cd6e27dcc8d7bac4b9a -> 
  custom:scripting/monoscript/fileName/MinMaxAttribute.cs: a4b6ac8a4377612c7135a60f905792f1 -> 
  custom:scripting/monoscript/fileName/SubpixelMorphologicalAntialiasing.cs: 02dcb8839824addec278047da0509aea -> 
  custom:scripting/monoscript/fileName/BaseEditor.cs: 90647cc400823b41df847a6cbfc29026 -> 
  custom:container-muxer-webm: aa71ff27fc2769a1b78a27578f13a17b -> 
  custom:video-decoder-webm-vp8: 9c59270c3fd7afecdb556c50c9e8de78 -> 
  custom:SearchIndexIgnoredProperties: e643bd26f0fe6173181afceb89e7c659 -> 
  custom:scripting/monoscript/fileName/ChromaticAberrationEditor.cs: 3043bf57519b71f64b7a6de970c2487b -> 
  custom:scripting/monoscript/fileName/PostProcessEffectRenderer.cs: 577c5acf8157ecea944bb95c8c6d9a95 -> 
  custom:AudioImporter_EditorPlatform: d09bf68614088b80899f8185d706f6e7 -> 
  custom:scripting/monoscript/fileName/TextureFormatUtilities.cs: ba58c57cfaabc0f8201a9ca6902fcb23 -> 
  custom:scripting/monoscript/fileName/PostProcessVolume.cs: 3883cef4be0567c54caf457a416a2095 -> 
  custom:scripting/monoscript/fileName/LightMeterMonitor.cs: a897ae0c731cb153281aea9ecd0efb03 -> 
  custom:scripting/monoscript/fileName/ColorGradingEditor.cs: 25838050e3e1f12ef51713a5dcf60349 -> 
  custom:scripting/monoscript/fileName/AttributeDecorator.cs: 39b465f08cd0a5df82fc2ef70b766ca2 -> 
  custom:scripting/monoscript/fileName/AutoExposureEditor.cs: dfd15824649ea346b717bc72a871d75b -> 
  custom:scripting/monoscript/fileName/LensDistortion.cs: b7963bb1da21ba484a7b59b9f6ea3aec -> 
  custom:scripting/monoscript/fileName/ResourceAssetFactory.cs: bf6acc988648d854bb3c5751325d0d0a -> 
  custom:scripting/monoscript/fileName/PostProcessProfileEditor.cs: 1dcd55858a4126cb33b0f2de53c74fbe -> 
  custom:scripting/monoscript/fileName/Skybox.cs: c122ade9e2d3a916264f47a45be02789 -> 
  custom:scripting/monoscript/fileName/PostProcessDebug.cs: a653e9b773649e7452b035b4ce1dae82 -> 
  custom:scripting/monoscript/fileName/PostProcessAttribute.cs: e125947bf72ce7382f3b16f75797c897 -> 
  custom:scripting/monoscript/fileName/Grain.cs: 43f09a87a88d9937fbb9c4dbf3d5508e -> 
  custom:scripting/monoscript/fileName/HistogramMonitor.cs: 6fd024409d6e9db8d4c2c4e26430c2ad -> 
  custom:scripting/monoscript/fileName/PostProcessProfile.cs: f6dc030e2e953b2ed0eca334cce5d5cf -> 
  custom:scripting/monoscript/fileName/ProfileFactory.cs: f835845dfebfed501813f60a1cb006a3 -> 
  custom:scripting/monoscript/fileName/PostProcessEffectEditor.cs: 90647cc400823b41df847a6cbfc29026 -> 
  custom:scripting/monoscript/fileName/CubeLutAssetImporter.cs: 5e94ca4c74dad11cc8880f33d0ba9efb -> 
  custom:scripting/monoscript/fileName/PostProcessBundle.cs: f610f855c8ae8b896b5084e85ede373e -> 
  custom:scripting/monoscript/fileName/ScreenSpaceReflectionsEditor.cs: 59c13ba25de6098e70bafe8be94f609a -> 
  custom:video-encoder-webm-vp8: eb34c28f22e8b96e1ab97ce403110664 -> 
  custom:scripting/monoscript/fileName/RuntimeUtilities.cs: 76964d36e50cc48cfa29643bdde8d9a5 -> 
  custom:scripting/monoscript/fileName/Bloom.cs: 6f6d579a64201b97313a62a1e91b3575 -> 
  custom:audio-decoder-ogg-vorbis: bf7c407c2cedff20999df2af8eb42d56 -> 
  custom:scripting/monoscript/fileName/Fade.cs: 61320f8e17687c119db9aa01d877447f -> 
  custom:scripting/monoscript/fileName/AutoExposure.cs: 0e7c21b17f53209ee8c5c61ab59d7835 -> 
  custom:scripting/monoscript/fileName/VectorscopeMonitor.cs: cb70c6437b976f01b752cd219cc47f32 -> 
  custom:scripting/monoscript/fileName/PropertySheetFactory.cs: cfc4667cc03e44252fafe18d99f24b25 -> 
  custom:scripting/monoscript/fileName/EditorUtilities.cs: 53a52fb113757c42f9c516115bd845ca -> 
  custom:scripting/monoscript/fileName/HaltonSeq.cs: a7590e55d6fae5328a1c395a2473d0cf -> 
  custom:scripting/monoscript/fileName/MinAttribute.cs: a3e7473301291585f4cca024ce307406 -> 
  custom:scripting/monoscript/fileName/DepthOfField.cs: d62178d8b5619f59fcdd6d24617ef5fd -> 
  custom:scripting/monoscript/fileName/BloomEditor.cs: c341bb26b40744c3a5c2a142ac3e1051 -> 
  custom:scripting/monoscript/fileName/WaveformMonitor.cs: 609651ee3f98f206575f684e9cce655d -> 
  custom:scripting/monoscript/fileName/HableCurve.cs: f244b24d6e7c556a2de06e25b0bbf4c1 -> 
  custom:audio-encoder-webm-vorbis: bf7c407c2cedff20999df2af8eb42d56 -> 
  custom:scripting/monoscript/fileName/PropertySheet.cs: e6bb03169eca9d33ea794a47ad6ce213 -> 
  custom:scripting/monoscript/fileName/TargetPool.cs: 6d29560228134c933c12fb1c113fb6ef -> 
  custom:scripting/monoscript/fileName/LogHistogram.cs: bab913d888834a1a8572eb834acec97c -> 
  custom:scripting/monoscript/fileName/ScreenSpaceReflections.cs: 8afa07200328ddfcb2536d4180c62536 -> 
  custom:scripting/precompiled-assembly-types:Assembly-CSharp: d6fe0ff31029f2d2cc0617ccb9ee00f5 -> b5609ffa9375a1719a4b9b879c420584
  custom:scripting/monoscript/fileName/CurveEditor.cs: f5e872b2a5a6427a1785818cb10d95d1 -> 
  custom:scripting/monoscript/fileName/PostProcessResources.cs: 5089c17a701ba9b714a1f3d25fb9a9b0 -> 
  custom:scripting/monoscript/fileName/EffectListEditor.cs: 1ecdb4094d9e64024d6eb7725a86197b -> 
========================================================================
Received Prepare
Caller must complete domain reload
Begin MonoManager ReloadAssembly
- Loaded All Assemblies, in  0.379 seconds
Native extension for WindowsStandalone target not found
Native extension for WebGL target not found
Mono: successfully reloaded assembly
- Finished resetting the current domain, in  0.812 seconds
Domain Reload Profiling: 1188ms
	BeginReloadAssembly (134ms)
		ExecutionOrderSort (0ms)
		DisableScriptedObjects (5ms)
		BackupInstance (0ms)
		ReleaseScriptingObjects (0ms)
		CreateAndSetChildDomain (23ms)
	RebuildCommonClasses (28ms)
	RebuildNativeTypeToScriptingClass (8ms)
	initialDomainReloadingComplete (31ms)
	LoadAllAssembliesAndSetupDomain (174ms)
		LoadAssemblies (239ms)
		RebuildTransferFunctionScriptingTraits (0ms)
		AnalyzeDomain (12ms)
			TypeCache.Refresh (5ms)
				TypeCache.ScanAssembly (0ms)
			ScanForSourceGeneratedMonoScriptInfo (0ms)
			ResolveRequiredComponents (4ms)
	FinalizeReload (813ms)
		ReleaseScriptCaches (0ms)
		RebuildScriptCaches (0ms)
		SetupLoadedEditorAssemblies (366ms)
			LogAssemblyErrors (0ms)
			InitializePlatformSupportModulesInManaged (8ms)
			SetLoadedEditorAssemblies (2ms)
			RefreshPlugins (0ms)
			BeforeProcessingInitializeOnLoad (55ms)
			ProcessInitializeOnLoadAttributes (271ms)
			ProcessInitializeOnLoadMethodAttributes (21ms)
			AfterProcessingInitializeOnLoad (9ms)
			EditorAssembliesLoaded (0ms)
		ExecutionOrderSort2 (0ms)
		AwakeInstancesAfterBackupRestoration (8ms)
Refreshing native plugins compatible for Editor in 5.97 ms, found 3 plugins.
Preloading 0 native plugins for Editor in 0.00 ms.
Unloading 3253 Unused Serialized files (Serialized files now loaded: 0)
Unloading 53 unused Assets / (4.0 MB). Loaded Objects now: 3901.
Memory consumption went from 222.0 MB to 218.0 MB.
Total: 5.440800 ms (FindLiveObjects: 0.314900 ms CreateObjectMapping: 0.247100 ms MarkObjects: 3.296400 ms  DeleteObjects: 1.581000 ms)

Prepare: number of updated asset objects reloaded= 0
AssetImportParameters requested are different than current active one (requested -> active):
  custom:scripting/monoscript/fileName/Decorators.cs: 4533f6715dc3f8cdabbd37ff77d1dad7 -> 
  custom:scripting/monoscript/fileName/GlobalSettings.cs: e5eb35b80bdfaee4ead1e1630fd77998 -> 
  custom:scripting/monoscript/fileName/PostProcessEffectBaseEditor.cs: 972bdf00f442be0d879dcb6868e25c8e -> 
  custom:scripting/monoscript/fileName/PostProcessRenderContext.cs: 9e034c8bf7d42a1d6c2d4339915eccb0 -> 
  custom:scripting/monoscript/fileName/MainMenu.cs: c093076ba5753d7bec74a8a751ffb653 -> 
  custom:scripting/monoscript/fileName/Spline.cs: 7876820de12ed89d33ad838af99a030e -> 
  custom:scripting/monoscript/fileName/ColorGrading.cs: ef67493fb3cf9676ba5f25862510a595 -> 
  custom:scripting/monoscript/fileName/Monitor.cs: e0eb5d32b3aade2e0ce8680b00ac2b78 -> 
  custom:scripting/precompiled-assembly-types:Unity.Postprocessing.Runtime: 655cd018e42ac91ed9a03cfbdae17956 -> 
  custom:scripting/monoscript/fileName/TemporalAntialiasing.cs: 71e40fdab49d34f4e07f83936454d904 -> 
  custom:container-demuxer-ogg: 62fdf1f143b41e24485cea50d1cbac27 -> 
  custom:scripting/monoscript/fileName/AmbientOcclusion.cs: 7a27923f9312611f0b2898a72e3ee96a -> 
  custom:scripting/monoscript/fileName/PostProcessDebugLayer.cs: 6d8a99809398beddf11f92dfbb0e6ad4 -> 
  custom:scripting/monoscript/fileName/ColorUtilities.cs: 47918ebfa890b947a816b80444ee2882 -> 
  custom:scripting/monoscript/fileName/ParameterOverride.cs: 5475497db741ca919df708e5019e593d -> 
  custom:scripting/monoscript/fileName/TextureLerper.cs: 973e800795f77d61d647ea0c3f0cf284 -> 
  custom:scripting/precompiled-assembly-types:Unity.Postprocessing.Editor: 23b49e25b965492466cd147d7735360a -> 
  custom:scripting/monoscript/fileName/Vignette.cs: e0b99ac31b7575ef776e7be56647abb0 -> 
  custom:scripting/monoscript/fileName/DepthOfFieldEditor.cs: 64cce655bf722c851048e2ebbf401a7b -> 
  custom:scripting/monoscript/fileName/DefaultPostProcessEffectEditor.cs: 06a1d8fcea7725e08b95f21cc15fd0a1 -> 
  custom:scripting/monoscript/fileName/PostProcessLayer.cs: aa288976158dcd4c24041d5304f25d07 -> 
  custom:scripting/monoscript/fileName/MaxAttribute.cs: d661645ab8c724f24b3e19978e87b44c -> 
  custom:scripting/monoscript/fileName/PostProcessDebugEditor.cs: 1a0488d8742bf880cc7334e53e2cc73d -> 
  custom:video-decoder-ogg-theora: a1e56fd34408186e4bbccfd4996cb3dc -> 
  custom:scripting/monoscript/fileName/SerializedParameterOverride.cs: 5e4deaf96895d013d32a8e84ec179f8e -> 
  custom:scripting/monoscript/fileName/MeshUtilities.cs: dc5356b699afd34cf9728f4d65b476a0 -> 
  custom:scripting/monoscript/fileName/AmbientOcclusionEditor.cs: 61e5422c29b8f52188d508eb7d382167 -> 
  custom:scripting/monoscript/fileName/FastApproximateAntialiasing.cs: bf5588b2deec2689a812a7d2eacd9bd5 -> 
  custom:scripting/monoscript/fileName/MotionBlur.cs: 823914e335803785a19e5990c6ab2911 -> 
  custom:scripting/monoscript/fileName/DefineSetter.cs: 292ba08e52064b1a72f8d4bb04301dd3 -> 
  custom:framework-win-MediaFoundation: 216162199b28c13a410421893ffa2e32 -> 
  custom:scripting/monoscript/fileName/ShaderIDs.cs: 96024f1f873475da65a783f1404f9117 -> 
  custom:scripting/monoscript/fileName/PostProcessEditorAttribute.cs: 672a58b4d5bab60112487a31c361c481 -> 
  custom:scripting/monoscript/fileName/LensDistortionEditor.cs: dee045d29944d55e8040435a58a7ce90 -> 
  custom:scripting/monoscript/fileName/MotionBlurEditor.cs: 3bd8d3e7e9a7ea94beb2e5517b62d27b -> 
  custom:scripting/monoscript/fileName/Dithering.cs: 3014fffaa718d0ad6dd2c7bb7956ed46 -> 
  custom:scripting/monoscript/fileName/DecoratorAttribute.cs: be5bd39119e1a41ea1a019fdb3818a3f -> 
  custom:scripting/monoscript/fileName/DisplayNameAttribute.cs: 935a6ac504eb8a852fba40cbcae9292c -> 
  custom:scripting/monoscript/fileName/PostProcessEffectSettings.cs: 2ab9d33170e863b1a9c8a9079cdd12aa -> 
  custom:scripting/monoscript/fileName/Fog.cs: 07e271953e2bcf8513b6a72a2737e767 -> 
  custom:scripting/monoscript/fileName/PostProcessManager.cs: 28ef7780d543a8111635e1f5051383d0 -> 
  custom:scripting/monoscript/fileName/VolumeFactory.cs: cc77136700c9e1ff894d234886ccb852 -> 
  custom:CustomObjectIndexerAttribute: 9a22284fe3817be447336de3de66b15e -> 
  custom:scripting/monoscript/fileName/PostProcessEvent.cs: 8fb6e54ff2cf1a8be7ecdd01fbdd78f8 -> 
  custom:scripting/monoscript/fileName/TrackballAttribute.cs: 8dea8f77de7bd03137cc578af1ea6656 -> 
  custom:scripting/monoscript/fileName/TrackballDecorator.cs: 6a2b6c747937d12d8d81be8f5b21fbd2 -> 
  custom:scripting/monoscript/fileName/MultiScaleVO.cs: d4c4732956ffb536e016475d75f04c43 -> 
  custom:scripting/monoscript/fileName/CubeLutAssetFactory.cs: db1961888d7cabf6be94b37e3b663de4 -> 
  custom:container-demuxer-webm: 4f35f7cbe854078d1ac9338744f61a02 -> 
  custom:scripting/monoscript/fileName/PostProcessVolumeEditor.cs: 7aae71821512dcac422c45dc773293c3 -> 
  custom:scripting/monoscript/fileName/ChromaticAberration.cs: 4d59e57f8324f5f986e16678ed451410 -> 
  custom:scripting/monoscript/fileName/VignetteEditor.cs: 345736fc911c5e8ab23e579751a40e4a -> 
  custom:scripting/monoscript/fileName/Styling.cs: d1c4aa14ff93670753edfbb93fc91bfe -> 
  custom:scripting/monoscript/fileName/PostProcessEffectRendererExtensions.cs: e953624d113e7e1739c702512603957d -> 
  custom:scripting/monoscript/fileName/ScalableAO.cs: 2f29d71d59b754086c809cfee1cdce34 -> 
  custom:scripting/monoscript/fileName/PostProcessLayerEditor.cs: d16de665ece05cd6e27dcc8d7bac4b9a -> 
  custom:scripting/monoscript/fileName/MinMaxAttribute.cs: a4b6ac8a4377612c7135a60f905792f1 -> 
  custom:scripting/monoscript/fileName/SubpixelMorphologicalAntialiasing.cs: 02dcb8839824addec278047da0509aea -> 
  custom:scripting/monoscript/fileName/BaseEditor.cs: 90647cc400823b41df847a6cbfc29026 -> 
  custom:container-muxer-webm: aa71ff27fc2769a1b78a27578f13a17b -> 
  custom:video-decoder-webm-vp8: 9c59270c3fd7afecdb556c50c9e8de78 -> 
  custom:SearchIndexIgnoredProperties: e643bd26f0fe6173181afceb89e7c659 -> 
  custom:scripting/monoscript/fileName/ChromaticAberrationEditor.cs: 3043bf57519b71f64b7a6de970c2487b -> 
  custom:scripting/monoscript/fileName/PostProcessEffectRenderer.cs: 577c5acf8157ecea944bb95c8c6d9a95 -> 
  custom:AudioImporter_EditorPlatform: d09bf68614088b80899f8185d706f6e7 -> 
  custom:scripting/monoscript/fileName/TextureFormatUtilities.cs: ba58c57cfaabc0f8201a9ca6902fcb23 -> 
  custom:scripting/monoscript/fileName/PostProcessVolume.cs: 3883cef4be0567c54caf457a416a2095 -> 
  custom:scripting/monoscript/fileName/LightMeterMonitor.cs: a897ae0c731cb153281aea9ecd0efb03 -> 
  custom:scripting/monoscript/fileName/ColorGradingEditor.cs: 25838050e3e1f12ef51713a5dcf60349 -> 
  custom:scripting/monoscript/fileName/AttributeDecorator.cs: 39b465f08cd0a5df82fc2ef70b766ca2 -> 
  custom:scripting/monoscript/fileName/AutoExposureEditor.cs: dfd15824649ea346b717bc72a871d75b -> 
  custom:scripting/monoscript/fileName/LensDistortion.cs: b7963bb1da21ba484a7b59b9f6ea3aec -> 
  custom:scripting/monoscript/fileName/ResourceAssetFactory.cs: bf6acc988648d854bb3c5751325d0d0a -> 
  custom:scripting/monoscript/fileName/PostProcessProfileEditor.cs: 1dcd55858a4126cb33b0f2de53c74fbe -> 
  custom:scripting/monoscript/fileName/Skybox.cs: c122ade9e2d3a916264f47a45be02789 -> 
  custom:scripting/monoscript/fileName/PostProcessDebug.cs: a653e9b773649e7452b035b4ce1dae82 -> 
  custom:scripting/monoscript/fileName/PostProcessAttribute.cs: e125947bf72ce7382f3b16f75797c897 -> 
  custom:scripting/monoscript/fileName/Grain.cs: 43f09a87a88d9937fbb9c4dbf3d5508e -> 
  custom:scripting/monoscript/fileName/HistogramMonitor.cs: 6fd024409d6e9db8d4c2c4e26430c2ad -> 
  custom:scripting/monoscript/fileName/PostProcessProfile.cs: f6dc030e2e953b2ed0eca334cce5d5cf -> 
  custom:scripting/monoscript/fileName/ProfileFactory.cs: f835845dfebfed501813f60a1cb006a3 -> 
  custom:scripting/monoscript/fileName/PostProcessEffectEditor.cs: 90647cc400823b41df847a6cbfc29026 -> 
  custom:scripting/monoscript/fileName/CubeLutAssetImporter.cs: 5e94ca4c74dad11cc8880f33d0ba9efb -> 
  custom:scripting/monoscript/fileName/PostProcessBundle.cs: f610f855c8ae8b896b5084e85ede373e -> 
  custom:scripting/monoscript/fileName/ScreenSpaceReflectionsEditor.cs: 59c13ba25de6098e70bafe8be94f609a -> 
  custom:video-encoder-webm-vp8: eb34c28f22e8b96e1ab97ce403110664 -> 
  custom:scripting/monoscript/fileName/RuntimeUtilities.cs: 76964d36e50cc48cfa29643bdde8d9a5 -> 
  custom:scripting/monoscript/fileName/Bloom.cs: 6f6d579a64201b97313a62a1e91b3575 -> 
  custom:audio-decoder-ogg-vorbis: bf7c407c2cedff20999df2af8eb42d56 -> 
  custom:scripting/monoscript/fileName/Fade.cs: 61320f8e17687c119db9aa01d877447f -> 
  custom:scripting/monoscript/fileName/AutoExposure.cs: 0e7c21b17f53209ee8c5c61ab59d7835 -> 
  custom:scripting/monoscript/fileName/VectorscopeMonitor.cs: cb70c6437b976f01b752cd219cc47f32 -> 
  custom:scripting/monoscript/fileName/PropertySheetFactory.cs: cfc4667cc03e44252fafe18d99f24b25 -> 
  custom:scripting/monoscript/fileName/EditorUtilities.cs: 53a52fb113757c42f9c516115bd845ca -> 
  custom:scripting/monoscript/fileName/HaltonSeq.cs: a7590e55d6fae5328a1c395a2473d0cf -> 
  custom:scripting/monoscript/fileName/MinAttribute.cs: a3e7473301291585f4cca024ce307406 -> 
  custom:scripting/monoscript/fileName/DepthOfField.cs: d62178d8b5619f59fcdd6d24617ef5fd -> 
  custom:scripting/monoscript/fileName/BloomEditor.cs: c341bb26b40744c3a5c2a142ac3e1051 -> 
  custom:scripting/monoscript/fileName/WaveformMonitor.cs: 609651ee3f98f206575f684e9cce655d -> 
  custom:scripting/monoscript/fileName/HableCurve.cs: f244b24d6e7c556a2de06e25b0bbf4c1 -> 
  custom:audio-encoder-webm-vorbis: bf7c407c2cedff20999df2af8eb42d56 -> 
  custom:scripting/monoscript/fileName/PropertySheet.cs: e6bb03169eca9d33ea794a47ad6ce213 -> 
  custom:scripting/monoscript/fileName/TargetPool.cs: 6d29560228134c933c12fb1c113fb6ef -> 
  custom:scripting/monoscript/fileName/LogHistogram.cs: bab913d888834a1a8572eb834acec97c -> 
  custom:scripting/monoscript/fileName/ScreenSpaceReflections.cs: 8afa07200328ddfcb2536d4180c62536 -> 
  custom:scripting/precompiled-assembly-types:Assembly-CSharp: d6fe0ff31029f2d2cc0617ccb9ee00f5 -> b5609ffa9375a1719a4b9b879c420584
  custom:scripting/monoscript/fileName/CurveEditor.cs: f5e872b2a5a6427a1785818cb10d95d1 -> 
  custom:scripting/monoscript/fileName/PostProcessResources.cs: 5089c17a701ba9b714a1f3d25fb9a9b0 -> 
  custom:scripting/monoscript/fileName/EffectListEditor.cs: 1ecdb4094d9e64024d6eb7725a86197b -> 
========================================================================
Received Prepare
Caller must complete domain reload
Begin MonoManager ReloadAssembly
- Loaded All Assemblies, in  0.386 seconds
Native extension for WindowsStandalone target not found
Native extension for WebGL target not found
Mono: successfully reloaded assembly
- Finished resetting the current domain, in  0.824 seconds
Domain Reload Profiling: 1208ms
	BeginReloadAssembly (134ms)
		ExecutionOrderSort (0ms)
		DisableScriptedObjects (5ms)
		BackupInstance (0ms)
		ReleaseScriptingObjects (0ms)
		CreateAndSetChildDomain (24ms)
	RebuildCommonClasses (29ms)
	RebuildNativeTypeToScriptingClass (13ms)
	initialDomainReloadingComplete (30ms)
	LoadAllAssembliesAndSetupDomain (178ms)
		LoadAssemblies (242ms)
		RebuildTransferFunctionScriptingTraits (0ms)
		AnalyzeDomain (12ms)
			TypeCache.Refresh (6ms)
				TypeCache.ScanAssembly (0ms)
			ScanForSourceGeneratedMonoScriptInfo (0ms)
			ResolveRequiredComponents (4ms)
	FinalizeReload (824ms)
		ReleaseScriptCaches (0ms)
		RebuildScriptCaches (0ms)
		SetupLoadedEditorAssemblies (385ms)
			LogAssemblyErrors (0ms)
			InitializePlatformSupportModulesInManaged (8ms)
			SetLoadedEditorAssemblies (3ms)
			RefreshPlugins (0ms)
			BeforeProcessingInitializeOnLoad (52ms)
			ProcessInitializeOnLoadAttributes (293ms)
			ProcessInitializeOnLoadMethodAttributes (20ms)
			AfterProcessingInitializeOnLoad (8ms)
			EditorAssembliesLoaded (0ms)
		ExecutionOrderSort2 (0ms)
		AwakeInstancesAfterBackupRestoration (7ms)
Refreshing native plugins compatible for Editor in 5.68 ms, found 3 plugins.
Preloading 0 native plugins for Editor in 0.00 ms.
Unloading 3253 Unused Serialized files (Serialized files now loaded: 0)
Unloading 53 unused Assets / (4.0 MB). Loaded Objects now: 3904.
Memory consumption went from 222.0 MB to 218.0 MB.
Total: 5.228700 ms (FindLiveObjects: 0.275200 ms CreateObjectMapping: 0.156100 ms MarkObjects: 3.330000 ms  DeleteObjects: 1.465000 ms)

Prepare: number of updated asset objects reloaded= 0
AssetImportParameters requested are different than current active one (requested -> active):
  custom:scripting/monoscript/fileName/Decorators.cs: 4533f6715dc3f8cdabbd37ff77d1dad7 -> 
  custom:scripting/monoscript/fileName/GlobalSettings.cs: e5eb35b80bdfaee4ead1e1630fd77998 -> 
  custom:scripting/monoscript/fileName/PostProcessEffectBaseEditor.cs: 972bdf00f442be0d879dcb6868e25c8e -> 
  custom:scripting/monoscript/fileName/PostProcessRenderContext.cs: 9e034c8bf7d42a1d6c2d4339915eccb0 -> 
  custom:scripting/monoscript/fileName/MainMenu.cs: c093076ba5753d7bec74a8a751ffb653 -> 
  custom:scripting/monoscript/fileName/Spline.cs: 7876820de12ed89d33ad838af99a030e -> 
  custom:scripting/monoscript/fileName/ColorGrading.cs: ef67493fb3cf9676ba5f25862510a595 -> 
  custom:scripting/monoscript/fileName/Monitor.cs: e0eb5d32b3aade2e0ce8680b00ac2b78 -> 
  custom:scripting/precompiled-assembly-types:Unity.Postprocessing.Runtime: 655cd018e42ac91ed9a03cfbdae17956 -> 
  custom:scripting/monoscript/fileName/TemporalAntialiasing.cs: 71e40fdab49d34f4e07f83936454d904 -> 
  custom:container-demuxer-ogg: 62fdf1f143b41e24485cea50d1cbac27 -> 
  custom:scripting/monoscript/fileName/AmbientOcclusion.cs: 7a27923f9312611f0b2898a72e3ee96a -> 
  custom:scripting/monoscript/fileName/PostProcessDebugLayer.cs: 6d8a99809398beddf11f92dfbb0e6ad4 -> 
  custom:scripting/monoscript/fileName/ColorUtilities.cs: 47918ebfa890b947a816b80444ee2882 -> 
  custom:scripting/monoscript/fileName/ParameterOverride.cs: 5475497db741ca919df708e5019e593d -> 
  custom:scripting/monoscript/fileName/TextureLerper.cs: 973e800795f77d61d647ea0c3f0cf284 -> 
  custom:scripting/precompiled-assembly-types:Unity.Postprocessing.Editor: 23b49e25b965492466cd147d7735360a -> 
  custom:scripting/monoscript/fileName/Vignette.cs: e0b99ac31b7575ef776e7be56647abb0 -> 
  custom:scripting/monoscript/fileName/DepthOfFieldEditor.cs: 64cce655bf722c851048e2ebbf401a7b -> 
  custom:scripting/monoscript/fileName/DefaultPostProcessEffectEditor.cs: 06a1d8fcea7725e08b95f21cc15fd0a1 -> 
  custom:scripting/monoscript/fileName/PostProcessLayer.cs: aa288976158dcd4c24041d5304f25d07 -> 
  custom:scripting/monoscript/fileName/MaxAttribute.cs: d661645ab8c724f24b3e19978e87b44c -> 
  custom:scripting/monoscript/fileName/PostProcessDebugEditor.cs: 1a0488d8742bf880cc7334e53e2cc73d -> 
  custom:video-decoder-ogg-theora: a1e56fd34408186e4bbccfd4996cb3dc -> 
  custom:scripting/monoscript/fileName/SerializedParameterOverride.cs: 5e4deaf96895d013d32a8e84ec179f8e -> 
  custom:scripting/monoscript/fileName/MeshUtilities.cs: dc5356b699afd34cf9728f4d65b476a0 -> 
  custom:scripting/monoscript/fileName/AmbientOcclusionEditor.cs: 61e5422c29b8f52188d508eb7d382167 -> 
  custom:scripting/monoscript/fileName/FastApproximateAntialiasing.cs: bf5588b2deec2689a812a7d2eacd9bd5 -> 
  custom:scripting/monoscript/fileName/MotionBlur.cs: 823914e335803785a19e5990c6ab2911 -> 
  custom:scripting/monoscript/fileName/DefineSetter.cs: 292ba08e52064b1a72f8d4bb04301dd3 -> 
  custom:framework-win-MediaFoundation: 216162199b28c13a410421893ffa2e32 -> 
  custom:scripting/monoscript/fileName/ShaderIDs.cs: 96024f1f873475da65a783f1404f9117 -> 
  custom:scripting/monoscript/fileName/PostProcessEditorAttribute.cs: 672a58b4d5bab60112487a31c361c481 -> 
  custom:scripting/monoscript/fileName/LensDistortionEditor.cs: dee045d29944d55e8040435a58a7ce90 -> 
  custom:scripting/monoscript/fileName/MotionBlurEditor.cs: 3bd8d3e7e9a7ea94beb2e5517b62d27b -> 
  custom:scripting/monoscript/fileName/Dithering.cs: 3014fffaa718d0ad6dd2c7bb7956ed46 -> 
  custom:scripting/monoscript/fileName/DecoratorAttribute.cs: be5bd39119e1a41ea1a019fdb3818a3f -> 
  custom:scripting/monoscript/fileName/DisplayNameAttribute.cs: 935a6ac504eb8a852fba40cbcae9292c -> 
  custom:scripting/monoscript/fileName/PostProcessEffectSettings.cs: 2ab9d33170e863b1a9c8a9079cdd12aa -> 
  custom:scripting/monoscript/fileName/Fog.cs: 07e271953e2bcf8513b6a72a2737e767 -> 
  custom:scripting/monoscript/fileName/PostProcessManager.cs: 28ef7780d543a8111635e1f5051383d0 -> 
  custom:scripting/monoscript/fileName/VolumeFactory.cs: cc77136700c9e1ff894d234886ccb852 -> 
  custom:CustomObjectIndexerAttribute: 9a22284fe3817be447336de3de66b15e -> 
  custom:scripting/monoscript/fileName/PostProcessEvent.cs: 8fb6e54ff2cf1a8be7ecdd01fbdd78f8 -> 
  custom:scripting/monoscript/fileName/TrackballAttribute.cs: 8dea8f77de7bd03137cc578af1ea6656 -> 
  custom:scripting/monoscript/fileName/TrackballDecorator.cs: 6a2b6c747937d12d8d81be8f5b21fbd2 -> 
  custom:scripting/monoscript/fileName/MultiScaleVO.cs: d4c4732956ffb536e016475d75f04c43 -> 
  custom:scripting/monoscript/fileName/CubeLutAssetFactory.cs: db1961888d7cabf6be94b37e3b663de4 -> 
  custom:container-demuxer-webm: 4f35f7cbe854078d1ac9338744f61a02 -> 
  custom:scripting/monoscript/fileName/PostProcessVolumeEditor.cs: 7aae71821512dcac422c45dc773293c3 -> 
  custom:scripting/monoscript/fileName/ChromaticAberration.cs: 4d59e57f8324f5f986e16678ed451410 -> 
  custom:scripting/monoscript/fileName/VignetteEditor.cs: 345736fc911c5e8ab23e579751a40e4a -> 
  custom:scripting/monoscript/fileName/Styling.cs: d1c4aa14ff93670753edfbb93fc91bfe -> 
  custom:scripting/monoscript/fileName/PostProcessEffectRendererExtensions.cs: e953624d113e7e1739c702512603957d -> 
  custom:scripting/monoscript/fileName/ScalableAO.cs: 2f29d71d59b754086c809cfee1cdce34 -> 
  custom:scripting/monoscript/fileName/PostProcessLayerEditor.cs: d16de665ece05cd6e27dcc8d7bac4b9a -> 
  custom:scripting/monoscript/fileName/MinMaxAttribute.cs: a4b6ac8a4377612c7135a60f905792f1 -> 
  custom:scripting/monoscript/fileName/SubpixelMorphologicalAntialiasing.cs: 02dcb8839824addec278047da0509aea -> 
  custom:scripting/monoscript/fileName/BaseEditor.cs: 90647cc400823b41df847a6cbfc29026 -> 
  custom:container-muxer-webm: aa71ff27fc2769a1b78a27578f13a17b -> 
  custom:video-decoder-webm-vp8: 9c59270c3fd7afecdb556c50c9e8de78 -> 
  custom:SearchIndexIgnoredProperties: e643bd26f0fe6173181afceb89e7c659 -> 
  custom:scripting/monoscript/fileName/ChromaticAberrationEditor.cs: 3043bf57519b71f64b7a6de970c2487b -> 
  custom:scripting/monoscript/fileName/PostProcessEffectRenderer.cs: 577c5acf8157ecea944bb95c8c6d9a95 -> 
  custom:AudioImporter_EditorPlatform: d09bf68614088b80899f8185d706f6e7 -> 
  custom:scripting/monoscript/fileName/TextureFormatUtilities.cs: ba58c57cfaabc0f8201a9ca6902fcb23 -> 
  custom:scripting/monoscript/fileName/PostProcessVolume.cs: 3883cef4be0567c54caf457a416a2095 -> 
  custom:scripting/monoscript/fileName/LightMeterMonitor.cs: a897ae0c731cb153281aea9ecd0efb03 -> 
  custom:scripting/monoscript/fileName/ColorGradingEditor.cs: 25838050e3e1f12ef51713a5dcf60349 -> 
  custom:scripting/monoscript/fileName/AttributeDecorator.cs: 39b465f08cd0a5df82fc2ef70b766ca2 -> 
  custom:scripting/monoscript/fileName/AutoExposureEditor.cs: dfd15824649ea346b717bc72a871d75b -> 
  custom:scripting/monoscript/fileName/LensDistortion.cs: b7963bb1da21ba484a7b59b9f6ea3aec -> 
  custom:scripting/monoscript/fileName/ResourceAssetFactory.cs: bf6acc988648d854bb3c5751325d0d0a -> 
  custom:scripting/monoscript/fileName/PostProcessProfileEditor.cs: 1dcd55858a4126cb33b0f2de53c74fbe -> 
  custom:scripting/monoscript/fileName/Skybox.cs: c122ade9e2d3a916264f47a45be02789 -> 
  custom:scripting/monoscript/fileName/PostProcessDebug.cs: a653e9b773649e7452b035b4ce1dae82 -> 
  custom:scripting/monoscript/fileName/PostProcessAttribute.cs: e125947bf72ce7382f3b16f75797c897 -> 
  custom:scripting/monoscript/fileName/Grain.cs: 43f09a87a88d9937fbb9c4dbf3d5508e -> 
  custom:scripting/monoscript/fileName/HistogramMonitor.cs: 6fd024409d6e9db8d4c2c4e26430c2ad -> 
  custom:scripting/monoscript/fileName/PostProcessProfile.cs: f6dc030e2e953b2ed0eca334cce5d5cf -> 
  custom:scripting/monoscript/fileName/ProfileFactory.cs: f835845dfebfed501813f60a1cb006a3 -> 
  custom:scripting/monoscript/fileName/PostProcessEffectEditor.cs: 90647cc400823b41df847a6cbfc29026 -> 
  custom:scripting/monoscript/fileName/CubeLutAssetImporter.cs: 5e94ca4c74dad11cc8880f33d0ba9efb -> 
  custom:scripting/monoscript/fileName/PostProcessBundle.cs: f610f855c8ae8b896b5084e85ede373e -> 
  custom:scripting/monoscript/fileName/ScreenSpaceReflectionsEditor.cs: 59c13ba25de6098e70bafe8be94f609a -> 
  custom:video-encoder-webm-vp8: eb34c28f22e8b96e1ab97ce403110664 -> 
  custom:scripting/monoscript/fileName/RuntimeUtilities.cs: 76964d36e50cc48cfa29643bdde8d9a5 -> 
  custom:scripting/monoscript/fileName/Bloom.cs: 6f6d579a64201b97313a62a1e91b3575 -> 
  custom:audio-decoder-ogg-vorbis: bf7c407c2cedff20999df2af8eb42d56 -> 
  custom:scripting/monoscript/fileName/Fade.cs: 61320f8e17687c119db9aa01d877447f -> 
  custom:scripting/monoscript/fileName/AutoExposure.cs: 0e7c21b17f53209ee8c5c61ab59d7835 -> 
  custom:scripting/monoscript/fileName/VectorscopeMonitor.cs: cb70c6437b976f01b752cd219cc47f32 -> 
  custom:scripting/monoscript/fileName/PropertySheetFactory.cs: cfc4667cc03e44252fafe18d99f24b25 -> 
  custom:scripting/monoscript/fileName/EditorUtilities.cs: 53a52fb113757c42f9c516115bd845ca -> 
  custom:scripting/monoscript/fileName/HaltonSeq.cs: a7590e55d6fae5328a1c395a2473d0cf -> 
  custom:scripting/monoscript/fileName/MinAttribute.cs: a3e7473301291585f4cca024ce307406 -> 
  custom:scripting/monoscript/fileName/DepthOfField.cs: d62178d8b5619f59fcdd6d24617ef5fd -> 
  custom:scripting/monoscript/fileName/BloomEditor.cs: c341bb26b40744c3a5c2a142ac3e1051 -> 
  custom:scripting/monoscript/fileName/WaveformMonitor.cs: 609651ee3f98f206575f684e9cce655d -> 
  custom:scripting/monoscript/fileName/HableCurve.cs: f244b24d6e7c556a2de06e25b0bbf4c1 -> 
  custom:audio-encoder-webm-vorbis: bf7c407c2cedff20999df2af8eb42d56 -> 
  custom:scripting/monoscript/fileName/PropertySheet.cs: e6bb03169eca9d33ea794a47ad6ce213 -> 
  custom:scripting/monoscript/fileName/TargetPool.cs: 6d29560228134c933c12fb1c113fb6ef -> 
  custom:scripting/monoscript/fileName/LogHistogram.cs: bab913d888834a1a8572eb834acec97c -> 
  custom:scripting/monoscript/fileName/ScreenSpaceReflections.cs: 8afa07200328ddfcb2536d4180c62536 -> 
  custom:scripting/precompiled-assembly-types:Assembly-CSharp: d6fe0ff31029f2d2cc0617ccb9ee00f5 -> b5609ffa9375a1719a4b9b879c420584
  custom:scripting/monoscript/fileName/CurveEditor.cs: f5e872b2a5a6427a1785818cb10d95d1 -> 
  custom:scripting/monoscript/fileName/PostProcessResources.cs: 5089c17a701ba9b714a1f3d25fb9a9b0 -> 
  custom:scripting/monoscript/fileName/EffectListEditor.cs: 1ecdb4094d9e64024d6eb7725a86197b -> 
========================================================================
Received Prepare
Caller must complete domain reload
Begin MonoManager ReloadAssembly
- Loaded All Assemblies, in  0.406 seconds
Native extension for WindowsStandalone target not found
Native extension for WebGL target not found
Mono: successfully reloaded assembly
- Finished resetting the current domain, in  0.819 seconds
Domain Reload Profiling: 1223ms
	BeginReloadAssembly (142ms)
		ExecutionOrderSort (0ms)
		DisableScriptedObjects (5ms)
		BackupInstance (0ms)
		ReleaseScriptingObjects (0ms)
		CreateAndSetChildDomain (27ms)
	RebuildCommonClasses (28ms)
	RebuildNativeTypeToScriptingClass (9ms)
	initialDomainReloadingComplete (27ms)
	LoadAllAssembliesAndSetupDomain (197ms)
		LoadAssemblies (264ms)
		RebuildTransferFunctionScriptingTraits (0ms)
		AnalyzeDomain (14ms)
			TypeCache.Refresh (7ms)
				TypeCache.ScanAssembly (0ms)
			ScanForSourceGeneratedMonoScriptInfo (0ms)
			ResolveRequiredComponents (5ms)
	FinalizeReload (820ms)
		ReleaseScriptCaches (0ms)
		RebuildScriptCaches (0ms)
		SetupLoadedEditorAssemblies (374ms)
			LogAssemblyErrors (0ms)
			InitializePlatformSupportModulesInManaged (7ms)
			SetLoadedEditorAssemblies (3ms)
			RefreshPlugins (0ms)
			BeforeProcessingInitializeOnLoad (53ms)
			ProcessInitializeOnLoadAttributes (281ms)
			ProcessInitializeOnLoadMethodAttributes (22ms)
			AfterProcessingInitializeOnLoad (8ms)
			EditorAssembliesLoaded (0ms)
		ExecutionOrderSort2 (0ms)
		AwakeInstancesAfterBackupRestoration (8ms)
Refreshing native plugins compatible for Editor in 5.59 ms, found 3 plugins.
Preloading 0 native plugins for Editor in 0.00 ms.
Unloading 3253 Unused Serialized files (Serialized files now loaded: 0)
Unloading 53 unused Assets / (4.0 MB). Loaded Objects now: 3907.
Memory consumption went from 222.0 MB to 218.0 MB.
Total: 5.487800 ms (FindLiveObjects: 0.276400 ms CreateObjectMapping: 0.161500 ms MarkObjects: 3.343400 ms  DeleteObjects: 1.705100 ms)

Prepare: number of updated asset objects reloaded= 0
AssetImportParameters requested are different than current active one (requested -> active):
  custom:scripting/monoscript/fileName/Decorators.cs: 4533f6715dc3f8cdabbd37ff77d1dad7 -> 
  custom:scripting/monoscript/fileName/GlobalSettings.cs: e5eb35b80bdfaee4ead1e1630fd77998 -> 
  custom:scripting/monoscript/fileName/PostProcessEffectBaseEditor.cs: 972bdf00f442be0d879dcb6868e25c8e -> 
  custom:scripting/monoscript/fileName/PostProcessRenderContext.cs: 9e034c8bf7d42a1d6c2d4339915eccb0 -> 
  custom:scripting/monoscript/fileName/MainMenu.cs: c093076ba5753d7bec74a8a751ffb653 -> 
  custom:scripting/monoscript/fileName/Spline.cs: 7876820de12ed89d33ad838af99a030e -> 
  custom:scripting/monoscript/fileName/ColorGrading.cs: ef67493fb3cf9676ba5f25862510a595 -> 
  custom:scripting/monoscript/fileName/Monitor.cs: e0eb5d32b3aade2e0ce8680b00ac2b78 -> 
  custom:scripting/precompiled-assembly-types:Unity.Postprocessing.Runtime: 655cd018e42ac91ed9a03cfbdae17956 -> 
  custom:scripting/monoscript/fileName/TemporalAntialiasing.cs: 71e40fdab49d34f4e07f83936454d904 -> 
  custom:container-demuxer-ogg: 62fdf1f143b41e24485cea50d1cbac27 -> 
  custom:scripting/monoscript/fileName/AmbientOcclusion.cs: 7a27923f9312611f0b2898a72e3ee96a -> 
  custom:scripting/monoscript/fileName/PostProcessDebugLayer.cs: 6d8a99809398beddf11f92dfbb0e6ad4 -> 
  custom:scripting/monoscript/fileName/ColorUtilities.cs: 47918ebfa890b947a816b80444ee2882 -> 
  custom:scripting/monoscript/fileName/ParameterOverride.cs: 5475497db741ca919df708e5019e593d -> 
  custom:scripting/monoscript/fileName/TextureLerper.cs: 973e800795f77d61d647ea0c3f0cf284 -> 
  custom:scripting/precompiled-assembly-types:Unity.Postprocessing.Editor: 23b49e25b965492466cd147d7735360a -> 
  custom:scripting/monoscript/fileName/Vignette.cs: e0b99ac31b7575ef776e7be56647abb0 -> 
  custom:scripting/monoscript/fileName/DepthOfFieldEditor.cs: 64cce655bf722c851048e2ebbf401a7b -> 
  custom:scripting/monoscript/fileName/DefaultPostProcessEffectEditor.cs: 06a1d8fcea7725e08b95f21cc15fd0a1 -> 
  custom:scripting/monoscript/fileName/PostProcessLayer.cs: aa288976158dcd4c24041d5304f25d07 -> 
  custom:scripting/monoscript/fileName/MaxAttribute.cs: d661645ab8c724f24b3e19978e87b44c -> 
  custom:scripting/monoscript/fileName/PostProcessDebugEditor.cs: 1a0488d8742bf880cc7334e53e2cc73d -> 
  custom:video-decoder-ogg-theora: a1e56fd34408186e4bbccfd4996cb3dc -> 
  custom:scripting/monoscript/fileName/SerializedParameterOverride.cs: 5e4deaf96895d013d32a8e84ec179f8e -> 
  custom:scripting/monoscript/fileName/MeshUtilities.cs: dc5356b699afd34cf9728f4d65b476a0 -> 
  custom:scripting/monoscript/fileName/AmbientOcclusionEditor.cs: 61e5422c29b8f52188d508eb7d382167 -> 
  custom:scripting/monoscript/fileName/FastApproximateAntialiasing.cs: bf5588b2deec2689a812a7d2eacd9bd5 -> 
  custom:scripting/monoscript/fileName/MotionBlur.cs: 823914e335803785a19e5990c6ab2911 -> 
  custom:scripting/monoscript/fileName/DefineSetter.cs: 292ba08e52064b1a72f8d4bb04301dd3 -> 
  custom:framework-win-MediaFoundation: 216162199b28c13a410421893ffa2e32 -> 
  custom:scripting/monoscript/fileName/ShaderIDs.cs: 96024f1f873475da65a783f1404f9117 -> 
  custom:scripting/monoscript/fileName/PostProcessEditorAttribute.cs: 672a58b4d5bab60112487a31c361c481 -> 
  custom:scripting/monoscript/fileName/LensDistortionEditor.cs: dee045d29944d55e8040435a58a7ce90 -> 
  custom:scripting/monoscript/fileName/MotionBlurEditor.cs: 3bd8d3e7e9a7ea94beb2e5517b62d27b -> 
  custom:scripting/monoscript/fileName/Dithering.cs: 3014fffaa718d0ad6dd2c7bb7956ed46 -> 
  custom:scripting/monoscript/fileName/DecoratorAttribute.cs: be5bd39119e1a41ea1a019fdb3818a3f -> 
  custom:scripting/monoscript/fileName/DisplayNameAttribute.cs: 935a6ac504eb8a852fba40cbcae9292c -> 
  custom:scripting/monoscript/fileName/PostProcessEffectSettings.cs: 2ab9d33170e863b1a9c8a9079cdd12aa -> 
  custom:scripting/monoscript/fileName/Fog.cs: 07e271953e2bcf8513b6a72a2737e767 -> 
  custom:scripting/monoscript/fileName/PostProcessManager.cs: 28ef7780d543a8111635e1f5051383d0 -> 
  custom:scripting/monoscript/fileName/VolumeFactory.cs: cc77136700c9e1ff894d234886ccb852 -> 
  custom:CustomObjectIndexerAttribute: 9a22284fe3817be447336de3de66b15e -> 
  custom:scripting/monoscript/fileName/PostProcessEvent.cs: 8fb6e54ff2cf1a8be7ecdd01fbdd78f8 -> 
  custom:scripting/monoscript/fileName/TrackballAttribute.cs: 8dea8f77de7bd03137cc578af1ea6656 -> 
  custom:scripting/monoscript/fileName/TrackballDecorator.cs: 6a2b6c747937d12d8d81be8f5b21fbd2 -> 
  custom:scripting/monoscript/fileName/MultiScaleVO.cs: d4c4732956ffb536e016475d75f04c43 -> 
  custom:scripting/monoscript/fileName/CubeLutAssetFactory.cs: db1961888d7cabf6be94b37e3b663de4 -> 
  custom:container-demuxer-webm: 4f35f7cbe854078d1ac9338744f61a02 -> 
  custom:scripting/monoscript/fileName/PostProcessVolumeEditor.cs: 7aae71821512dcac422c45dc773293c3 -> 
  custom:scripting/monoscript/fileName/ChromaticAberration.cs: 4d59e57f8324f5f986e16678ed451410 -> 
  custom:scripting/monoscript/fileName/VignetteEditor.cs: 345736fc911c5e8ab23e579751a40e4a -> 
  custom:scripting/monoscript/fileName/Styling.cs: d1c4aa14ff93670753edfbb93fc91bfe -> 
  custom:scripting/monoscript/fileName/PostProcessEffectRendererExtensions.cs: e953624d113e7e1739c702512603957d -> 
  custom:scripting/monoscript/fileName/ScalableAO.cs: 2f29d71d59b754086c809cfee1cdce34 -> 
  custom:scripting/monoscript/fileName/PostProcessLayerEditor.cs: d16de665ece05cd6e27dcc8d7bac4b9a -> 
  custom:scripting/monoscript/fileName/MinMaxAttribute.cs: a4b6ac8a4377612c7135a60f905792f1 -> 
  custom:scripting/monoscript/fileName/SubpixelMorphologicalAntialiasing.cs: 02dcb8839824addec278047da0509aea -> 
  custom:scripting/monoscript/fileName/BaseEditor.cs: 90647cc400823b41df847a6cbfc29026 -> 
  custom:container-muxer-webm: aa71ff27fc2769a1b78a27578f13a17b -> 
  custom:video-decoder-webm-vp8: 9c59270c3fd7afecdb556c50c9e8de78 -> 
  custom:SearchIndexIgnoredProperties: e643bd26f0fe6173181afceb89e7c659 -> 
  custom:scripting/monoscript/fileName/ChromaticAberrationEditor.cs: 3043bf57519b71f64b7a6de970c2487b -> 
  custom:scripting/monoscript/fileName/PostProcessEffectRenderer.cs: 577c5acf8157ecea944bb95c8c6d9a95 -> 
  custom:AudioImporter_EditorPlatform: d09bf68614088b80899f8185d706f6e7 -> 
  custom:scripting/monoscript/fileName/TextureFormatUtilities.cs: ba58c57cfaabc0f8201a9ca6902fcb23 -> 
  custom:scripting/monoscript/fileName/PostProcessVolume.cs: 3883cef4be0567c54caf457a416a2095 -> 
  custom:scripting/monoscript/fileName/LightMeterMonitor.cs: a897ae0c731cb153281aea9ecd0efb03 -> 
  custom:scripting/monoscript/fileName/ColorGradingEditor.cs: 25838050e3e1f12ef51713a5dcf60349 -> 
  custom:scripting/monoscript/fileName/AttributeDecorator.cs: 39b465f08cd0a5df82fc2ef70b766ca2 -> 
  custom:scripting/monoscript/fileName/AutoExposureEditor.cs: dfd15824649ea346b717bc72a871d75b -> 
  custom:scripting/monoscript/fileName/LensDistortion.cs: b7963bb1da21ba484a7b59b9f6ea3aec -> 
  custom:scripting/monoscript/fileName/ResourceAssetFactory.cs: bf6acc988648d854bb3c5751325d0d0a -> 
  custom:scripting/monoscript/fileName/PostProcessProfileEditor.cs: 1dcd55858a4126cb33b0f2de53c74fbe -> 
  custom:scripting/monoscript/fileName/Skybox.cs: c122ade9e2d3a916264f47a45be02789 -> 
  custom:scripting/monoscript/fileName/PostProcessDebug.cs: a653e9b773649e7452b035b4ce1dae82 -> 
  custom:scripting/monoscript/fileName/PostProcessAttribute.cs: e125947bf72ce7382f3b16f75797c897 -> 
  custom:scripting/monoscript/fileName/Grain.cs: 43f09a87a88d9937fbb9c4dbf3d5508e -> 
  custom:scripting/monoscript/fileName/HistogramMonitor.cs: 6fd024409d6e9db8d4c2c4e26430c2ad -> 
  custom:scripting/monoscript/fileName/PostProcessProfile.cs: f6dc030e2e953b2ed0eca334cce5d5cf -> 
  custom:scripting/monoscript/fileName/ProfileFactory.cs: f835845dfebfed501813f60a1cb006a3 -> 
  custom:scripting/monoscript/fileName/PostProcessEffectEditor.cs: 90647cc400823b41df847a6cbfc29026 -> 
  custom:scripting/monoscript/fileName/CubeLutAssetImporter.cs: 5e94ca4c74dad11cc8880f33d0ba9efb -> 
  custom:scripting/monoscript/fileName/PostProcessBundle.cs: f610f855c8ae8b896b5084e85ede373e -> 
  custom:scripting/monoscript/fileName/ScreenSpaceReflectionsEditor.cs: 59c13ba25de6098e70bafe8be94f609a -> 
  custom:video-encoder-webm-vp8: eb34c28f22e8b96e1ab97ce403110664 -> 
  custom:scripting/monoscript/fileName/RuntimeUtilities.cs: 76964d36e50cc48cfa29643bdde8d9a5 -> 
  custom:scripting/monoscript/fileName/Bloom.cs: 6f6d579a64201b97313a62a1e91b3575 -> 
  custom:audio-decoder-ogg-vorbis: bf7c407c2cedff20999df2af8eb42d56 -> 
  custom:scripting/monoscript/fileName/Fade.cs: 61320f8e17687c119db9aa01d877447f -> 
  custom:scripting/monoscript/fileName/AutoExposure.cs: 0e7c21b17f53209ee8c5c61ab59d7835 -> 
  custom:scripting/monoscript/fileName/VectorscopeMonitor.cs: cb70c6437b976f01b752cd219cc47f32 -> 
  custom:scripting/monoscript/fileName/PropertySheetFactory.cs: cfc4667cc03e44252fafe18d99f24b25 -> 
  custom:scripting/monoscript/fileName/EditorUtilities.cs: 53a52fb113757c42f9c516115bd845ca -> 
  custom:scripting/monoscript/fileName/HaltonSeq.cs: a7590e55d6fae5328a1c395a2473d0cf -> 
  custom:scripting/monoscript/fileName/MinAttribute.cs: a3e7473301291585f4cca024ce307406 -> 
  custom:scripting/monoscript/fileName/DepthOfField.cs: d62178d8b5619f59fcdd6d24617ef5fd -> 
  custom:scripting/monoscript/fileName/BloomEditor.cs: c341bb26b40744c3a5c2a142ac3e1051 -> 
  custom:scripting/monoscript/fileName/WaveformMonitor.cs: 609651ee3f98f206575f684e9cce655d -> 
  custom:scripting/monoscript/fileName/HableCurve.cs: f244b24d6e7c556a2de06e25b0bbf4c1 -> 
  custom:audio-encoder-webm-vorbis: bf7c407c2cedff20999df2af8eb42d56 -> 
  custom:scripting/monoscript/fileName/PropertySheet.cs: e6bb03169eca9d33ea794a47ad6ce213 -> 
  custom:scripting/monoscript/fileName/TargetPool.cs: 6d29560228134c933c12fb1c113fb6ef -> 
  custom:scripting/monoscript/fileName/LogHistogram.cs: bab913d888834a1a8572eb834acec97c -> 
  custom:scripting/monoscript/fileName/ScreenSpaceReflections.cs: 8afa07200328ddfcb2536d4180c62536 -> 
  custom:scripting/precompiled-assembly-types:Assembly-CSharp: d6fe0ff31029f2d2cc0617ccb9ee00f5 -> b5609ffa9375a1719a4b9b879c420584
  custom:scripting/monoscript/fileName/CurveEditor.cs: f5e872b2a5a6427a1785818cb10d95d1 -> 
  custom:scripting/monoscript/fileName/PostProcessResources.cs: 5089c17a701ba9b714a1f3d25fb9a9b0 -> 
  custom:scripting/monoscript/fileName/EffectListEditor.cs: 1ecdb4094d9e64024d6eb7725a86197b -> 
========================================================================
Received Prepare
Caller must complete domain reload
Begin MonoManager ReloadAssembly
- Loaded All Assemblies, in  0.369 seconds
Native extension for WindowsStandalone target not found
Native extension for WebGL target not found
Mono: successfully reloaded assembly
- Finished resetting the current domain, in  0.796 seconds
Domain Reload Profiling: 1163ms
	BeginReloadAssembly (129ms)
		ExecutionOrderSort (0ms)
		DisableScriptedObjects (4ms)
		BackupInstance (0ms)
		ReleaseScriptingObjects (0ms)
		CreateAndSetChildDomain (24ms)
	RebuildCommonClasses (27ms)
	RebuildNativeTypeToScriptingClass (8ms)
	initialDomainReloadingComplete (27ms)
	LoadAllAssembliesAndSetupDomain (175ms)
		LoadAssemblies (234ms)
		RebuildTransferFunctionScriptingTraits (0ms)
		AnalyzeDomain (12ms)
			TypeCache.Refresh (6ms)
				TypeCache.ScanAssembly (0ms)
			ScanForSourceGeneratedMonoScriptInfo (0ms)
			ResolveRequiredComponents (5ms)
	FinalizeReload (797ms)
		ReleaseScriptCaches (0ms)
		RebuildScriptCaches (0ms)
		SetupLoadedEditorAssemblies (343ms)
			LogAssemblyErrors (0ms)
			InitializePlatformSupportModulesInManaged (7ms)
			SetLoadedEditorAssemblies (3ms)
			RefreshPlugins (0ms)
			BeforeProcessingInitializeOnLoad (51ms)
			ProcessInitializeOnLoadAttributes (255ms)
			ProcessInitializeOnLoadMethodAttributes (21ms)
			AfterProcessingInitializeOnLoad (8ms)
			EditorAssembliesLoaded (0ms)
		ExecutionOrderSort2 (0ms)
		AwakeInstancesAfterBackupRestoration (7ms)
Refreshing native plugins compatible for Editor in 5.56 ms, found 3 plugins.
Preloading 0 native plugins for Editor in 0.00 ms.
Unloading 3253 Unused Serialized files (Serialized files now loaded: 0)
Unloading 53 unused Assets / (4.0 MB). Loaded Objects now: 3910.
Memory consumption went from 222.0 MB to 218.0 MB.
Total: 4.997600 ms (FindLiveObjects: 0.285400 ms CreateObjectMapping: 0.187200 ms MarkObjects: 3.081400 ms  DeleteObjects: 1.441900 ms)

Prepare: number of updated asset objects reloaded= 0
AssetImportParameters requested are different than current active one (requested -> active):
  custom:scripting/monoscript/fileName/Decorators.cs: 4533f6715dc3f8cdabbd37ff77d1dad7 -> 
  custom:scripting/monoscript/fileName/GlobalSettings.cs: e5eb35b80bdfaee4ead1e1630fd77998 -> 
  custom:scripting/monoscript/fileName/PostProcessEffectBaseEditor.cs: 972bdf00f442be0d879dcb6868e25c8e -> 
  custom:scripting/monoscript/fileName/PostProcessRenderContext.cs: 9e034c8bf7d42a1d6c2d4339915eccb0 -> 
  custom:scripting/monoscript/fileName/MainMenu.cs: c093076ba5753d7bec74a8a751ffb653 -> 
  custom:scripting/monoscript/fileName/Spline.cs: 7876820de12ed89d33ad838af99a030e -> 
  custom:scripting/monoscript/fileName/ColorGrading.cs: ef67493fb3cf9676ba5f25862510a595 -> 
  custom:scripting/monoscript/fileName/Monitor.cs: e0eb5d32b3aade2e0ce8680b00ac2b78 -> 
  custom:scripting/precompiled-assembly-types:Unity.Postprocessing.Runtime: 655cd018e42ac91ed9a03cfbdae17956 -> 
  custom:scripting/monoscript/fileName/TemporalAntialiasing.cs: 71e40fdab49d34f4e07f83936454d904 -> 
  custom:container-demuxer-ogg: 62fdf1f143b41e24485cea50d1cbac27 -> 
  custom:scripting/monoscript/fileName/AmbientOcclusion.cs: 7a27923f9312611f0b2898a72e3ee96a -> 
  custom:scripting/monoscript/fileName/PostProcessDebugLayer.cs: 6d8a99809398beddf11f92dfbb0e6ad4 -> 
  custom:scripting/monoscript/fileName/ColorUtilities.cs: 47918ebfa890b947a816b80444ee2882 -> 
  custom:scripting/monoscript/fileName/ParameterOverride.cs: 5475497db741ca919df708e5019e593d -> 
  custom:scripting/monoscript/fileName/TextureLerper.cs: 973e800795f77d61d647ea0c3f0cf284 -> 
  custom:scripting/precompiled-assembly-types:Unity.Postprocessing.Editor: 23b49e25b965492466cd147d7735360a -> 
  custom:scripting/monoscript/fileName/Vignette.cs: e0b99ac31b7575ef776e7be56647abb0 -> 
  custom:scripting/monoscript/fileName/DepthOfFieldEditor.cs: 64cce655bf722c851048e2ebbf401a7b -> 
  custom:scripting/monoscript/fileName/DefaultPostProcessEffectEditor.cs: 06a1d8fcea7725e08b95f21cc15fd0a1 -> 
  custom:scripting/monoscript/fileName/PostProcessLayer.cs: aa288976158dcd4c24041d5304f25d07 -> 
  custom:scripting/monoscript/fileName/MaxAttribute.cs: d661645ab8c724f24b3e19978e87b44c -> 
  custom:scripting/monoscript/fileName/PostProcessDebugEditor.cs: 1a0488d8742bf880cc7334e53e2cc73d -> 
  custom:video-decoder-ogg-theora: a1e56fd34408186e4bbccfd4996cb3dc -> 
  custom:scripting/monoscript/fileName/SerializedParameterOverride.cs: 5e4deaf96895d013d32a8e84ec179f8e -> 
  custom:scripting/monoscript/fileName/MeshUtilities.cs: dc5356b699afd34cf9728f4d65b476a0 -> 
  custom:scripting/monoscript/fileName/AmbientOcclusionEditor.cs: 61e5422c29b8f52188d508eb7d382167 -> 
  custom:scripting/monoscript/fileName/FastApproximateAntialiasing.cs: bf5588b2deec2689a812a7d2eacd9bd5 -> 
  custom:scripting/monoscript/fileName/MotionBlur.cs: 823914e335803785a19e5990c6ab2911 -> 
  custom:scripting/monoscript/fileName/DefineSetter.cs: 292ba08e52064b1a72f8d4bb04301dd3 -> 
  custom:framework-win-MediaFoundation: 216162199b28c13a410421893ffa2e32 -> 
  custom:scripting/monoscript/fileName/ShaderIDs.cs: 96024f1f873475da65a783f1404f9117 -> 
  custom:scripting/monoscript/fileName/PostProcessEditorAttribute.cs: 672a58b4d5bab60112487a31c361c481 -> 
  custom:scripting/monoscript/fileName/LensDistortionEditor.cs: dee045d29944d55e8040435a58a7ce90 -> 
  custom:scripting/monoscript/fileName/MotionBlurEditor.cs: 3bd8d3e7e9a7ea94beb2e5517b62d27b -> 
  custom:scripting/monoscript/fileName/Dithering.cs: 3014fffaa718d0ad6dd2c7bb7956ed46 -> 
  custom:scripting/monoscript/fileName/DecoratorAttribute.cs: be5bd39119e1a41ea1a019fdb3818a3f -> 
  custom:scripting/monoscript/fileName/DisplayNameAttribute.cs: 935a6ac504eb8a852fba40cbcae9292c -> 
  custom:scripting/monoscript/fileName/PostProcessEffectSettings.cs: 2ab9d33170e863b1a9c8a9079cdd12aa -> 
  custom:scripting/monoscript/fileName/Fog.cs: 07e271953e2bcf8513b6a72a2737e767 -> 
  custom:scripting/monoscript/fileName/PostProcessManager.cs: 28ef7780d543a8111635e1f5051383d0 -> 
  custom:scripting/monoscript/fileName/VolumeFactory.cs: cc77136700c9e1ff894d234886ccb852 -> 
  custom:CustomObjectIndexerAttribute: 9a22284fe3817be447336de3de66b15e -> 
  custom:scripting/monoscript/fileName/PostProcessEvent.cs: 8fb6e54ff2cf1a8be7ecdd01fbdd78f8 -> 
  custom:scripting/monoscript/fileName/TrackballAttribute.cs: 8dea8f77de7bd03137cc578af1ea6656 -> 
  custom:scripting/monoscript/fileName/TrackballDecorator.cs: 6a2b6c747937d12d8d81be8f5b21fbd2 -> 
  custom:scripting/monoscript/fileName/MultiScaleVO.cs: d4c4732956ffb536e016475d75f04c43 -> 
  custom:scripting/monoscript/fileName/CubeLutAssetFactory.cs: db1961888d7cabf6be94b37e3b663de4 -> 
  custom:container-demuxer-webm: 4f35f7cbe854078d1ac9338744f61a02 -> 
  custom:scripting/monoscript/fileName/PostProcessVolumeEditor.cs: 7aae71821512dcac422c45dc773293c3 -> 
  custom:scripting/monoscript/fileName/ChromaticAberration.cs: 4d59e57f8324f5f986e16678ed451410 -> 
  custom:scripting/monoscript/fileName/VignetteEditor.cs: 345736fc911c5e8ab23e579751a40e4a -> 
  custom:scripting/monoscript/fileName/Styling.cs: d1c4aa14ff93670753edfbb93fc91bfe -> 
  custom:scripting/monoscript/fileName/PostProcessEffectRendererExtensions.cs: e953624d113e7e1739c702512603957d -> 
  custom:scripting/monoscript/fileName/ScalableAO.cs: 2f29d71d59b754086c809cfee1cdce34 -> 
  custom:scripting/monoscript/fileName/PostProcessLayerEditor.cs: d16de665ece05cd6e27dcc8d7bac4b9a -> 
  custom:scripting/monoscript/fileName/MinMaxAttribute.cs: a4b6ac8a4377612c7135a60f905792f1 -> 
  custom:scripting/monoscript/fileName/SubpixelMorphologicalAntialiasing.cs: 02dcb8839824addec278047da0509aea -> 
  custom:scripting/monoscript/fileName/BaseEditor.cs: 90647cc400823b41df847a6cbfc29026 -> 
  custom:container-muxer-webm: aa71ff27fc2769a1b78a27578f13a17b -> 
  custom:video-decoder-webm-vp8: 9c59270c3fd7afecdb556c50c9e8de78 -> 
  custom:SearchIndexIgnoredProperties: e643bd26f0fe6173181afceb89e7c659 -> 
  custom:scripting/monoscript/fileName/ChromaticAberrationEditor.cs: 3043bf57519b71f64b7a6de970c2487b -> 
  custom:scripting/monoscript/fileName/PostProcessEffectRenderer.cs: 577c5acf8157ecea944bb95c8c6d9a95 -> 
  custom:AudioImporter_EditorPlatform: d09bf68614088b80899f8185d706f6e7 -> 
  custom:scripting/monoscript/fileName/TextureFormatUtilities.cs: ba58c57cfaabc0f8201a9ca6902fcb23 -> 
  custom:scripting/monoscript/fileName/PostProcessVolume.cs: 3883cef4be0567c54caf457a416a2095 -> 
  custom:scripting/monoscript/fileName/LightMeterMonitor.cs: a897ae0c731cb153281aea9ecd0efb03 -> 
  custom:scripting/monoscript/fileName/ColorGradingEditor.cs: 25838050e3e1f12ef51713a5dcf60349 -> 
  custom:scripting/monoscript/fileName/AttributeDecorator.cs: 39b465f08cd0a5df82fc2ef70b766ca2 -> 
  custom:scripting/monoscript/fileName/AutoExposureEditor.cs: dfd15824649ea346b717bc72a871d75b -> 
  custom:scripting/monoscript/fileName/LensDistortion.cs: b7963bb1da21ba484a7b59b9f6ea3aec -> 
  custom:scripting/monoscript/fileName/ResourceAssetFactory.cs: bf6acc988648d854bb3c5751325d0d0a -> 
  custom:scripting/monoscript/fileName/PostProcessProfileEditor.cs: 1dcd55858a4126cb33b0f2de53c74fbe -> 
  custom:scripting/monoscript/fileName/Skybox.cs: c122ade9e2d3a916264f47a45be02789 -> 
  custom:scripting/monoscript/fileName/PostProcessDebug.cs: a653e9b773649e7452b035b4ce1dae82 -> 
  custom:scripting/monoscript/fileName/PostProcessAttribute.cs: e125947bf72ce7382f3b16f75797c897 -> 
  custom:scripting/monoscript/fileName/Grain.cs: 43f09a87a88d9937fbb9c4dbf3d5508e -> 
  custom:scripting/monoscript/fileName/HistogramMonitor.cs: 6fd024409d6e9db8d4c2c4e26430c2ad -> 
  custom:scripting/monoscript/fileName/PostProcessProfile.cs: f6dc030e2e953b2ed0eca334cce5d5cf -> 
  custom:scripting/monoscript/fileName/ProfileFactory.cs: f835845dfebfed501813f60a1cb006a3 -> 
  custom:scripting/monoscript/fileName/PostProcessEffectEditor.cs: 90647cc400823b41df847a6cbfc29026 -> 
  custom:scripting/monoscript/fileName/CubeLutAssetImporter.cs: 5e94ca4c74dad11cc8880f33d0ba9efb -> 
  custom:scripting/monoscript/fileName/PostProcessBundle.cs: f610f855c8ae8b896b5084e85ede373e -> 
  custom:scripting/monoscript/fileName/ScreenSpaceReflectionsEditor.cs: 59c13ba25de6098e70bafe8be94f609a -> 
  custom:video-encoder-webm-vp8: eb34c28f22e8b96e1ab97ce403110664 -> 
  custom:scripting/monoscript/fileName/RuntimeUtilities.cs: 76964d36e50cc48cfa29643bdde8d9a5 -> 
  custom:scripting/monoscript/fileName/Bloom.cs: 6f6d579a64201b97313a62a1e91b3575 -> 
  custom:audio-decoder-ogg-vorbis: bf7c407c2cedff20999df2af8eb42d56 -> 
  custom:scripting/monoscript/fileName/Fade.cs: 61320f8e17687c119db9aa01d877447f -> 
  custom:scripting/monoscript/fileName/AutoExposure.cs: 0e7c21b17f53209ee8c5c61ab59d7835 -> 
  custom:scripting/monoscript/fileName/VectorscopeMonitor.cs: cb70c6437b976f01b752cd219cc47f32 -> 
  custom:scripting/monoscript/fileName/PropertySheetFactory.cs: cfc4667cc03e44252fafe18d99f24b25 -> 
  custom:scripting/monoscript/fileName/EditorUtilities.cs: 53a52fb113757c42f9c516115bd845ca -> 
  custom:scripting/monoscript/fileName/HaltonSeq.cs: a7590e55d6fae5328a1c395a2473d0cf -> 
  custom:scripting/monoscript/fileName/MinAttribute.cs: a3e7473301291585f4cca024ce307406 -> 
  custom:scripting/monoscript/fileName/DepthOfField.cs: d62178d8b5619f59fcdd6d24617ef5fd -> 
  custom:scripting/monoscript/fileName/BloomEditor.cs: c341bb26b40744c3a5c2a142ac3e1051 -> 
  custom:scripting/monoscript/fileName/WaveformMonitor.cs: 609651ee3f98f206575f684e9cce655d -> 
  custom:scripting/monoscript/fileName/HableCurve.cs: f244b24d6e7c556a2de06e25b0bbf4c1 -> 
  custom:audio-encoder-webm-vorbis: bf7c407c2cedff20999df2af8eb42d56 -> 
  custom:scripting/monoscript/fileName/PropertySheet.cs: e6bb03169eca9d33ea794a47ad6ce213 -> 
  custom:scripting/monoscript/fileName/TargetPool.cs: 6d29560228134c933c12fb1c113fb6ef -> 
  custom:scripting/monoscript/fileName/LogHistogram.cs: bab913d888834a1a8572eb834acec97c -> 
  custom:scripting/monoscript/fileName/ScreenSpaceReflections.cs: 8afa07200328ddfcb2536d4180c62536 -> 
  custom:scripting/precompiled-assembly-types:Assembly-CSharp: d6fe0ff31029f2d2cc0617ccb9ee00f5 -> b5609ffa9375a1719a4b9b879c420584
  custom:scripting/monoscript/fileName/CurveEditor.cs: f5e872b2a5a6427a1785818cb10d95d1 -> 
  custom:scripting/monoscript/fileName/PostProcessResources.cs: 5089c17a701ba9b714a1f3d25fb9a9b0 -> 
  custom:scripting/monoscript/fileName/EffectListEditor.cs: 1ecdb4094d9e64024d6eb7725a86197b -> 
========================================================================
Received Prepare
Caller must complete domain reload
Begin MonoManager ReloadAssembly
- Loaded All Assemblies, in  0.379 seconds
Native extension for WindowsStandalone target not found
Native extension for WebGL target not found
Mono: successfully reloaded assembly
- Finished resetting the current domain, in  0.857 seconds
Domain Reload Profiling: 1233ms
	BeginReloadAssembly (127ms)
		ExecutionOrderSort (0ms)
		DisableScriptedObjects (4ms)
		BackupInstance (0ms)
		ReleaseScriptingObjects (0ms)
		CreateAndSetChildDomain (22ms)
	RebuildCommonClasses (30ms)
	RebuildNativeTypeToScriptingClass (9ms)
	initialDomainReloadingComplete (30ms)
	LoadAllAssembliesAndSetupDomain (180ms)
		LoadAssemblies (240ms)
		RebuildTransferFunctionScriptingTraits (0ms)
		AnalyzeDomain (11ms)
			TypeCache.Refresh (5ms)
				TypeCache.ScanAssembly (0ms)
			ScanForSourceGeneratedMonoScriptInfo (0ms)
			ResolveRequiredComponents (4ms)
	FinalizeReload (857ms)
		ReleaseScriptCaches (0ms)
		RebuildScriptCaches (0ms)
		SetupLoadedEditorAssemblies (411ms)
			LogAssemblyErrors (0ms)
			InitializePlatformSupportModulesInManaged (10ms)
			SetLoadedEditorAssemblies (4ms)
			RefreshPlugins (0ms)
			BeforeProcessingInitializeOnLoad (54ms)
			ProcessInitializeOnLoadAttributes (313ms)
			ProcessInitializeOnLoadMethodAttributes (22ms)
			AfterProcessingInitializeOnLoad (9ms)
			EditorAssembliesLoaded (0ms)
		ExecutionOrderSort2 (0ms)
		AwakeInstancesAfterBackupRestoration (7ms)
Refreshing native plugins compatible for Editor in 5.70 ms, found 3 plugins.
Preloading 0 native plugins for Editor in 0.00 ms.
Unloading 3253 Unused Serialized files (Serialized files now loaded: 0)
Unloading 53 unused Assets / (3.9 MB). Loaded Objects now: 3913.
Memory consumption went from 222.0 MB to 218.0 MB.
Total: 5.393800 ms (FindLiveObjects: 0.259100 ms CreateObjectMapping: 0.229900 ms MarkObjects: 3.395700 ms  DeleteObjects: 1.507400 ms)

Prepare: number of updated asset objects reloaded= 0
AssetImportParameters requested are different than current active one (requested -> active):
  custom:scripting/monoscript/fileName/Decorators.cs: 4533f6715dc3f8cdabbd37ff77d1dad7 -> 
  custom:scripting/monoscript/fileName/GlobalSettings.cs: e5eb35b80bdfaee4ead1e1630fd77998 -> 
  custom:scripting/monoscript/fileName/PostProcessEffectBaseEditor.cs: 972bdf00f442be0d879dcb6868e25c8e -> 
  custom:scripting/monoscript/fileName/PostProcessRenderContext.cs: 9e034c8bf7d42a1d6c2d4339915eccb0 -> 
  custom:scripting/monoscript/fileName/MainMenu.cs: c093076ba5753d7bec74a8a751ffb653 -> 
  custom:scripting/monoscript/fileName/Spline.cs: 7876820de12ed89d33ad838af99a030e -> 
  custom:scripting/monoscript/fileName/ColorGrading.cs: ef67493fb3cf9676ba5f25862510a595 -> 
  custom:scripting/monoscript/fileName/Monitor.cs: e0eb5d32b3aade2e0ce8680b00ac2b78 -> 
  custom:scripting/precompiled-assembly-types:Unity.Postprocessing.Runtime: 655cd018e42ac91ed9a03cfbdae17956 -> 
  custom:scripting/monoscript/fileName/TemporalAntialiasing.cs: 71e40fdab49d34f4e07f83936454d904 -> 
  custom:container-demuxer-ogg: 62fdf1f143b41e24485cea50d1cbac27 -> 
  custom:scripting/monoscript/fileName/AmbientOcclusion.cs: 7a27923f9312611f0b2898a72e3ee96a -> 
  custom:scripting/monoscript/fileName/PostProcessDebugLayer.cs: 6d8a99809398beddf11f92dfbb0e6ad4 -> 
  custom:scripting/monoscript/fileName/ColorUtilities.cs: 47918ebfa890b947a816b80444ee2882 -> 
  custom:scripting/monoscript/fileName/ParameterOverride.cs: 5475497db741ca919df708e5019e593d -> 
  custom:scripting/monoscript/fileName/TextureLerper.cs: 973e800795f77d61d647ea0c3f0cf284 -> 
  custom:scripting/precompiled-assembly-types:Unity.Postprocessing.Editor: 23b49e25b965492466cd147d7735360a -> 
  custom:scripting/monoscript/fileName/Vignette.cs: e0b99ac31b7575ef776e7be56647abb0 -> 
  custom:scripting/monoscript/fileName/DepthOfFieldEditor.cs: 64cce655bf722c851048e2ebbf401a7b -> 
  custom:scripting/monoscript/fileName/DefaultPostProcessEffectEditor.cs: 06a1d8fcea7725e08b95f21cc15fd0a1 -> 
  custom:scripting/monoscript/fileName/PostProcessLayer.cs: aa288976158dcd4c24041d5304f25d07 -> 
  custom:scripting/monoscript/fileName/MaxAttribute.cs: d661645ab8c724f24b3e19978e87b44c -> 
  custom:scripting/monoscript/fileName/PostProcessDebugEditor.cs: 1a0488d8742bf880cc7334e53e2cc73d -> 
  custom:video-decoder-ogg-theora: a1e56fd34408186e4bbccfd4996cb3dc -> 
  custom:scripting/monoscript/fileName/SerializedParameterOverride.cs: 5e4deaf96895d013d32a8e84ec179f8e -> 
  custom:scripting/monoscript/fileName/MeshUtilities.cs: dc5356b699afd34cf9728f4d65b476a0 -> 
  custom:scripting/monoscript/fileName/AmbientOcclusionEditor.cs: 61e5422c29b8f52188d508eb7d382167 -> 
  custom:scripting/monoscript/fileName/FastApproximateAntialiasing.cs: bf5588b2deec2689a812a7d2eacd9bd5 -> 
  custom:scripting/monoscript/fileName/MotionBlur.cs: 823914e335803785a19e5990c6ab2911 -> 
  custom:scripting/monoscript/fileName/DefineSetter.cs: 292ba08e52064b1a72f8d4bb04301dd3 -> 
  custom:framework-win-MediaFoundation: 216162199b28c13a410421893ffa2e32 -> 
  custom:scripting/monoscript/fileName/ShaderIDs.cs: 96024f1f873475da65a783f1404f9117 -> 
  custom:scripting/monoscript/fileName/PostProcessEditorAttribute.cs: 672a58b4d5bab60112487a31c361c481 -> 
  custom:scripting/monoscript/fileName/LensDistortionEditor.cs: dee045d29944d55e8040435a58a7ce90 -> 
  custom:scripting/monoscript/fileName/MotionBlurEditor.cs: 3bd8d3e7e9a7ea94beb2e5517b62d27b -> 
  custom:scripting/monoscript/fileName/Dithering.cs: 3014fffaa718d0ad6dd2c7bb7956ed46 -> 
  custom:scripting/monoscript/fileName/DecoratorAttribute.cs: be5bd39119e1a41ea1a019fdb3818a3f -> 
  custom:scripting/monoscript/fileName/DisplayNameAttribute.cs: 935a6ac504eb8a852fba40cbcae9292c -> 
  custom:scripting/monoscript/fileName/PostProcessEffectSettings.cs: 2ab9d33170e863b1a9c8a9079cdd12aa -> 
  custom:scripting/monoscript/fileName/Fog.cs: 07e271953e2bcf8513b6a72a2737e767 -> 
  custom:scripting/monoscript/fileName/PostProcessManager.cs: 28ef7780d543a8111635e1f5051383d0 -> 
  custom:scripting/monoscript/fileName/VolumeFactory.cs: cc77136700c9e1ff894d234886ccb852 -> 
  custom:CustomObjectIndexerAttribute: 9a22284fe3817be447336de3de66b15e -> 
  custom:scripting/monoscript/fileName/PostProcessEvent.cs: 8fb6e54ff2cf1a8be7ecdd01fbdd78f8 -> 
  custom:scripting/monoscript/fileName/TrackballAttribute.cs: 8dea8f77de7bd03137cc578af1ea6656 -> 
  custom:scripting/monoscript/fileName/TrackballDecorator.cs: 6a2b6c747937d12d8d81be8f5b21fbd2 -> 
  custom:scripting/monoscript/fileName/MultiScaleVO.cs: d4c4732956ffb536e016475d75f04c43 -> 
  custom:scripting/monoscript/fileName/CubeLutAssetFactory.cs: db1961888d7cabf6be94b37e3b663de4 -> 
  custom:container-demuxer-webm: 4f35f7cbe854078d1ac9338744f61a02 -> 
  custom:scripting/monoscript/fileName/PostProcessVolumeEditor.cs: 7aae71821512dcac422c45dc773293c3 -> 
  custom:scripting/monoscript/fileName/ChromaticAberration.cs: 4d59e57f8324f5f986e16678ed451410 -> 
  custom:scripting/monoscript/fileName/VignetteEditor.cs: 345736fc911c5e8ab23e579751a40e4a -> 
  custom:scripting/monoscript/fileName/Styling.cs: d1c4aa14ff93670753edfbb93fc91bfe -> 
  custom:scripting/monoscript/fileName/PostProcessEffectRendererExtensions.cs: e953624d113e7e1739c702512603957d -> 
  custom:scripting/monoscript/fileName/ScalableAO.cs: 2f29d71d59b754086c809cfee1cdce34 -> 
  custom:scripting/monoscript/fileName/PostProcessLayerEditor.cs: d16de665ece05cd6e27dcc8d7bac4b9a -> 
  custom:scripting/monoscript/fileName/MinMaxAttribute.cs: a4b6ac8a4377612c7135a60f905792f1 -> 
  custom:scripting/monoscript/fileName/SubpixelMorphologicalAntialiasing.cs: 02dcb8839824addec278047da0509aea -> 
  custom:scripting/monoscript/fileName/BaseEditor.cs: 90647cc400823b41df847a6cbfc29026 -> 
  custom:container-muxer-webm: aa71ff27fc2769a1b78a27578f13a17b -> 
  custom:video-decoder-webm-vp8: 9c59270c3fd7afecdb556c50c9e8de78 -> 
  custom:SearchIndexIgnoredProperties: e643bd26f0fe6173181afceb89e7c659 -> 
  custom:scripting/monoscript/fileName/ChromaticAberrationEditor.cs: 3043bf57519b71f64b7a6de970c2487b -> 
  custom:scripting/monoscript/fileName/PostProcessEffectRenderer.cs: 577c5acf8157ecea944bb95c8c6d9a95 -> 
  custom:AudioImporter_EditorPlatform: d09bf68614088b80899f8185d706f6e7 -> 
  custom:scripting/monoscript/fileName/TextureFormatUtilities.cs: ba58c57cfaabc0f8201a9ca6902fcb23 -> 
  custom:scripting/monoscript/fileName/PostProcessVolume.cs: 3883cef4be0567c54caf457a416a2095 -> 
  custom:scripting/monoscript/fileName/LightMeterMonitor.cs: a897ae0c731cb153281aea9ecd0efb03 -> 
  custom:scripting/monoscript/fileName/ColorGradingEditor.cs: 25838050e3e1f12ef51713a5dcf60349 -> 
  custom:scripting/monoscript/fileName/AttributeDecorator.cs: 39b465f08cd0a5df82fc2ef70b766ca2 -> 
  custom:scripting/monoscript/fileName/AutoExposureEditor.cs: dfd15824649ea346b717bc72a871d75b -> 
  custom:scripting/monoscript/fileName/LensDistortion.cs: b7963bb1da21ba484a7b59b9f6ea3aec -> 
  custom:scripting/monoscript/fileName/ResourceAssetFactory.cs: bf6acc988648d854bb3c5751325d0d0a -> 
  custom:scripting/monoscript/fileName/PostProcessProfileEditor.cs: 1dcd55858a4126cb33b0f2de53c74fbe -> 
  custom:scripting/monoscript/fileName/Skybox.cs: c122ade9e2d3a916264f47a45be02789 -> 
  custom:scripting/monoscript/fileName/PostProcessDebug.cs: a653e9b773649e7452b035b4ce1dae82 -> 
  custom:scripting/monoscript/fileName/PostProcessAttribute.cs: e125947bf72ce7382f3b16f75797c897 -> 
  custom:scripting/monoscript/fileName/Grain.cs: 43f09a87a88d9937fbb9c4dbf3d5508e -> 
  custom:scripting/monoscript/fileName/HistogramMonitor.cs: 6fd024409d6e9db8d4c2c4e26430c2ad -> 
  custom:scripting/monoscript/fileName/PostProcessProfile.cs: f6dc030e2e953b2ed0eca334cce5d5cf -> 
  custom:scripting/monoscript/fileName/ProfileFactory.cs: f835845dfebfed501813f60a1cb006a3 -> 
  custom:scripting/monoscript/fileName/PostProcessEffectEditor.cs: 90647cc400823b41df847a6cbfc29026 -> 
  custom:scripting/monoscript/fileName/CubeLutAssetImporter.cs: 5e94ca4c74dad11cc8880f33d0ba9efb -> 
  custom:scripting/monoscript/fileName/PostProcessBundle.cs: f610f855c8ae8b896b5084e85ede373e -> 
  custom:scripting/monoscript/fileName/ScreenSpaceReflectionsEditor.cs: 59c13ba25de6098e70bafe8be94f609a -> 
  custom:video-encoder-webm-vp8: eb34c28f22e8b96e1ab97ce403110664 -> 
  custom:scripting/monoscript/fileName/RuntimeUtilities.cs: 76964d36e50cc48cfa29643bdde8d9a5 -> 
  custom:scripting/monoscript/fileName/Bloom.cs: 6f6d579a64201b97313a62a1e91b3575 -> 
  custom:audio-decoder-ogg-vorbis: bf7c407c2cedff20999df2af8eb42d56 -> 
  custom:scripting/monoscript/fileName/Fade.cs: 61320f8e17687c119db9aa01d877447f -> 
  custom:scripting/monoscript/fileName/AutoExposure.cs: 0e7c21b17f53209ee8c5c61ab59d7835 -> 
  custom:scripting/monoscript/fileName/VectorscopeMonitor.cs: cb70c6437b976f01b752cd219cc47f32 -> 
  custom:scripting/monoscript/fileName/PropertySheetFactory.cs: cfc4667cc03e44252fafe18d99f24b25 -> 
  custom:scripting/monoscript/fileName/EditorUtilities.cs: 53a52fb113757c42f9c516115bd845ca -> 
  custom:scripting/monoscript/fileName/HaltonSeq.cs: a7590e55d6fae5328a1c395a2473d0cf -> 
  custom:scripting/monoscript/fileName/MinAttribute.cs: a3e7473301291585f4cca024ce307406 -> 
  custom:scripting/monoscript/fileName/DepthOfField.cs: d62178d8b5619f59fcdd6d24617ef5fd -> 
  custom:scripting/monoscript/fileName/BloomEditor.cs: c341bb26b40744c3a5c2a142ac3e1051 -> 
  custom:scripting/monoscript/fileName/WaveformMonitor.cs: 609651ee3f98f206575f684e9cce655d -> 
  custom:scripting/monoscript/fileName/HableCurve.cs: f244b24d6e7c556a2de06e25b0bbf4c1 -> 
  custom:audio-encoder-webm-vorbis: bf7c407c2cedff20999df2af8eb42d56 -> 
  custom:scripting/monoscript/fileName/PropertySheet.cs: e6bb03169eca9d33ea794a47ad6ce213 -> 
  custom:scripting/monoscript/fileName/TargetPool.cs: 6d29560228134c933c12fb1c113fb6ef -> 
  custom:scripting/monoscript/fileName/LogHistogram.cs: bab913d888834a1a8572eb834acec97c -> 
  custom:scripting/monoscript/fileName/ScreenSpaceReflections.cs: 8afa07200328ddfcb2536d4180c62536 -> 
  custom:scripting/precompiled-assembly-types:Assembly-CSharp: d6fe0ff31029f2d2cc0617ccb9ee00f5 -> b5609ffa9375a1719a4b9b879c420584
  custom:scripting/monoscript/fileName/CurveEditor.cs: f5e872b2a5a6427a1785818cb10d95d1 -> 
  custom:scripting/monoscript/fileName/PostProcessResources.cs: 5089c17a701ba9b714a1f3d25fb9a9b0 -> 
  custom:scripting/monoscript/fileName/EffectListEditor.cs: 1ecdb4094d9e64024d6eb7725a86197b -> 
========================================================================
Received Prepare
Caller must complete domain reload
Begin MonoManager ReloadAssembly
- Loaded All Assemblies, in  0.375 seconds
Native extension for WindowsStandalone target not found
Native extension for WebGL target not found
Mono: successfully reloaded assembly
- Finished resetting the current domain, in  0.792 seconds
Domain Reload Profiling: 1165ms
	BeginReloadAssembly (132ms)
		ExecutionOrderSort (0ms)
		DisableScriptedObjects (4ms)
		BackupInstance (0ms)
		ReleaseScriptingObjects (0ms)
		CreateAndSetChildDomain (23ms)
	RebuildCommonClasses (29ms)
	RebuildNativeTypeToScriptingClass (8ms)
	initialDomainReloadingComplete (27ms)
	LoadAllAssembliesAndSetupDomain (176ms)
		LoadAssemblies (238ms)
		RebuildTransferFunctionScriptingTraits (0ms)
		AnalyzeDomain (13ms)
			TypeCache.Refresh (5ms)
				TypeCache.ScanAssembly (0ms)
			ScanForSourceGeneratedMonoScriptInfo (0ms)
			ResolveRequiredComponents (6ms)
	FinalizeReload (792ms)
		ReleaseScriptCaches (0ms)
		RebuildScriptCaches (0ms)
		SetupLoadedEditorAssemblies (347ms)
			LogAssemblyErrors (0ms)
			InitializePlatformSupportModulesInManaged (8ms)
			SetLoadedEditorAssemblies (3ms)
			RefreshPlugins (0ms)
			BeforeProcessingInitializeOnLoad (51ms)
			ProcessInitializeOnLoadAttributes (255ms)
			ProcessInitializeOnLoadMethodAttributes (21ms)
			AfterProcessingInitializeOnLoad (8ms)
			EditorAssembliesLoaded (0ms)
		ExecutionOrderSort2 (0ms)
		AwakeInstancesAfterBackupRestoration (7ms)
Refreshing native plugins compatible for Editor in 5.47 ms, found 3 plugins.
Preloading 0 native plugins for Editor in 0.00 ms.
Unloading 3253 Unused Serialized files (Serialized files now loaded: 0)
Unloading 53 unused Assets / (4.0 MB). Loaded Objects now: 3916.
Memory consumption went from 222.0 MB to 218.0 MB.
Total: 8.003900 ms (FindLiveObjects: 0.319300 ms CreateObjectMapping: 0.306200 ms MarkObjects: 5.968400 ms  DeleteObjects: 1.408600 ms)

Prepare: number of updated asset objects reloaded= 0
AssetImportParameters requested are different than current active one (requested -> active):
  custom:scripting/monoscript/fileName/Decorators.cs: 4533f6715dc3f8cdabbd37ff77d1dad7 -> 
  custom:scripting/monoscript/fileName/GlobalSettings.cs: e5eb35b80bdfaee4ead1e1630fd77998 -> 
  custom:scripting/monoscript/fileName/PostProcessEffectBaseEditor.cs: 972bdf00f442be0d879dcb6868e25c8e -> 
  custom:scripting/monoscript/fileName/PostProcessRenderContext.cs: 9e034c8bf7d42a1d6c2d4339915eccb0 -> 
  custom:scripting/monoscript/fileName/MainMenu.cs: c093076ba5753d7bec74a8a751ffb653 -> 
  custom:scripting/monoscript/fileName/Spline.cs: 7876820de12ed89d33ad838af99a030e -> 
  custom:scripting/monoscript/fileName/ColorGrading.cs: ef67493fb3cf9676ba5f25862510a595 -> 
  custom:scripting/monoscript/fileName/Monitor.cs: e0eb5d32b3aade2e0ce8680b00ac2b78 -> 
  custom:scripting/precompiled-assembly-types:Unity.Postprocessing.Runtime: 655cd018e42ac91ed9a03cfbdae17956 -> 
  custom:scripting/monoscript/fileName/TemporalAntialiasing.cs: 71e40fdab49d34f4e07f83936454d904 -> 
  custom:container-demuxer-ogg: 62fdf1f143b41e24485cea50d1cbac27 -> 
  custom:scripting/monoscript/fileName/AmbientOcclusion.cs: 7a27923f9312611f0b2898a72e3ee96a -> 
  custom:scripting/monoscript/fileName/PostProcessDebugLayer.cs: 6d8a99809398beddf11f92dfbb0e6ad4 -> 
  custom:scripting/monoscript/fileName/ColorUtilities.cs: 47918ebfa890b947a816b80444ee2882 -> 
  custom:scripting/monoscript/fileName/ParameterOverride.cs: 5475497db741ca919df708e5019e593d -> 
  custom:scripting/monoscript/fileName/TextureLerper.cs: 973e800795f77d61d647ea0c3f0cf284 -> 
  custom:scripting/precompiled-assembly-types:Unity.Postprocessing.Editor: 23b49e25b965492466cd147d7735360a -> 
  custom:scripting/monoscript/fileName/Vignette.cs: e0b99ac31b7575ef776e7be56647abb0 -> 
  custom:scripting/monoscript/fileName/DepthOfFieldEditor.cs: 64cce655bf722c851048e2ebbf401a7b -> 
  custom:scripting/monoscript/fileName/DefaultPostProcessEffectEditor.cs: 06a1d8fcea7725e08b95f21cc15fd0a1 -> 
  custom:scripting/monoscript/fileName/PostProcessLayer.cs: aa288976158dcd4c24041d5304f25d07 -> 
  custom:scripting/monoscript/fileName/MaxAttribute.cs: d661645ab8c724f24b3e19978e87b44c -> 
  custom:scripting/monoscript/fileName/PostProcessDebugEditor.cs: 1a0488d8742bf880cc7334e53e2cc73d -> 
  custom:video-decoder-ogg-theora: a1e56fd34408186e4bbccfd4996cb3dc -> 
  custom:scripting/monoscript/fileName/SerializedParameterOverride.cs: 5e4deaf96895d013d32a8e84ec179f8e -> 
  custom:scripting/monoscript/fileName/MeshUtilities.cs: dc5356b699afd34cf9728f4d65b476a0 -> 
  custom:scripting/monoscript/fileName/AmbientOcclusionEditor.cs: 61e5422c29b8f52188d508eb7d382167 -> 
  custom:scripting/monoscript/fileName/FastApproximateAntialiasing.cs: bf5588b2deec2689a812a7d2eacd9bd5 -> 
  custom:scripting/monoscript/fileName/MotionBlur.cs: 823914e335803785a19e5990c6ab2911 -> 
  custom:scripting/monoscript/fileName/DefineSetter.cs: 292ba08e52064b1a72f8d4bb04301dd3 -> 
  custom:framework-win-MediaFoundation: 216162199b28c13a410421893ffa2e32 -> 
  custom:scripting/monoscript/fileName/ShaderIDs.cs: 96024f1f873475da65a783f1404f9117 -> 
  custom:scripting/monoscript/fileName/PostProcessEditorAttribute.cs: 672a58b4d5bab60112487a31c361c481 -> 
  custom:scripting/monoscript/fileName/LensDistortionEditor.cs: dee045d29944d55e8040435a58a7ce90 -> 
  custom:scripting/monoscript/fileName/MotionBlurEditor.cs: 3bd8d3e7e9a7ea94beb2e5517b62d27b -> 
  custom:scripting/monoscript/fileName/Dithering.cs: 3014fffaa718d0ad6dd2c7bb7956ed46 -> 
  custom:scripting/monoscript/fileName/DecoratorAttribute.cs: be5bd39119e1a41ea1a019fdb3818a3f -> 
  custom:scripting/monoscript/fileName/DisplayNameAttribute.cs: 935a6ac504eb8a852fba40cbcae9292c -> 
  custom:scripting/monoscript/fileName/PostProcessEffectSettings.cs: 2ab9d33170e863b1a9c8a9079cdd12aa -> 
  custom:scripting/monoscript/fileName/Fog.cs: 07e271953e2bcf8513b6a72a2737e767 -> 
  custom:scripting/monoscript/fileName/PostProcessManager.cs: 28ef7780d543a8111635e1f5051383d0 -> 
  custom:scripting/monoscript/fileName/VolumeFactory.cs: cc77136700c9e1ff894d234886ccb852 -> 
  custom:CustomObjectIndexerAttribute: 9a22284fe3817be447336de3de66b15e -> 
  custom:scripting/monoscript/fileName/PostProcessEvent.cs: 8fb6e54ff2cf1a8be7ecdd01fbdd78f8 -> 
  custom:scripting/monoscript/fileName/TrackballAttribute.cs: 8dea8f77de7bd03137cc578af1ea6656 -> 
  custom:scripting/monoscript/fileName/TrackballDecorator.cs: 6a2b6c747937d12d8d81be8f5b21fbd2 -> 
  custom:scripting/monoscript/fileName/MultiScaleVO.cs: d4c4732956ffb536e016475d75f04c43 -> 
  custom:scripting/monoscript/fileName/CubeLutAssetFactory.cs: db1961888d7cabf6be94b37e3b663de4 -> 
  custom:container-demuxer-webm: 4f35f7cbe854078d1ac9338744f61a02 -> 
  custom:scripting/monoscript/fileName/PostProcessVolumeEditor.cs: 7aae71821512dcac422c45dc773293c3 -> 
  custom:scripting/monoscript/fileName/ChromaticAberration.cs: 4d59e57f8324f5f986e16678ed451410 -> 
  custom:scripting/monoscript/fileName/VignetteEditor.cs: 345736fc911c5e8ab23e579751a40e4a -> 
  custom:scripting/monoscript/fileName/Styling.cs: d1c4aa14ff93670753edfbb93fc91bfe -> 
  custom:scripting/monoscript/fileName/PostProcessEffectRendererExtensions.cs: e953624d113e7e1739c702512603957d -> 
  custom:scripting/monoscript/fileName/ScalableAO.cs: 2f29d71d59b754086c809cfee1cdce34 -> 
  custom:scripting/monoscript/fileName/PostProcessLayerEditor.cs: d16de665ece05cd6e27dcc8d7bac4b9a -> 
  custom:scripting/monoscript/fileName/MinMaxAttribute.cs: a4b6ac8a4377612c7135a60f905792f1 -> 
  custom:scripting/monoscript/fileName/SubpixelMorphologicalAntialiasing.cs: 02dcb8839824addec278047da0509aea -> 
  custom:scripting/monoscript/fileName/BaseEditor.cs: 90647cc400823b41df847a6cbfc29026 -> 
  custom:container-muxer-webm: aa71ff27fc2769a1b78a27578f13a17b -> 
  custom:video-decoder-webm-vp8: 9c59270c3fd7afecdb556c50c9e8de78 -> 
  custom:SearchIndexIgnoredProperties: e643bd26f0fe6173181afceb89e7c659 -> 
  custom:scripting/monoscript/fileName/ChromaticAberrationEditor.cs: 3043bf57519b71f64b7a6de970c2487b -> 
  custom:scripting/monoscript/fileName/PostProcessEffectRenderer.cs: 577c5acf8157ecea944bb95c8c6d9a95 -> 
  custom:AudioImporter_EditorPlatform: d09bf68614088b80899f8185d706f6e7 -> 
  custom:scripting/monoscript/fileName/TextureFormatUtilities.cs: ba58c57cfaabc0f8201a9ca6902fcb23 -> 
  custom:scripting/monoscript/fileName/PostProcessVolume.cs: 3883cef4be0567c54caf457a416a2095 -> 
  custom:scripting/monoscript/fileName/LightMeterMonitor.cs: a897ae0c731cb153281aea9ecd0efb03 -> 
  custom:scripting/monoscript/fileName/ColorGradingEditor.cs: 25838050e3e1f12ef51713a5dcf60349 -> 
  custom:scripting/monoscript/fileName/AttributeDecorator.cs: 39b465f08cd0a5df82fc2ef70b766ca2 -> 
  custom:scripting/monoscript/fileName/AutoExposureEditor.cs: dfd15824649ea346b717bc72a871d75b -> 
  custom:scripting/monoscript/fileName/LensDistortion.cs: b7963bb1da21ba484a7b59b9f6ea3aec -> 
  custom:scripting/monoscript/fileName/ResourceAssetFactory.cs: bf6acc988648d854bb3c5751325d0d0a -> 
  custom:scripting/monoscript/fileName/PostProcessProfileEditor.cs: 1dcd55858a4126cb33b0f2de53c74fbe -> 
  custom:scripting/monoscript/fileName/Skybox.cs: c122ade9e2d3a916264f47a45be02789 -> 
  custom:scripting/monoscript/fileName/PostProcessDebug.cs: a653e9b773649e7452b035b4ce1dae82 -> 
  custom:scripting/monoscript/fileName/PostProcessAttribute.cs: e125947bf72ce7382f3b16f75797c897 -> 
  custom:scripting/monoscript/fileName/Grain.cs: 43f09a87a88d9937fbb9c4dbf3d5508e -> 
  custom:scripting/monoscript/fileName/HistogramMonitor.cs: 6fd024409d6e9db8d4c2c4e26430c2ad -> 
  custom:scripting/monoscript/fileName/PostProcessProfile.cs: f6dc030e2e953b2ed0eca334cce5d5cf -> 
  custom:scripting/monoscript/fileName/ProfileFactory.cs: f835845dfebfed501813f60a1cb006a3 -> 
  custom:scripting/monoscript/fileName/PostProcessEffectEditor.cs: 90647cc400823b41df847a6cbfc29026 -> 
  custom:scripting/monoscript/fileName/CubeLutAssetImporter.cs: 5e94ca4c74dad11cc8880f33d0ba9efb -> 
  custom:scripting/monoscript/fileName/PostProcessBundle.cs: f610f855c8ae8b896b5084e85ede373e -> 
  custom:scripting/monoscript/fileName/ScreenSpaceReflectionsEditor.cs: 59c13ba25de6098e70bafe8be94f609a -> 
  custom:video-encoder-webm-vp8: eb34c28f22e8b96e1ab97ce403110664 -> 
  custom:scripting/monoscript/fileName/RuntimeUtilities.cs: 76964d36e50cc48cfa29643bdde8d9a5 -> 
  custom:scripting/monoscript/fileName/Bloom.cs: 6f6d579a64201b97313a62a1e91b3575 -> 
  custom:audio-decoder-ogg-vorbis: bf7c407c2cedff20999df2af8eb42d56 -> 
  custom:scripting/monoscript/fileName/Fade.cs: 61320f8e17687c119db9aa01d877447f -> 
  custom:scripting/monoscript/fileName/AutoExposure.cs: 0e7c21b17f53209ee8c5c61ab59d7835 -> 
  custom:scripting/monoscript/fileName/VectorscopeMonitor.cs: cb70c6437b976f01b752cd219cc47f32 -> 
  custom:scripting/monoscript/fileName/PropertySheetFactory.cs: cfc4667cc03e44252fafe18d99f24b25 -> 
  custom:scripting/monoscript/fileName/EditorUtilities.cs: 53a52fb113757c42f9c516115bd845ca -> 
  custom:scripting/monoscript/fileName/HaltonSeq.cs: a7590e55d6fae5328a1c395a2473d0cf -> 
  custom:scripting/monoscript/fileName/MinAttribute.cs: a3e7473301291585f4cca024ce307406 -> 
  custom:scripting/monoscript/fileName/DepthOfField.cs: d62178d8b5619f59fcdd6d24617ef5fd -> 
  custom:scripting/monoscript/fileName/BloomEditor.cs: c341bb26b40744c3a5c2a142ac3e1051 -> 
  custom:scripting/monoscript/fileName/WaveformMonitor.cs: 609651ee3f98f206575f684e9cce655d -> 
  custom:scripting/monoscript/fileName/HableCurve.cs: f244b24d6e7c556a2de06e25b0bbf4c1 -> 
  custom:audio-encoder-webm-vorbis: bf7c407c2cedff20999df2af8eb42d56 -> 
  custom:scripting/monoscript/fileName/PropertySheet.cs: e6bb03169eca9d33ea794a47ad6ce213 -> 
  custom:scripting/monoscript/fileName/TargetPool.cs: 6d29560228134c933c12fb1c113fb6ef -> 
  custom:scripting/monoscript/fileName/LogHistogram.cs: bab913d888834a1a8572eb834acec97c -> 
  custom:scripting/monoscript/fileName/ScreenSpaceReflections.cs: 8afa07200328ddfcb2536d4180c62536 -> 
  custom:scripting/precompiled-assembly-types:Assembly-CSharp: d6fe0ff31029f2d2cc0617ccb9ee00f5 -> b5609ffa9375a1719a4b9b879c420584
  custom:scripting/monoscript/fileName/CurveEditor.cs: f5e872b2a5a6427a1785818cb10d95d1 -> 
  custom:scripting/monoscript/fileName/PostProcessResources.cs: 5089c17a701ba9b714a1f3d25fb9a9b0 -> 
  custom:scripting/monoscript/fileName/EffectListEditor.cs: 1ecdb4094d9e64024d6eb7725a86197b -> 
========================================================================
Received Prepare
Caller must complete domain reload
Begin MonoManager ReloadAssembly
- Loaded All Assemblies, in  0.369 seconds
Native extension for WindowsStandalone target not found
Native extension for WebGL target not found
Mono: successfully reloaded assembly
- Finished resetting the current domain, in  0.814 seconds
Domain Reload Profiling: 1181ms
	BeginReloadAssembly (128ms)
		ExecutionOrderSort (0ms)
		DisableScriptedObjects (4ms)
		BackupInstance (0ms)
		ReleaseScriptingObjects (0ms)
		CreateAndSetChildDomain (23ms)
	RebuildCommonClasses (27ms)
	RebuildNativeTypeToScriptingClass (8ms)
	initialDomainReloadingComplete (26ms)
	LoadAllAssembliesAndSetupDomain (178ms)
		LoadAssemblies (235ms)
		RebuildTransferFunctionScriptingTraits (0ms)
		AnalyzeDomain (12ms)
			TypeCache.Refresh (6ms)
				TypeCache.ScanAssembly (0ms)
			ScanForSourceGeneratedMonoScriptInfo (0ms)
			ResolveRequiredComponents (5ms)
	FinalizeReload (815ms)
		ReleaseScriptCaches (0ms)
		RebuildScriptCaches (0ms)
		SetupLoadedEditorAssemblies (373ms)
			LogAssemblyErrors (0ms)
			InitializePlatformSupportModulesInManaged (9ms)
			SetLoadedEditorAssemblies (3ms)
			RefreshPlugins (0ms)
			BeforeProcessingInitializeOnLoad (56ms)
			ProcessInitializeOnLoadAttributes (273ms)
			ProcessInitializeOnLoadMethodAttributes (22ms)
			AfterProcessingInitializeOnLoad (9ms)
			EditorAssembliesLoaded (0ms)
		ExecutionOrderSort2 (0ms)
		AwakeInstancesAfterBackupRestoration (8ms)
Refreshing native plugins compatible for Editor in 5.58 ms, found 3 plugins.
Preloading 0 native plugins for Editor in 0.00 ms.
Unloading 3253 Unused Serialized files (Serialized files now loaded: 0)
Unloading 53 unused Assets / (4.0 MB). Loaded Objects now: 3919.
Memory consumption went from 222.0 MB to 218.0 MB.
Total: 5.070000 ms (FindLiveObjects: 0.268200 ms CreateObjectMapping: 0.181400 ms MarkObjects: 3.118900 ms  DeleteObjects: 1.499600 ms)

Prepare: number of updated asset objects reloaded= 0
AssetImportParameters requested are different than current active one (requested -> active):
  custom:scripting/monoscript/fileName/Decorators.cs: 4533f6715dc3f8cdabbd37ff77d1dad7 -> 
  custom:scripting/monoscript/fileName/GlobalSettings.cs: e5eb35b80bdfaee4ead1e1630fd77998 -> 
  custom:scripting/monoscript/fileName/PostProcessEffectBaseEditor.cs: 972bdf00f442be0d879dcb6868e25c8e -> 
  custom:scripting/monoscript/fileName/PostProcessRenderContext.cs: 9e034c8bf7d42a1d6c2d4339915eccb0 -> 
  custom:scripting/monoscript/fileName/MainMenu.cs: c093076ba5753d7bec74a8a751ffb653 -> 
  custom:scripting/monoscript/fileName/Spline.cs: 7876820de12ed89d33ad838af99a030e -> 
  custom:scripting/monoscript/fileName/ColorGrading.cs: ef67493fb3cf9676ba5f25862510a595 -> 
  custom:scripting/monoscript/fileName/Monitor.cs: e0eb5d32b3aade2e0ce8680b00ac2b78 -> 
  custom:scripting/precompiled-assembly-types:Unity.Postprocessing.Runtime: 655cd018e42ac91ed9a03cfbdae17956 -> 
  custom:scripting/monoscript/fileName/TemporalAntialiasing.cs: 71e40fdab49d34f4e07f83936454d904 -> 
  custom:container-demuxer-ogg: 62fdf1f143b41e24485cea50d1cbac27 -> 
  custom:scripting/monoscript/fileName/AmbientOcclusion.cs: 7a27923f9312611f0b2898a72e3ee96a -> 
  custom:scripting/monoscript/fileName/PostProcessDebugLayer.cs: 6d8a99809398beddf11f92dfbb0e6ad4 -> 
  custom:scripting/monoscript/fileName/ColorUtilities.cs: 47918ebfa890b947a816b80444ee2882 -> 
  custom:scripting/monoscript/fileName/ParameterOverride.cs: 5475497db741ca919df708e5019e593d -> 
  custom:scripting/monoscript/fileName/TextureLerper.cs: 973e800795f77d61d647ea0c3f0cf284 -> 
  custom:scripting/precompiled-assembly-types:Unity.Postprocessing.Editor: 23b49e25b965492466cd147d7735360a -> 
  custom:scripting/monoscript/fileName/Vignette.cs: e0b99ac31b7575ef776e7be56647abb0 -> 
  custom:scripting/monoscript/fileName/DepthOfFieldEditor.cs: 64cce655bf722c851048e2ebbf401a7b -> 
  custom:scripting/monoscript/fileName/DefaultPostProcessEffectEditor.cs: 06a1d8fcea7725e08b95f21cc15fd0a1 -> 
  custom:scripting/monoscript/fileName/PostProcessLayer.cs: aa288976158dcd4c24041d5304f25d07 -> 
  custom:scripting/monoscript/fileName/MaxAttribute.cs: d661645ab8c724f24b3e19978e87b44c -> 
  custom:scripting/monoscript/fileName/PostProcessDebugEditor.cs: 1a0488d8742bf880cc7334e53e2cc73d -> 
  custom:video-decoder-ogg-theora: a1e56fd34408186e4bbccfd4996cb3dc -> 
  custom:scripting/monoscript/fileName/SerializedParameterOverride.cs: 5e4deaf96895d013d32a8e84ec179f8e -> 
  custom:scripting/monoscript/fileName/MeshUtilities.cs: dc5356b699afd34cf9728f4d65b476a0 -> 
  custom:scripting/monoscript/fileName/AmbientOcclusionEditor.cs: 61e5422c29b8f52188d508eb7d382167 -> 
  custom:scripting/monoscript/fileName/FastApproximateAntialiasing.cs: bf5588b2deec2689a812a7d2eacd9bd5 -> 
  custom:scripting/monoscript/fileName/MotionBlur.cs: 823914e335803785a19e5990c6ab2911 -> 
  custom:scripting/monoscript/fileName/DefineSetter.cs: 292ba08e52064b1a72f8d4bb04301dd3 -> 
  custom:framework-win-MediaFoundation: 216162199b28c13a410421893ffa2e32 -> 
  custom:scripting/monoscript/fileName/ShaderIDs.cs: 96024f1f873475da65a783f1404f9117 -> 
  custom:scripting/monoscript/fileName/PostProcessEditorAttribute.cs: 672a58b4d5bab60112487a31c361c481 -> 
  custom:scripting/monoscript/fileName/LensDistortionEditor.cs: dee045d29944d55e8040435a58a7ce90 -> 
  custom:scripting/monoscript/fileName/MotionBlurEditor.cs: 3bd8d3e7e9a7ea94beb2e5517b62d27b -> 
  custom:scripting/monoscript/fileName/Dithering.cs: 3014fffaa718d0ad6dd2c7bb7956ed46 -> 
  custom:scripting/monoscript/fileName/DecoratorAttribute.cs: be5bd39119e1a41ea1a019fdb3818a3f -> 
  custom:scripting/monoscript/fileName/DisplayNameAttribute.cs: 935a6ac504eb8a852fba40cbcae9292c -> 
  custom:scripting/monoscript/fileName/PostProcessEffectSettings.cs: 2ab9d33170e863b1a9c8a9079cdd12aa -> 
  custom:scripting/monoscript/fileName/Fog.cs: 07e271953e2bcf8513b6a72a2737e767 -> 
  custom:scripting/monoscript/fileName/PostProcessManager.cs: 28ef7780d543a8111635e1f5051383d0 -> 
  custom:scripting/monoscript/fileName/VolumeFactory.cs: cc77136700c9e1ff894d234886ccb852 -> 
  custom:CustomObjectIndexerAttribute: 9a22284fe3817be447336de3de66b15e -> 
  custom:scripting/monoscript/fileName/PostProcessEvent.cs: 8fb6e54ff2cf1a8be7ecdd01fbdd78f8 -> 
  custom:scripting/monoscript/fileName/TrackballAttribute.cs: 8dea8f77de7bd03137cc578af1ea6656 -> 
  custom:scripting/monoscript/fileName/TrackballDecorator.cs: 6a2b6c747937d12d8d81be8f5b21fbd2 -> 
  custom:scripting/monoscript/fileName/MultiScaleVO.cs: d4c4732956ffb536e016475d75f04c43 -> 
  custom:scripting/monoscript/fileName/CubeLutAssetFactory.cs: db1961888d7cabf6be94b37e3b663de4 -> 
  custom:container-demuxer-webm: 4f35f7cbe854078d1ac9338744f61a02 -> 
  custom:scripting/monoscript/fileName/PostProcessVolumeEditor.cs: 7aae71821512dcac422c45dc773293c3 -> 
  custom:scripting/monoscript/fileName/ChromaticAberration.cs: 4d59e57f8324f5f986e16678ed451410 -> 
  custom:scripting/monoscript/fileName/VignetteEditor.cs: 345736fc911c5e8ab23e579751a40e4a -> 
  custom:scripting/monoscript/fileName/Styling.cs: d1c4aa14ff93670753edfbb93fc91bfe -> 
  custom:scripting/monoscript/fileName/PostProcessEffectRendererExtensions.cs: e953624d113e7e1739c702512603957d -> 
  custom:scripting/monoscript/fileName/ScalableAO.cs: 2f29d71d59b754086c809cfee1cdce34 -> 
  custom:scripting/monoscript/fileName/PostProcessLayerEditor.cs: d16de665ece05cd6e27dcc8d7bac4b9a -> 
  custom:scripting/monoscript/fileName/MinMaxAttribute.cs: a4b6ac8a4377612c7135a60f905792f1 -> 
  custom:scripting/monoscript/fileName/SubpixelMorphologicalAntialiasing.cs: 02dcb8839824addec278047da0509aea -> 
  custom:scripting/monoscript/fileName/BaseEditor.cs: 90647cc400823b41df847a6cbfc29026 -> 
  custom:container-muxer-webm: aa71ff27fc2769a1b78a27578f13a17b -> 
  custom:video-decoder-webm-vp8: 9c59270c3fd7afecdb556c50c9e8de78 -> 
  custom:SearchIndexIgnoredProperties: e643bd26f0fe6173181afceb89e7c659 -> 
  custom:scripting/monoscript/fileName/ChromaticAberrationEditor.cs: 3043bf57519b71f64b7a6de970c2487b -> 
  custom:scripting/monoscript/fileName/PostProcessEffectRenderer.cs: 577c5acf8157ecea944bb95c8c6d9a95 -> 
  custom:AudioImporter_EditorPlatform: d09bf68614088b80899f8185d706f6e7 -> 
  custom:scripting/monoscript/fileName/TextureFormatUtilities.cs: ba58c57cfaabc0f8201a9ca6902fcb23 -> 
  custom:scripting/monoscript/fileName/PostProcessVolume.cs: 3883cef4be0567c54caf457a416a2095 -> 
  custom:scripting/monoscript/fileName/LightMeterMonitor.cs: a897ae0c731cb153281aea9ecd0efb03 -> 
  custom:scripting/monoscript/fileName/ColorGradingEditor.cs: 25838050e3e1f12ef51713a5dcf60349 -> 
  custom:scripting/monoscript/fileName/AttributeDecorator.cs: 39b465f08cd0a5df82fc2ef70b766ca2 -> 
  custom:scripting/monoscript/fileName/AutoExposureEditor.cs: dfd15824649ea346b717bc72a871d75b -> 
  custom:scripting/monoscript/fileName/LensDistortion.cs: b7963bb1da21ba484a7b59b9f6ea3aec -> 
  custom:scripting/monoscript/fileName/ResourceAssetFactory.cs: bf6acc988648d854bb3c5751325d0d0a -> 
  custom:scripting/monoscript/fileName/PostProcessProfileEditor.cs: 1dcd55858a4126cb33b0f2de53c74fbe -> 
  custom:scripting/monoscript/fileName/Skybox.cs: c122ade9e2d3a916264f47a45be02789 -> 
  custom:scripting/monoscript/fileName/PostProcessDebug.cs: a653e9b773649e7452b035b4ce1dae82 -> 
  custom:scripting/monoscript/fileName/PostProcessAttribute.cs: e125947bf72ce7382f3b16f75797c897 -> 
  custom:scripting/monoscript/fileName/Grain.cs: 43f09a87a88d9937fbb9c4dbf3d5508e -> 
  custom:scripting/monoscript/fileName/HistogramMonitor.cs: 6fd024409d6e9db8d4c2c4e26430c2ad -> 
  custom:scripting/monoscript/fileName/PostProcessProfile.cs: f6dc030e2e953b2ed0eca334cce5d5cf -> 
  custom:scripting/monoscript/fileName/ProfileFactory.cs: f835845dfebfed501813f60a1cb006a3 -> 
  custom:scripting/monoscript/fileName/PostProcessEffectEditor.cs: 90647cc400823b41df847a6cbfc29026 -> 
  custom:scripting/monoscript/fileName/CubeLutAssetImporter.cs: 5e94ca4c74dad11cc8880f33d0ba9efb -> 
  custom:scripting/monoscript/fileName/PostProcessBundle.cs: f610f855c8ae8b896b5084e85ede373e -> 
  custom:scripting/monoscript/fileName/ScreenSpaceReflectionsEditor.cs: 59c13ba25de6098e70bafe8be94f609a -> 
  custom:video-encoder-webm-vp8: eb34c28f22e8b96e1ab97ce403110664 -> 
  custom:scripting/monoscript/fileName/RuntimeUtilities.cs: 76964d36e50cc48cfa29643bdde8d9a5 -> 
  custom:scripting/monoscript/fileName/Bloom.cs: 6f6d579a64201b97313a62a1e91b3575 -> 
  custom:audio-decoder-ogg-vorbis: bf7c407c2cedff20999df2af8eb42d56 -> 
  custom:scripting/monoscript/fileName/Fade.cs: 61320f8e17687c119db9aa01d877447f -> 
  custom:scripting/monoscript/fileName/AutoExposure.cs: 0e7c21b17f53209ee8c5c61ab59d7835 -> 
  custom:scripting/monoscript/fileName/VectorscopeMonitor.cs: cb70c6437b976f01b752cd219cc47f32 -> 
  custom:scripting/monoscript/fileName/PropertySheetFactory.cs: cfc4667cc03e44252fafe18d99f24b25 -> 
  custom:scripting/monoscript/fileName/EditorUtilities.cs: 53a52fb113757c42f9c516115bd845ca -> 
  custom:scripting/monoscript/fileName/HaltonSeq.cs: a7590e55d6fae5328a1c395a2473d0cf -> 
  custom:scripting/monoscript/fileName/MinAttribute.cs: a3e7473301291585f4cca024ce307406 -> 
  custom:scripting/monoscript/fileName/DepthOfField.cs: d62178d8b5619f59fcdd6d24617ef5fd -> 
  custom:scripting/monoscript/fileName/BloomEditor.cs: c341bb26b40744c3a5c2a142ac3e1051 -> 
  custom:scripting/monoscript/fileName/WaveformMonitor.cs: 609651ee3f98f206575f684e9cce655d -> 
  custom:scripting/monoscript/fileName/HableCurve.cs: f244b24d6e7c556a2de06e25b0bbf4c1 -> 
  custom:audio-encoder-webm-vorbis: bf7c407c2cedff20999df2af8eb42d56 -> 
  custom:scripting/monoscript/fileName/PropertySheet.cs: e6bb03169eca9d33ea794a47ad6ce213 -> 
  custom:scripting/monoscript/fileName/TargetPool.cs: 6d29560228134c933c12fb1c113fb6ef -> 
  custom:scripting/monoscript/fileName/LogHistogram.cs: bab913d888834a1a8572eb834acec97c -> 
  custom:scripting/monoscript/fileName/ScreenSpaceReflections.cs: 8afa07200328ddfcb2536d4180c62536 -> 
  custom:scripting/precompiled-assembly-types:Assembly-CSharp: d6fe0ff31029f2d2cc0617ccb9ee00f5 -> b5609ffa9375a1719a4b9b879c420584
  custom:scripting/monoscript/fileName/CurveEditor.cs: f5e872b2a5a6427a1785818cb10d95d1 -> 
  custom:scripting/monoscript/fileName/PostProcessResources.cs: 5089c17a701ba9b714a1f3d25fb9a9b0 -> 
  custom:scripting/monoscript/fileName/EffectListEditor.cs: 1ecdb4094d9e64024d6eb7725a86197b -> 
========================================================================
Received Prepare
Caller must complete domain reload
Begin MonoManager ReloadAssembly
- Loaded All Assemblies, in  0.388 seconds
Native extension for WindowsStandalone target not found
Native extension for WebGL target not found
Mono: successfully reloaded assembly
- Finished resetting the current domain, in  0.785 seconds
Domain Reload Profiling: 1170ms
	BeginReloadAssembly (133ms)
		ExecutionOrderSort (0ms)
		DisableScriptedObjects (4ms)
		BackupInstance (0ms)
		ReleaseScriptingObjects (0ms)
		CreateAndSetChildDomain (24ms)
	RebuildCommonClasses (34ms)
	RebuildNativeTypeToScriptingClass (12ms)
	initialDomainReloadingComplete (29ms)
	LoadAllAssembliesAndSetupDomain (177ms)
		LoadAssemblies (238ms)
		RebuildTransferFunctionScriptingTraits (0ms)
		AnalyzeDomain (14ms)
			TypeCache.Refresh (6ms)
				TypeCache.ScanAssembly (0ms)
			ScanForSourceGeneratedMonoScriptInfo (0ms)
			ResolveRequiredComponents (6ms)
	FinalizeReload (785ms)
		ReleaseScriptCaches (0ms)
		RebuildScriptCaches (0ms)
		SetupLoadedEditorAssemblies (347ms)
			LogAssemblyErrors (0ms)
			InitializePlatformSupportModulesInManaged (8ms)
			SetLoadedEditorAssemblies (3ms)
			RefreshPlugins (0ms)
			BeforeProcessingInitializeOnLoad (51ms)
			ProcessInitializeOnLoadAttributes (257ms)
			ProcessInitializeOnLoadMethodAttributes (20ms)
			AfterProcessingInitializeOnLoad (8ms)
			EditorAssembliesLoaded (0ms)
		ExecutionOrderSort2 (0ms)
		AwakeInstancesAfterBackupRestoration (8ms)
Refreshing native plugins compatible for Editor in 5.99 ms, found 3 plugins.
Preloading 0 native plugins for Editor in 0.00 ms.
Unloading 3253 Unused Serialized files (Serialized files now loaded: 0)
Unloading 53 unused Assets / (4.0 MB). Loaded Objects now: 3922.
Memory consumption went from 222.0 MB to 218.0 MB.
Total: 5.348100 ms (FindLiveObjects: 0.330500 ms CreateObjectMapping: 0.231400 ms MarkObjects: 3.298200 ms  DeleteObjects: 1.485200 ms)

Prepare: number of updated asset objects reloaded= 0
AssetImportParameters requested are different than current active one (requested -> active):
  custom:scripting/monoscript/fileName/Decorators.cs: 4533f6715dc3f8cdabbd37ff77d1dad7 -> 
  custom:scripting/monoscript/fileName/GlobalSettings.cs: e5eb35b80bdfaee4ead1e1630fd77998 -> 
  custom:scripting/monoscript/fileName/PostProcessEffectBaseEditor.cs: 972bdf00f442be0d879dcb6868e25c8e -> 
  custom:scripting/monoscript/fileName/PostProcessRenderContext.cs: 9e034c8bf7d42a1d6c2d4339915eccb0 -> 
  custom:scripting/monoscript/fileName/MainMenu.cs: c093076ba5753d7bec74a8a751ffb653 -> 
  custom:scripting/monoscript/fileName/Spline.cs: 7876820de12ed89d33ad838af99a030e -> 
  custom:scripting/monoscript/fileName/ColorGrading.cs: ef67493fb3cf9676ba5f25862510a595 -> 
  custom:scripting/monoscript/fileName/Monitor.cs: e0eb5d32b3aade2e0ce8680b00ac2b78 -> 
  custom:scripting/precompiled-assembly-types:Unity.Postprocessing.Runtime: 655cd018e42ac91ed9a03cfbdae17956 -> 
  custom:scripting/monoscript/fileName/TemporalAntialiasing.cs: 71e40fdab49d34f4e07f83936454d904 -> 
  custom:container-demuxer-ogg: 62fdf1f143b41e24485cea50d1cbac27 -> 
  custom:scripting/monoscript/fileName/AmbientOcclusion.cs: 7a27923f9312611f0b2898a72e3ee96a -> 
  custom:scripting/monoscript/fileName/PostProcessDebugLayer.cs: 6d8a99809398beddf11f92dfbb0e6ad4 -> 
  custom:scripting/monoscript/fileName/ColorUtilities.cs: 47918ebfa890b947a816b80444ee2882 -> 
  custom:scripting/monoscript/fileName/ParameterOverride.cs: 5475497db741ca919df708e5019e593d -> 
  custom:scripting/monoscript/fileName/TextureLerper.cs: 973e800795f77d61d647ea0c3f0cf284 -> 
  custom:scripting/precompiled-assembly-types:Unity.Postprocessing.Editor: 23b49e25b965492466cd147d7735360a -> 
  custom:scripting/monoscript/fileName/Vignette.cs: e0b99ac31b7575ef776e7be56647abb0 -> 
  custom:scripting/monoscript/fileName/DepthOfFieldEditor.cs: 64cce655bf722c851048e2ebbf401a7b -> 
  custom:scripting/monoscript/fileName/DefaultPostProcessEffectEditor.cs: 06a1d8fcea7725e08b95f21cc15fd0a1 -> 
  custom:scripting/monoscript/fileName/PostProcessLayer.cs: aa288976158dcd4c24041d5304f25d07 -> 
  custom:scripting/monoscript/fileName/MaxAttribute.cs: d661645ab8c724f24b3e19978e87b44c -> 
  custom:scripting/monoscript/fileName/PostProcessDebugEditor.cs: 1a0488d8742bf880cc7334e53e2cc73d -> 
  custom:video-decoder-ogg-theora: a1e56fd34408186e4bbccfd4996cb3dc -> 
  custom:scripting/monoscript/fileName/SerializedParameterOverride.cs: 5e4deaf96895d013d32a8e84ec179f8e -> 
  custom:scripting/monoscript/fileName/MeshUtilities.cs: dc5356b699afd34cf9728f4d65b476a0 -> 
  custom:scripting/monoscript/fileName/AmbientOcclusionEditor.cs: 61e5422c29b8f52188d508eb7d382167 -> 
  custom:scripting/monoscript/fileName/FastApproximateAntialiasing.cs: bf5588b2deec2689a812a7d2eacd9bd5 -> 
  custom:scripting/monoscript/fileName/MotionBlur.cs: 823914e335803785a19e5990c6ab2911 -> 
  custom:scripting/monoscript/fileName/DefineSetter.cs: 292ba08e52064b1a72f8d4bb04301dd3 -> 
  custom:framework-win-MediaFoundation: 216162199b28c13a410421893ffa2e32 -> 
  custom:scripting/monoscript/fileName/ShaderIDs.cs: 96024f1f873475da65a783f1404f9117 -> 
  custom:scripting/monoscript/fileName/PostProcessEditorAttribute.cs: 672a58b4d5bab60112487a31c361c481 -> 
  custom:scripting/monoscript/fileName/LensDistortionEditor.cs: dee045d29944d55e8040435a58a7ce90 -> 
  custom:scripting/monoscript/fileName/MotionBlurEditor.cs: 3bd8d3e7e9a7ea94beb2e5517b62d27b -> 
  custom:scripting/monoscript/fileName/Dithering.cs: 3014fffaa718d0ad6dd2c7bb7956ed46 -> 
  custom:scripting/monoscript/fileName/DecoratorAttribute.cs: be5bd39119e1a41ea1a019fdb3818a3f -> 
  custom:scripting/monoscript/fileName/DisplayNameAttribute.cs: 935a6ac504eb8a852fba40cbcae9292c -> 
  custom:scripting/monoscript/fileName/PostProcessEffectSettings.cs: 2ab9d33170e863b1a9c8a9079cdd12aa -> 
  custom:scripting/monoscript/fileName/Fog.cs: 07e271953e2bcf8513b6a72a2737e767 -> 
  custom:scripting/monoscript/fileName/PostProcessManager.cs: 28ef7780d543a8111635e1f5051383d0 -> 
  custom:scripting/monoscript/fileName/VolumeFactory.cs: cc77136700c9e1ff894d234886ccb852 -> 
  custom:CustomObjectIndexerAttribute: 9a22284fe3817be447336de3de66b15e -> 
  custom:scripting/monoscript/fileName/PostProcessEvent.cs: 8fb6e54ff2cf1a8be7ecdd01fbdd78f8 -> 
  custom:scripting/monoscript/fileName/TrackballAttribute.cs: 8dea8f77de7bd03137cc578af1ea6656 -> 
  custom:scripting/monoscript/fileName/TrackballDecorator.cs: 6a2b6c747937d12d8d81be8f5b21fbd2 -> 
  custom:scripting/monoscript/fileName/MultiScaleVO.cs: d4c4732956ffb536e016475d75f04c43 -> 
  custom:scripting/monoscript/fileName/CubeLutAssetFactory.cs: db1961888d7cabf6be94b37e3b663de4 -> 
  custom:container-demuxer-webm: 4f35f7cbe854078d1ac9338744f61a02 -> 
  custom:scripting/monoscript/fileName/PostProcessVolumeEditor.cs: 7aae71821512dcac422c45dc773293c3 -> 
  custom:scripting/monoscript/fileName/ChromaticAberration.cs: 4d59e57f8324f5f986e16678ed451410 -> 
  custom:scripting/monoscript/fileName/VignetteEditor.cs: 345736fc911c5e8ab23e579751a40e4a -> 
  custom:scripting/monoscript/fileName/Styling.cs: d1c4aa14ff93670753edfbb93fc91bfe -> 
  custom:scripting/monoscript/fileName/PostProcessEffectRendererExtensions.cs: e953624d113e7e1739c702512603957d -> 
  custom:scripting/monoscript/fileName/ScalableAO.cs: 2f29d71d59b754086c809cfee1cdce34 -> 
  custom:scripting/monoscript/fileName/PostProcessLayerEditor.cs: d16de665ece05cd6e27dcc8d7bac4b9a -> 
  custom:scripting/monoscript/fileName/MinMaxAttribute.cs: a4b6ac8a4377612c7135a60f905792f1 -> 
  custom:scripting/monoscript/fileName/SubpixelMorphologicalAntialiasing.cs: 02dcb8839824addec278047da0509aea -> 
  custom:scripting/monoscript/fileName/BaseEditor.cs: 90647cc400823b41df847a6cbfc29026 -> 
  custom:container-muxer-webm: aa71ff27fc2769a1b78a27578f13a17b -> 
  custom:video-decoder-webm-vp8: 9c59270c3fd7afecdb556c50c9e8de78 -> 
  custom:SearchIndexIgnoredProperties: e643bd26f0fe6173181afceb89e7c659 -> 
  custom:scripting/monoscript/fileName/ChromaticAberrationEditor.cs: 3043bf57519b71f64b7a6de970c2487b -> 
  custom:scripting/monoscript/fileName/PostProcessEffectRenderer.cs: 577c5acf8157ecea944bb95c8c6d9a95 -> 
  custom:AudioImporter_EditorPlatform: d09bf68614088b80899f8185d706f6e7 -> 
  custom:scripting/monoscript/fileName/TextureFormatUtilities.cs: ba58c57cfaabc0f8201a9ca6902fcb23 -> 
  custom:scripting/monoscript/fileName/PostProcessVolume.cs: 3883cef4be0567c54caf457a416a2095 -> 
  custom:scripting/monoscript/fileName/LightMeterMonitor.cs: a897ae0c731cb153281aea9ecd0efb03 -> 
  custom:scripting/monoscript/fileName/ColorGradingEditor.cs: 25838050e3e1f12ef51713a5dcf60349 -> 
  custom:scripting/monoscript/fileName/AttributeDecorator.cs: 39b465f08cd0a5df82fc2ef70b766ca2 -> 
  custom:scripting/monoscript/fileName/AutoExposureEditor.cs: dfd15824649ea346b717bc72a871d75b -> 
  custom:scripting/monoscript/fileName/LensDistortion.cs: b7963bb1da21ba484a7b59b9f6ea3aec -> 
  custom:scripting/monoscript/fileName/ResourceAssetFactory.cs: bf6acc988648d854bb3c5751325d0d0a -> 
  custom:scripting/monoscript/fileName/PostProcessProfileEditor.cs: 1dcd55858a4126cb33b0f2de53c74fbe -> 
  custom:scripting/monoscript/fileName/Skybox.cs: c122ade9e2d3a916264f47a45be02789 -> 
  custom:scripting/monoscript/fileName/PostProcessDebug.cs: a653e9b773649e7452b035b4ce1dae82 -> 
  custom:scripting/monoscript/fileName/PostProcessAttribute.cs: e125947bf72ce7382f3b16f75797c897 -> 
  custom:scripting/monoscript/fileName/Grain.cs: 43f09a87a88d9937fbb9c4dbf3d5508e -> 
  custom:scripting/monoscript/fileName/HistogramMonitor.cs: 6fd024409d6e9db8d4c2c4e26430c2ad -> 
  custom:scripting/monoscript/fileName/PostProcessProfile.cs: f6dc030e2e953b2ed0eca334cce5d5cf -> 
  custom:scripting/monoscript/fileName/ProfileFactory.cs: f835845dfebfed501813f60a1cb006a3 -> 
  custom:scripting/monoscript/fileName/PostProcessEffectEditor.cs: 90647cc400823b41df847a6cbfc29026 -> 
  custom:scripting/monoscript/fileName/CubeLutAssetImporter.cs: 5e94ca4c74dad11cc8880f33d0ba9efb -> 
  custom:scripting/monoscript/fileName/PostProcessBundle.cs: f610f855c8ae8b896b5084e85ede373e -> 
  custom:scripting/monoscript/fileName/ScreenSpaceReflectionsEditor.cs: 59c13ba25de6098e70bafe8be94f609a -> 
  custom:video-encoder-webm-vp8: eb34c28f22e8b96e1ab97ce403110664 -> 
  custom:scripting/monoscript/fileName/RuntimeUtilities.cs: 76964d36e50cc48cfa29643bdde8d9a5 -> 
  custom:scripting/monoscript/fileName/Bloom.cs: 6f6d579a64201b97313a62a1e91b3575 -> 
  custom:audio-decoder-ogg-vorbis: bf7c407c2cedff20999df2af8eb42d56 -> 
  custom:scripting/monoscript/fileName/Fade.cs: 61320f8e17687c119db9aa01d877447f -> 
  custom:scripting/monoscript/fileName/AutoExposure.cs: 0e7c21b17f53209ee8c5c61ab59d7835 -> 
  custom:scripting/monoscript/fileName/VectorscopeMonitor.cs: cb70c6437b976f01b752cd219cc47f32 -> 
  custom:scripting/monoscript/fileName/PropertySheetFactory.cs: cfc4667cc03e44252fafe18d99f24b25 -> 
  custom:scripting/monoscript/fileName/EditorUtilities.cs: 53a52fb113757c42f9c516115bd845ca -> 
  custom:scripting/monoscript/fileName/HaltonSeq.cs: a7590e55d6fae5328a1c395a2473d0cf -> 
  custom:scripting/monoscript/fileName/MinAttribute.cs: a3e7473301291585f4cca024ce307406 -> 
  custom:scripting/monoscript/fileName/DepthOfField.cs: d62178d8b5619f59fcdd6d24617ef5fd -> 
  custom:scripting/monoscript/fileName/BloomEditor.cs: c341bb26b40744c3a5c2a142ac3e1051 -> 
  custom:scripting/monoscript/fileName/WaveformMonitor.cs: 609651ee3f98f206575f684e9cce655d -> 
  custom:scripting/monoscript/fileName/HableCurve.cs: f244b24d6e7c556a2de06e25b0bbf4c1 -> 
  custom:audio-encoder-webm-vorbis: bf7c407c2cedff20999df2af8eb42d56 -> 
  custom:scripting/monoscript/fileName/PropertySheet.cs: e6bb03169eca9d33ea794a47ad6ce213 -> 
  custom:scripting/monoscript/fileName/TargetPool.cs: 6d29560228134c933c12fb1c113fb6ef -> 
  custom:scripting/monoscript/fileName/LogHistogram.cs: bab913d888834a1a8572eb834acec97c -> 
  custom:scripting/monoscript/fileName/ScreenSpaceReflections.cs: 8afa07200328ddfcb2536d4180c62536 -> 
  custom:scripting/precompiled-assembly-types:Assembly-CSharp: d6fe0ff31029f2d2cc0617ccb9ee00f5 -> b5609ffa9375a1719a4b9b879c420584
  custom:scripting/monoscript/fileName/CurveEditor.cs: f5e872b2a5a6427a1785818cb10d95d1 -> 
  custom:scripting/monoscript/fileName/PostProcessResources.cs: 5089c17a701ba9b714a1f3d25fb9a9b0 -> 
  custom:scripting/monoscript/fileName/EffectListEditor.cs: 1ecdb4094d9e64024d6eb7725a86197b -> 
========================================================================
Received Prepare
Caller must complete domain reload
Begin MonoManager ReloadAssembly
- Loaded All Assemblies, in  0.724 seconds
Native extension for WindowsStandalone target not found
Native extension for WebGL target not found
Mono: successfully reloaded assembly
- Finished resetting the current domain, in  1.490 seconds
Domain Reload Profiling: 2206ms
	BeginReloadAssembly (213ms)
		ExecutionOrderSort (0ms)
		DisableScriptedObjects (8ms)
		BackupInstance (0ms)
		ReleaseScriptingObjects (0ms)
		CreateAndSetChildDomain (32ms)
	RebuildCommonClasses (51ms)
	RebuildNativeTypeToScriptingClass (16ms)
	initialDomainReloadingComplete (54ms)
	LoadAllAssembliesAndSetupDomain (382ms)
		LoadAssemblies (480ms)
		RebuildTransferFunctionScriptingTraits (0ms)
		AnalyzeDomain (39ms)
			TypeCache.Refresh (13ms)
				TypeCache.ScanAssembly (0ms)
			ScanForSourceGeneratedMonoScriptInfo (14ms)
			ResolveRequiredComponents (9ms)
	FinalizeReload (1490ms)
		ReleaseScriptCaches (0ms)
		RebuildScriptCaches (0ms)
		SetupLoadedEditorAssemblies (456ms)
			LogAssemblyErrors (0ms)
			InitializePlatformSupportModulesInManaged (15ms)
			SetLoadedEditorAssemblies (4ms)
			RefreshPlugins (0ms)
			BeforeProcessingInitializeOnLoad (103ms)
			ProcessInitializeOnLoadAttributes (313ms)
			ProcessInitializeOnLoadMethodAttributes (15ms)
			AfterProcessingInitializeOnLoad (6ms)
			EditorAssembliesLoaded (0ms)
		ExecutionOrderSort2 (0ms)
		AwakeInstancesAfterBackupRestoration (5ms)
Refreshing native plugins compatible for Editor in 5.07 ms, found 3 plugins.
Preloading 0 native plugins for Editor in 0.00 ms.
Unloading 3253 Unused Serialized files (Serialized files now loaded: 0)
Unloading 53 unused Assets / (3.9 MB). Loaded Objects now: 3925.
Memory consumption went from 222.0 MB to 218.1 MB.
Total: 7.117100 ms (FindLiveObjects: 0.277200 ms CreateObjectMapping: 0.143600 ms MarkObjects: 5.284200 ms  DeleteObjects: 1.410700 ms)

Prepare: number of updated asset objects reloaded= 0
AssetImportParameters requested are different than current active one (requested -> active):
  custom:scripting/monoscript/fileName/Decorators.cs: 4533f6715dc3f8cdabbd37ff77d1dad7 -> 
  custom:scripting/monoscript/fileName/GlobalSettings.cs: e5eb35b80bdfaee4ead1e1630fd77998 -> 
  custom:scripting/monoscript/fileName/PostProcessEffectBaseEditor.cs: 972bdf00f442be0d879dcb6868e25c8e -> 
  custom:scripting/monoscript/fileName/PostProcessRenderContext.cs: 9e034c8bf7d42a1d6c2d4339915eccb0 -> 
  custom:scripting/monoscript/fileName/MainMenu.cs: c093076ba5753d7bec74a8a751ffb653 -> 
  custom:scripting/monoscript/fileName/Spline.cs: 7876820de12ed89d33ad838af99a030e -> 
  custom:scripting/monoscript/fileName/ColorGrading.cs: ef67493fb3cf9676ba5f25862510a595 -> 
  custom:scripting/monoscript/fileName/Monitor.cs: e0eb5d32b3aade2e0ce8680b00ac2b78 -> 
  custom:scripting/precompiled-assembly-types:Unity.Postprocessing.Runtime: 655cd018e42ac91ed9a03cfbdae17956 -> 
  custom:scripting/monoscript/fileName/TemporalAntialiasing.cs: 71e40fdab49d34f4e07f83936454d904 -> 
  custom:container-demuxer-ogg: 62fdf1f143b41e24485cea50d1cbac27 -> 
  custom:scripting/monoscript/fileName/AmbientOcclusion.cs: 7a27923f9312611f0b2898a72e3ee96a -> 
  custom:scripting/monoscript/fileName/PostProcessDebugLayer.cs: 6d8a99809398beddf11f92dfbb0e6ad4 -> 
  custom:scripting/monoscript/fileName/ColorUtilities.cs: 47918ebfa890b947a816b80444ee2882 -> 
  custom:scripting/monoscript/fileName/ParameterOverride.cs: 5475497db741ca919df708e5019e593d -> 
  custom:scripting/monoscript/fileName/TextureLerper.cs: 973e800795f77d61d647ea0c3f0cf284 -> 
  custom:scripting/precompiled-assembly-types:Unity.Postprocessing.Editor: 23b49e25b965492466cd147d7735360a -> 
  custom:scripting/monoscript/fileName/Vignette.cs: e0b99ac31b7575ef776e7be56647abb0 -> 
  custom:scripting/monoscript/fileName/DepthOfFieldEditor.cs: 64cce655bf722c851048e2ebbf401a7b -> 
  custom:scripting/monoscript/fileName/DefaultPostProcessEffectEditor.cs: 06a1d8fcea7725e08b95f21cc15fd0a1 -> 
  custom:scripting/monoscript/fileName/PostProcessLayer.cs: aa288976158dcd4c24041d5304f25d07 -> 
  custom:scripting/monoscript/fileName/MaxAttribute.cs: d661645ab8c724f24b3e19978e87b44c -> 
  custom:scripting/monoscript/fileName/PostProcessDebugEditor.cs: 1a0488d8742bf880cc7334e53e2cc73d -> 
  custom:video-decoder-ogg-theora: a1e56fd34408186e4bbccfd4996cb3dc -> 
  custom:scripting/monoscript/fileName/SerializedParameterOverride.cs: 5e4deaf96895d013d32a8e84ec179f8e -> 
  custom:scripting/monoscript/fileName/MeshUtilities.cs: dc5356b699afd34cf9728f4d65b476a0 -> 
  custom:scripting/monoscript/fileName/AmbientOcclusionEditor.cs: 61e5422c29b8f52188d508eb7d382167 -> 
  custom:scripting/monoscript/fileName/FastApproximateAntialiasing.cs: bf5588b2deec2689a812a7d2eacd9bd5 -> 
  custom:scripting/monoscript/fileName/MotionBlur.cs: 823914e335803785a19e5990c6ab2911 -> 
  custom:scripting/monoscript/fileName/DefineSetter.cs: 292ba08e52064b1a72f8d4bb04301dd3 -> 
  custom:framework-win-MediaFoundation: 216162199b28c13a410421893ffa2e32 -> 
  custom:scripting/monoscript/fileName/ShaderIDs.cs: 96024f1f873475da65a783f1404f9117 -> 
  custom:scripting/monoscript/fileName/PostProcessEditorAttribute.cs: 672a58b4d5bab60112487a31c361c481 -> 
  custom:scripting/monoscript/fileName/LensDistortionEditor.cs: dee045d29944d55e8040435a58a7ce90 -> 
  custom:scripting/monoscript/fileName/MotionBlurEditor.cs: 3bd8d3e7e9a7ea94beb2e5517b62d27b -> 
  custom:scripting/monoscript/fileName/Dithering.cs: 3014fffaa718d0ad6dd2c7bb7956ed46 -> 
  custom:scripting/monoscript/fileName/DecoratorAttribute.cs: be5bd39119e1a41ea1a019fdb3818a3f -> 
  custom:scripting/monoscript/fileName/DisplayNameAttribute.cs: 935a6ac504eb8a852fba40cbcae9292c -> 
  custom:scripting/monoscript/fileName/PostProcessEffectSettings.cs: 2ab9d33170e863b1a9c8a9079cdd12aa -> 
  custom:scripting/monoscript/fileName/Fog.cs: 07e271953e2bcf8513b6a72a2737e767 -> 
  custom:scripting/monoscript/fileName/PostProcessManager.cs: 28ef7780d543a8111635e1f5051383d0 -> 
  custom:scripting/monoscript/fileName/VolumeFactory.cs: cc77136700c9e1ff894d234886ccb852 -> 
  custom:CustomObjectIndexerAttribute: 9a22284fe3817be447336de3de66b15e -> 
  custom:scripting/monoscript/fileName/PostProcessEvent.cs: 8fb6e54ff2cf1a8be7ecdd01fbdd78f8 -> 
  custom:scripting/monoscript/fileName/TrackballAttribute.cs: 8dea8f77de7bd03137cc578af1ea6656 -> 
  custom:scripting/monoscript/fileName/TrackballDecorator.cs: 6a2b6c747937d12d8d81be8f5b21fbd2 -> 
  custom:scripting/monoscript/fileName/MultiScaleVO.cs: d4c4732956ffb536e016475d75f04c43 -> 
  custom:scripting/monoscript/fileName/CubeLutAssetFactory.cs: db1961888d7cabf6be94b37e3b663de4 -> 
  custom:container-demuxer-webm: 4f35f7cbe854078d1ac9338744f61a02 -> 
  custom:scripting/monoscript/fileName/PostProcessVolumeEditor.cs: 7aae71821512dcac422c45dc773293c3 -> 
  custom:scripting/monoscript/fileName/ChromaticAberration.cs: 4d59e57f8324f5f986e16678ed451410 -> 
  custom:scripting/monoscript/fileName/VignetteEditor.cs: 345736fc911c5e8ab23e579751a40e4a -> 
  custom:scripting/monoscript/fileName/Styling.cs: d1c4aa14ff93670753edfbb93fc91bfe -> 
  custom:scripting/monoscript/fileName/PostProcessEffectRendererExtensions.cs: e953624d113e7e1739c702512603957d -> 
  custom:scripting/monoscript/fileName/ScalableAO.cs: 2f29d71d59b754086c809cfee1cdce34 -> 
  custom:scripting/monoscript/fileName/PostProcessLayerEditor.cs: d16de665ece05cd6e27dcc8d7bac4b9a -> 
  custom:scripting/monoscript/fileName/MinMaxAttribute.cs: a4b6ac8a4377612c7135a60f905792f1 -> 
  custom:scripting/monoscript/fileName/SubpixelMorphologicalAntialiasing.cs: 02dcb8839824addec278047da0509aea -> 
  custom:scripting/monoscript/fileName/BaseEditor.cs: 90647cc400823b41df847a6cbfc29026 -> 
  custom:container-muxer-webm: aa71ff27fc2769a1b78a27578f13a17b -> 
  custom:video-decoder-webm-vp8: 9c59270c3fd7afecdb556c50c9e8de78 -> 
  custom:SearchIndexIgnoredProperties: e643bd26f0fe6173181afceb89e7c659 -> 
  custom:scripting/monoscript/fileName/ChromaticAberrationEditor.cs: 3043bf57519b71f64b7a6de970c2487b -> 
  custom:scripting/monoscript/fileName/PostProcessEffectRenderer.cs: 577c5acf8157ecea944bb95c8c6d9a95 -> 
  custom:AudioImporter_EditorPlatform: d09bf68614088b80899f8185d706f6e7 -> 
  custom:scripting/monoscript/fileName/TextureFormatUtilities.cs: ba58c57cfaabc0f8201a9ca6902fcb23 -> 
  custom:scripting/monoscript/fileName/PostProcessVolume.cs: 3883cef4be0567c54caf457a416a2095 -> 
  custom:scripting/monoscript/fileName/LightMeterMonitor.cs: a897ae0c731cb153281aea9ecd0efb03 -> 
  custom:scripting/monoscript/fileName/ColorGradingEditor.cs: 25838050e3e1f12ef51713a5dcf60349 -> 
  custom:scripting/monoscript/fileName/AttributeDecorator.cs: 39b465f08cd0a5df82fc2ef70b766ca2 -> 
  custom:scripting/monoscript/fileName/AutoExposureEditor.cs: dfd15824649ea346b717bc72a871d75b -> 
  custom:scripting/monoscript/fileName/LensDistortion.cs: b7963bb1da21ba484a7b59b9f6ea3aec -> 
  custom:scripting/monoscript/fileName/ResourceAssetFactory.cs: bf6acc988648d854bb3c5751325d0d0a -> 
  custom:scripting/monoscript/fileName/PostProcessProfileEditor.cs: 1dcd55858a4126cb33b0f2de53c74fbe -> 
  custom:scripting/monoscript/fileName/Skybox.cs: c122ade9e2d3a916264f47a45be02789 -> 
  custom:scripting/monoscript/fileName/PostProcessDebug.cs: a653e9b773649e7452b035b4ce1dae82 -> 
  custom:scripting/monoscript/fileName/PostProcessAttribute.cs: e125947bf72ce7382f3b16f75797c897 -> 
  custom:scripting/monoscript/fileName/Grain.cs: 43f09a87a88d9937fbb9c4dbf3d5508e -> 
  custom:scripting/monoscript/fileName/HistogramMonitor.cs: 6fd024409d6e9db8d4c2c4e26430c2ad -> 
  custom:scripting/monoscript/fileName/PostProcessProfile.cs: f6dc030e2e953b2ed0eca334cce5d5cf -> 
  custom:scripting/monoscript/fileName/ProfileFactory.cs: f835845dfebfed501813f60a1cb006a3 -> 
  custom:scripting/monoscript/fileName/PostProcessEffectEditor.cs: 90647cc400823b41df847a6cbfc29026 -> 
  custom:scripting/monoscript/fileName/CubeLutAssetImporter.cs: 5e94ca4c74dad11cc8880f33d0ba9efb -> 
  custom:scripting/monoscript/fileName/PostProcessBundle.cs: f610f855c8ae8b896b5084e85ede373e -> 
  custom:scripting/monoscript/fileName/ScreenSpaceReflectionsEditor.cs: 59c13ba25de6098e70bafe8be94f609a -> 
  custom:video-encoder-webm-vp8: eb34c28f22e8b96e1ab97ce403110664 -> 
  custom:scripting/monoscript/fileName/RuntimeUtilities.cs: 76964d36e50cc48cfa29643bdde8d9a5 -> 
  custom:scripting/monoscript/fileName/Bloom.cs: 6f6d579a64201b97313a62a1e91b3575 -> 
  custom:audio-decoder-ogg-vorbis: bf7c407c2cedff20999df2af8eb42d56 -> 
  custom:scripting/monoscript/fileName/Fade.cs: 61320f8e17687c119db9aa01d877447f -> 
  custom:scripting/monoscript/fileName/AutoExposure.cs: 0e7c21b17f53209ee8c5c61ab59d7835 -> 
  custom:scripting/monoscript/fileName/VectorscopeMonitor.cs: cb70c6437b976f01b752cd219cc47f32 -> 
  custom:scripting/monoscript/fileName/PropertySheetFactory.cs: cfc4667cc03e44252fafe18d99f24b25 -> 
  custom:scripting/monoscript/fileName/EditorUtilities.cs: 53a52fb113757c42f9c516115bd845ca -> 
  custom:scripting/monoscript/fileName/HaltonSeq.cs: a7590e55d6fae5328a1c395a2473d0cf -> 
  custom:scripting/monoscript/fileName/MinAttribute.cs: a3e7473301291585f4cca024ce307406 -> 
  custom:scripting/monoscript/fileName/DepthOfField.cs: d62178d8b5619f59fcdd6d24617ef5fd -> 
  custom:scripting/monoscript/fileName/BloomEditor.cs: c341bb26b40744c3a5c2a142ac3e1051 -> 
  custom:scripting/monoscript/fileName/WaveformMonitor.cs: 609651ee3f98f206575f684e9cce655d -> 
  custom:scripting/monoscript/fileName/HableCurve.cs: f244b24d6e7c556a2de06e25b0bbf4c1 -> 
  custom:audio-encoder-webm-vorbis: bf7c407c2cedff20999df2af8eb42d56 -> 
  custom:scripting/monoscript/fileName/PropertySheet.cs: e6bb03169eca9d33ea794a47ad6ce213 -> 
  custom:scripting/monoscript/fileName/TargetPool.cs: 6d29560228134c933c12fb1c113fb6ef -> 
  custom:scripting/monoscript/fileName/LogHistogram.cs: bab913d888834a1a8572eb834acec97c -> 
  custom:scripting/monoscript/fileName/ScreenSpaceReflections.cs: 8afa07200328ddfcb2536d4180c62536 -> 
  custom:scripting/precompiled-assembly-types:Assembly-CSharp: d6fe0ff31029f2d2cc0617ccb9ee00f5 -> b5609ffa9375a1719a4b9b879c420584
  custom:scripting/monoscript/fileName/CurveEditor.cs: f5e872b2a5a6427a1785818cb10d95d1 -> 
  custom:scripting/monoscript/fileName/PostProcessResources.cs: 5089c17a701ba9b714a1f3d25fb9a9b0 -> 
  custom:scripting/monoscript/fileName/EffectListEditor.cs: 1ecdb4094d9e64024d6eb7725a86197b -> 
========================================================================
Received Prepare
Caller must complete domain reload
Begin MonoManager ReloadAssembly
- Loaded All Assemblies, in  0.379 seconds
Native extension for WindowsStandalone target not found
Native extension for WebGL target not found
Mono: successfully reloaded assembly
- Finished resetting the current domain, in  0.755 seconds
Domain Reload Profiling: 1132ms
	BeginReloadAssembly (129ms)
		ExecutionOrderSort (0ms)
		DisableScriptedObjects (4ms)
		BackupInstance (0ms)
		ReleaseScriptingObjects (0ms)
		CreateAndSetChildDomain (24ms)
	RebuildCommonClasses (31ms)
	RebuildNativeTypeToScriptingClass (12ms)
	initialDomainReloadingComplete (30ms)
	LoadAllAssembliesAndSetupDomain (174ms)
		LoadAssemblies (232ms)
		RebuildTransferFunctionScriptingTraits (0ms)
		AnalyzeDomain (12ms)
			TypeCache.Refresh (6ms)
				TypeCache.ScanAssembly (0ms)
			ScanForSourceGeneratedMonoScriptInfo (0ms)
			ResolveRequiredComponents (5ms)
	FinalizeReload (755ms)
		ReleaseScriptCaches (0ms)
		RebuildScriptCaches (0ms)
		SetupLoadedEditorAssemblies (334ms)
			LogAssemblyErrors (0ms)
			InitializePlatformSupportModulesInManaged (7ms)
			SetLoadedEditorAssemblies (3ms)
			RefreshPlugins (0ms)
			BeforeProcessingInitializeOnLoad (51ms)
			ProcessInitializeOnLoadAttributes (244ms)
			ProcessInitializeOnLoadMethodAttributes (22ms)
			AfterProcessingInitializeOnLoad (8ms)
			EditorAssembliesLoaded (0ms)
		ExecutionOrderSort2 (0ms)
		AwakeInstancesAfterBackupRestoration (7ms)
Refreshing native plugins compatible for Editor in 4.46 ms, found 3 plugins.
Preloading 0 native plugins for Editor in 0.00 ms.
Unloading 3253 Unused Serialized files (Serialized files now loaded: 0)
Unloading 53 unused Assets / (4.0 MB). Loaded Objects now: 3928.
Memory consumption went from 222.0 MB to 218.1 MB.
Total: 5.162300 ms (FindLiveObjects: 0.340400 ms CreateObjectMapping: 0.414100 ms MarkObjects: 3.067600 ms  DeleteObjects: 1.338300 ms)

Prepare: number of updated asset objects reloaded= 0
AssetImportParameters requested are different than current active one (requested -> active):
  custom:scripting/monoscript/fileName/Decorators.cs: 4533f6715dc3f8cdabbd37ff77d1dad7 -> 
  custom:scripting/monoscript/fileName/GlobalSettings.cs: e5eb35b80bdfaee4ead1e1630fd77998 -> 
  custom:scripting/monoscript/fileName/PostProcessEffectBaseEditor.cs: 972bdf00f442be0d879dcb6868e25c8e -> 
  custom:scripting/monoscript/fileName/PostProcessRenderContext.cs: 9e034c8bf7d42a1d6c2d4339915eccb0 -> 
  custom:scripting/monoscript/fileName/MainMenu.cs: c093076ba5753d7bec74a8a751ffb653 -> 
  custom:scripting/monoscript/fileName/Spline.cs: 7876820de12ed89d33ad838af99a030e -> 
  custom:scripting/monoscript/fileName/ColorGrading.cs: ef67493fb3cf9676ba5f25862510a595 -> 
  custom:scripting/monoscript/fileName/Monitor.cs: e0eb5d32b3aade2e0ce8680b00ac2b78 -> 
  custom:scripting/precompiled-assembly-types:Unity.Postprocessing.Runtime: 655cd018e42ac91ed9a03cfbdae17956 -> 
  custom:scripting/monoscript/fileName/TemporalAntialiasing.cs: 71e40fdab49d34f4e07f83936454d904 -> 
  custom:container-demuxer-ogg: 62fdf1f143b41e24485cea50d1cbac27 -> 
  custom:scripting/monoscript/fileName/AmbientOcclusion.cs: 7a27923f9312611f0b2898a72e3ee96a -> 
  custom:scripting/monoscript/fileName/PostProcessDebugLayer.cs: 6d8a99809398beddf11f92dfbb0e6ad4 -> 
  custom:scripting/monoscript/fileName/ColorUtilities.cs: 47918ebfa890b947a816b80444ee2882 -> 
  custom:scripting/monoscript/fileName/ParameterOverride.cs: 5475497db741ca919df708e5019e593d -> 
  custom:scripting/monoscript/fileName/TextureLerper.cs: 973e800795f77d61d647ea0c3f0cf284 -> 
  custom:scripting/precompiled-assembly-types:Unity.Postprocessing.Editor: 23b49e25b965492466cd147d7735360a -> 
  custom:scripting/monoscript/fileName/Vignette.cs: e0b99ac31b7575ef776e7be56647abb0 -> 
  custom:scripting/monoscript/fileName/DepthOfFieldEditor.cs: 64cce655bf722c851048e2ebbf401a7b -> 
  custom:scripting/monoscript/fileName/DefaultPostProcessEffectEditor.cs: 06a1d8fcea7725e08b95f21cc15fd0a1 -> 
  custom:scripting/monoscript/fileName/PostProcessLayer.cs: aa288976158dcd4c24041d5304f25d07 -> 
  custom:scripting/monoscript/fileName/MaxAttribute.cs: d661645ab8c724f24b3e19978e87b44c -> 
  custom:scripting/monoscript/fileName/PostProcessDebugEditor.cs: 1a0488d8742bf880cc7334e53e2cc73d -> 
  custom:video-decoder-ogg-theora: a1e56fd34408186e4bbccfd4996cb3dc -> 
  custom:scripting/monoscript/fileName/SerializedParameterOverride.cs: 5e4deaf96895d013d32a8e84ec179f8e -> 
  custom:scripting/monoscript/fileName/MeshUtilities.cs: dc5356b699afd34cf9728f4d65b476a0 -> 
  custom:scripting/monoscript/fileName/AmbientOcclusionEditor.cs: 61e5422c29b8f52188d508eb7d382167 -> 
  custom:scripting/monoscript/fileName/FastApproximateAntialiasing.cs: bf5588b2deec2689a812a7d2eacd9bd5 -> 
  custom:scripting/monoscript/fileName/MotionBlur.cs: 823914e335803785a19e5990c6ab2911 -> 
  custom:scripting/monoscript/fileName/DefineSetter.cs: 292ba08e52064b1a72f8d4bb04301dd3 -> 
  custom:framework-win-MediaFoundation: 216162199b28c13a410421893ffa2e32 -> 
  custom:scripting/monoscript/fileName/ShaderIDs.cs: 96024f1f873475da65a783f1404f9117 -> 
  custom:scripting/monoscript/fileName/PostProcessEditorAttribute.cs: 672a58b4d5bab60112487a31c361c481 -> 
  custom:scripting/monoscript/fileName/LensDistortionEditor.cs: dee045d29944d55e8040435a58a7ce90 -> 
  custom:scripting/monoscript/fileName/MotionBlurEditor.cs: 3bd8d3e7e9a7ea94beb2e5517b62d27b -> 
  custom:scripting/monoscript/fileName/Dithering.cs: 3014fffaa718d0ad6dd2c7bb7956ed46 -> 
  custom:scripting/monoscript/fileName/DecoratorAttribute.cs: be5bd39119e1a41ea1a019fdb3818a3f -> 
  custom:scripting/monoscript/fileName/DisplayNameAttribute.cs: 935a6ac504eb8a852fba40cbcae9292c -> 
  custom:scripting/monoscript/fileName/PostProcessEffectSettings.cs: 2ab9d33170e863b1a9c8a9079cdd12aa -> 
  custom:scripting/monoscript/fileName/Fog.cs: 07e271953e2bcf8513b6a72a2737e767 -> 
  custom:scripting/monoscript/fileName/PostProcessManager.cs: 28ef7780d543a8111635e1f5051383d0 -> 
  custom:scripting/monoscript/fileName/VolumeFactory.cs: cc77136700c9e1ff894d234886ccb852 -> 
  custom:CustomObjectIndexerAttribute: 9a22284fe3817be447336de3de66b15e -> 
  custom:scripting/monoscript/fileName/PostProcessEvent.cs: 8fb6e54ff2cf1a8be7ecdd01fbdd78f8 -> 
  custom:scripting/monoscript/fileName/TrackballAttribute.cs: 8dea8f77de7bd03137cc578af1ea6656 -> 
  custom:scripting/monoscript/fileName/TrackballDecorator.cs: 6a2b6c747937d12d8d81be8f5b21fbd2 -> 
  custom:scripting/monoscript/fileName/MultiScaleVO.cs: d4c4732956ffb536e016475d75f04c43 -> 
  custom:scripting/monoscript/fileName/CubeLutAssetFactory.cs: db1961888d7cabf6be94b37e3b663de4 -> 
  custom:container-demuxer-webm: 4f35f7cbe854078d1ac9338744f61a02 -> 
  custom:scripting/monoscript/fileName/PostProcessVolumeEditor.cs: 7aae71821512dcac422c45dc773293c3 -> 
  custom:scripting/monoscript/fileName/ChromaticAberration.cs: 4d59e57f8324f5f986e16678ed451410 -> 
  custom:scripting/monoscript/fileName/VignetteEditor.cs: 345736fc911c5e8ab23e579751a40e4a -> 
  custom:scripting/monoscript/fileName/Styling.cs: d1c4aa14ff93670753edfbb93fc91bfe -> 
  custom:scripting/monoscript/fileName/PostProcessEffectRendererExtensions.cs: e953624d113e7e1739c702512603957d -> 
  custom:scripting/monoscript/fileName/ScalableAO.cs: 2f29d71d59b754086c809cfee1cdce34 -> 
  custom:scripting/monoscript/fileName/PostProcessLayerEditor.cs: d16de665ece05cd6e27dcc8d7bac4b9a -> 
  custom:scripting/monoscript/fileName/MinMaxAttribute.cs: a4b6ac8a4377612c7135a60f905792f1 -> 
  custom:scripting/monoscript/fileName/SubpixelMorphologicalAntialiasing.cs: 02dcb8839824addec278047da0509aea -> 
  custom:scripting/monoscript/fileName/BaseEditor.cs: 90647cc400823b41df847a6cbfc29026 -> 
  custom:container-muxer-webm: aa71ff27fc2769a1b78a27578f13a17b -> 
  custom:video-decoder-webm-vp8: 9c59270c3fd7afecdb556c50c9e8de78 -> 
  custom:SearchIndexIgnoredProperties: e643bd26f0fe6173181afceb89e7c659 -> 
  custom:scripting/monoscript/fileName/ChromaticAberrationEditor.cs: 3043bf57519b71f64b7a6de970c2487b -> 
  custom:scripting/monoscript/fileName/PostProcessEffectRenderer.cs: 577c5acf8157ecea944bb95c8c6d9a95 -> 
  custom:AudioImporter_EditorPlatform: d09bf68614088b80899f8185d706f6e7 -> 
  custom:scripting/monoscript/fileName/TextureFormatUtilities.cs: ba58c57cfaabc0f8201a9ca6902fcb23 -> 
  custom:scripting/monoscript/fileName/PostProcessVolume.cs: 3883cef4be0567c54caf457a416a2095 -> 
  custom:scripting/monoscript/fileName/LightMeterMonitor.cs: a897ae0c731cb153281aea9ecd0efb03 -> 
  custom:scripting/monoscript/fileName/ColorGradingEditor.cs: 25838050e3e1f12ef51713a5dcf60349 -> 
  custom:scripting/monoscript/fileName/AttributeDecorator.cs: 39b465f08cd0a5df82fc2ef70b766ca2 -> 
  custom:scripting/monoscript/fileName/AutoExposureEditor.cs: dfd15824649ea346b717bc72a871d75b -> 
  custom:scripting/monoscript/fileName/LensDistortion.cs: b7963bb1da21ba484a7b59b9f6ea3aec -> 
  custom:scripting/monoscript/fileName/ResourceAssetFactory.cs: bf6acc988648d854bb3c5751325d0d0a -> 
  custom:scripting/monoscript/fileName/PostProcessProfileEditor.cs: 1dcd55858a4126cb33b0f2de53c74fbe -> 
  custom:scripting/monoscript/fileName/Skybox.cs: c122ade9e2d3a916264f47a45be02789 -> 
  custom:scripting/monoscript/fileName/PostProcessDebug.cs: a653e9b773649e7452b035b4ce1dae82 -> 
  custom:scripting/monoscript/fileName/PostProcessAttribute.cs: e125947bf72ce7382f3b16f75797c897 -> 
  custom:scripting/monoscript/fileName/Grain.cs: 43f09a87a88d9937fbb9c4dbf3d5508e -> 
  custom:scripting/monoscript/fileName/HistogramMonitor.cs: 6fd024409d6e9db8d4c2c4e26430c2ad -> 
  custom:scripting/monoscript/fileName/PostProcessProfile.cs: f6dc030e2e953b2ed0eca334cce5d5cf -> 
  custom:scripting/monoscript/fileName/ProfileFactory.cs: f835845dfebfed501813f60a1cb006a3 -> 
  custom:scripting/monoscript/fileName/PostProcessEffectEditor.cs: 90647cc400823b41df847a6cbfc29026 -> 
  custom:scripting/monoscript/fileName/CubeLutAssetImporter.cs: 5e94ca4c74dad11cc8880f33d0ba9efb -> 
  custom:scripting/monoscript/fileName/PostProcessBundle.cs: f610f855c8ae8b896b5084e85ede373e -> 
  custom:scripting/monoscript/fileName/ScreenSpaceReflectionsEditor.cs: 59c13ba25de6098e70bafe8be94f609a -> 
  custom:video-encoder-webm-vp8: eb34c28f22e8b96e1ab97ce403110664 -> 
  custom:scripting/monoscript/fileName/RuntimeUtilities.cs: 76964d36e50cc48cfa29643bdde8d9a5 -> 
  custom:scripting/monoscript/fileName/Bloom.cs: 6f6d579a64201b97313a62a1e91b3575 -> 
  custom:audio-decoder-ogg-vorbis: bf7c407c2cedff20999df2af8eb42d56 -> 
  custom:scripting/monoscript/fileName/Fade.cs: 61320f8e17687c119db9aa01d877447f -> 
  custom:scripting/monoscript/fileName/AutoExposure.cs: 0e7c21b17f53209ee8c5c61ab59d7835 -> 
  custom:scripting/monoscript/fileName/VectorscopeMonitor.cs: cb70c6437b976f01b752cd219cc47f32 -> 
  custom:scripting/monoscript/fileName/PropertySheetFactory.cs: cfc4667cc03e44252fafe18d99f24b25 -> 
  custom:scripting/monoscript/fileName/EditorUtilities.cs: 53a52fb113757c42f9c516115bd845ca -> 
  custom:scripting/monoscript/fileName/HaltonSeq.cs: a7590e55d6fae5328a1c395a2473d0cf -> 
  custom:scripting/monoscript/fileName/MinAttribute.cs: a3e7473301291585f4cca024ce307406 -> 
  custom:scripting/monoscript/fileName/DepthOfField.cs: d62178d8b5619f59fcdd6d24617ef5fd -> 
  custom:scripting/monoscript/fileName/BloomEditor.cs: c341bb26b40744c3a5c2a142ac3e1051 -> 
  custom:scripting/monoscript/fileName/WaveformMonitor.cs: 609651ee3f98f206575f684e9cce655d -> 
  custom:scripting/monoscript/fileName/HableCurve.cs: f244b24d6e7c556a2de06e25b0bbf4c1 -> 
  custom:audio-encoder-webm-vorbis: bf7c407c2cedff20999df2af8eb42d56 -> 
  custom:scripting/monoscript/fileName/PropertySheet.cs: e6bb03169eca9d33ea794a47ad6ce213 -> 
  custom:scripting/monoscript/fileName/TargetPool.cs: 6d29560228134c933c12fb1c113fb6ef -> 
  custom:scripting/monoscript/fileName/LogHistogram.cs: bab913d888834a1a8572eb834acec97c -> 
  custom:scripting/monoscript/fileName/ScreenSpaceReflections.cs: 8afa07200328ddfcb2536d4180c62536 -> 
  custom:scripting/precompiled-assembly-types:Assembly-CSharp: d6fe0ff31029f2d2cc0617ccb9ee00f5 -> b5609ffa9375a1719a4b9b879c420584
  custom:scripting/monoscript/fileName/CurveEditor.cs: f5e872b2a5a6427a1785818cb10d95d1 -> 
  custom:scripting/monoscript/fileName/PostProcessResources.cs: 5089c17a701ba9b714a1f3d25fb9a9b0 -> 
  custom:scripting/monoscript/fileName/EffectListEditor.cs: 1ecdb4094d9e64024d6eb7725a86197b -> 
